user;dataHoraRegistro;id;data;pivo;cultura;area;percentual;lamina;horimetro1;horimetro2;horas;observacao
control system;7/23/2025, 12:55 PM;ZBU13;09/07/2025;29;Cacau;COMPLETO;100;5,14;1403,1;1413;9,9;
control system;7/23/2025, 12:56 PM;VAHIW;09/07/2025;9;Tabaco;COMPLETO;100;5,46;2257;2270;13;
control system;7/23/2025, 01:09 PM;FKMBS;09/07/2025;14;Tabaco;COMPLETO;100;5,76;2611;2627;16;
control system;7/23/2025, 01:15 PM;EVOZQ;17/07/2025;27;Cacau;COMPLETO;70;7,63;530;546;16;
control system;7/23/2025, 01:16 PM;VGRFT;17/07/2025;36;Tabaco;AB;100;7,2;1463;1471;8;
control system;7/23/2025, 01:19 PM;JKJLY;17/07/2025;46;Tabaco;COMPLETO;100;6,66;1698;1714;16;
control system;7/23/2025, 01:22 PM;GJRWV;16/07/2025;47;Tabaco;1/2-PIVO;50;14,84;0;16;16;
control system;7/23/2025, 01:23 PM;WT3O5;17/07/2025;47;Tabaco;1/2-PIVO;50;14,84;16;32;16;
control system;7/23/2025, 01:24 PM;7Z0MX;17/07/2025;51;Algodão;COMPLETO;70;8,64;292;303;11;
control system;7/23/2025, 01:25 PM;FP2LV;17/07/2025;60;Algodão;COMPLETO;100;6,78;18;33;15;
control system;7/23/2025, 01:28 PM;HP9L3;17/07/2025;61;Algodão;COMPLETO;70;8,7;887;908;21;
control system;7/23/2025, 01:31 PM;Y9WLK;17/07/2025;62;Tabaco;COMPLETO;100;5,58;208;222;14;
control system;7/23/2025, 01:31 PM;G6DAT;17/07/2025;69;Tabaco;COMPLETO;100;4,6;164;174;10;
control system;7/23/2025, 01:33 PM;KLBBG;18/07/2025;29;Cacau;COMPLETO;100;5,14;1413;1423,7;10,7;
control system;7/23/2025, 01:35 PM;XGAG4;18/07/2025;6;Tabaco;COMPLETO;90;6,47;1235;1253;18;
control system;7/23/2025, 01:38 PM;25VCM;18/07/2025;9;Tabaco;COMPLETO;100;5,46;2270;2283;13;
control system;7/23/2025, 01:38 PM;2ERAR;18/07/2025;10;Tabaco;COMPLETO;80;7,87;890;907;17;
control system;7/23/2025, 01:39 PM;3HNL1;18/07/2025;11;Tabaco;COMPLETO;70;7,89;667;689;22;
control system;7/23/2025, 01:40 PM;VQTDV;18/07/2025;12;Tabaco;COMPLETO;100;6,3;859;875;16;
control system;7/23/2025, 01:42 PM;5JFPY;18/07/2025;13;Tabaco;COMPLETO;100;4,28;572;582;10;
control system;7/23/2025, 01:42 PM;VN2P0;18/07/2025;14;Tabaco;COMPLETO;100;5,76;2627;2643;16;
control system;7/23/2025, 01:44 PM;B45Q4;18/07/2025;25;Cacau;COMPLETO;80;7,25;228,1;249;20,9;
control system;7/23/2025, 01:45 PM;R6EAV;18/07/2025;42;Tabaco;COMPLETO;100;5,76;139;152;13;
control system;7/23/2025, 01:51 PM;WUKDS;18/07/2025;46;Tabaco;COMPLETO;100;6,66;1714;1730;16;
control system;7/23/2025, 01:51 PM;QFB8H;18/07/2025;46;Tabaco;A;100;6,66;1730;1735;5;
control system;7/23/2025, 01:52 PM;HIKB8;18/07/2025;60;Algodão;COMPLETO;100;6,78;33;48;15;
control system;7/23/2025, 01:53 PM;D8AF6;18/07/2025;62;Tabaco;COMPLETO;100;5,58;222;236;14;
control system;7/23/2025, 01:55 PM;WE0N2;18/07/2025;68;Algodão;COMPLETO;100;4,8;163;173;10;
control system;7/23/2025, 01:55 PM;0MJ6Y;18/07/2025;69;Tabaco;COMPLETO;100;4,6;174;184;10;
control system;7/23/2025, 01:56 PM;PXCG8;16/07/2025;71;Milho;COMPLETO;100;4,85;172;175,5;3,5;
control system;7/24/2025, 01:28 PM;1VRG5;19/07/2025;29;Cacau;D;100;5,14;1423,7;1428;4,3;
control system;7/24/2025, 01:30 PM;KKMU4;19/07/2025;5;Tabaco;COMPLETO;90;6,13;1244;1259;15;
control system;7/24/2025, 01:31 PM;8GIIE;19/07/2025;7;Tabaco;COMPLETO;90;6,13;627;644;17;
control system;7/24/2025, 01:32 PM;6WM9C;19/07/2025;13;Tabaco;COMPLETO;100;4,28;582;592;10;
control system;7/24/2025, 01:34 PM;HARH4;19/07/2025;27;Cacau;COMPLETO;70;7,63;546;561;15;
control system;7/24/2025, 01:35 PM;J5TJ7;19/07/2025;28;Milho;COMPLETO;90;7,42;658;672;14;
control system;7/24/2025, 01:39 PM;SMLXY;19/07/2025;40;Tabaco;COMPLETO;100;6,96;281;296;15;
control system;7/24/2025, 01:52 PM;AV84U;19/07/2025;46;Tabaco;COMPLETO;100;6,66;1735;1751;16;
control system;7/24/2025, 01:53 PM;ZLP7X;19/07/2025;52;Tabaco;COMPLETO;90;7,73;1484;1500;16;
control system;7/24/2025, 01:55 PM;9G4VR;18/07/2025;62;Tabaco;COMPLETO;100;5,58;236;250;14;
control system;7/24/2025, 01:56 PM;AL8S0;18/07/2025;69;Tabaco;COMPLETO;100;4,6;184;194;10;
control system;7/24/2025, 01:57 PM;G4PBS;18/07/2025;71;Milho;1/2-PIVO;100;4,85;175,5;179;3,5;
control system;7/29/2025, 07:08 PM;N5X9X;20/07/2025;8;Tabaco;COMPLETO;100;6,58;1167;1183;16;
control system;7/29/2025, 07:09 PM;BVETF;20/07/2025;10;Tabaco;COMPLETO;70;9;907;929;22;
control system;7/29/2025, 07:10 PM;EWN3H;20/07/2025;11;Tabaco;COMPLETO;70;7,89;689;708;19;
control system;7/29/2025, 07:11 PM;VG33A;20/07/2025;12;Tabaco;COMPLETO;75;8,4;875;895;20;
control system;7/29/2025, 07:12 PM;IZ2CZ;20/07/2025;14;Tabaco;COMPLETO;90;6,4;2643;2654;11;
control system;7/29/2025, 07:14 PM;6154X;20/07/2025;29;Cacau;D;100;5,14;1428;1431;3;
control system;7/29/2025, 07:15 PM;39Q2F;20/07/2025;29;Cacau;ABC;60;8,57;1431;1441;10;
control system;7/29/2025, 07:39 PM;5NDLJ;09/07/2025;41;Milho;COMPLETO;50;12,88;321;350;29;
control system;7/29/2025, 07:39 PM;PBZZJ;12/07/2025;41;Milho;COMPLETO;50;12,88;350;386;36;
control system;7/29/2025, 07:40 PM;9YXYG;13/07/2025;41;Milho;COMPLETO;50;12,88;386;414;28;
control system;7/29/2025, 07:40 PM;513C4;14/07/2025;41;Milho;COMPLETO;50;12,88;414;442;28;
control system;7/29/2025, 07:40 PM;ARK59;18/07/2025;41;Milho;COMPLETO;80;8,05;442;460;18;
control system;7/29/2025, 07:41 PM;W1H3R;20/07/2025;41;Milho;COMPLETO;100;6,44;460;474;14;
control system;7/29/2025, 07:46 PM;LZ4M3;19/07/2025;42;Tabaco;COMPLETO;50;11,52;152;168;16;
control system;7/29/2025, 07:47 PM;R6R9M;20/07/2025;42;Tabaco;COMPLETO;50;11,52;168;200;32;
control system;7/29/2025, 07:48 PM;N7J3K;20/07/2025;46;Tabaco;COMPLETO;100;6,66;1751;1769;18;
control system;7/29/2025, 07:54 PM;35CNC;20/07/2025;51;Algodão;COMPLETO;100;6,05;310;323;13;
control system;7/29/2025, 07:58 PM;P7SLA;20/07/2025;58;Tabaco;COMPLETO;60;10,9;88;113;25;
control system;7/29/2025, 08:00 PM;997DR;20/07/2025;61;Algodão;COMPLETO;100;6,09;908;922;14;
control system;7/29/2025, 08:01 PM;2G9HD;20/07/2025;62;Tabaco;COMPLETO;100;5,58;250;264;14;
control system;7/29/2025, 08:02 PM;TV7B4;20/07/2025;68;Milho;COMPLETO;100;4,8;173;183;10;
control system;7/29/2025, 08:03 PM;7098X;20/07/2025;69;Tabaco;COMPLETO;100;4,6;194;204;10;
control system;7/29/2025, 08:03 PM;L8WYX;20/07/2025;71;Milho;1/2-PIVO;100;4,85;179;182,5;3,5;
control system;7/30/2025, 12:22 PM;5QK5B;21/07/2025;29;Cacau;D;100;5,14;1441;1443,4;2,4;
control system;7/30/2025, 12:23 PM;V29RF;21/07/2025;6;Tabaco;COMPLETO;90;6,47;1253;1270;17;
control system;7/30/2025, 12:24 PM;O98YS;21/07/2025;9;Tabaco;COMPLETO;100;5,46;2283;2296;13;
control system;7/30/2025, 12:26 PM;FU78S;21/07/2025;13;Tabaco;COMPLETO;60;7,13;592;608;16;
control system;7/30/2025, 12:28 PM;H36Y8;21/07/2025;25;Cacau;COMPLETO;60;9,67;249;267;18;
control system;7/30/2025, 12:30 PM;4SY3N;21/07/2025;27;Cacau;COMPLETO;70;7,63;561;578;17;
control system;7/30/2025, 12:41 PM;MXTV3;21/07/2025;28;Milho;COMPLETO;100;6,68;672;686,9;14,9;
control system;7/30/2025, 12:51 PM;JDASM;21/07/2025;38;Tabaco;COMPLETO;100;8,05;124;141;17;
control system;7/30/2025, 12:53 PM;2XBRZ;21/07/2025;41;Milho;COMPLETO;100;6,44;474;496;22;
control system;7/30/2025, 12:56 PM;SR12S;21/07/2025;42;Tabaco;COMPLETO;100;5,76;188;200;12;
control system;7/30/2025, 12:57 PM;O9C8V;21/07/2025;46;Tabaco;COMPLETO;100;6,66;1769;1785;16;
control system;7/30/2025, 12:59 PM;QPQJ6;21/07/2025;52;Tabaco;COMPLETO;100;6,96;1500;1517;17;
control system;7/30/2025, 12:59 PM;G0M9P;21/07/2025;53;Tabaco;COMPLETO;90;5,14;1086;1097;11;
control system;7/30/2025, 01:00 PM;28ZVV;21/07/2025;54;Tabaco;COMPLETO;50;11,6;84;111;27;
control system;7/30/2025, 01:03 PM;R2FYS;21/07/2025;62;Tabaco;COMPLETO;50;11,16;264;292;28;
control system;7/30/2025, 01:04 PM;AJC2I;21/07/2025;69;Tabaco;COMPLETO;50;9,2;204;224;20;
control system;7/30/2025, 01:06 PM;JA2NU;22/07/2025;29;Cacau;COMPLETO;100;5,14;1443,4;1454,4;11;
control system;7/30/2025, 01:09 PM;PFTCK;22/07/2025;7;Tabaco;COMPLETO;80;6,9;644;659;15;
control system;7/30/2025, 01:09 PM;NY42M;22/07/2025;10;Tabaco;COMPLETO;100;6,3;929;944;15;
control system;7/30/2025, 01:11 PM;4E87Y;22/07/2025;11;Tabaco;COMPLETO;100;5,52;708;725;17;
control system;7/30/2025, 01:16 PM;NMXO4;22/07/2025;12;Tabaco;COMPLETO;70;9;895;918;23;
control system;7/30/2025, 01:18 PM;JV3CR;22/07/2025;14;Tabaco;COMPLETO;100;5,76;2654;2675,8;21,8;
control system;7/30/2025, 01:20 PM;0JDV3;22/07/2025;46;Tabaco;COMPLETO;100;6,66;1785;1801;16;
control system;7/30/2025, 01:20 PM;ICNQU;22/07/2025;54;Tabaco;COMPLETO;100;5,8;111;124;13;
control system;7/30/2025, 01:21 PM;1AUE0;22/07/2025;62;Tabaco;COMPLETO;100;5,58;292;306;14;
control system;7/30/2025, 01:22 PM;LIMK9;22/07/2025;69;Tabaco;COMPLETO;100;4,6;224;234;10;
control system;7/30/2025, 01:25 PM;YU8VI;22/07/2025;69;Tabaco;COMPLETO;100;4,6;234;244;10;
control system;7/30/2025, 01:27 PM;FTUE4;22/07/2025;62;Tabaco;COMPLETO;100;5,58;306;320;14;
control system;7/30/2025, 01:28 PM;S1NFX;22/07/2025;71;Milho;1/2-PIVO;100;4,85;182,5;186;3,5;
control system;7/30/2025, 01:29 PM;UDSGS;22/07/2025;71;Crotalária;1/2-PIVO;35;13,86;186;196,5;10,5;
control system;7/30/2025, 01:36 PM;TLCWM;23/07/2025;5;Tabaco;COMPLETO;100;5,52;1259;1274;15;
control system;7/30/2025, 01:39 PM;VLA2S;23/07/2025;8;Tabaco;COMPLETO;70;9,4;1183;1204;21;
control system;7/30/2025, 01:40 PM;YNXQH;23/07/2025;9;Tabaco;COMPLETO;100;5,46;2296;2307;11;
control system;7/30/2025, 01:41 PM;P3E38;23/07/2025;11;Tabaco;COMPLETO;100;5,52;725;738;13;
control system;7/30/2025, 01:42 PM;K7JIS;23/07/2025;13;Tabaco;COMPLETO;50;8,56;608;628;20;
control system;7/30/2025, 01:44 PM;E0QMD;23/07/2025;14;Tabaco;COMPLETO;70;8,23;2675,8;2698;22,2;
control system;7/30/2025, 01:44 PM;2D1DL;23/07/2025;27;Cacau;COMPLETO;60;8,9;578;597;19;
control system;7/30/2025, 01:55 PM;E4JMD;23/07/2025;25;Cacau;COMPLETO;60;9,67;267;292,6;25,6;
control system;7/30/2025, 01:57 PM;01P8V;20/07/2025;39;Milho;COMPLETO;50;11,16;704;729;25;
control system;7/30/2025, 02:00 PM;H3T8A;23/07/2025;39;Milho;COMPLETO;50;11,16;729;753;24;
control system;7/30/2025, 02:05 PM;TFWWT;22/07/2025;41;Milho;COMPLETO;100;6,44;496;510;14;
control system;7/30/2025, 02:06 PM;YYPKY;23/07/2025;41;Milho;COMPLETO;100;6,44;510;524;14;
control system;7/30/2025, 02:09 PM;WRJD5;23/07/2025;51;Algodão;COMPLETO;70;8,64;323;342;19;
control system;7/30/2025, 02:12 PM;99NH6;23/07/2025;52;Tabaco;COMPLETO;100;6,96;1517;1533;16;
control system;7/30/2025, 02:13 PM;EYDD2;23/07/2025;54;Tabaco;COMPLETO;100;5,8;124;137;13;
control system;7/30/2025, 02:15 PM;F8CVT;23/07/2025;62;Tabaco;COMPLETO;100;5,58;320;334;14;
control system;7/30/2025, 02:15 PM;AZNFS;23/07/2025;69;Tabaco;COMPLETO;100;4,6;244;254;10;
control system;7/30/2025, 02:17 PM;JV6X7;23/07/2025;71;Milho Semente;COMPLETO;100;4,85;196,5;203,5;7;
control system;7/30/2025, 04:44 PM;YEN77;24/07/2025;10;Tabaco;COMPLETO;80;7,87;944;967;23;
control system;7/30/2025, 04:45 PM;BML6S;24/07/2025;11;Tabaco;COMPLETO;80;6,9;738;756;18;
control system;7/30/2025, 04:46 PM;W4QAL;24/07/2025;38;Tabaco;B;100;8,05;141;145;4;
control system;7/30/2025, 04:47 PM;PT9AK;24/07/2025;39;Milho;COMPLETO;50;11,16;753;776;23;
control system;7/30/2025, 04:48 PM;HF6N3;24/07/2025;41;Milho;COMPLETO;100;6,44;524;540;16;
control system;7/30/2025, 04:50 PM;JMCQE;24/07/2025;46;Tabaco;COMPLETO;100;6,66;1801;1818;17;
control system;7/30/2025, 04:53 PM;2TIGE;24/07/2025;54;Tabaco;COMPLETO;100;5,8;137;150;13;
control system;7/30/2025, 04:55 PM;BSAID;24/07/2025;62;Tabaco;COMPLETO;100;5,58;334;348;14;fertirrigação
control system;7/30/2025, 04:56 PM;70SSM;24/07/2025;69;Tabaco;COMPLETO;100;4,6;254;264;10;
control system;7/30/2025, 04:58 PM;JJCJF;24/07/2025;71;Milho Semente;1/2-PIVO;50;9,7;203,5;210,5;7;
control system;7/30/2025, 05:04 PM;NV9LI;25/07/2025;6;Tabaco;COMPLETO;100;5,82;1270;1285;15;
control system;7/30/2025, 05:04 PM;2I1N6;25/07/2025;12;Tabaco;COMPLETO;100;6,3;918;935;17;
control system;7/30/2025, 05:05 PM;ZH7I5;25/07/2025;13;Tabaco;COMPLETO;100;4,28;628;638;10;
control system;7/30/2025, 05:11 PM;WF960;25/07/2025;14;Tabaco;COMPLETO;70;8,23;2698;2720;22;
control system;7/30/2025, 05:14 PM;J23GS;25/07/2025;25;Cacau;COMPLETO;60;9,67;292,6;312;19,4;
control system;7/30/2025, 05:16 PM;IFRT8;25/07/2025;27;Cacau;ABC;70;7,63;597;609;12;
control system;7/30/2025, 05:16 PM;P0TXJ;25/07/2025;27;Cacau;D;100;5,34;609;612;3;
control system;7/30/2025, 05:18 PM;6HA7A;25/07/2025;28;Milho;COMPLETO;60;11,13;686,9;707,8;20,9;
control system;7/30/2025, 05:19 PM;8Q85Y;25/07/2025;38;Tabaco;C;90;8,94;145;150;5;
control system;7/30/2025, 05:20 PM;6E1WL;25/07/2025;39;Milho;1/2-PIVO;50;11,16;776;784;8;Pediram pra para, preparo
control system;7/30/2025, 05:21 PM;944IH;25/07/2025;41;Milho;COMPLETO;100;6,44;540;555;15;
control system;7/30/2025, 05:22 PM;LWASY;25/07/2025;42;Tabaco;COMPLETO;100;5,76;200;212,4;12,4;Fertirrigação
control system;7/30/2025, 05:23 PM;1DE0P;25/07/2025;54;Tabaco;COMPLETO;100;5,8;150;163;13;
control system;7/30/2025, 05:24 PM;LCODJ;25/07/2025;62;Tabaco;COMPLETO;100;5,58;348;362;14;
control system;7/30/2025, 05:27 PM;1U0ED;25/07/2025;69;Tabaco;COMPLETO;100;4,6;264;274;10;Fertirrigação
control system;7/30/2025, 05:40 PM;2Y6DH;26/07/2025;3;Soja;COMPLETO;50;12,6;1843;1871;28;
control system;7/30/2025, 05:41 PM;9TLOZ;26/07/2025;6;Tabaco;COMPLETO;100;5,82;1285;1300;15;
control system;7/30/2025, 05:42 PM;P6MPW;26/07/2025;7;Tabaco;COMPLETO;100;5,52;659;673;14;
control system;7/30/2025, 05:42 PM;G7VTG;26/07/2025;8;Tabaco;COMPLETO;100;6,58;1204;1220;16;
control system;7/30/2025, 05:43 PM;HCFDO;26/07/2025;9;Tabaco;COMPLETO;100;5,46;2307;2320;13;
control system;7/30/2025, 05:44 PM;DSTC8;26/07/2025;10;Tabaco;COMPLETO;100;6,3;967;978;11;
control system;7/30/2025, 05:44 PM;1NBK3;26/07/2025;11;Tabaco;COMPLETO;100;5,52;756;773;17;
control system;7/30/2025, 05:45 PM;OIQIA;26/07/2025;13;Tabaco;COMPLETO;80;5,35;638;651;13;
control system;7/30/2025, 05:46 PM;SPR6H;26/07/2025;40;Tabaco;COMPLETO;100;6,96;296;311;15;
control system;7/30/2025, 05:47 PM;OBN9P;26/07/2025;41;Milho;COMPLETO;100;6,44;555;570;15;
control system;7/30/2025, 05:47 PM;QQKUY;26/07/2025;46;Tabaco;COMPLETO;100;6,66;1818;1834;16;
control system;7/30/2025, 05:58 PM;ANVF0;18/07/2025;47;Milho;COMPLETO;50;14,84;32;64;32;
control system;7/30/2025, 05:58 PM;2MHA2;26/07/2025;47;Milho;COMPLETO;90;8,24;64;85;21;
control system;7/30/2025, 06:02 PM;0X88G;26/07/2025;53;Tabaco;COMPLETO;70;6,61;0;15;15;
control system;7/30/2025, 06:06 PM;QZBE4;26/07/2025;62;Tabaco;COMPLETO;100;5,58;362;376;14;
control system;7/30/2025, 06:07 PM;GICF9;24/07/2025;68;Tabaco;COMPLETO;100;4,8;183;193;10;
control system;7/30/2025, 06:07 PM;7UQ0G;26/07/2025;68;Tabaco;COMPLETO;100;4,8;193;203;10;
control system;7/30/2025, 06:09 PM;2T0RD;26/07/2025;69;Tabaco;COMPLETO;100;4,6;274;284;10;
control system;8/4/2025, 05:54 PM;Z6UUQ;26/07/2025;29;Cacau;COMPLETO;100;5,14;1454,4;1466,3;11,9;
control system;8/4/2025, 05:55 PM;QWJAO;27/07/2025;29;Cacau;COMPLETO;100;5,14;1466,3;1477;10,7;
control system;8/4/2025, 06:04 PM;5YAXM;27/07/2025;5;Tabaco;COMPLETO;100;5,52;1274;1288;14;
control system;8/4/2025, 06:04 PM;GP8BQ;27/07/2025;11;Tabaco;COMPLETO;100;5,52;773;786;13;
control system;8/4/2025, 06:05 PM;97BDP;27/07/2025;12;Tabaco;COMPLETO;100;6,3;935;949;14;
control system;8/4/2025, 06:06 PM;YR3MJ;27/07/2025;14;Tabaco;COMPLETO;60;9,6;2720;2747;27;
control system;8/4/2025, 06:07 PM;9WSYX;27/07/2025;25;Cacau;COMPLETO;100;5,8;312;323;11;
control system;8/4/2025, 06:08 PM;JG3HR;27/07/2025;27;Cacau;COMPLETO;60;8,9;612;631;19;
control system;8/4/2025, 06:08 PM;Q3L51;27/07/2025;28;Cacau;COMPLETO;80;8,35;707,8;724,5;16,7;
control system;8/4/2025, 06:17 PM;GON2N;27/07/2025;47;Milho;COMPLETO;90;8,24;85;102;17;
control system;8/4/2025, 06:19 PM;9ECIG;27/07/2025;52;Tabaco;COMPLETO;90;7,73;1533;1551;18;
control system;8/4/2025, 06:23 PM;9CDQ6;26/07/2025;54;Tabaco;COMPLETO;100;5,8;163;176;13;
control system;8/4/2025, 06:23 PM;VJ43Y;27/07/2025;54;Tabaco;COMPLETO;100;5,8;176;189;13;
control system;8/4/2025, 06:25 PM;CSR7L;24/07/2025;56;Tabaco;COMPLETO;50;12,36;3;28;25;
control system;8/4/2025, 06:25 PM;EMLHL;26/07/2025;56;Tabaco;COMPLETO;70;8,83;28;50;22;
control system;8/4/2025, 06:27 PM;1JDFT;26/07/2025;56;Tabaco;COMPLETO;70;8,83;50;72;22;
control system;8/4/2025, 06:55 PM;EDTMZ;27/07/2025;58;Tabaco;COMPLETO;80;8,17;113;131;18;
control system;8/4/2025, 06:58 PM;44DUT;27/07/2025;62;Tabaco;COMPLETO;100;5,58;376;390;14;
control system;8/4/2025, 06:59 PM;1WR9M;27/07/2025;69;Tabaco;COMPLETO;100;4,6;284;294;10;
control system;8/4/2025, 07:00 PM;RVXEF;27/07/2025;71;Tabaco;1/2-PIVO;80;6,06;210,5;215;4,5;
control system;8/4/2025, 07:07 PM;M3DMB;28/07/2025;29;Cacau;ABC;50;10,28;1477;1492;15;
control system;8/4/2025, 07:07 PM;1UWT4;28/07/2025;29;Cacau;D;100;5,14;1492;1495;3;
control system;8/4/2025, 07:08 PM;4R9VE;09/07/2025;4;Soja;COMPLETO;60;6,53;922;938;16;
control system;8/4/2025, 07:09 PM;UHAEZ;28/07/2025;4;Soja;COMPLETO;40;9,8;938;962;24;
control system;8/4/2025, 07:12 PM;IVGZU;28/07/2025;9;Tabaco;COMPLETO;100;5,46;2320;2334;14;
control system;8/4/2025, 07:13 PM;LKR73;28/07/2025;10;Tabaco;COMPLETO;70;9;978;998;20;
control system;8/4/2025, 07:15 PM;3JE56;28/07/2025;12;Tabaco;COMPLETO;100;6,3;949;965;16;Fertirrigação
control system;8/4/2025, 07:17 PM;C110V;28/07/2025;13;Tabaco;COMPLETO;50;8,56;651;671;20;
control system;8/4/2025, 07:18 PM;3I71T;28/07/2025;40;Tabaco;CD;60;11,6;311;324;13;
control system;8/4/2025, 07:19 PM;4D220;28/07/2025;41;Milho;COMPLETO;100;6,44;570;584;14;
control system;8/4/2025, 07:21 PM;F3YNI;28/07/2025;42;Tabaco;COMPLETO;100;5,76;212,4;224;11,6;
control system;8/4/2025, 07:22 PM;RJY4C;28/07/2025;47;Milho;COMPLETO;90;8,24;102;119;17;
control system;8/4/2025, 07:23 PM;C8R9L;28/07/2025;53;Tabaco;COMPLETO;70;6,61;15;28;13;
control system;8/4/2025, 07:24 PM;IPXAC;28/07/2025;54;Tabaco;COMPLETO;100;5,8;189;202;13;
control system;8/4/2025, 07:25 PM;DSK73;28/07/2025;68;Milho;COMPLETO;70;6,86;203;218;15;
control system;8/4/2025, 07:25 PM;HJA12;28/07/2025;69;Tabaco;COMPLETO;100;4,6;294;304;10;
control system;8/4/2025, 07:26 PM;LPYKM;28/07/2025;71;Milho Semente;1/2-PIVO;50;9,7;215;218,5;3,5;
control system;8/12/2025, 07:52 PM;00ND3;29/07/2025;29;Cacau;D;100;5,14;1495;1501;6;
control system;8/12/2025, 07:54 PM;CKL50;29/07/2025;11;Tabaco;COMPLETO;70;7,89;786;806;20;
control system;8/12/2025, 07:58 PM;FJ1BX;29/07/2025;14;Tabaco;A;100;5,76;2747;2751;4;
control system;8/12/2025, 07:58 PM;JJZR7;29/07/2025;14;Tabaco;COMPLETO;100;5,76;2751;2767;16;Fertirrigação
control system;8/12/2025, 08:00 PM;877LY;29/07/2025;13;Tabaco;COMPLETO;100;4,28;671;681;10;Fertirrigação
control system;8/12/2025, 08:03 PM;C02FM;29/07/2025;28;Milho;COMPLETO;50;13,36;724,5;738,3;13,8;1/2 Pivô
control system;8/12/2025, 08:04 PM;9804A;29/07/2025;46;Tabaco;COMPLETO;100;6,66;1834;1851;17;Teste + irrigação
control system;8/12/2025, 08:05 PM;BWDZZ;29/07/2025;47;Milho;COMPLETO;90;8,24;119;136;17;
control system;8/12/2025, 08:06 PM;43KQZ;29/07/2025;52;Tabaco;COMPLETO;90;7,73;1551;1569;18;
control system;8/12/2025, 08:08 PM;1X0EL;29/07/2025;54;Tabaco;COMPLETO;100;5,8;202;215;13;
control system;8/12/2025, 08:08 PM;IH0ZC;29/07/2025;41;Milho;COMPLETO;100;6,44;584;600;16;
control system;8/12/2025, 08:10 PM;7EZCR;29/07/2025;62;Tabaco;COMPLETO;100;5,58;390;404;14;
control system;8/12/2025, 08:11 PM;SN6BM;29/07/2025;69;Tabaco;COMPLETO;100;4,6;304;314;10;
control system;8/12/2025, 08:17 PM;XKQYT;30/07/2025;3;Preparo;COMPLETO;50;12,6;1871;1900;29;Preparo
control system;8/12/2025, 08:19 PM;455A4;30/07/2025;8;Tabaco;COMPLETO;100;6,58;1220;1236;16;
control system;8/12/2025, 08:21 PM;WO3TV;30/07/2025;9;Tabaco;COMPLETO;90;6,07;2334;2352;18;
control system;8/12/2025, 08:23 PM;IK3FX;30/07/2025;10;Tabaco;COMPLETO;90;7;998;1014;16;
control system;8/12/2025, 08:23 PM;HTG7Y;30/07/2025;12;Tabaco;COMPLETO;100;6,3;965;980;15;
control system;8/12/2025, 08:24 PM;NJH87;30/07/2025;13;Tabaco;COMPLETO;100;4,28;681;692;11;
control system;8/12/2025, 08:27 PM;1XEEV;30/07/2025;25;Cacau;COMPLETO;100;5,8;323;336;13;
control system;8/12/2025, 08:28 PM;BJHL7;30/07/2025;28;Milho;COMPLETO;100;6,68;738,3;752,4;14,1;
control system;8/12/2025, 08:30 PM;QHFD1;30/07/2025;41;Milho;COMPLETO;100;6,44;600;616;16;
control system;8/12/2025, 08:34 PM;VTQU9;30/07/2025;52;Tabaco;COMPLETO;100;6,96;1569;1584;15;
control system;8/12/2025, 08:35 PM;R9J4X;30/07/2025;53;Tabaco;COMPLETO;60;7,72;28;46;18;
control system;8/12/2025, 08:36 PM;1,30E+16;30/07/2025;54;Tabaco;COMPLETO;100;5,8;215;228;13;
control system;8/12/2025, 08:39 PM;ARLDD;30/07/2025;62;Tabaco;COMPLETO;50;11,16;404;428;24;2X GIROS A 100%
control system;8/12/2025, 08:40 PM;3HP86;30/07/2025;68;Milho;COMPLETO;70;6,86;218;233;15;
control system;8/12/2025, 08:42 PM;CTEY9;30/07/2025;71;Milho Semente;1/2-PIVO;40;12,12;218,5;223;4,5;
control system;8/14/2025, 01:12 PM;VHBPB;31/07/2025;29;Cacau;COMPLETO;100;5,14;1518;1531;13;
control system;8/14/2025, 01:14 PM;5UFDX;31/07/2025;4;Preparo;COMPLETO;40;9,8;962;986;24;
control system;8/14/2025, 01:16 PM;4QO9G;31/07/2025;5;Tabaco;COMPLETO;90;6,13;1288;1304;16;
control system;8/14/2025, 01:16 PM;GBCPC;31/07/2025;6;Tabaco;COMPLETO;90;6,47;1300;1312;12;
control system;8/14/2025, 01:23 PM;JVPOL;31/07/2025;11;Tabaco;COMPLETO;70;7,89;806;826;20;
control system;8/14/2025, 01:24 PM;ISZE7;31/07/2025;12;Tabaco;COMPLETO;100;6,3;980;997;17;
control system;8/14/2025, 01:25 PM;Y38W1;31/07/2025;13;Tabaco;COMPLETO;100;4,28;692;702;10;
control system;8/14/2025, 01:25 PM;2U6I0;31/07/2025;14;Tabaco;COMPLETO;100;5,76;2767;2785;18;
control system;8/14/2025, 01:27 PM;NZQ6K;31/07/2025;25;Cacau;COMPLETO;100;5,8;336;349;13;fertirrigação
control system;8/14/2025, 01:29 PM;K4P9V;29/07/2025;27;Cacau;COMPLETO;100;5,34;631;642,4;11,4;
control system;8/14/2025, 01:29 PM;ZRY82;31/07/2025;27;Cacau;COMPLETO;100;5,34;642,4;654;11,6;fertirrigação
control system;8/14/2025, 01:30 PM;EW9RX;31/07/2025;39;Milho;COMPLETO;100;5,58;784;796;12;
control system;8/14/2025, 01:31 PM;TZOWM;31/07/2025;42;Tabaco;COMPLETO;100;5,76;224;237,5;13,5;
control system;8/14/2025, 01:32 PM;G85JR;31/07/2025;47;Milho;COMPLETO;100;7,42;136;152;16;
control system;8/14/2025, 01:33 PM;5QD06;31/07/2025;52;Tabaco;COMPLETO;100;6,96;1584;1600;16;fertirrigação
control system;8/14/2025, 01:33 PM;TAIG7;31/07/2025;53;Tabaco;COMPLETO;80;5,79;46;59;13;
control system;8/14/2025, 01:34 PM;1WGAI;31/07/2025;54;Tabaco;COMPLETO;100;5,8;228;241;13;fertirrigação
control system;8/14/2025, 01:36 PM;MIMBU;31/07/2025;56;Tabaco;COMPLETO;60;10,3;1031,5;1056;24,5;
control system;8/14/2025, 01:36 PM;2270E;31/07/2025;69;Tabaco;COMPLETO;100;4,6;314;324;10;
control system;8/14/2025, 01:48 PM;4IAA4;01/08/2025;29;Cacau;COMPLETO;100;5,14;1531;1545;14;
control system;8/14/2025, 01:48 PM;L43DU;01/08/2025;29;Cacau;D;100;5,14;1545;1551;6;FERTIRRIGAÇÃO
control system;8/14/2025, 01:50 PM;518PI;28/07/2025;7;Tabaco;COMPLETO;70;7,89;0;15;15;FERTI
control system;8/14/2025, 01:51 PM;EPPAW;01/08/2025;7;Tabaco;COMPLETO;100;5,52;15;31;16;
control system;8/14/2025, 01:51 PM;85KS6;01/08/2025;8;Tabaco;COMPLETO;85;7,74;1236;1253;17;
control system;8/14/2025, 01:52 PM;4MHMB;01/08/2025;10;Tabaco;COMPLETO;100;6,3;1014;1028;14;
control system;8/14/2025, 01:52 PM;9U373;01/08/2025;12;Tabaco;COMPLETO;100;6,3;997;1013;16;
control system;8/14/2025, 01:54 PM;2V0PO;01/08/2025;13;Tabaco;COMPLETO;50;8,56;702;720;18;2X GRIOS
control system;8/14/2025, 01:56 PM;YCR6U;01/08/2025;14;Tabaco;COMPLETO;45;12,8;2785;2821;36;FINALIZAÇÃO 02-08
control system;8/14/2025, 01:56 PM;D7ZE2;01/08/2025;25;Cacau;COMPLETO;60;9,67;349;368;19;
control system;8/14/2025, 01:57 PM;ASMDR;01/08/2025;28;Milho;COMPLETO;70;9,54;752,4;762;9,6;1/2 PIVÔ
control system;8/14/2025, 01:59 PM;P4TV6;01/08/2025;39;Milho;COMPLETO;100;5,58;796;808;12;
control system;8/14/2025, 01:59 PM;HN6L4;01/08/2025;41;Milho;COMPLETO;100;6,44;616;632;16;
control system;8/14/2025, 02:01 PM;CMEQT;01/08/2025;47;Milho;COMPLETO;50;14,84;152;185;33;2X GIROS
control system;8/14/2025, 02:03 PM;CQGI0;01/08/2025;54;Tabaco;COMPLETO;95;6,11;241;255;14;
control system;8/14/2025, 02:03 PM;AEE0J;01/08/2025;53;Tabaco;COMPLETO;95;4,87;59;71;12;
control system;8/14/2025, 02:05 PM;XNAON;01/08/2025;62;Tabaco;COMPLETO;100;5,58;428;442;14;
control system;8/14/2025, 02:06 PM;Y4O35;01/08/2025;68;Milho;COMPLETO;70;6,86;233;246;13;
control system;8/14/2025, 02:07 PM;ZSEH0;01/08/2025;69;Tabaco;COMPLETO;100;4,6;324;334;10;
control system;8/14/2025, 02:07 PM;E8TZK;01/08/2025;71;Milho Semente;1/2-PIVO;40;12,12;223;227;4;
control system;8/15/2025, 11:22 AM;EUJQJ;02/08/2025;29;Cacau;COMPLETO;100;5,14;1551;1568;17;
control system;8/15/2025, 11:26 AM;B3R72;02/08/2025;3;Preparo;COMPLETO;50;12,6;1900;1927;27;
control system;8/15/2025, 11:30 AM;OZVDW;02/08/2025;4;Preparo;COMPLETO;40;9,8;986;1010;24;Inicio do preparo
control system;8/15/2025, 11:30 AM;YJGVX;02/08/2025;8;Tabaco;COMPLETO;90;7,31;1253;1269;16;
control system;8/15/2025, 11:31 AM;GNPP4;02/08/2025;9;Tabaco;COMPLETO;70;7,8;2352;2371;19;
control system;8/15/2025, 11:32 AM;IVHI0;02/08/2025;11;Tabaco;COMPLETO;60;9,2;826;850;24;
control system;8/15/2025, 11:33 AM;Q5CC6;02/08/2025;13;Tabaco;COMPLETO;45;9,51;720;746;26;
control system;8/15/2025, 11:34 AM;SMRRK;02/08/2025;25;Cacau;COMPLETO;60;9,67;368;387;19;
control system;8/15/2025, 11:35 AM;QQL5Q;02/08/2025;28;Milho;COMPLETO;70;9,54;762;779,5;17,5;
control system;8/15/2025, 11:42 AM;B9DB7;02/08/2025;39;Milho;COMPLETO;50;11,16;808;833;25;2x giros a 100%
control system;8/15/2025, 11:43 AM;QI65H;02/08/2025;41;Milho;COMPLETO;100;6,44;632;648;16;
control system;8/15/2025, 11:43 AM;W0A0P;02/08/2025;42;Tabaco;COMPLETO;100;5,76;237,5;249,5;12;
control system;8/15/2025, 11:44 AM;MURCS;02/08/2025;46;Tabaco;COMPLETO;100;6,66;1851;1866;15;
control system;8/15/2025, 11:44 AM;6QHIT;02/08/2025;47;Milho;COMPLETO;95;7,81;185;201;16;
control system;8/15/2025, 11:45 AM;MSLT0;02/08/2025;52;Tabaco;COMPLETO;70;9,94;1600;1623;23;
control system;8/15/2025, 11:45 AM;W4I86;02/08/2025;53;Tabaco;COMPLETO;95;4,87;71;84;13;
control system;8/15/2025, 11:47 AM;0RD0Q;02/08/2025;54;Tabaco;COMPLETO;100;5,8;255;268;13;
control system;8/15/2025, 11:48 AM;NKCKX;02/08/2025;68;Milho;COMPLETO;70;6,86;246;261;15;
control system;8/15/2025, 11:49 AM;5A48B;02/08/2025;69;Tabaco;COMPLETO;100;4,6;334;344;10;
control system;8/15/2025, 11:50 AM;KU5LI;02/08/2025;71;Milho Semente;1/2-PIVO;40;12,12;227;231;4;
control system;8/15/2025, 11:51 AM;WOFQA;02/08/2025;71;Tabaco;1/2-PIVO;80;6,06;231;235,5;4,5;
control system;8/15/2025, 12:08 PM;DT70C;03/08/2025;29;Cacau;COMPLETO;100;5,14;1568;1571,3;3,3;
control system;8/15/2025, 12:28 PM;NQHL7;03/08/2025;5;Tabaco;COMPLETO;90;6,13;1304;1321;17;
control system;8/15/2025, 12:28 PM;RYEJF;03/08/2025;6;Tabaco;COMPLETO;100;5,82;1312;1327;15;
control system;8/15/2025, 12:29 PM;Q3ZV0;03/08/2025;10;Tabaco;COMPLETO;100;6,3;1028;1043;15;
control system;8/15/2025, 12:29 PM;R5FGS;03/08/2025;12;Tabaco;COMPLETO;60;10,5;1013;1042;29;
control system;8/15/2025, 12:30 PM;6B5GB;03/08/2025;27;Cacau;COMPLETO;60;8,9;654;677;23;
control system;8/15/2025, 12:31 PM;K2ASE;03/08/2025;14;Tabaco;COMPLETO;45;12,8;2821;2854;33;
control system;8/15/2025, 12:42 PM;2TIO2;03/08/2025;35;Preparo;COMPLETO;50;11,64;986;1010;24;Inicio do preparo
control system;8/15/2025, 12:46 PM;HRVVH;03/08/2025;39;Milho;COMPLETO;100;5,58;833;846;13;
control system;8/15/2025, 12:46 PM;D8LJJ;03/08/2025;41;Milho;COMPLETO;100;6,44;648;663;15;
control system;8/15/2025, 12:47 PM;PFZX1;03/08/2025;47;Milho;COMPLETO;95;7,81;201;219;18;
control system;8/15/2025, 12:48 PM;YN752;03/08/2025;53;Tabaco;COMPLETO;50;9,26;84;104;20;2x giros a 100%
control system;8/15/2025, 12:48 PM;MRLA0;03/08/2025;54;Tabaco;COMPLETO;95;6,11;268;282;14;
control system;8/15/2025, 12:50 PM;3JSEO;03/08/2025;58;Tabaco;COMPLETO;80;8,17;131;149;18;
control system;8/15/2025, 12:50 PM;1CP0P;03/08/2025;69;Tabaco;COMPLETO;100;4,6;344;354;10;
control system;8/15/2025, 12:53 PM;XIQNP;03/08/2025;71;Tabaco;AB;80;6,06;235,5;240,5;5;
control system;8/15/2025, 12:55 PM;MM6CD;04/08/2025;29;Cacau;D;90;5,71;1571,3;1574;2,7;
control system;8/15/2025, 12:58 PM;3U8KC;04/08/2025;29;Cacau;ABC;60;8,57;1574;1587;13;
control system;8/15/2025, 12:59 PM;435LA;04/08/2025;7;Tabaco;COMPLETO;100;5,52;31;46;15;
control system;8/15/2025, 12:59 PM;ECJ7C;04/08/2025;11;Tabaco;COMPLETO;60;9,2;850;877;27;
control system;8/15/2025, 12:59 PM;UFAMV;04/08/2025;13;Tabaco;COMPLETO;45;9,51;746;768;22;
control system;8/15/2025, 01:00 PM;04Y3B;04/08/2025;14;Tabaco;COMPLETO;100;5,76;2854;2866;12;Fertirrigação
control system;8/15/2025, 01:01 PM;7P9K2;04/08/2025;25;Cacau;COMPLETO;70;8,29;387;411;24;
control system;8/15/2025, 01:02 PM;QSNMZ;04/08/2025;28;Milho;COMPLETO;60;11,13;779,5;791,9;12,4;1/2 Pivô
control system;8/15/2025, 01:02 PM;0UN5I;04/08/2025;39;Milho;COMPLETO;100;5,58;846;858;12;
control system;8/15/2025, 01:03 PM;8II2T;04/08/2025;40;Tabaco;CD;80;8,7;324;333;9;
control system;8/15/2025, 01:04 PM;4BDC4;04/08/2025;47;Milho;COMPLETO;100;7,42;219;235;16;
control system;8/15/2025, 01:05 PM;VF99U;04/08/2025;52;Tabaco;COMPLETO;80;8,7;1623;1642;19;
control system;8/15/2025, 01:05 PM;W2M26;04/08/2025;53;Tabaco;COMPLETO;95;4,87;104;116;12;
control system;8/15/2025, 01:09 PM;TJYWV;04/08/2025;54;Tabaco;COMPLETO;100;5,8;282;295;13;
control system;8/15/2025, 01:10 PM;M2LJI;04/08/2025;58;Tabaco;COMPLETO;95;6,88;149;164;15;
control system;8/15/2025, 01:11 PM;T8GMB;04/08/2025;62;Tabaco;COMPLETO;100;5,58;442;456;14;
control system;8/15/2025, 01:11 PM;4RACM;04/08/2025;68;Milho;COMPLETO;50;9,6;261;281;20;
control system;8/15/2025, 01:12 PM;YYWN4;04/08/2025;68;Tabaco;COMPLETO;100;4,8;281;291;10;
control system;8/15/2025, 01:13 PM;I0TOA;04/08/2025;71;Milho;1/2-PIVO;40;12,12;240,5;245;4,5;
control system;8/15/2025, 01:13 PM;55CXR;04/08/2025;71;Tabaco;AB;80;6,06;245;250,5;5,5;
control system;8/15/2025, 01:26 PM;HNV5V;05/08/2025;29;Cacau;COMPLETO;100;5,14;1587;1597;10;
control system;8/15/2025, 01:27 PM;WOOT3;05/08/2025;8;Tabaco;COMPLETO;90;7,31;1269;1285;16;
control system;8/15/2025, 01:28 PM;2U6HL;05/08/2025;9;Tabaco;COMPLETO;75;7,28;2371;2392;21;
control system;8/15/2025, 01:28 PM;7Q4WF;05/08/2025;10;Tabaco;COMPLETO;80;7,87;1043;1064;21;
control system;8/15/2025, 01:29 PM;2G4X9;05/08/2025;12;Tabaco;COMPLETO;60;10,5;1042;1068;26;
control system;8/15/2025, 01:29 PM;8DT3D;05/08/2025;14;Tabaco;COMPLETO;90;6,4;2866;2876;10;
control system;8/15/2025, 01:30 PM;VS46N;05/08/2025;27;Cacau;COMPLETO;70;7,63;677;692,9;15,9;
control system;8/15/2025, 01:39 PM;IDSAC;05/08/2025;28;Milho;COMPLETO;100;6,68;791,9;810;18,1;
control system;8/15/2025, 01:40 PM;0OBBH;05/08/2025;39;Milho;COMPLETO;100;5,58;858;870;12;
control system;8/15/2025, 01:41 PM;A4299;05/08/2025;40;Preparo;COMPLETO;50;13,92;333;338;5;Cancelado
control system;8/15/2025, 01:42 PM;GSWAB;05/08/2025;41;Milho;COMPLETO;100;6,44;663;679;16;
control system;8/15/2025, 01:43 PM;WCRVD;05/08/2025;42;Tabaco;COMPLETO;100;5,76;249,5;261,9;12,4;Fertirrigação
control system;8/15/2025, 01:43 PM;N2KHS;05/08/2025;46;Tabaco;COMPLETO;100;6,66;1866;1882;16;
control system;8/15/2025, 01:48 PM;07D9Q;05/08/2025;47;Milho;COMPLETO;70;10,6;235;256;21;
control system;8/15/2025, 01:49 PM;CIDPW;05/08/2025;53;Tabaco;COMPLETO;95;4,87;116;127;11;
control system;8/15/2025, 01:49 PM;WFCJA;05/08/2025;54;Tabaco;COMPLETO;100;5,8;295;308;13;
control system;8/15/2025, 01:50 PM;UE384;05/08/2025;58;Tabaco;COMPLETO;95;6,88;164;179;15;
control system;8/15/2025, 01:51 PM;9Z8Q0;05/08/2025;68;Milho;COMPLETO;100;4,8;291;301;10;Fertirrigação
control system;8/15/2025, 01:52 PM;2YXEK;05/08/2025;69;Tabaco;COMPLETO;100;4,6;354;364;10;
control system;8/15/2025, 01:52 PM;M0CLA;05/08/2025;71;Tabaco;AB;100;4,85;250,5;256;5,5;
control system;8/15/2025, 05:55 PM;UARIZ;06/08/2025;29;Cacau;D;100;5,14;1597;1599,4;2,4;
control system;8/15/2025, 06:02 PM;LN882;06/08/2025;5;Tabaco;COMPLETO;100;5,52;1321;1336;15;
control system;8/15/2025, 06:04 PM;WI4HT;06/08/2025;9;Tabaco;COMPLETO;100;5,46;2392;2408;16;
control system;8/15/2025, 06:06 PM;C2SQV;06/08/2025;11;Tabaco;COMPLETO;70;7,89;877;896;19;
control system;8/15/2025, 06:11 PM;QVSW9;06/08/2025;13;Tabaco;COMPLETO;50;8,56;768;788;20;
control system;8/15/2025, 06:17 PM;QWDOT;06/08/2025;14;Tabaco;COMPLETO;45;12,8;2876;2909;33;Finalização dia 07-08
control system;8/15/2025, 06:47 PM;SYHLW;06/08/2025;25;Cacau;COMPLETO;60;9,67;411;431;20;
control system;8/15/2025, 06:51 PM;90MG2;06/08/2025;37;Preparo;COMPLETO;60;15,07;632;649;17;
control system;8/15/2025, 06:57 PM;GQYOS;06/08/2025;39;Milho;COMPLETO;100;5,58;870;883;13;
control system;8/15/2025, 06:59 PM;40Y15;06/08/2025;42;Tabaco;COMPLETO;100;5,76;261,9;285,9;24;Ferti + irrigação
control system;8/15/2025, 07:03 PM;Z71N3;06/08/2025;46;Tabaco;COMPLETO;100;6,66;1882;1894;12;
control system;8/15/2025, 07:05 PM;VTJN1;06/08/2025;52;Tabaco;COMPLETO;70;9,94;1642;1664;22;
control system;8/15/2025, 07:08 PM;ZMWG0;06/08/2025;53;Tabaco;COMPLETO;95;4,87;127;138;11;
control system;8/15/2025, 07:08 PM;TQRRO;06/08/2025;54;Tabaco;COMPLETO;100;5,8;308;322;14;Ferti
control system;8/15/2025, 07:10 PM;9NW8T;06/08/2025;68;Milho;COMPLETO;50;9,6;301;321;20;
control system;8/15/2025, 07:11 PM;FG47W;06/08/2025;58;Tabaco;COMPLETO;95;6,88;179;194;15;
control system;8/15/2025, 07:12 PM;I8ZHS;06/08/2025;69;Tabaco;COMPLETO;100;4,6;364;374;10;
control system;8/15/2025, 07:13 PM;3ATZA;06/08/2025;71;Milho;1/2-PIVO;50;9,7;256;260;4;
control system;8/15/2025, 07:14 PM;42OB9;06/08/2025;71;Tabaco;AB;100;4,85;260;265,5;5,5;
control system;8/18/2025, 05:50 PM;PDOVA;07/08/2025;29;Cacau;D;100;5,14;1599,4;1603,2;3,8;
control system;8/18/2025, 05:54 PM;B8KUV;07/08/2025;7;Tabaco;COMPLETO;90;6,13;46;62;16;
control system;8/18/2025, 05:55 PM;FYDR6;07/08/2025;10;Tabaco;COMPLETO;100;6,3;1064;1075;11;
control system;8/18/2025, 05:56 PM;3AM51;07/08/2025;12;Tabaco;COMPLETO;70;9;1068;1089;21;
control system;8/18/2025, 05:58 PM;X2L5N;07/08/2025;27;Cacau;COMPLETO;50;10,68;692,9;715;22,1;
control system;8/18/2025, 06:02 PM;CTBJS;07/08/2025;28;Milho;1/2-PIVO;70;9,54;810;820;10;02/jan
control system;8/18/2025, 06:04 PM;V6INE;07/08/2025;39;Milho;COMPLETO;50;11,16;883;920;37;2X giros- finalização 08-08
control system;8/18/2025, 06:06 PM;5GFYU;07/08/2025;41;Milho;COMPLETO;70;9,2;679;703;24;
control system;8/18/2025, 06:09 PM;B76BP;07/08/2025;42;Tabaco;COMPLETO;100;5,76;285,9;305;19,1;
control system;8/18/2025, 06:11 PM;ANJH4;07/08/2025;46;Tabaco;COMPLETO;70;9,51;1894;1916;22;
control system;8/18/2025, 06:11 PM;8OHZV;07/08/2025;47;Milho;COMPLETO;70;10,6;256;277;21;
control system;8/18/2025, 06:13 PM;3K7RX;07/08/2025;52;Tabaco;COMPLETO;100;6,96;1664;1680;16;Fertirrigação
control system;8/18/2025, 06:18 PM;D69CP;07/08/2025;53;Tabaco;COMPLETO;95;4,87;138;149;11;
control system;8/18/2025, 06:19 PM;A4X1T;07/08/2025;54;Tabaco;COMPLETO;100;5,8;322;335;13;
control system;8/18/2025, 06:26 PM;1UL0Y;07/08/2025;58;Tabaco;COMPLETO;90;7,27;194;210;16;
control system;8/18/2025, 06:26 PM;PKV37;07/08/2025;62;Tabaco;COMPLETO;100;5,58;456;470;14;
control system;8/18/2025, 06:27 PM;EE26F;07/08/2025;69;Tabaco;COMPLETO;100;4,6;374;384;10;
control system;8/18/2025, 06:28 PM;NM4HJ;07/08/2025;71;Tabaco;AB;100;4,85;265,5;271;5,5;
control system;8/18/2025, 06:30 PM;1RE3O;08/08/2025;29;Cacau;COMPLETO;100;5,14;1603,2;1614,2;11;
control system;8/18/2025, 06:31 PM;IUET4;08/08/2025;9;Tabaco;COMPLETO;60;9,1;2408;2433;25;
control system;8/18/2025, 06:31 PM;DUUHE;08/08/2025;11;Tabaco;COMPLETO;60;9,2;896;919;23;
control system;8/18/2025, 06:32 PM;ZAQAY;08/08/2025;13;Tabaco;COMPLETO;45;9,51;788;811;23;
control system;8/18/2025, 06:32 PM;BCVHJ;08/08/2025;14;Tabaco;COMPLETO;50;11,52;2909;2945;36;
control system;8/18/2025, 06:33 PM;LG1V2;08/08/2025;25;Cacau;COMPLETO;100;5,8;431;446;15;
control system;8/18/2025, 06:33 PM;7RF30;08/08/2025;52;Tabaco;COMPLETO;100;6,96;1680;1692;12;
control system;8/18/2025, 06:35 PM;LJLKL;08/08/2025;53;Tabaco;COMPLETO;50;9,26;149;177;28;Irrigação + ferti
control system;8/18/2025, 06:35 PM;ZO9DW;08/08/2025;58;Tabaco;COMPLETO;95;6,88;210;225;15;
control system;8/18/2025, 06:36 PM;96JZ5;08/08/2025;69;Tabaco;COMPLETO;100;4,6;384;394;10;
control system;8/18/2025, 06:37 PM;U0WR2;08/08/2025;71;Milho Semente;1/2-PIVO;50;9,7;271;274;3;
control system;8/18/2025, 06:38 PM;7NK0J;08/08/2025;71;Tabaco;AB;100;4,85;274;282;8;
control system;8/18/2025, 06:42 PM;XW0CN;09/08/2025;8;Tabaco;COMPLETO;90;7,31;1285;1302;17;
control system;8/18/2025, 06:43 PM;I2OVZ;09/08/2025;12;Tabaco;COMPLETO;60;10,5;1089;1114;25;
control system;8/18/2025, 06:45 PM;MRVCQ;09/08/2025;27;Cacau;COMPLETO;100;5,34;715;727;12;
control system;8/18/2025, 06:45 PM;NA4VV;09/08/2025;41;Milho;COMPLETO;50;12,88;703;728;25;
control system;8/18/2025, 06:46 PM;7YYQY;09/08/2025;53;Tabaco;COMPLETO;90;5,14;177;192;15;
control system;8/18/2025, 06:47 PM;49ATM;09/08/2025;54;Tabaco;COMPLETO;100;5,8;335;349;14;
control system;8/18/2025, 06:48 PM;TCP60;09/08/2025;58;Tabaco;COMPLETO;95;6,88;225;240;15;
control system;8/18/2025, 06:48 PM;C1LMF;09/08/2025;69;Tabaco;COMPLETO;100;4,6;394;404;10;
control system;8/18/2025, 06:48 PM;A9F0K;09/08/2025;71;Tabaco;AB;100;4,85;282;287;5;
control system;8/18/2025, 06:57 PM;HGSS0;10/08/2025;29;Cacau;COMPLETO;100;5,14;1614,2;1624,4;10,2;
control system;8/18/2025, 06:57 PM;GITR4;10/08/2025;10;Tabaco;COMPLETO;70;9;1075;1095;20;
control system;8/18/2025, 06:58 PM;O7WUZ;10/08/2025;7;Tabaco;COMPLETO;90;6,13;62;79;17;
control system;8/18/2025, 06:58 PM;UXOZB;10/08/2025;11;Tabaco;COMPLETO;60;9,2;919;940,2;21,2;
control system;8/18/2025, 06:59 PM;049CR;10/08/2025;13;Tabaco;COMPLETO;40;10,7;811;836;25;
control system;8/18/2025, 07:00 PM;14GWV;10/08/2025;14;Tabaco;COMPLETO;50;11,52;2945;2976;31;
control system;8/18/2025, 07:00 PM;HA1Q8;10/08/2025;25;Cacau;COMPLETO;60;9,67;446;470;24;
control system;8/18/2025, 07:00 PM;T00WH;10/08/2025;28;Milho;1/2-PIVO;70;9,54;820;834,1;14,1;
control system;8/18/2025, 07:01 PM;TM6CJ;10/08/2025;39;Milho;COMPLETO;100;5,58;920;932;12;
control system;8/18/2025, 07:01 PM;MZWGU;10/08/2025;46;Tabaco;COMPLETO;75;8,88;1916;1942;26;
control system;8/18/2025, 07:02 PM;JCGLP;10/08/2025;47;Milho;COMPLETO;70;10,6;277;298;21;
control system;8/18/2025, 07:02 PM;RXLDY;10/08/2025;52;Tabaco;COMPLETO;70;9,94;1692;1714;22;
control system;8/18/2025, 07:02 PM;B34G2;10/08/2025;53;Tabaco;COMPLETO;90;5,14;192;204;12;
control system;8/18/2025, 07:03 PM;DHGXH;10/08/2025;58;Tabaco;COMPLETO;95;6,88;240;255;15;
control system;8/18/2025, 07:03 PM;RGYPI;10/08/2025;62;Tabaco;COMPLETO;100;5,58;470;484;14;
control system;8/18/2025, 07:04 PM;ANR9F;10/08/2025;68;Milho;COMPLETO;40;12;321;348;27;Finalização 11-08
control system;8/18/2025, 07:05 PM;MTJJJ;10/08/2025;71;Milho Semente;1/2-PIVO;40;12,12;287;290,5;3,5;
control system;8/18/2025, 07:05 PM;WSTP3;10/08/2025;71;Tabaco;AB;100;4,85;290,5;296;5,5;
control system;8/18/2025, 07:07 PM;3P9KT;11/08/2025;29;Cacau;COMPLETO;100;5,14;1624,4;1634,5;10,1;
control system;8/18/2025, 07:07 PM;MXO48;11/08/2025;9;Tabaco;COMPLETO;100;5,46;2433;2447;14;
control system;8/18/2025, 07:08 PM;XCZ0I;11/08/2025;12;Tabaco;COMPLETO;100;6,3;1114;1129;15;
control system;8/18/2025, 07:08 PM;GJ8EW;11/08/2025;13;Tabaco;COMPLETO;100;4,28;836;846;10;
control system;8/18/2025, 07:09 PM;V22PM;11/08/2025;27;Cacau;COMPLETO;50;10,68;727;750;23;
control system;8/18/2025, 07:10 PM;4DKYC;11/08/2025;42;Tabaco;COMPLETO;60;9,6;305;326,9;21,9;
control system;8/18/2025, 07:11 PM;IZNX1;11/08/2025;53;Tabaco;COMPLETO;90;5,14;204;212;8;
control system;8/18/2025, 07:12 PM;Q8D0O;11/08/2025;58;Tabaco;COMPLETO;100;6,54;255;270;15;
control system;8/18/2025, 07:12 PM;ZUNYQ;11/08/2025;69;Tabaco;COMPLETO;100;4,6;404;414;10;
control system;8/18/2025, 07:13 PM;C50AO;11/08/2025;71;Tabaco;AB;100;4,85;296;301;5;
control system;8/18/2025, 07:16 PM;9L9UX;12/08/2025;29;Cacau;ABC;60;8,57;1634,5;1644,3;9,8;
control system;8/18/2025, 07:17 PM;OHWIG;12/08/2025;8;Tabaco;COMPLETO;90;7,31;1302;1318;16;
control system;8/18/2025, 07:18 PM;QO7HW;12/08/2025;12;Tabaco;COMPLETO;100;6,3;1129;1146;17;
control system;8/18/2025, 07:19 PM;2IJBY;12/08/2025;13;Tabaco;A;100;4,28;846;851;5;FERIRRIGAÇÃO A
control system;8/18/2025, 07:20 PM;45FO9;12/08/2025;14;Tabaco;COMPLETO;100;5,76;2976;2992;16;
control system;8/18/2025, 07:20 PM;GS6Y3;12/08/2025;25;Cacau;COMPLETO;100;5,8;470;484;14;
control system;8/18/2025, 07:22 PM;9957Q;12/08/2025;28;Milho;1/2-PIVO;50;13,36;834,1;854;19,9;PIVÔ ATOLADO
control system;8/18/2025, 07:26 PM;J2V7C;05/08/2025;35;Preparo;COMPLETO;50;11,64;1010;1032;22;
control system;8/18/2025, 07:27 PM;3D0LH;12/08/2025;35;Preparo;COMPLETO;70;8,31;1032;1053;21;
control system;8/18/2025, 07:29 PM;C2Y40;12/08/2025;41;Milho;COMPLETO;70;9,2;728;740;12;02/jan
control system;8/18/2025, 07:31 PM;2A2VF;12/08/2025;46;Tabaco;COMPLETO;75;8,88;1942;1962;20;
control system;8/18/2025, 07:32 PM;1T3W1;12/08/2025;52;Tabaco;COMPLETO;100;6,96;1714;1730;16;
control system;8/18/2025, 07:32 PM;OVQXY;12/08/2025;53;Tabaco;COMPLETO;80;5,79;212;222;10;
control system;8/18/2025, 07:33 PM;DHI4W;12/08/2025;54;Tabaco;COMPLETO;80;7,25;349;368;19;
control system;8/18/2025, 07:34 PM;K4BOG;12/08/2025;58;Tabaco;COMPLETO;100;6,54;270;285;15;
control system;8/18/2025, 07:34 PM;FED6N;12/08/2025;68;Milho;COMPLETO;100;4,8;348;358;10;
control system;8/18/2025, 07:35 PM;KQ6BD;12/08/2025;71;Milho Semente;1/2-PIVO;50;9,7;301;305;4;
control system;8/18/2025, 07:36 PM;SC5K6;12/08/2025;71;Tabaco;AB;50;9,7;305;310;5;
control system;8/18/2025, 07:52 PM;R5EFF;13/08/2025;29;Cacau;D;100;5,14;1644,3;1646,3;2;
control system;8/18/2025, 07:54 PM;D83E0;13/08/2025;7;Tabaco;A;90;6,13;79;84;5;
control system;8/18/2025, 07:56 PM;HQ2KS;13/08/2025;9;Tabaco;COMPLETO;100;5,46;2447;2463;16;
control system;8/18/2025, 07:57 PM;3MCA4;13/08/2025;10;Tabaco;COMPLETO;70;9;1095;1119;24;
control system;8/18/2025, 07:58 PM;V5W6C;13/08/2025;11;Tabaco;COMPLETO;55;10,04;940,2;979;38,8;
control system;8/18/2025, 08:01 PM;GC3GP;13/08/2025;12;Tabaco;COMPLETO;100;6,3;1146;1161;15;FERTI
control system;8/18/2025, 08:02 PM;E0TXP;13/08/2025;13;Tabaco;COMPLETO;100;4,28;851;861;10;QA Irrigação QB Ferti
control system;8/18/2025, 08:04 PM;9QG0C;13/08/2025;14;Tabaco;AB;50;11,52;2992;3005;13;
control system;8/18/2025, 08:05 PM;N4H95;13/08/2025;25;Cacau;COMPLETO;80;7,25;484;496;12;
control system;8/18/2025, 08:05 PM;GT4I9;13/08/2025;27;Cacau;COMPLETO;80;6,67;750;764;14;
control system;8/18/2025, 08:07 PM;H7H83;13/08/2025;28;Milho;1/2-PIVO;70;9,54;854;861;7;Pivô atolado
control system;8/18/2025, 08:07 PM;N6X32;13/08/2025;39;Milho;COMPLETO;100;5,58;932;943;11;
control system;8/18/2025, 08:08 PM;R7P8G;13/08/2025;41;Milho;COMPLETO;100;6,44;740;754;14;
control system;8/18/2025, 08:10 PM;IT2XC;13/08/2025;42;Tabaco;COMPLETO;55;10,47;326,9;348,9;22;
control system;8/18/2025, 08:13 PM;7KX92;13/08/2025;47;Milho;COMPLETO;50;14,84;298;332;34;2x giros
control system;8/18/2025, 08:13 PM;SP6EP;13/08/2025;52;Tabaco;COMPLETO;100;6,96;1730;1746;16;
control system;8/18/2025, 08:14 PM;50QDD;13/08/2025;53;Tabaco;COMPLETO;90;5,14;222;233;11;
control system;8/18/2025, 08:14 PM;OPDAL;13/08/2025;56;Tabaco;COMPLETO;80;7,72;0;18,9;18,9;Pós plantio
control system;8/18/2025, 08:15 PM;GK9O7;13/08/2025;58;Tabaco;COMPLETO;95;6,88;285;300;15;
control system;8/18/2025, 08:16 PM;OL3D8;13/08/2025;62;Tabaco;COMPLETO;70;7,97;484;504;20;
control system;8/18/2025, 08:16 PM;M6DXD;13/08/2025;68;Tabaco;COMPLETO;100;4,8;358;368;10;Fertirrigação
control system;8/18/2025, 08:17 PM;DSXIM;13/08/2025;71;Tabaco;AB;50;9,7;310;315,5;5,5;
control system;8/19/2025, 05:20 PM;9MSS4;13/08/2025;38;Preparo;1/2-PIVO;70;11,5;150;160;10;1/2 Preparo
control system;8/19/2025, 06:56 PM;H2XTL;14/08/2025;29;Cacau;ABC;100;5,14;1646,3;1654;7,7;
control system;8/19/2025, 06:57 PM;7HPZ6;14/08/2025;6;Tabaco;COMPLETO;80;7,28;1327;1349;22;
control system;8/19/2025, 07:00 PM;JLNNU;14/08/2025;9;Tabaco;COMPLETO;100;5,46;2463;2486;13;Irrigação + Fertirrigação - finalização 15-08
control system;8/19/2025, 07:03 PM;34WCY;14/08/2025;12;Tabaco;CD;55;11,45;1161;1178;17;
control system;8/19/2025, 07:04 PM;I1SMR;14/08/2025;13;Tabaco;COMPLETO;50;8,56;861;883;22;
control system;8/19/2025, 07:05 PM;ESY9O;14/08/2025;14;Tabaco;CD;50;11,52;3005;3015;10;
control system;8/19/2025, 07:06 PM;C6DBM;14/08/2025;25;Cacau;A;100;5,8;496;499;3;Redutor travado
control system;8/19/2025, 07:09 PM;8RD2T;14/08/2025;27;Cacau;COMPLETO;100;5,34;764;775;11;Fertirrigação
control system;8/19/2025, 07:11 PM;49FIZ;14/08/2025;37;Preparo;COMPLETO;50;18,08;649;678;29;
control system;8/19/2025, 07:13 PM;Y8IK8;14/08/2025;38;Preparo;1/2-PIVO;70;11,5;160;166;6;
control system;8/19/2025, 07:14 PM;7EZLR;14/08/2025;45;Tabaco;COMPLETO;55;11,13;0;3;3;teste alcione
control system;8/19/2025, 07:14 PM;6X3PX;14/08/2025;46;Tabaco;COMPLETO;100;6,66;1962;1980;18;Fertirrigação
control system;8/19/2025, 07:15 PM;CDAFE;14/08/2025;52;Tabaco;COMPLETO;100;6,96;1746;1762;16;
control system;8/19/2025, 07:15 PM;6LPTI;14/08/2025;56;Tabaco;COMPLETO;80;7,72;18,9;38;19,1;
control system;8/19/2025, 07:16 PM;ZCHJO;14/08/2025;58;Tabaco;COMPLETO;95;6,88;300;315;15;
control system;8/19/2025, 07:16 PM;1Z72E;14/08/2025;69;Tabaco;COMPLETO;80;5,75;414;427;13;
control system;8/19/2025, 07:17 PM;4J5JJ;14/08/2025;71;Milho;1/2-PIVO;40;12,12;315,5;319;3,5;
control system;8/19/2025, 07:17 PM;X65XM;14/08/2025;71;Tabaco;AB;100;4,85;319;324,5;5,5;
control system;8/19/2025, 07:18 PM;RGSS9;15/08/2025;29;Cacau;COMPLETO;100;5,14;1654;1664,3;10,3;
control system;8/19/2025, 07:21 PM;KTCVV;15/08/2025;7;Tabaco;B;90;6,13;84;90;6;colheita
control system;8/19/2025, 07:22 PM;RTNB3;15/08/2025;12;Tabaco;AB;55;11,45;1178;1187;9;
control system;8/19/2025, 07:25 PM;37MGH;15/08/2025;14;Tabaco;AB;100;5,76;3015;3022;7;CD Redutor
control system;8/19/2025, 07:26 PM;OKUNU;15/08/2025;28;Milho;1/2-PIVO;50;13,36;861;871;10;Erosões
control system;8/19/2025, 07:28 PM;631WE;15/08/2025;41;Milho;COMPLETO;50;12,88;754;784;30;Irrigação + adubação
control system;8/19/2025, 07:29 PM;81AAQ;15/08/2025;42;Tabaco;COMPLETO;50;11,52;348,9;373;24,1;Irrigação + ferti
control system;8/19/2025, 07:33 PM;6BRP0;15/08/2025;46;Tabaco;ABC;100;6,66;1980;1991;11;
control system;8/19/2025, 07:38 PM;XQXRV;15/08/2025;53;Tabaco;A;100;4,63;233;239;8;
control system;8/19/2025, 07:39 PM;PNHJ5;15/08/2025;53;Tabaco;COMPLETO;100;4,63;241;250;9;fertirrigação
control system;8/19/2025, 07:40 PM;KPGST;15/08/2025;54;Tabaco;COMPLETO;85;6,82;368;385;17;
control system;8/19/2025, 07:41 PM;LA3GF;15/08/2025;56;Tabaco;COMPLETO;90;6,87;38;58;20;
control system;8/19/2025, 07:42 PM;WKM5O;15/08/2025;58;Tabaco;COMPLETO;95;6,88;315;330;15;
control system;8/19/2025, 07:43 PM;Q3WQS;15/08/2025;62;Tabaco;COMPLETO;80;6,97;504;522;18;
control system;8/19/2025, 07:43 PM;W5YJ6;15/08/2025;71;Tabaco;AB;100;4,85;324,5;330;5,5;
control system;8/19/2025, 10:05 PM;Y8D77;19/08/2025;10;Cacau;A;100;6,3;0;10;10;Teste
control system;8/20/2025, 01:31 AM;0WQ35;08/08/2025;101;Preparo;COMPLETO;70;7,97;1744,9;1762,6;17,7;
control system;8/20/2025, 01:32 AM;HRAP0;09/08/2025;101;Preparo;COMPLETO;50;11,16;1762,6;1787,5;24,9;
control system;8/20/2025, 01:33 AM;44EVN;13/08/2025;101;Preparo;COMPLETO;50;11,16;1787,5;1812,1;24,6;
control system;8/20/2025, 01:35 AM;PSKUC;03/08/2025;104;Milho Semente;A;50;9,9;1340,9;1351,8;10,9;
control system;8/20/2025, 01:36 AM;F7VDN;04/08/2025;104;Milho Semente;B;50;9,9;1351,8;1363,9;12,1;
control system;8/20/2025, 01:38 AM;IBWLT;05/08/2025;104;Milho Semente;COMPLETO;100;4,95;1363,9;1375,6;11,7;
control system;8/20/2025, 01:39 AM;K9SNJ;07/08/2025;104;Milho Semente;A;100;4,95;1375,6;1381,2;5,6;
control system;8/20/2025, 01:39 AM;J8ACZ;08/08/2025;104;Milho Semente;B;100;4,95;1381,2;1386,6;5,4;
control system;8/20/2025, 01:40 AM;D83FZ;10/08/2025;104;Milho Semente;A;50;9,9;1386,6;1398,2;11,6;
control system;8/20/2025, 01:41 AM;WLKCG;11/08/2025;104;Milho Semente;B;50;9,9;1398,2;1410,3;12,1;
control system;8/20/2025, 01:42 AM;YYMNZ;13/08/2025;104;Milho Semente;COMPLETO;100;4,95;1410,3;1422;11,7;
control system;8/20/2025, 01:44 AM;2MSMK;01/08/2025;107;Algodão;1/2-PIVO;80;5,85;817,4;824,2;6,8;
control system;8/20/2025, 01:58 AM;4TTGZ;03/08/2025;108;Milho Semente;A;50;10,68;236,9;248,4;11,5;
control system;8/20/2025, 01:59 AM;U14D2;04/08/2025;108;Milho Semente;B;50;10,68;248,4;259,8;11,4;
control system;8/20/2025, 01:59 AM;OWCEX;05/08/2025;108;Milho Semente;COMPLETO;100;5,34;259,8;271,4;11,6;
control system;8/20/2025, 02:00 AM;L322T;07/08/2025;108;Milho Semente;A;100;5,34;271,4;277,3;5,9;
control system;8/20/2025, 02:01 AM;V7TLT;08/08/2025;108;Milho Semente;B;100;5,34;277,3;283,2;5,9;
control system;8/20/2025, 02:01 AM;A08GS;10/08/2025;108;Milho Semente;A;50;10,68;283,2;295,4;12,2;
control system;8/20/2025, 02:02 AM;ALPAE;11/08/2025;108;Milho Semente;B;50;10,68;295,4;306,2;10,8;
control system;8/20/2025, 02:03 AM;O78LG;12/08/2025;108;Milho Semente;COMPLETO;100;5,34;306,2;317,2;11;
control system;8/20/2025, 02:10 AM;0S6AJ;08/08/2025;113;Preparo;COMPLETO;70;9,1;29,4;51,6;22,2;
control system;8/20/2025, 02:11 AM;NU92Y;09/08/2025;113;Preparo;COMPLETO;50;12,74;51,6;79,1;27,5;
control system;8/20/2025, 02:12 AM;WSNW5;13/08/2025;113;Preparo;COMPLETO;50;12,74;79,1;105,7;26,6;
control system;8/20/2025, 02:13 AM;JNCIB;02/08/2025;115;Milho Semente;COMPLETO;100;6,44;671;685,1;14,1;
control system;8/20/2025, 02:15 AM;81CRU;04/08/2025;115;Milho Semente;COMPLETO;70;9,2;685,1;705,5;20,4;
control system;8/20/2025, 02:15 AM;ASZUJ;06/08/2025;115;Milho Semente;COMPLETO;100;6,44;705,5;720;14,5;
control system;8/20/2025, 02:16 AM;8U8H0;08/08/2025;115;Milho Semente;COMPLETO;100;6,44;720;734,4;14,4;
control system;8/20/2025, 02:17 AM;J6WNO;09/08/2025;115;Milho Semente;COMPLETO;50;12,88;734,4;762,9;28,5;
control system;8/20/2025, 02:18 AM;FPH6F;12/08/2025;115;Milho Semente;COMPLETO;70;9,2;762,9;783,2;20,3;
control system;8/20/2025, 02:19 AM;RDIX0;13/08/2025;115;Milho Semente;COMPLETO;100;6,44;783,2;797,7;14,5;
control system;8/20/2025, 02:20 AM;66FYF;07/08/2025;117;Mix;COMPLETO;70;8,1;430,8;448,9;18,1;
control system;8/20/2025, 02:21 AM;XCBEN;09/08/2025;117;Mix;COMPLETO;60;9,45;448,9;472,7;23,8;
control system;8/20/2025, 02:22 AM;XAGRJ;13/08/2025;117;Mix;COMPLETO;70;8,1;472,7;493;20,3;
control system;8/20/2025, 02:22 AM;L7112;08/08/2025;118;Brachiaria;COMPLETO;70;9,2;2277,2;2298,1;20,9;
control system;8/20/2025, 02:23 AM;5NYEZ;09/08/2025;118;Brachiaria;COMPLETO;60;10,73;2298,1;2321;22,9;
control system;8/20/2025, 02:24 AM;BB23Y;08/08/2025;119;Brachiaria;COMPLETO;70;9,4;1286,1;1308;21,9;
control system;8/20/2025, 02:25 AM;C8H14;10/08/2025;119;Brachiaria;1/2-PIVO;60;10,97;1308;1319,2;11,2;
control system;8/20/2025, 02:26 AM;PQZDW;07/08/2025;120;Preparo;COMPLETO;70;9,3;2184,5;2204,9;20,4;
control system;8/20/2025, 02:26 AM;OWZU0;08/08/2025;120;Preparo;COMPLETO;50;13,02;2204,9;2232,3;27,4;
control system;8/20/2025, 02:27 AM;JPCIN;12/08/2025;120;Preparo;COMPLETO;50;13,02;2232,3;2260,1;27,8;
control system;8/20/2025, 02:31 AM;ZLUUJ;07/08/2025;122;Preparo;1/2-PIVO;70;9;1422,1;1425,1;3;
control system;8/20/2025, 02:41 AM;HKZNO;07/08/2025;124;Preparo;1/2-PIVO;70;8,4;893,9;897;3,1;
control system;8/20/2025, 02:43 AM;N7U78;13/08/2025;124;Preparo;COMPLETO;50;11,76;897;925,1;28,1;
control system;8/20/2025, 02:44 AM;TNZ4H;13/08/2025;126;Preparo;COMPLETO;50;13,3;603,2;633,7;30,5;
control system;8/20/2025, 02:45 AM;U3K04;01/08/2025;130;Milho Semente;COMPLETO;70;8,23;575,1;595,5;20,4;
control system;8/20/2025, 02:46 AM;G8T7V;02/08/2025;130;Milho Semente;1/2-PIVO;100;5,76;595,5;602,6;7,1;
control system;8/20/2025, 02:48 AM;NF43B;03/08/2025;130;Milho Semente;COMPLETO;100;5,76;602,6;616,9;14,3;
control system;8/20/2025, 02:48 AM;IS9FP;05/08/2025;130;Milho Semente;COMPLETO;70;8,23;616,9;637,2;20,3;
control system;8/20/2025, 02:51 AM;XNBR1;07/08/2025;130;Milho Semente;COMPLETO;100;5,76;637,2;651,5;14,3;
control system;8/20/2025, 02:51 AM;MRBUJ;09/08/2025;130;Milho Semente;COMPLETO;100;5,76;651,5;665,8;14,3;
control system;8/20/2025, 02:52 AM;QLS4H;11/08/2025;130;Milho Semente;COMPLETO;70;8,23;665,8;686;20,2;
control system;8/20/2025, 02:52 AM;47V3X;13/08/2025;130;Milho Semente;COMPLETO;70;8,23;686;706,1;20,1;
control system;8/20/2025, 02:54 AM;YWWQY;01/08/2025;133;Gergelim;COMPLETO;50;10,3;890,7;910,6;19,9;
control system;8/20/2025, 02:55 AM;M7O4F;04/08/2025;133;Gergelim;COMPLETO;70;7,36;910,6;927,3;16,7;
control system;8/20/2025, 02:56 AM;K5Z7F;07/08/2025;133;Gergelim;1/2-PIVO;100;5,15;927,3;933,1;5,8;
control system;8/20/2025, 02:56 AM;E3L01;09/08/2025;133;Gergelim;1/2-PIVO;50;10,3;933,1;941,1;8;
control system;8/20/2025, 02:57 AM;0Z3RG;10/08/2025;133;Gergelim;COMPLETO;70;7,36;941,1;952;10,9;
control system;8/20/2025, 04:50 PM;OOKNP;16/08/2025;29;Cacau;D;100;5,14;1664,3;1666,3;2;
control system;8/20/2025, 04:59 PM;7PXXK;16/08/2025;13;Tabaco;COMPLETO;40;10,7;883;908;25;
control system;8/20/2025, 05:00 PM;A9AV2;16/08/2025;14;Tabaco;COMPLETO;50;11,52;3022;3051;29;
control system;8/20/2025, 05:02 PM;YQ3TR;16/08/2025;25;Cacau;COMPLETO;50;11,6;499;531;32;
control system;8/20/2025, 05:03 PM;5SU19;16/08/2025;27;Cacau;COMPLETO;50;10,68;775;798;23;
control system;8/20/2025, 05:04 PM;C4ZXF;16/08/2025;28;Milho;1/2-PIVO;50;13,36;871;886;15;
control system;8/20/2025, 05:10 PM;Q9K32;16/08/2025;32;Preparo;COMPLETO;50;11,4;1009;1038;29;Inicio preparo
control system;8/20/2025, 05:10 PM;3ALUS;16/08/2025;39;Milho;COMPLETO;100;5,58;943;958;15;
control system;8/20/2025, 05:11 PM;JFAKK;16/08/2025;42;Tabaco;COMPLETO;100;5,76;373;385;12;
control system;8/20/2025, 05:12 PM;JQGDJ;16/08/2025;46;Tabaco;CD;60;11,1;1991;2003;12;
control system;8/20/2025, 05:12 PM;LFX5Q;16/08/2025;47;Milho;COMPLETO;100;7,42;332;349;17;
control system;8/20/2025, 05:13 PM;J2KHW;16/08/2025;52;Tabaco;COMPLETO;60;11,6;1762;1787;25;
control system;8/20/2025, 05:14 PM;3L3EH;16/08/2025;53;Tabaco;COMPLETO;100;4,63;250;260;10;
control system;8/20/2025, 05:15 PM;LVY93;16/08/2025;56;Tabaco;COMPLETO;90;6,87;58;75;17;
control system;8/20/2025, 05:15 PM;5FGLF;16/08/2025;58;Tabaco;COMPLETO;95;6,88;330;345;15;
control system;8/20/2025, 05:16 PM;F2U3F;16/08/2025;68;Milho;COMPLETO;40;12;368;395;27;
control system;8/20/2025, 05:16 PM;BJBQB;16/08/2025;71;Milho Semente;1/2-PIVO;40;12,12;330;333;3;
control system;8/21/2025, 07:02 PM;6UCH1;17/08/2025;29;Cacau;D;100;5,14;1666,3;1669;2,7;
control system;8/21/2025, 07:03 PM;S5JLF;17/08/2025;29;Cacau;ABC;50;10,28;1669;1684;15;
control system;8/21/2025, 07:05 PM;KFMP9;12/08/2025;5;Tabaco;COMPLETO;100;5,52;1336;1350;17;
control system;8/21/2025, 07:11 PM;21QT2;17/08/2025;5;Tabaco;D;100;5,52;1350;1353;3;
control system;8/21/2025, 07:11 PM;CXL4P;17/08/2025;6;Tabaco;COMPLETO;100;5,82;1349;1364;15;
control system;8/21/2025, 07:11 PM;XDFWY;17/08/2025;8;Tabaco;COMPLETO;100;6,58;1318;1334;16;
control system;8/21/2025, 07:19 PM;IO2SE;17/08/2025;9;Tabaco;COMPLETO;90;6,07;2486;2504;18;
control system;8/21/2025, 07:21 PM;GOTLL;17/08/2025;10;Tabaco;COMPLETO;75;8,4;1118;1138;20;
control system;8/21/2025, 07:22 PM;PHF1Q;17/08/2025;11;Tabaco;COMPLETO;75;7,36;979;998;19;
control system;8/21/2025, 07:23 PM;8QO8I;17/08/2025;12;Tabaco;COMPLETO;80;7,87;1187;1206;19;
control system;8/21/2025, 07:25 PM;T617F;17/08/2025;28;Milho;COMPLETO;50;13,36;886;909,1;23,1;
control system;8/21/2025, 07:27 PM;RAHUJ;17/08/2025;41;Milho;COMPLETO;80;8,05;784;802;18;
control system;8/21/2025, 07:30 PM;SO2QU;17/08/2025;46;Tabaco;AB;60;11,1;2003;2016;13;
control system;8/21/2025, 07:30 PM;JQNK9;17/08/2025;47;Milho;COMPLETO;100;7,42;349;369;20;
control system;8/21/2025, 07:31 PM;1INKS;17/08/2025;52;Tabaco;COMPLETO;60;11,6;1787;1815;28;
control system;8/21/2025, 07:33 PM;ZFDN2;17/08/2025;56;Tabaco;COMPLETO;90;6,87;75;92;17;
control system;8/21/2025, 07:35 PM;8VJIW;17/08/2025;58;Tabaco;COMPLETO;95;6,88;345;360;15;
control system;8/21/2025, 07:35 PM;BQT3S;17/08/2025;69;Tabaco;COMPLETO;55;8,36;427;443;16;
control system;8/21/2025, 07:36 PM;UF1OE;17/08/2025;71;Tabaco;AB;100;4,85;333;338;5;
control system;8/21/2025, 07:39 PM;054H3;18/08/2025;29;Tabaco;COMPLETO;100;5,14;1684;1694;10;
control system;8/21/2025, 07:40 PM;5TL5P;18/08/2025;7;Tabaco;COMPLETO;90;6,13;90;111;21;
control system;8/21/2025, 07:43 PM;59IR8;18/08/2025;14;Tabaco;COMPLETO;100;5,76;3051;3065;14;Fertirrigação
control system;8/21/2025, 07:43 PM;AHK4E;18/08/2025;25;Cacau;COMPLETO;100;5,8;531;543;12;Fertirrigação
control system;8/21/2025, 07:43 PM;05RP3;18/08/2025;27;Cacau;COMPLETO;90;5,93;798;811;13;
control system;8/21/2025, 07:44 PM;0VDN1;18/08/2025;39;Milho;COMPLETO;70;7,97;958;975;17;
control system;8/21/2025, 07:44 PM;DHK3R;18/08/2025;41;Milho;COMPLETO;80;8,05;802;820;18;
control system;8/21/2025, 07:46 PM;UII09;18/08/2025;42;Tabaco;CD;55;10,47;385;397;12;
control system;8/21/2025, 07:47 PM;NAH01;18/08/2025;46;Tabaco;COMPLETO;100;6,66;2016;2033;17;Fertirrigação
control system;8/21/2025, 07:48 PM;BC1Q6;18/08/2025;54;Tabaco;COMPLETO;85;6,82;385;400;15;
control system;8/21/2025, 07:48 PM;WZMM9;18/08/2025;53;Tabaco;COMPLETO;100;4,63;260;270;10;
control system;8/21/2025, 07:49 PM;O3QE2;18/08/2025;56;Tabaco;COMPLETO;80;7,72;92;111;19;
control system;8/21/2025, 07:49 PM;DTL7C;18/08/2025;58;Tabaco;COMPLETO;95;6,88;360;375;15;
control system;8/21/2025, 07:50 PM;J4KRU;18/08/2025;62;Tabaco;COMPLETO;70;7,97;522;542;20;
control system;8/21/2025, 07:50 PM;KYO8Y;18/08/2025;68;Milho;COMPLETO;100;4,8;395;406;11;
control system;8/21/2025, 07:51 PM;5JV43;18/08/2025;71;Milho Semente;1/2-PIVO;40;12,12;338;341,5;3,5;
control system;8/21/2025, 07:52 PM;XZEFR;19/08/2025;11;Tabaco;COMPLETO;80;6,9;998;1016;18;
control system;8/21/2025, 07:52 PM;O678O;19/08/2025;12;Tabaco;COMPLETO;100;6,3;1206;1223;17;
control system;8/21/2025, 07:53 PM;KKTIQ;19/08/2025;17;Preparo;A;60;10,5;1631;1635;4;teste alcione
control system;8/21/2025, 07:55 PM;CP8ZX;19/08/2025;36;Preparo;COMPLETO;50;14,4;1471;1503;32;
control system;8/21/2025, 07:56 PM;82QGV;19/08/2025;38;Preparo;COMPLETO;50;16,1;166;190;24;
control system;8/21/2025, 07:57 PM;1M4WT;19/08/2025;42;Tabaco;COMPLETO;100;5,76;397;408;11;Fertirrigação
control system;8/21/2025, 07:59 PM;EHZ88;19/08/2025;46;Tabaco;COMPLETO;65;10,25;2033;2056;23;
control system;8/21/2025, 08:00 PM;1Z0QW;19/08/2025;71;Tabaco;AB;80;6,06;341,5;347;5,5;
control system;8/21/2025, 08:03 PM;GGV62;19/08/2025;56;Tabaco;COMPLETO;90;6,87;0;14;14;
control system;8/21/2025, 10:54 PM;0UJVC;14/08/2025;108;Milho Semente;COMPLETO;100;5,34;317,2;329,6;12,4;
control system;8/21/2025, 10:55 PM;3DYWZ;14/08/2025;115;Milho Semente;COMPLETO;100;6,44;797,7;812,9;15,2;
control system;8/21/2025, 10:56 PM;UE6Q5;14/08/2025;118;Brachiaria;COMPLETO;70;9,2;2321;2341,4;20,4;
control system;8/21/2025, 10:57 PM;EB8X8;15/08/2025;104;Milho Semente;COMPLETO;70;7,07;1422;1438,9;16,9;
control system;8/21/2025, 10:58 PM;GEX5W;15/08/2025;108;Milho Semente;COMPLETO;70;7,63;329,6;346,2;16,6;
control system;8/21/2025, 11:00 PM;IB2SS;15/08/2025;115;Milho Semente;A;50;12,88;812,9;826,7;13,8;
control system;8/21/2025, 11:01 PM;VJ0YX;15/08/2025;120;Preparo;1/2-PIVO;70;9,3;2260,1;2269,6;9,5;
control system;8/21/2025, 11:02 PM;3WNTO;15/08/2025;121;Preparo;1/2-PIVO;50;12,74;1853;1867,1;14,1;
control system;8/21/2025, 11:05 PM;HLPPU;15/08/2025;130;Milho Semente;COMPLETO;100;5,76;706,1;737,8;31,7;
control system;8/21/2025, 11:07 PM;35QR2;16/08/2025;104;Milho Semente;COMPLETO;60;8,25;1438,9;1457,5;18,6;
control system;8/21/2025, 11:07 PM;CYY23;16/08/2025;115;Milho Semente;B;50;12,88;826,7;840,4;13,7;
control system;8/21/2025, 11:08 PM;F5WD7;16/08/2025;121;Preparo;1/2-PIVO;50;12,74;1867,1;1881,4;14,3;
control system;8/21/2025, 11:09 PM;94LNA;16/08/2025;126;Preparo;1/2-PIVO;50;13,3;633,7;647,7;14;
control system;8/21/2025, 11:12 PM;K3W2H;17/08/2025;115;Milho Semente;A;50;12,88;840,4;854,7;14,3;
control system;8/21/2025, 11:13 PM;A7QPJ;17/08/2025;121;Preparo;1/2-PIVO;50;12,74;1881,4;1895,4;14;
control system;8/21/2025, 11:16 PM;PF887;17/08/2025;126;Preparo;1/2-PIVO;50;13,3;647,7;662;14,3;
control system;8/21/2025, 11:18 PM;WK78M;17/08/2025;130;Milho Semente;COMPLETO;80;7,2;737,8;752,5;14,7;
control system;8/21/2025, 11:21 PM;T2GJU;18/08/2025;104;Milho Semente;COMPLETO;70;7,07;1457,5;1473,9;16,4;
control system;8/21/2025, 11:22 PM;8EVOF;18/08/2025;108;Milho Semente;COMPLETO;100;5,34;346,2;357,9;11,7;
control system;8/21/2025, 11:23 PM;O3WEQ;18/08/2025;115;Milho Semente;B;50;12,88;854,7;868,8;14,1;
control system;8/21/2025, 11:26 PM;MDC44;18/08/2025;130;Milho Semente;A;40;14,4;752,5;770,3;17,8;
control system;8/21/2025, 11:27 PM;WTEJJ;19/08/2025;104;Milho Semente;COMPLETO;100;4,95;1473,9;1488,4;14,5;
control system;8/21/2025, 11:28 PM;Y056J;19/08/2025;108;Milho Semente;COMPLETO;100;5,34;357,9;369,8;11,9;
control system;8/21/2025, 11:30 PM;3MCYW;19/08/2025;115;Milho Semente;B;50;12,88;868,8;883,1;14,3;
control system;8/21/2025, 11:31 PM;HXAQ2;19/08/2025;121;Preparo;1/2-PIVO;50;12,74;1895,4;1923,8;28,4;
control system;8/21/2025, 11:32 PM;1TAEA;19/08/2025;126;Preparo;1/2-PIVO;50;13,3;662;676,3;14,3;
control system;8/21/2025, 11:33 PM;5BHNC;19/08/2025;130;Milho Semente;B;40;14,4;770,3;787,8;17,5;
control system;8/27/2025, 02:59 AM;0UJP6;20/08/2025;104;Milho Semente;COMPLETO;100;4,95;1488,4;1497,1;8,7;
control system;8/27/2025, 03:01 AM;NO1Z2;20/08/2025;108;Milho Semente;COMPLETO;70;7,63;369,8;385,9;16,1;
control system;8/27/2025, 03:01 AM;ZTSMP;20/08/2025;126;Preparo;1/2-PIVO;50;13,3;676,3;690,6;14,3;
control system;8/27/2025, 03:02 AM;4H0OL;20/08/2025;130;Milho Semente;COMPLETO;100;5,76;787,8;802,4;14,6;
control system;8/27/2025, 03:03 AM;655WB;21/08/2025;104;Milho Semente;COMPLETO;70;7,07;1497,1;1513,7;16,6;
control system;8/27/2025, 03:04 AM;FRGI1;21/08/2025;108;Milho Semente;COMPLETO;100;5,34;385,9;398,2;12,3;
control system;8/27/2025, 03:04 AM;D8DNN;21/08/2025;115;Milho Semente;COMPLETO;100;6,44;883,1;897,8;14,7;
control system;8/27/2025, 03:05 AM;GG00A;21/08/2025;124;Preparo;COMPLETO;50;11,76;925,1;955,6;30,5;
control system;8/27/2025, 03:07 AM;ZGY20;22/08/2025;104;Milho Semente;A;50;9,9;1513,7;1524,9;11,2;
control system;8/27/2025, 03:09 AM;U6FQC;22/08/2025;115;Milho Semente;COMPLETO;100;6,44;897,8;908,2;10,4;
control system;8/27/2025, 03:10 AM;LTI7B;22/08/2025;117;Mix;COMPLETO;70;8,1;493;513,6;20,6;
control system;8/27/2025, 03:10 AM;PCY1N;22/08/2025;118;Brachiaria;COMPLETO;70;9,2;2341,4;2362,3;20,9;
control system;8/27/2025, 03:11 AM;WQ165;22/08/2025;119;Brachiaria;COMPLETO;70;9,4;1319,2;1338,7;19,5;
control system;8/27/2025, 03:11 AM;L9R05;22/08/2025;130;Milho Semente;COMPLETO;70;8,23;802,4;822,7;20,3;
control system;8/27/2025, 03:16 AM;B13U4;23/08/2025;104;Milho Semente;A;40;12,38;1524,9;1538,1;13,2;
control system;8/27/2025, 03:18 AM;FTD5Q;23/08/2025;108;Milho Semente;COMPLETO;60;8,9;398,2;417,4;19,2;
control system;8/27/2025, 03:19 AM;8SL3B;23/08/2025;115;Milho Semente;COMPLETO;60;10,73;908,2;931,7;23,5;
control system;8/27/2025, 03:21 AM;VXB34;24/08/2025;104;Milho Semente;B;40;12,38;1538,1;1553,4;15,3;
control system;8/27/2025, 03:22 AM;MSX08;24/08/2025;108;Milho Semente;COMPLETO;60;8,9;417,4;436,8;19,4;
control system;8/27/2025, 03:22 AM;NU6OK;24/08/2025;130;Milho Semente;COMPLETO;90;6,4;822,7;838,5;15,8;
control system;8/27/2025, 03:25 AM;9Q7L8;25/08/2025;104;Milho Semente;A;50;9,9;1553,4;1565,2;11,8;
control system;8/27/2025, 03:28 AM;ZCNG0;25/08/2025;115;Milho Semente;A;100;6,44;931,7;937,1;5,4;
control system;8/27/2025, 03:30 AM;Z6VN2;25/08/2025;124;Preparo;COMPLETO;50;11,76;955,6;984,1;28,5;
control system;8/27/2025, 03:30 AM;4E7C2;25/08/2025;126;Preparo;COMPLETO;70;9,5;690,6;710,8;20,2;
control system;8/27/2025, 03:31 AM;747PD;25/08/2025;130;Milho Semente;COMPLETO;70;8,23;838,5;858,8;20,3;
control system;8/28/2025, 03:27 AM;E7VAX;26/08/2025;104;Milho Semente;B;50;9,9;1565,2;1576,2;11;
control system;8/28/2025, 03:28 AM;0AMNX;26/08/2025;108;Milho Semente;COMPLETO;100;5,34;436,8;448,1;11,3;
control system;8/28/2025, 03:28 AM;G5J43;26/08/2025;115;Milho Semente;COMPLETO;100;6,44;937,1;952,2;15,1;
control system;8/28/2025, 03:29 AM;CSOV5;26/08/2025;130;Milho Semente;COMPLETO;70;8,23;858,8;879,1;20,3;
control system;8/29/2025, 01:43 AM;K5908;27/08/2025;104;Milho Semente;COMPLETO;100;4,95;1576,2;1588,2;12;
control system;8/29/2025, 01:45 AM;C2WS9;27/08/2025;108;Milho Semente;COMPLETO;70;5,34;448,1;464,8;16,7;
control system;8/29/2025, 01:45 AM;1YVDV;27/08/2025;115;Milho Semente;COMPLETO;70;9,2;952,2;972,6;20,4;
control system;8/29/2025, 01:46 AM;60HVE;27/08/2025;118;Brachiaria;COMPLETO;70;9,2;2362,3;2382,4;20,1;
control system;9/1/2025, 05:17 PM;FIQ43;20/08/2025;6;Tabaco;CD;100;5,82;1364;1372;8;
control system;9/1/2025, 05:17 PM;X6NGR;20/08/2025;29;Cacau;D;100;5,14;1694;1697;3;
control system;9/1/2025, 05:18 PM;G0FXV;20/08/2025;10;Tabaco;COMPLETO;80;7,87;1138;1157;19;
control system;9/1/2025, 05:18 PM;AE3XX;20/08/2025;13;Tabaco;COMPLETO;55;7,78;908;937;29;
control system;9/1/2025, 05:19 PM;2SBDG;20/08/2025;25;Cacau;COMPLETO;50;11,6;543;566;23;
control system;9/1/2025, 05:19 PM;I0RRJ;20/08/2025;27;Cacau;COMPLETO;50;10,68;811;833;22;
control system;9/1/2025, 05:21 PM;XU33M;20/08/2025;28;Milho;1/2-PIVO;50;13,36;909,1;942,5;33,4;
control system;9/1/2025, 05:22 PM;4D8ML;20/08/2025;39;Milho;COMPLETO;100;5,58;975;988;13;FERTIRRIGAÇÃO
control system;9/1/2025, 05:25 PM;RBGDS;20/08/2025;41;Milho;COMPLETO;80;8,05;820;839;19;
control system;9/1/2025, 05:27 PM;J9DM1;20/08/2025;42;Tabaco;COMPLETO;100;5,76;408;420,4;12,4;FERTIRRIGAÇÃO
control system;9/1/2025, 05:31 PM;RHQPW;20/08/2025;47;Milho;COMPLETO;100;7,42;369;385;16;
control system;9/1/2025, 05:32 PM;H5TQT;20/08/2025;52;Tabaco;COMPLETO;100;6,96;1815;1831;16;FERTIRRIGAÇÃO
control system;9/1/2025, 05:32 PM;YDICL;20/08/2025;53;Tabaco;COMPLETO;80;5,79;270;282;12;
control system;9/1/2025, 05:33 PM;DI8O0;20/08/2025;56;Tabaco;COMPLETO;90;6,87;14;28;14;
control system;9/1/2025, 05:35 PM;RHWG7;20/08/2025;58;Tabaco;COMPLETO;50;13,08;46;76;30;2x giros / com comunicação e contando horimetros
control system;9/1/2025, 05:35 PM;LP81T;20/08/2025;62;Tabaco;COMPLETO;70;7,97;542;562;20;
control system;9/1/2025, 05:36 PM;107QZ;20/08/2025;68;Milho;COMPLETO;50;9,6;406;426;20;
control system;9/1/2025, 05:37 PM;I8VOY;20/08/2025;69;Tabaco;COMPLETO;50;9,2;443;463;20;
control system;9/1/2025, 05:37 PM;RX9OX;20/08/2025;71;Milho Semente;1/2-PIVO;100;4,85;347;350;3;
control system;9/1/2025, 05:38 PM;QR38P;21/08/2025;29;Cacau;D;100;5,14;1697;1699,4;2,4;
control system;9/1/2025, 05:39 PM;5G5SR;21/08/2025;29;Cacau;ABC;50;10,28;1699,4;1714,3;14,9;
control system;9/1/2025, 05:39 PM;LZ5JW;21/08/2025;7;Tabaco;COMPLETO;90;6,13;111;125;14;
control system;9/1/2025, 05:40 PM;P4QDC;21/08/2025;9;Tabaco;COMPLETO;50;6,07;2504;2526;22;
control system;9/1/2025, 05:41 PM;OJ0KX;21/08/2025;11;Tabaco;COMPLETO;90;6,13;1016;1033;17;
control system;9/1/2025, 05:48 PM;EW3H0;21/08/2025;14;Tabaco;COMPLETO;70;8,23;3065;3085;20;
control system;9/1/2025, 05:50 PM;NANR7;21/08/2025;15;Preparo;A;60;12,3;1665;1668;3;teste alcione
control system;9/1/2025, 05:51 PM;M7E4L;21/08/2025;41;Milho;COMPLETO;100;6,44;839;854;15;Fertirrigação
control system;9/1/2025, 05:52 PM;7X8PN;21/08/2025;42;Tabaco;COMPLETO;100;5,76;420,4;430,2;9,8;
control system;9/1/2025, 05:55 PM;DAKDS;21/08/2025;46;Tabaco;COMPLETO;65;10,25;2056;2080;24;
control system;9/1/2025, 05:56 PM;NU2C3;21/08/2025;47;Milho;COMPLETO;100;7,42;385;401;16;
control system;9/1/2025, 05:58 PM;7KAP7;21/08/2025;52;Tabaco;AB;85;8,19;1831;1840;9;
control system;9/1/2025, 05:59 PM;D7AGG;21/08/2025;54;Tabaco;COMPLETO;85;6,82;400;415;15;
control system;9/1/2025, 06:01 PM;R82LZ;21/08/2025;56;Tabaco;COMPLETO;100;6,18;28;40;12;
control system;9/1/2025, 06:02 PM;9F2SC;21/08/2025;58;Tabaco;COMPLETO;100;6,54;76;91;15;
control system;9/1/2025, 06:06 PM;JRRS0;21/08/2025;60;Milheto;COMPLETO;100;6,78;48;63;15;
control system;9/1/2025, 06:07 PM;RFUHT;21/08/2025;71;Milho Semente;1/2-PIVO;100;4,85;350;353;3;
control system;9/1/2025, 06:07 PM;J8EAB;21/08/2025;71;Tabaco;AB;100;4,85;353;357;4;
control system;9/1/2025, 06:08 PM;62ERY;22/08/2025;29;Cacau;D;100;5,14;1714,3;1717;2,7;
control system;9/1/2025, 06:09 PM;U3II1;22/08/2025;12;Tabaco;COMPLETO;100;6,3;1223;1239;16;
control system;9/1/2025, 06:09 PM;1DWLE;22/08/2025;13;Tabaco;A;55;7,78;937;946;9;
control system;9/1/2025, 06:09 PM;BCOQ7;22/08/2025;25;Cacau;COMPLETO;100;5,8;566;579;13;
control system;9/1/2025, 06:10 PM;1D0EH;22/08/2025;27;Cacau;COMPLETO;100;5,34;833;844,5;11,5;
control system;9/1/2025, 06:10 PM;6RZQZ;22/08/2025;28;Milho;COMPLETO;50;13,36;942,5;972,3;29,8;
control system;9/1/2025, 06:11 PM;65HLQ;22/08/2025;39;Milho;COMPLETO;90;7,97;988;1003;15;
control system;9/1/2025, 06:12 PM;3EO1Q;22/08/2025;41;Milho;COMPLETO;70;9,2;854;875;21;
control system;9/1/2025, 06:12 PM;TU0JI;22/08/2025;42;Tabaco;COMPLETO;100;5,76;430,2;445,2;15;
control system;9/1/2025, 06:13 PM;3A8TE;22/08/2025;47;Milho;COMPLETO;100;7,42;401;419;18;
control system;9/1/2025, 06:23 PM;MDT0X;22/08/2025;52;Tabaco;COMPLETO;80;8,7;1840;1860;20;
control system;9/1/2025, 06:24 PM;NIJKA;22/08/2025;53;Tabaco;COMPLETO;100;4,63;282;293;11;
control system;9/1/2025, 06:25 PM;0I891;22/08/2025;56;Tabaco;COMPLETO;90;6,87;40;54;14;
control system;9/1/2025, 06:25 PM;6X1F4;22/08/2025;58;Tabaco;COMPLETO;100;6,54;91;105,2;14,2;
control system;9/1/2025, 06:26 PM;YLJ0E;22/08/2025;60;Milheto;COMPLETO;100;6,78;63;78;15;
control system;9/1/2025, 06:26 PM;MOXM6;22/08/2025;62;Tabaco;COMPLETO;100;5,58;562;576;14;
control system;9/1/2025, 06:28 PM;0UMFN;22/08/2025;68;Milho;COMPLETO;50;9,6;426;446;20;
control system;9/1/2025, 06:29 PM;6,63E+04;22/08/2025;69;Tabaco;COMPLETO;60;7,67;463;481;18;
control system;9/1/2025, 06:29 PM;KLIWL;22/08/2025;71;Tabaco;AB;80;6,06;357;361;4;
control system;9/1/2025, 06:31 PM;6ECRP;23/08/2025;29;Cacau;D;100;5,14;1717;1720;3;
control system;9/1/2025, 06:33 PM;BRX7W;23/08/2025;29;Cacau;ABC;40;12,85;1720;1738;18;
control system;9/1/2025, 06:33 PM;524VW;23/08/2025;10;Tabaco;COMPLETO;80;7,87;1157;1175;18;
control system;9/1/2025, 06:35 PM;F9VMQ;23/08/2025;11;Tabaco;COMPLETO;90;6,13;0;19;19;
control system;9/1/2025, 06:36 PM;WIX5L;23/08/2025;13;Tabaco;B;55;7,78;946;955;9;
control system;9/1/2025, 06:38 PM;7DDP8;23/08/2025;14;Tabaco;COMPLETO;60;9,6;3085;3121;36;
control system;9/1/2025, 06:40 PM;1OBPJ;23/08/2025;42;Tabaco;COMPLETO;50;11,52;445,2;467,3;22,1;
control system;9/1/2025, 06:44 PM;GUIOI;23/08/2025;46;Tabaco;COMPLETO;65;10,25;2080;2104;24;
control system;9/1/2025, 06:44 PM;X4VI0;23/08/2025;53;Tabaco;COMPLETO;100;4,63;293;303;10;
control system;9/1/2025, 06:45 PM;3G6UK;23/08/2025;56;Tabaco;COMPLETO;90;6,87;54;70;16;
control system;9/1/2025, 06:45 PM;A5T8U;23/08/2025;60;Milheto;COMPLETO;100;6,78;78;93;15;
control system;9/1/2025, 06:47 PM;BD37J;23/08/2025;62;Tabaco;COMPLETO;70;7,97;576;596;20;
control system;9/1/2025, 06:47 PM;841BT;23/08/2025;66;Milheto;COMPLETO;100;5,6;0;12;12;
control system;9/1/2025, 06:48 PM;6AJ84;23/08/2025;67;Milheto;COMPLETO;100;5;0;10;10;
control system;9/1/2025, 06:49 PM;PSMWW;23/08/2025;71;Milho Semente;1/2-PIVO;100;4,85;361;364;3;
control system;9/1/2025, 07:29 PM;42SW4;24/08/2025;29;Cacau;D;100;5,14;1738;1740;2;
control system;9/1/2025, 07:30 PM;E56ID;24/08/2025;7;Tabaco;COMPLETO;100;5,52;125;138;13;
control system;9/1/2025, 07:30 PM;QD3KQ;24/08/2025;8;Tabaco;COMPLETO;100;6,58;1334;1349;15;
control system;9/1/2025, 07:31 PM;K5FK0;24/08/2025;9;Tabaco;COMPLETO;90;6,07;2526;2542;16;
control system;9/1/2025, 07:31 PM;Y3ADM;24/08/2025;12;Tabaco;COMPLETO;100;6,3;1239;1256;17;
control system;9/1/2025, 07:32 PM;BNR02;24/08/2025;13;Tabaco;B;40;10,7;955;968;13;
control system;9/1/2025, 07:35 PM;QOQU3;24/08/2025;25;Cacau;COMPLETO;45;12,89;579;605;26;
control system;9/1/2025, 07:35 PM;53KEU;24/08/2025;27;Cacau;COMPLETO;40;13,35;844,5;873;28,5;
control system;9/1/2025, 07:36 PM;8D820;24/08/2025;35;Milheto;COMPLETO;100;5,82;1053;1069;16;
control system;9/1/2025, 07:37 PM;ZVG42;24/08/2025;39;Milho;COMPLETO;60;9,3;1003;1023;20;
control system;9/1/2025, 07:40 PM;KBGU8;24/08/2025;46;Tabaco;COMPLETO;65;10,25;2104;2122;18;
control system;9/1/2025, 07:53 PM;GBCRH;24/08/2025;47;Milho;COMPLETO;70;10,6;419;441;22;
control system;9/1/2025, 07:54 PM;271L5;24/08/2025;52;Tabaco;COMPLETO;70;9,94;1860;1879;19;
control system;9/1/2025, 07:54 PM;5A2NA;24/08/2025;54;Tabaco;COMPLETO;80;7,25;415;431;16;
control system;9/1/2025, 07:55 PM;XVHZ5;24/08/2025;56;Tabaco;COMPLETO;90;6,87;70;87;17;
control system;9/1/2025, 07:55 PM;G6X5R;24/08/2025;58;Tabaco;COMPLETO;100;6,54;105,2;119,7;14,5;
control system;9/1/2025, 07:56 PM;1DNPR;24/08/2025;60;Milheto;COMPLETO;100;6,78;93;108;15;
control system;9/1/2025, 07:56 PM;6LYX6;24/08/2025;66;Milheto;COMPLETO;100;5,6;12;24;12;
control system;9/1/2025, 07:57 PM;EP494;24/08/2025;67;Milheto;COMPLETO;100;5;10;20;10;
control system;9/1/2025, 07:57 PM;N2XQT;24/08/2025;68;Milho;COMPLETO;40;12;446;473;27;
control system;9/1/2025, 07:58 PM;TEKVJ;24/08/2025;69;Tabaco;COMPLETO;50;9,2;481;501;20;
control system;9/1/2025, 07:58 PM;AC9CH;24/08/2025;71;Milho Semente;1/2-PIVO;100;4,85;364;367;3;
control system;9/1/2025, 07:59 PM;989RM;24/08/2025;71;Tabaco;AB;80;6,06;367;371,5;4,5;
control system;9/4/2025, 06:57 PM;3V2MU;25/08/2025;29;Cacau;D;100;5,14;1740;1743,1;3,1;
control system;9/4/2025, 06:58 PM;OVC5G;25/08/2025;29;Cacau;ABC;50;10,28;1743,1;1758;14,9;
control system;9/4/2025, 06:58 PM;QDXCW;25/08/2025;11;Tabaco;COMPLETO;90;6,13;19;38;19;
control system;9/4/2025, 06:59 PM;O9HCF;25/08/2025;12;Tabaco;COMPLETO;100;6,3;1256;1275;19;
control system;9/4/2025, 07:05 PM;68S0X;25/08/2025;13;Tabaco;A;40;10,7;968;980;12;
control system;9/4/2025, 07:06 PM;5LK7S;25/08/2025;14;Tabaco;COMPLETO;80;7,2;3121;3138;17;
control system;9/4/2025, 07:10 PM;7DK21;25/08/2025;28;Milho;COMPLETO;100;6,68;972,3;988;15,7;ferti
control system;9/4/2025, 07:10 PM;46HX2;25/08/2025;35;Milheto;COMPLETO;100;5,82;1069;1084;15;
control system;9/4/2025, 07:10 PM;EODHT;25/08/2025;41;Milho;COMPLETO;70;9,2;875;896;21;
control system;9/4/2025, 07:11 PM;8XLLB;25/08/2025;42;Tabaco;COMPLETO;60;9,6;467,3;506,8;39,5;
control system;9/4/2025, 07:14 PM;P2XD7;25/08/2025;46;Tabaco;CD;65;10,25;2122;2137,6;15,6;
control system;9/4/2025, 07:17 PM;08WFT;25/08/2025;53;Tabaco;COMPLETO;80;5,79;303;315;12;
control system;9/4/2025, 07:17 PM;IT40B;25/08/2025;56;Tabaco;COMPLETO;90;6,87;87;104;17;
control system;9/4/2025, 07:18 PM;B387L;25/08/2025;60;Milho;COMPLETO;100;6,78;108;123;15;
control system;9/4/2025, 07:19 PM;0OAZD;25/08/2025;62;Tabaco;COMPLETO;70;7,97;596;616;20;
control system;9/4/2025, 07:20 PM;ITDNX;25/08/2025;66;Milheto;COMPLETO;100;5,6;24;36;12;
control system;9/4/2025, 07:21 PM;D376I;25/08/2025;67;Milheto;COMPLETO;100;5;20;30;10;
control system;9/4/2025, 07:21 PM;80H9W;25/08/2025;69;Tabaco;COMPLETO;100;4,6;501;511;10;
control system;9/4/2025, 07:22 PM;A6KHZ;25/08/2025;71;Milho Semente;1/2-PIVO;100;4,85;371,5;375;3,5;ferti
control system;9/4/2025, 07:24 PM;JLYHX;26/08/2025;29;Cacau;D;100;5,14;1758;1760;2;
control system;9/4/2025, 07:25 PM;H9PA8;26/08/2025;10;Tabaco;COMPLETO;80;7,87;1175;1193;18;
control system;9/4/2025, 07:28 PM;2XTRL;26/08/2025;13;Tabaco;B;55;7,78;980;989;9;
control system;9/4/2025, 07:28 PM;X42SW;26/08/2025;25;Cacau;COMPLETO;100;5,8;605;616;11;
control system;9/4/2025, 07:29 PM;XVJC0;26/08/2025;27;Cacau;COMPLETO;100;5,34;873;884,1;11,1;
control system;9/4/2025, 07:29 PM;S010Q;26/08/2025;28;Milho;1/2-PIVO;100;6,68;988;995;7;02/jan
control system;9/4/2025, 07:31 PM;BGXNX;26/08/2025;35;Milheto;COMPLETO;100;5,82;0;19;19;
control system;9/4/2025, 07:31 PM;63AZ1;26/08/2025;38;Preparo;COMPLETO;60;13,42;190;214;24;
control system;9/4/2025, 07:31 PM;Y0IR3;26/08/2025;39;Milho;COMPLETO;60;9,3;1023;1045;22;
control system;9/4/2025, 07:36 PM;AO4PE;25/08/2025;52;Tabaco;COMPLETO;70;9,94;1879;1899;20;
control system;9/4/2025, 07:37 PM;HNLH1;26/08/2025;52;Tabaco;COMPLETO;70;9,94;1899;1920;21;
control system;9/4/2025, 07:38 PM;L6OJ5;26/08/2025;54;Tabaco;COMPLETO;95;6,11;431;445;14;
control system;9/4/2025, 07:39 PM;NCV3F;26/08/2025;56;Tabaco;COMPLETO;100;6,18;104;120;16;ferti
control system;9/4/2025, 07:39 PM;PH8Q7;26/08/2025;58;Tabaco;COMPLETO;100;6,54;119,7;135;15,3;
control system;9/4/2025, 07:39 PM;ESZQD;26/08/2025;66;Milheto;COMPLETO;100;5,6;36;48;12;
control system;9/4/2025, 07:40 PM;2DA7G;26/08/2025;67;Milheto;COMPLETO;100;5;30;40;10;
control system;9/4/2025, 07:40 PM;5ZBC2;26/08/2025;68;Milho;COMPLETO;50;9,6;473;493;20;
control system;9/4/2025, 07:40 PM;OQXMC;26/08/2025;69;Tabaco;COMPLETO;100;4,6;511;521;10;
control system;9/4/2025, 07:41 PM;XAYRV;26/08/2025;71;Tabaco;AB;80;6,06;375;380;5;
control system;9/4/2025, 07:42 PM;83IB3;27/08/2025;29;Cacau;ABC;50;10,28;1760;1775,2;15,2;
control system;9/4/2025, 07:43 PM;E7K3J;27/08/2025;29;Cacau;D;100;5,14;1775,2;1777;1,8;
control system;9/4/2025, 07:43 PM;AWJ3M;27/08/2025;11;Tabaco;COMPLETO;90;6,13;38;54;16;
control system;9/4/2025, 07:43 PM;AZQ6G;27/08/2025;12;Tabaco;COMPLETO;90;7;1275;1290;15;
control system;9/4/2025, 07:44 PM;BPJ9L;27/08/2025;13;Tabaco;A;55;7,78;989;998;9;
control system;9/4/2025, 07:44 PM;K70Q0;27/08/2025;14;Tabaco;COMPLETO;70;8,23;3138;3156;18;
control system;9/4/2025, 07:45 PM;W9W6H;27/08/2025;28;Milho;COMPLETO;80;8,35;995;1014;19;
control system;9/4/2025, 07:45 PM;OFDY5;27/08/2025;35;Milheto;COMPLETO;100;5,82;19;31;12;
control system;9/4/2025, 07:46 PM;HUS4K;27/08/2025;40;Milheto;COMPLETO;60;11,6;338;359;21;
control system;9/4/2025, 07:48 PM;9W1L7;27/08/2025;41;Milho;COMPLETO;100;6,44;896;910;14;ferti
control system;9/4/2025, 07:51 PM;EF32X;27/08/2025;47;Tabaco;COMPLETO;100;7,42;441;456;15;
control system;9/4/2025, 07:51 PM;OWX6I;27/08/2025;53;Tabaco;COMPLETO;60;7,72;315;332;17;
control system;9/4/2025, 07:52 PM;YD55A;27/08/2025;54;Tabaco;COMPLETO;80;7,25;445;461;16;
control system;9/4/2025, 07:53 PM;CYZPO;27/08/2025;56;Tabaco;COMPLETO;100;6,18;120;135;15;
control system;9/4/2025, 07:53 PM;2RR99;27/08/2025;56;Tabaco;COMPLETO;100;6,18;120;135;15;
control system;9/4/2025, 07:54 PM;JDYEA;27/08/2025;58;Tabaco;COMPLETO;100;6,54;135;149,5;14,5;
control system;9/4/2025, 07:54 PM;UNR08;27/08/2025;60;Milheto;COMPLETO;100;6,78;123;138;15;
control system;9/4/2025, 08:01 PM;SZO6Y;27/08/2025;62;Tabaco;COMPLETO;100;5,58;616;630;14;ferti
control system;9/4/2025, 08:02 PM;2VZOZ;27/08/2025;67;Milheto;COMPLETO;100;5;40;50;10;
control system;9/4/2025, 08:03 PM;KZLJX;27/08/2025;71;Milho Semente;1/2-PIVO;40;12,12;380;383;3;
control system;9/5/2025, 02:50 AM;F2AT3;28/08/2025;104;Milho Semente;COMPLETO;40;12,38;1588,2;1616,7;28,5;
control system;9/5/2025, 02:51 AM;QSAAL;28/08/2025;115;Milho Semente;COMPLETO;70;9,2;972,6;993;20,4;
control system;9/5/2025, 02:54 AM;J4CIP;28/08/2025;119;Brachiaria;COMPLETO;70;9,4;1338,7;1359;20,3;
control system;9/5/2025, 02:55 AM;A1K0B;28/08/2025;124;Preparo;1/2-PIVO;60;9,8;984,1;996,4;12,3;
control system;9/5/2025, 02:55 AM;1CI91;28/08/2025;130;Milho Semente;COMPLETO;100;5,76;879,1;893,7;14,6;
control system;9/5/2025, 02:56 AM;PLL37;29/08/2025;104;Milho Semente;COMPLETO;40;12,38;1616,7;1645,2;28,5;
control system;9/5/2025, 02:58 AM;9CEL8;29/08/2025;108;Milho Semente;COMPLETO;70;7,63;464,8;481,3;16,5;
control system;9/5/2025, 02:59 AM;MEZJM;29/08/2025;117;Mix;COMPLETO;70;8,1;513,6;533,9;20,3;
control system;9/5/2025, 02:59 AM;YOD4H;29/08/2025;130;Milho Semente;COMPLETO;100;5,76;893,7;907,8;14,1;
control system;9/5/2025, 03:01 AM;W6CKZ;30/08/2025;104;Milho Semente;COMPLETO;60;8,25;1645,2;1664,2;19;
control system;9/5/2025, 03:01 AM;QU8OV;30/08/2025;108;Milho Semente;COMPLETO;60;8,9;481,3;500,6;19,3;
control system;9/5/2025, 03:02 AM;ZXGUW;30/08/2025;115;Milho Semente;COMPLETO;60;10,73;993;1016,7;23,7;
control system;9/5/2025, 03:03 AM;NYB17;30/08/2025;120;Brachiaria;COMPLETO;100;6,51;2269,6;2283,8;14,2;
control system;9/5/2025, 03:03 AM;4F00U;30/08/2025;130;Milho Semente;COMPLETO;70;8,23;907,8;931;23,2;
control system;9/5/2025, 03:08 AM;RVEYR;31/08/2025;108;Milho Semente;COMPLETO;60;8,9;500,6;519,7;19,1;
control system;9/5/2025, 03:09 AM;AHMJP;31/08/2025;118;Brachiaria;COMPLETO;70;9,2;2382,4;2402,4;20;
control system;9/5/2025, 03:11 AM;5VLYP;31/08/2025;120;Brachiaria;COMPLETO;100;6,51;2283,8;2298,4;14,6;
control system;9/5/2025, 03:11 AM;GLD11;31/08/2025;130;Milho Semente;COMPLETO;70;8,23;931;951,2;20,2;
control system;9/5/2025, 03:13 AM;Z79M3;01/09/2025;104;Milho Semente;COMPLETO;70;7,07;1664,2;1680,5;16,3;
control system;9/5/2025, 03:13 AM;A93WA;01/09/2025;115;Milho Semente;B;60;10,73;1016,7;1028,5;11,8;
control system;9/5/2025, 03:14 AM;JL8BX;01/09/2025;119;Brachiaria;COMPLETO;70;9,4;1359;1379,3;20,3;
control system;9/5/2025, 03:15 AM;88AO2;01/09/2025;120;Brachiaria;COMPLETO;100;6,51;2298,4;2311,7;13,3;
control system;9/5/2025, 03:20 AM;VX46Q;02/09/2025;104;Milho Semente;A;70;7,07;1680,5;1693,9;13,4;
control system;9/5/2025, 03:22 AM;NHM00;02/09/2025;108;Milho Semente;COMPLETO;100;5,34;519,7;542,9;23,2;
control system;9/5/2025, 03:23 AM;0LCR8;02/09/2025;115;Milho Semente;COMPLETO;100;6,44;1028,5;1040,4;11,9;
control system;9/5/2025, 03:24 AM;8YNTU;02/09/2025;130;Milho Semente;COMPLETO;100;5,76;951,2;965,6;14,4;
control system;9/5/2025, 03:26 AM;LWQY1;03/09/2025;104;Milho Semente;COMPLETO;100;4,95;1693,9;1707,3;13,4;
control system;9/5/2025, 03:27 AM;MZUPO;03/09/2025;108;Milho Semente;COMPLETO;100;5,34;542,9;554,6;11,7;
control system;9/5/2025, 03:28 AM;LKYQ0;03/09/2025;115;Milho Semente;COMPLETO;70;9,2;1040,4;1061,5;21,1;
control system;9/5/2025, 03:28 AM;J9H0P;03/09/2025;117;Mix;COMPLETO;70;8,1;533,9;554,3;20,4;
control system;9/5/2025, 03:30 AM;1YTI3;03/09/2025;130;Milho Semente;A;100;5,76;965,6;972,8;7,2;
control system;9/5/2025, 12:07 PM;DM7XI;28/08/2025;8;Tabaco;COMPLETO;90;7,31;1349;1365;16;
control system;9/5/2025, 12:08 PM;D374C;28/08/2025;13;Tabaco;COMPLETO;100;4,28;998;1008;10;
control system;9/5/2025, 12:11 PM;XDRYX;28/08/2025;25;Cacau;COMPLETO;70;8,29;616;636,8;20,8;
control system;9/5/2025, 12:11 PM;HG3SJ;28/08/2025;27;Cacau;COMPLETO;100;5,34;884,1;896;11,9;
control system;9/5/2025, 12:12 PM;Z8XOB;28/08/2025;28;Milho;COMPLETO;80;8,35;1014;1030,9;16,9;
control system;9/5/2025, 12:13 PM;VOTO5;28/08/2025;7;Tabaco;COMPLETO;65;8,49;138;175;21;
control system;9/5/2025, 12:14 PM;UMUE6;28/08/2025;35;Milheto;COMPLETO;100;5,82;31;47;16;
control system;9/5/2025, 12:14 PM;8XEK4;28/08/2025;37;Milheto;COMPLETO;100;9,04;678;688;10;
control system;9/5/2025, 12:14 PM;5I5EV;28/08/2025;39;Milho;COMPLETO;100;5,58;1045;1058;13;ferti
control system;9/5/2025, 12:15 PM;JIS81;28/08/2025;41;Milho;COMPLETO;100;6,44;910;925;15;
control system;9/5/2025, 12:15 PM;T5TZV;28/08/2025;42;Tabaco;COMPLETO;100;5,76;506,8;527;20,2;
control system;9/5/2025, 12:17 PM;Y4DUZ;28/08/2025;46;Tabaco;AB;55;12,11;2137,6;2151;13,4;
control system;9/5/2025, 12:17 PM;7SLL0;28/08/2025;47;Milho;COMPLETO;100;7,42;456;471;15;
control system;9/5/2025, 12:19 PM;PXDQU;28/08/2025;52;Tabaco;COMPLETO;50;13,92;1920;1951;31;ferti + irrigação
control system;9/5/2025, 12:19 PM;XEH5K;28/08/2025;56;Tabaco;COMPLETO;100;6,18;135;148;13;
control system;9/5/2025, 12:20 PM;818IP;28/08/2025;62;Tabaco;COMPLETO;100;5,58;630;645;15;
control system;9/5/2025, 12:20 PM;CZQNT;28/08/2025;66;Milheto;COMPLETO;100;5,6;48;63;15;
control system;9/5/2025, 12:21 PM;CX1JJ;28/08/2025;67;Milheto;COMPLETO;100;5;50;60;10;
control system;9/5/2025, 12:21 PM;SAT39;28/08/2025;68;Milho;COMPLETO;50;9,6;493;513;20;
control system;9/5/2025, 12:21 PM;7YKA0;28/08/2025;69;Tabaco;COMPLETO;100;4,6;521;531;10;
control system;9/5/2025, 12:35 PM;DGY35;29/08/2025;29;Cacau;COMPLETO;100;5,14;1777;1788;11;ferti
control system;9/5/2025, 05:30 PM;FSUO8;29/08/2025;10;Tabaco;COMPLETO;80;7,87;1193;1211;18;
control system;9/5/2025, 05:30 PM;UFNDQ;29/08/2025;13;Tabaco;COMPLETO;100;4,28;1008;1018;10;
control system;9/5/2025, 05:31 PM;KJ29I;29/08/2025;27;Cacau;COMPLETO;100;5,34;896;907;11;
control system;9/5/2025, 05:32 PM;R0AZ6;29/08/2025;35;Milheto;COMPLETO;100;5,82;47;62;15;
control system;9/5/2025, 05:32 PM;TTT7S;29/08/2025;37;Milheto;COMPLETO;100;9,04;688;700;12;
control system;9/5/2025, 05:33 PM;9T4NE;29/08/2025;39;Milho;COMPLETO;100;5,58;1058;1072;14;
control system;9/5/2025, 05:33 PM;N4I1O;29/08/2025;41;Milho;COMPLETO;80;8,05;925;943;18;
control system;9/5/2025, 05:34 PM;YQ7C7;29/08/2025;42;Tabaco;AB;100;5,76;527;533,5;6,5;
control system;9/5/2025, 05:37 PM;W3HED;29/08/2025;54;Tabaco;COMPLETO;60;9,67;474;496;22;
control system;9/5/2025, 05:38 PM;U8J0Y;29/08/2025;56;Tabaco;AB;100;6,18;148;155;7;
control system;9/5/2025, 05:38 PM;91PL8;29/08/2025;58;Tabaco;COMPLETO;100;6,54;149,5;164;14,5;
control system;9/5/2025, 05:39 PM;2NDVJ;29/08/2025;62;Tabaco;COMPLETO;100;5,58;645;660;15;
control system;9/5/2025, 05:39 PM;H38KA;29/08/2025;66;Milheto;COMPLETO;100;5,6;63;75;12;
control system;9/5/2025, 05:40 PM;8VYVP;29/08/2025;67;Milheto;COMPLETO;100;5;60;70;10;
control system;9/5/2025, 05:40 PM;1C7JX;29/08/2025;69;Tabaco;A;45;10,22;531;543;12;
control system;9/5/2025, 05:41 PM;ZZL2M;29/08/2025;71;Milho Semente;1/2-PIVO;40;12,12;383;387;4;
control system;9/5/2025, 05:41 PM;1RXMV;29/08/2025;71;Tabaco;AB;80;6,06;387;392;5;
control system;9/5/2025, 05:43 PM;D9ZC9;30/08/2025;29;Cacau;D;100;5,14;1788;1790,5;2,5;
control system;9/5/2025, 05:43 PM;LT8CB;30/08/2025;29;Cacau;ABC;50;10,28;1790,5;1805;14,5;
control system;9/5/2025, 05:59 PM;0NE5P;30/08/2025;13;Tabaco;COMPLETO;60;7,13;1018;1035;17;
control system;9/5/2025, 06:00 PM;MZF2L;30/08/2025;14;Tabaco;COMPLETO;100;5,76;3156;3173;17;
control system;9/5/2025, 06:07 PM;4TCZ9;30/08/2025;25;Cacau;COMPLETO;50;11,6;636,8;666;29,2;
control system;9/5/2025, 06:07 PM;87LEN;30/08/2025;28;Milho;COMPLETO;70;9,54;1030,9;1051,8;20,9;
control system;9/5/2025, 06:08 PM;72PTW;30/08/2025;32;Preparo;COMPLETO;70;8,14;1038;1056,6;18,6;
control system;9/5/2025, 06:08 PM;OH1IB;30/08/2025;35;Milho;COMPLETO;100;5,82;62;78;16;
control system;9/5/2025, 06:09 PM;3AEDU;30/08/2025;37;Milheto;COMPLETO;100;9,04;700;710;10;
control system;9/5/2025, 06:11 PM;MNTBQ;30/08/2025;38;Milheto;COMPLETO;100;8,05;214;231;17;
control system;9/5/2025, 06:12 PM;C7SJJ;30/08/2025;39;Milho;COMPLETO;70;7,97;1072;1090;18;
control system;9/5/2025, 06:15 PM;RHJHG;30/08/2025;40;Milheto;1/2-PIVO;90;7,73;359;372;13;
control system;9/5/2025, 06:17 PM;WHQUA;30/08/2025;42;Tabaco;AB;40;14,4;533,5;548,7;15,2;
control system;9/5/2025, 06:18 PM;OHN81;30/08/2025;46;Tabaco;CD;55;12,11;2151;2173;22;
control system;9/5/2025, 06:18 PM;J7Q8M;30/08/2025;47;Milho;COMPLETO;80;9,27;471;490;19;
control system;9/5/2025, 06:19 PM;NQKE3;30/08/2025;53;Tabaco;COMPLETO;60;7,72;332;348;16;
control system;9/5/2025, 06:19 PM;WAKQQ;30/08/2025;56;Tabaco;COMPLETO;100;6,18;155;171;16;
control system;9/5/2025, 06:20 PM;MQR1M;30/08/2025;58;Tabaco;COMPLETO;100;6,54;164;178,5;14,5;
control system;9/5/2025, 06:20 PM;51QOL;30/08/2025;62;Tabaco;COMPLETO;60;9,3;660;684;24;
control system;9/5/2025, 06:21 PM;HZ6NZ;30/08/2025;66;Milheto;COMPLETO;100;5,6;75;91;16;
control system;9/5/2025, 06:21 PM;ILP12;30/08/2025;67;Milheto;COMPLETO;100;5;70;80;10;
control system;9/5/2025, 06:22 PM;CMC2O;30/08/2025;68;Milho;COMPLETO;40;12;513;540;27;
control system;9/5/2025, 06:22 PM;L2432;30/08/2025;69;Tabaco;B;45;10,22;543;555;12;
control system;9/5/2025, 06:26 PM;37AHN;31/08/2025;29;Cacau;D;100;5,14;1805;1807;2;
control system;9/5/2025, 06:27 PM;6DGLU;31/08/2025;29;Cacau;ABC;50;10,28;1807;1822,3;15,3;
control system;9/5/2025, 06:27 PM;F0MFX;31/08/2025;8;Tabaco;COMPLETO;90;7,31;1365;1381,3;16,3;
control system;9/5/2025, 06:28 PM;DBWRL;31/08/2025;11;Tabaco;COMPLETO;90;6,13;54;68;14;
control system;9/5/2025, 06:28 PM;0DJM6;31/08/2025;14;Tabaco;COMPLETO;100;5,76;3173;3190;17;
control system;9/5/2025, 06:28 PM;8XV1K;31/08/2025;27;Cacau;COMPLETO;50;10,68;907;930;23;
control system;9/5/2025, 06:29 PM;PMZ2F;31/08/2025;32;Preparo;COMPLETO;70;8,14;1056,6;1075,8;19,2;
control system;9/5/2025, 06:29 PM;ZGMDH;31/08/2025;35;Milheto;COMPLETO;100;5,82;78;93;15;
control system;9/5/2025, 06:29 PM;HVQTJ;31/08/2025;37;Milheto;COMPLETO;100;9,04;710;723;13;
control system;9/5/2025, 06:30 PM;YIQF4;31/08/2025;39;Milho;1/2-PIVO;70;7,97;1090;1100;10;
control system;9/5/2025, 06:32 PM;MVRE5;31/08/2025;41;Milho;COMPLETO;60;10,73;943;980;37;
control system;9/5/2025, 06:33 PM;3YUTJ;31/08/2025;42;Tabaco;CD;40;14,4;548,7;563,9;15,2;
control system;9/5/2025, 06:34 PM;CGV88;31/08/2025;46;Tabaco;AB;55;12,11;2173;2186;13;
control system;9/5/2025, 06:34 PM;F90PK;31/08/2025;47;Milho;COMPLETO;80;9,27;490;511;21;
control system;9/5/2025, 06:35 PM;DJ0OZ;31/08/2025;52;Tabaco;COMPLETO;100;6,96;1951;1967;16;
control system;9/5/2025, 06:35 PM;4GFEU;31/08/2025;53;Tabaco;COMPLETO;100;4,63;348;358;10;
control system;9/5/2025, 06:38 PM;OT9XP;31/08/2025;54;Tabaco;COMPLETO;50;11,6;496;523;27;
control system;9/5/2025, 06:39 PM;VAR38;31/08/2025;56;Tabaco;COMPLETO;100;6,18;171;186;15;
control system;9/5/2025, 06:40 PM;0CGDO;31/08/2025;66;Milheto;COMPLETO;100;5,6;91;103;12;
control system;9/5/2025, 06:41 PM;CKVP2;31/08/2025;67;Milheto;COMPLETO;100;5;80;90;10;
control system;9/5/2025, 06:41 PM;HMY4P;31/08/2025;68;Milho;COMPLETO;80;6;540;553;13;
control system;9/5/2025, 06:42 PM;ZLAEY;31/08/2025;69;Tabaco;A;45;10,22;555;567;12;
control system;9/5/2025, 06:42 PM;9AQLU;31/08/2025;71;Milho Semente;1/2-PIVO;30;16,17;392;396;4;
control system;9/5/2025, 06:43 PM;2218N;31/08/2025;71;Tabaco;AB;100;4,85;396;401;5;
control system;9/6/2025, 02:46 AM;QHKLU;04/09/2025;104;Milho Semente;COMPLETO;60;8,25;1707,3;1726,5;19,2;
control system;9/6/2025, 02:47 AM;B4GBK;04/09/2025;115;Milho Semente;COMPLETO;100;6,44;1061,5;1075,8;14,3;
control system;9/6/2025, 02:48 AM;VMR9R;04/09/2025;120;Brachiaria;COMPLETO;100;6,51;2311,7;2326;14,3;
control system;9/6/2025, 02:48 AM;VLAM3;04/09/2025;130;Milho Semente;B;100;5,76;972,8;980,6;7,8;
control system;9/10/2025, 12:08 PM;3CM2G;05/09/2025;104;Milho Semente;COMPLETO;60;8,25;1726,5;1745,7;19,2;
control system;9/10/2025, 12:10 PM;ZDRDC;05/09/2025;108;Milho Semente;COMPLETO;50;10,68;554,6;577,6;23;
control system;9/10/2025, 12:10 PM;DECNX;05/09/2025;115;Milho Semente;COMPLETO;70;9,2;1075,8;1096,2;20,4;
control system;9/10/2025, 12:11 PM;X2Q9S;05/09/2025;120;Brachiaria;COMPLETO;100;6,51;2326;2340;14;
control system;9/10/2025, 12:11 PM;Y1T3K;05/09/2025;130;Milho Semente;COMPLETO;70;8,23;980,6;1000,4;19,8;
control system;9/10/2025, 04:23 PM;CRZ44;06/09/2025;101;Preparo;COMPLETO;100;5,58;1812,1;1824,5;12,4;
control system;9/10/2025, 04:37 PM;DNKUW;06/09/2025;103;Preparo;COMPLETO;100;5,16;601,8;613,4;11,6;
control system;9/10/2025, 04:38 PM;GZ7XY;06/09/2025;108;Milho Semente;COMPLETO;60;8,9;577,6;596,4;18,8;
control system;9/10/2025, 04:40 PM;NKTGP;06/09/2025;120;Brachiaria;COMPLETO;100;6,51;2340;2354,4;14,4;
control system;9/10/2025, 04:41 PM;9X5R1;06/09/2025;130;Milho Semente;COMPLETO;70;8,23;1000,4;1020,6;20,2;
control system;9/10/2025, 04:42 PM;DIDQW;07/09/2025;104;Milho Semente;COMPLETO;60;8,25;1745,7;1764,7;19;
control system;9/10/2025, 04:44 PM;KVBRR;07/09/2025;108;Milho Semente;COMPLETO;100;5,34;596,4;608,1;11,7;
control system;9/10/2025, 04:56 PM;10J14;07/09/2025;112;Preparo;COMPLETO;90;7,08;888,4;904,4;16;
control system;9/10/2025, 05:07 PM;EABRX;07/09/2025;115;Milho Semente;COMPLETO;70;9,2;1096,2;1116,5;20,3;
control system;9/10/2025, 05:08 PM;ZIS1N;07/09/2025;120;Milho Semente;COMPLETO;100;6,51;2354,4;2368,5;14,1;
control system;9/10/2025, 05:10 PM;BVAG6;08/09/2025;104;Milho Semente;COMPLETO;60;8,25;1764,7;1783,7;19;
control system;9/10/2025, 05:11 PM;L22N5;08/09/2025;108;Milho Semente;COMPLETO;100;5,34;608,1;619,9;11,8;
control system;9/10/2025, 05:13 PM;5BAGH;08/09/2025;114;Preparo;COMPLETO;90;6,6;1954,2;1968,3;14,1;
control system;9/10/2025, 05:14 PM;2QACZ;08/09/2025;115;Milho Semente;COMPLETO;70;9,2;1116,5;1136,8;20,3;
control system;9/10/2025, 05:15 PM;NW1O9;08/09/2025;120;Brachiaria;COMPLETO;100;6,51;2368,5;2382,5;14;
control system;9/10/2025, 05:16 PM;EUT1X;08/09/2025;130;Milho Semente;COMPLETO;70;8,23;1020,6;1040,8;20,2;
control system;9/10/2025, 06:53 PM;Z9FA4;01/09/2025;29;Cacau;D;100;5,14;1822,3;1825;2,7;
control system;9/10/2025, 06:53 PM;7CC81;01/09/2025;29;Cacau;ABC;55;9,35;1825;1838;13;
control system;9/10/2025, 06:56 PM;989AG;01/09/2025;13;Tabaco;COMPLETO;100;4,28;1035;1045;10;
control system;9/10/2025, 06:56 PM;0UI0K;01/09/2025;25;Cacau;COMPLETO;65;8,92;666;687;21;
control system;9/10/2025, 06:57 PM;8CX0T;01/09/2025;28;Milho;COMPLETO;90;7,42;1051,8;1064,1;12,3;
control system;9/10/2025, 06:58 PM;HFLA0;01/09/2025;35;Milheto;COMPLETO;100;5,82;93;109;16;
control system;9/10/2025, 06:58 PM;BFXQ2;01/09/2025;39;Milho;COMPLETO;100;5,58;1100;1113;13;
control system;9/10/2025, 06:59 PM;92QL1;01/09/2025;42;Tabaco;AB;50;11,52;563,9;587,6;23,7;
control system;9/10/2025, 06:59 PM;TDDVP;01/09/2025;46;Tabaco;CD;50;13,32;2186;2202;16;
control system;9/10/2025, 07:00 PM;J0DZ0;01/09/2025;52;Tabaco;COMPLETO;85;8,19;1967;1984;17;
control system;9/10/2025, 07:00 PM;86W2A;01/09/2025;56;Tabaco;COMPLETO;100;6,18;186;203;17;
control system;9/10/2025, 07:03 PM;P6F4Z;01/09/2025;62;Tabaco;COMPLETO;50;11,16;684;707,7;23,7;2x giros
control system;9/10/2025, 07:06 PM;W44W9;01/09/2025;66;Milheto;COMPLETO;100;5,6;103;115;12;
control system;9/10/2025, 07:06 PM;162RG;01/09/2025;68;Milho;COMPLETO;100;4,8;553;563;10;
control system;9/10/2025, 07:08 PM;2I5TB;01/09/2025;69;Tabaco;B;45;10,22;567;579;12;
control system;9/10/2025, 07:10 PM;1O66X;02/09/2025;29;Cacau;COMPLETO;100;5,14;1838;1840;2;
control system;9/10/2025, 07:17 PM;SVE6S;02/09/2025;6;Tabaco;A;60;9,7;1372;1396;24;
control system;9/10/2025, 07:23 PM;ZYWVF;30/08/2025;9;Tabaco;COMPLETO;90;5,46;2542;2558;16;
control system;9/10/2025, 07:24 PM;EYMFC;02/09/2025;9;Tabaco;COMPLETO;90;6,07;2558;2571;13;
control system;9/10/2025, 07:24 PM;PK8MA;02/09/2025;10;Tabaco;COMPLETO;100;6,3;1211;1222;11;
control system;9/10/2025, 07:28 PM;6CYIU;30/08/2025;12;Tabaco;COMPLETO;100;6,3;1290;1305;15;
control system;9/10/2025, 07:29 PM;L2ODX;30/08/2025;12;Tabaco;COMPLETO;75;8,4;1305;1327;22;
control system;9/10/2025, 07:30 PM;2O9D0;30/08/2025;14;Tabaco;COMPLETO;100;5,76;3190;3209;19;
control system;9/10/2025, 07:31 PM;XOLI7;30/08/2025;20;Preparo;A;70;9,77;922;926;4;teste alcione
control system;9/10/2025, 07:33 PM;65GBH;02/08/2025;25;Cacau;COMPLETO;100;5,8;687;699;12;
control system;9/10/2025, 07:33 PM;000Q2;02/08/2025;27;Cacau;COMPLETO;60;8,9;930;948;18;
control system;9/10/2025, 07:34 PM;81AK9;02/08/2025;28;Milho;COMPLETO;70;9,54;1064,1;1080;15,9;
control system;9/10/2025, 07:34 PM;FRLQW;02/08/2025;32;Preparo;COMPLETO;50;11,4;1075,8;1106;30,2;
control system;9/10/2025, 07:35 PM;1OQ9L;02/08/2025;37;Milheto;COMPLETO;100;9,04;723;733;10;
control system;9/10/2025, 07:35 PM;SUDZM;02/08/2025;38;Milheto;COMPLETO;100;8,05;231;249;18;
control system;9/10/2025, 07:35 PM;800SE;02/08/2025;41;Milho;COMPLETO;100;6,44;980;998;18;
control system;9/10/2025, 07:37 PM;BUQP7;02/08/2025;42;Tabaco;CD;50;11,52;587,6;600;12,4;
control system;9/10/2025, 07:37 PM;37SUH;02/08/2025;46;Tabaco;COMPLETO;100;6,66;2202;2218;16;
control system;9/10/2025, 07:41 PM;9FTAS;02/08/2025;47;Milho;COMPLETO;70;10,6;511;534;23;
control system;9/10/2025, 07:42 PM;B8M32;02/08/2025;53;Tabaco;COMPLETO;60;7,72;358;375;17;
control system;9/10/2025, 07:43 PM;I526D;02/08/2025;54;Tabaco;COMPLETO;60;9,67;523;545;22;
control system;9/10/2025, 07:44 PM;QDW8D;02/08/2025;56;Tabaco;COMPLETO;100;6,18;203;218;15;
control system;9/10/2025, 07:44 PM;Y6E8Z;02/08/2025;58;Tabaco;COMPLETO;100;6,54;178,5;192,9;14,4;
control system;9/10/2025, 07:44 PM;LW0P6;02/08/2025;62;Tabaco;COMPLETO;100;5,58;707,7;723,2;15,5;
control system;9/10/2025, 07:45 PM;GX4XL;02/08/2025;69;Tabaco;A;45;10,22;579;591;12;
control system;9/10/2025, 07:45 PM;QMXU5;02/08/2025;71;Milho Semente;1/2-PIVO;40;12,12;401;405;4;
control system;9/10/2025, 07:48 PM;DDHGG;03/08/2025;29;Cacau;D;100;5,14;1840;1843;3;
control system;9/10/2025, 07:49 PM;RNFEB;03/08/2025;29;Cacau;ABC;55;9,35;1843;1856;13;
control system;9/10/2025, 07:49 PM;ULD4L;03/08/2025;8;Tabaco;COMPLETO;90;7,31;1381,3;1398;16,7;
control system;9/10/2025, 07:50 PM;3W4WT;03/08/2025;11;Tabaco;COMPLETO;90;6,13;68;87;19;
control system;9/10/2025, 07:53 PM;JVU4F;03/08/2025;13;Tabaco;COMPLETO;60;7,13;1045;1061;16;
control system;9/10/2025, 07:54 PM;EHRYD;03/08/2025;21;Preparo;A;70;7,81;1157;1159;2;teste alcione
control system;9/10/2025, 07:55 PM;9W9H4;03/08/2025;25;Cacau;COMPLETO;60;9,67;699;717;18;
control system;9/10/2025, 07:55 PM;KX1WJ;03/08/2025;27;Cacau;COMPLETO;100;5,34;948;960;12;
control system;9/10/2025, 07:57 PM;QIU1F;03/08/2025;35;Milheto;COMPLETO;100;5,82;109;124;15;
control system;9/10/2025, 07:57 PM;8RQ5D;03/08/2025;37;Milheto;COMPLETO;100;9,04;733;744;11;
control system;9/10/2025, 08:00 PM;D8M0I;03/08/2025;38;Milheto;COMPLETO;100;8,05;249;267;18;
control system;9/10/2025, 08:04 PM;4NTGH;03/08/2025;39;Milho;COMPLETO;70;7,97;1113;1131;18;
control system;9/10/2025, 08:06 PM;P6QEE;03/08/2025;41;Milho;COMPLETO;60;10,73;1010;1036;26;
control system;9/10/2025, 08:07 PM;V0NHU;03/08/2025;46;Tabaco;COMPLETO;100;6,66;2218;2233;15;
control system;9/10/2025, 08:07 PM;4MEI1;03/08/2025;52;Tabaco;COMPLETO;85;8,19;1984;2001;17;
control system;9/10/2025, 08:08 PM;CQYBE;03/08/2025;62;Tabaco;AB;55;10,15;723,2;736;12,8;
control system;9/10/2025, 08:09 PM;AGANU;03/08/2025;66;Milheto;COMPLETO;100;5,6;115;127;12;
control system;9/10/2025, 08:09 PM;ZFMAB;03/08/2025;68;Milho;COMPLETO;80;6;563;576;13;
control system;9/10/2025, 08:10 PM;YIGTC;03/08/2025;69;Tabaco;B;45;10,22;591;603;12;
control system;9/10/2025, 08:11 PM;8TY80;03/08/2025;71;Tabaco;AB;80;6,06;405;414;9;
control system;9/11/2025, 02:06 PM;29INO;04/09/2025;29;Cacau;COMPLETO;70;7,34;1856;1870;14;
control system;9/11/2025, 02:14 PM;CUOM2;04/09/2025;5;Preparo;COMPLETO;70;7,89;1353;1373;20;
control system;9/11/2025, 02:14 PM;9WNVG;04/09/2025;27;Cacau;COMPLETO;60;8,9;960;979;19;
control system;9/11/2025, 02:15 PM;GPC3U;04/09/2025;28;Milho;COMPLETO;90;7,42;1080;1094;14;
control system;9/11/2025, 02:15 PM;HN4B7;04/09/2025;35;Milheto;COMPLETO;100;5,82;124;140;16;
control system;9/11/2025, 02:15 PM;VJ8WH;04/09/2025;37;Milheto;COMPLETO;100;9,04;744;754;10;
control system;9/11/2025, 02:16 PM;4DMXH;04/09/2025;38;Milheto;COMPLETO;100;8,05;267;285;18;
control system;9/11/2025, 02:16 PM;0TLO2;04/09/2025;40;Milheto;COMPLETO;100;6,96;372;387;15;
control system;9/11/2025, 02:19 PM;R88IF;04/09/2025;42;Tabaco;COMPLETO;100;5,76;600;612,6;12,6;
control system;9/11/2025, 02:20 PM;7CKJH;04/09/2025;46;Tabaco;AB;55;12,11;2233;2247;14;
control system;9/11/2025, 02:21 PM;99C60;04/09/2025;47;Milho;COMPLETO;100;7,42;534;551;17;
control system;9/11/2025, 02:22 PM;HA273;04/09/2025;53;Tabaco;COMPLETO;100;4,63;375;385;10;
control system;9/11/2025, 02:24 PM;55CIJ;04/09/2025;54;Tabaco;COMPLETO;100;5,8;545;558;13;
control system;9/11/2025, 02:26 PM;C777Z;04/09/2025;56;Tabaco;COMPLETO;100;6,18;218;234;16;
control system;9/11/2025, 02:26 PM;HOFF0;04/09/2025;62;Tabaco;CD;50;11,16;736;750;14;
control system;9/11/2025, 02:27 PM;7PD9N;04/09/2025;66;Milheto;COMPLETO;100;5,6;127;139;12;
control system;9/11/2025, 02:27 PM;8PFTB;04/09/2025;67;Milheto;COMPLETO;100;5;90;100;10;
control system;9/11/2025, 02:28 PM;BIAIT;04/09/2025;69;Tabaco;A;45;10,22;603;615;12;
control system;9/11/2025, 02:28 PM;32O2B;04/09/2025;71;Milho Semente;1/2-PIVO;40;12,12;414;418;4;
control system;9/11/2025, 04:31 PM;6,67E+04;05/09/2025;29;Cacau;D;100;5,14;1870;1873;3;
control system;9/11/2025, 04:31 PM;EJS3W;05/09/2025;29;Cacau;ABC;55;9,35;1873;1886,5;13,5;
control system;9/11/2025, 04:32 PM;4AHN9;05/09/2025;8;Tabaco;COMPLETO;90;7,31;1398;1416;18;
control system;9/11/2025, 04:33 PM;7ODP0;05/09/2025;12;Tabaco;COMPLETO;100;6,3;1327;1343;16;
control system;9/11/2025, 04:53 PM;07C4G;04/09/2025;25;Cacau;COMPLETO;65;8,92;717;735;18;
control system;9/11/2025, 04:54 PM;2LM6S;05/09/2025;25;Cacau;ABC;65;8,92;735;749;14;
control system;9/11/2025, 04:55 PM;V9UY5;05/09/2025;27;Cacau;COMPLETO;100;5,34;979;990;11;
control system;9/11/2025, 04:55 PM;WBT10;05/09/2025;28;Milho;COMPLETO;70;9,54;1094;1113,2;19,2;
control system;9/11/2025, 04:57 PM;FZ4IB;05/09/2025;38;Milheto;COMPLETO;90;8,94;285;301;16;
control system;9/11/2025, 05:01 PM;NL0PN;04/09/2025;39;Milho;COMPLETO;100;5,58;1131;1145;14;
control system;9/11/2025, 05:01 PM;XMOBP;09/09/2025;104;Milho Semente;COMPLETO;100;4,95;1787,7;1795,5;7,8;
control system;9/11/2025, 05:07 PM;NARHM;09/09/2025;108;Milho Semente;COMPLETO;100;5,34;619,9;648,3;28,4;
control system;9/11/2025, 05:08 PM;MWQC9;05/09/2025;39;Milho;COMPLETO;100;5,58;1145;1157;12;
control system;9/11/2025, 05:08 PM;DW0J0;06/09/2025;39;Milho;COMPLETO;70;7,97;1157;1174;17;
control system;9/11/2025, 05:09 PM;G96S3;09/09/2025;120;Brachiaria;COMPLETO;100;6,51;2382,5;2399,3;16,8;
control system;9/11/2025, 05:11 PM;761UB;09/09/2025;128;Preparo;COMPLETO;50;12,72;1948,5;1977,1;28,6;
control system;9/11/2025, 05:11 PM;ZM8HE;09/09/2025;130;Milho Semente;COMPLETO;70;8,23;1040,8;1061,4;20,6;
control system;9/11/2025, 05:12 PM;HH66T;05/09/2025;40;Milheto;COMPLETO;100;6,96;387;402;15;
control system;9/11/2025, 05:15 PM;OVZJE;05/09/2025;42;Tabaco;COMPLETO;70;8,23;612,6;624,6;12;
control system;9/11/2025, 05:16 PM;UJ83D;05/09/2025;46;Tabaco;CD;55;12,11;2247;2261;14;
control system;9/11/2025, 05:16 PM;8HN22;05/09/2025;47;Milho;COMPLETO;70;10,6;551;574;23;
control system;9/11/2025, 05:17 PM;C9T3Y;05/09/2025;52;Tabaco;COMPLETO;70;9,94;2001;2023;22;
control system;9/11/2025, 05:30 PM;8T4TX;05/09/2025;54;Tabaco;COMPLETO;90;6,44;558;570;12;
control system;9/11/2025, 05:31 PM;BERDV;05/09/2025;56;Tabaco;COMPLETO;100;6,18;234;250;16;
control system;9/11/2025, 05:32 PM;0CH1X;05/09/2025;60;Milheto;COMPLETO;100;6,78;138;153;15;
control system;9/11/2025, 05:33 PM;6MQN3;05/09/2025;62;Tabaco;AB;50;11,16;750;762;12;
control system;9/11/2025, 05:33 PM;X6PEG;05/09/2025;66;Milheto;COMPLETO;100;5,6;139;151;12;
control system;9/11/2025, 05:34 PM;RXKEG;05/09/2025;67;Milheto;COMPLETO;100;5;100;110;10;
control system;9/11/2025, 05:34 PM;XL7G0;05/09/2025;68;Milho;COMPLETO;40;12;576;603;27;
control system;9/11/2025, 05:35 PM;69AKP;05/09/2025;69;Tabaco;COMPLETO;100;4,6;615;625;10;
control system;9/11/2025, 05:35 PM;R0S7Z;06/09/2025;29;Cacau;COMPLETO;100;5,14;1886,5;1896;9,5;
control system;9/11/2025, 05:36 PM;2FHO6;06/09/2025;9;Tabaco;COMPLETO;90;6,07;2571;2587;16;
control system;9/11/2025, 05:38 PM;ZYO35;06/09/2025;13;Tabaco;COMPLETO;55;7,78;1061;1080;19;
control system;9/11/2025, 05:38 PM;GBW0Z;06/09/2025;14;Tabaco;COMPLETO;90;6,4;3209;3224;15;
control system;9/11/2025, 05:38 PM;I40X8;06/09/2025;25;Cacau;COMPLETO;100;5,8;749;761;12;
control system;9/11/2025, 05:39 PM;WIWAZ;06/09/2025;27;Cacau;COMPLETO;50;10,68;990;1013;23;
control system;9/11/2025, 05:39 PM;9WQKB;06/09/2025;35;Milheto;COMPLETO;100;5,82;140;155;15;
control system;9/11/2025, 05:40 PM;7GK9W;06/09/2025;36;Preparo;1/2-PIVO;50;14,4;1503;1511;8;
control system;9/11/2025, 05:40 PM;RC45P;06/09/2025;37;Milheto;COMPLETO;100;9,04;754;767;13;
control system;9/11/2025, 05:40 PM;EWI1R;06/09/2025;38;Milheto;COMPLETO;100;8,05;301;317;16;
control system;9/11/2025, 05:41 PM;PL1GY;06/09/2025;40;Milheto;COMPLETO;100;6,96;402;417;15;
control system;9/11/2025, 05:41 PM;5H07C;06/09/2025;42;Tabaco;AB;50;11,52;624,6;636;11,4;
control system;9/11/2025, 05:42 PM;35WIJ;06/09/2025;46;Tabaco;AB;55;12,11;2261;2275;14;
control system;9/11/2025, 05:43 PM;1TJBZ;06/09/2025;53;Tabaco;COMPLETO;100;4,63;385;395;10;
control system;9/11/2025, 05:44 PM;KWQ6V;06/09/2025;54;Tabaco;AB;55;10,55;570;582;12;
control system;9/11/2025, 05:44 PM;6ZT3M;06/09/2025;58;Tabaco;COMPLETO;70;9,34;192,9;213,6;20,7;
control system;9/11/2025, 05:45 PM;V6CVA;06/09/2025;60;Milheto;COMPLETO;100;6,78;153;168;15;
control system;9/11/2025, 05:47 PM;0ZPTO;06/09/2025;62;Tabaco;CD;50;11,16;762;776;14;
control system;9/11/2025, 05:47 PM;Y5173;06/09/2025;66;Milheto;COMPLETO;100;5,6;151;163;12;
control system;9/11/2025, 05:47 PM;LTZ5B;06/09/2025;67;Milheto;COMPLETO;100;5;110;120;10;
control system;9/11/2025, 05:48 PM;DA7RK;06/09/2025;69;Tabaco;COMPLETO;40;11,5;625;652;27;
control system;9/11/2025, 05:49 PM;UBT36;06/09/2025;71;Milho Semente;1/2-PIVO;100;4,85;418;420;2;
control system;9/11/2025, 05:50 PM;TO88F;06/09/2025;71;Tabaco;AB;75;6,47;420;428;8;
control system;9/11/2025, 05:52 PM;QP0X8;07/09/2025;29;Cacau;D;100;5,14;1896;1898;2;
control system;9/11/2025, 05:53 PM;7HIGT;07/09/2025;29;Cacau;ABC;55;9,35;1898;1912;14;
control system;9/11/2025, 05:53 PM;TZAHK;07/09/2025;5;Preparo;COMPLETO;50;11,04;1373;1401;28;
control system;9/11/2025, 05:54 PM;V1L1P;07/09/2025;8;Tabaco;COMPLETO;90;7,31;1416;1432;16;
control system;9/11/2025, 05:54 PM;LG4M5;07/09/2025;10;Tabaco;COMPLETO;100;6,3;1222;1237;15;
control system;9/11/2025, 05:54 PM;LOKK1;07/09/2025;11;Tabaco;COMPLETO;90;6,13;87;105;18;
control system;9/11/2025, 05:58 PM;0YHX6;07/09/2025;15;Preparo;COMPLETO;90;8,2;1668;1686;18;
control system;9/11/2025, 06:00 PM;GO45I;07/09/2025;17;Preparo;COMPLETO;90;7;0;18;18;
control system;9/11/2025, 06:01 PM;WO43T;07/09/2025;25;Cacau;COMPLETO;65;8,92;761;782;21;
control system;9/11/2025, 06:03 PM;1LMWF;07/09/2025;28;Milho;COMPLETO;70;9,54;1113,2;1134;20,8;
control system;9/11/2025, 06:04 PM;VZ6W4;07/09/2025;38;Milheto;COMPLETO;100;8,05;317;334;17;
control system;9/11/2025, 06:05 PM;Z37A7;07/09/2025;39;Milho;COMPLETO;70;7,97;1174;1191;17;
control system;9/11/2025, 06:05 PM;Z3SCI;07/09/2025;40;Milheto;COMPLETO;100;6,96;417;432;15;
control system;9/11/2025, 06:05 PM;3RCJY;07/09/2025;41;Milho;COMPLETO;70;9,2;1036;1057;21;
control system;9/11/2025, 06:06 PM;H586R;07/09/2025;42;Tabaco;CD;50;11,52;636;649,4;13,4;
control system;9/11/2025, 06:07 PM;HSFK8;07/09/2025;46;Tabaco;CD;55;12,11;2275;2289;14;
control system;9/11/2025, 06:08 PM;OJKZQ;07/09/2025;47;Milho;COMPLETO;70;10,6;574;597;23;
control system;9/11/2025, 06:08 PM;FNGYC;07/09/2025;53;Tabaco;COMPLETO;100;4,63;395;405;10;
control system;9/11/2025, 06:09 PM;FOA2M;07/09/2025;54;Tabaco;CD;55;10,55;582;594;12;
control system;9/11/2025, 06:10 PM;7S5M4;07/09/2025;60;Milheto;COMPLETO;100;6,78;168;183;15;
control system;9/11/2025, 06:11 PM;4DT9E;07/09/2025;62;Tabaco;AB;50;11,16;776;788;12;
control system;9/11/2025, 06:12 PM;OAGZ8;07/09/2025;66;Milheto;COMPLETO;100;5,6;163;175;12;
control system;9/11/2025, 06:12 PM;R5F4X;07/09/2025;67;Milheto;COMPLETO;100;5;120;130;10;
control system;9/11/2025, 06:12 PM;J2MCR;07/09/2025;68;Milho;COMPLETO;40;12;603;630;27;
control system;9/11/2025, 06:13 PM;875ES;07/09/2025;69;Tabaco;A;60;7,67;652;661;9;
control system;9/11/2025, 06:16 PM;STXZZ;08/09/2025;29;Cacau;D;100;5,14;1912;1915;3;
control system;9/11/2025, 06:17 PM;TNCKV;08/09/2025;8;Tabaco;COMPLETO;100;6,58;1432;1442;10;
control system;9/11/2025, 06:17 PM;2SR9R;08/09/2025;10;Tabaco;COMPLETO;100;6,3;1237;1251;14;
control system;9/11/2025, 06:18 PM;7W1EF;08/09/2025;11;Tabaco;COMPLETO;100;5,52;105;121;16;
control system;9/11/2025, 06:18 PM;W9BC3;08/09/2025;12;Tabaco;COMPLETO;90;7;1343;1362;19;
control system;9/11/2025, 06:21 PM;SNHE6;08/09/2025;27;Cacau;COMPLETO;60;8,9;1013;1031,7;18,7;
control system;9/11/2025, 06:21 PM;12INF;08/09/2025;19;Preparo;COMPLETO;90;6,39;0;17,4;33,4;
control system;9/11/2025, 06:24 PM;PTG0A;08/09/2025;23;Preparo;COMPLETO;90;5,87;794;810;16;
control system;9/11/2025, 06:25 PM;0GT9F;08/09/2025;28;Milho;COMPLETO;70;9,54;1134;1156,8;22,8;
control system;9/11/2025, 06:26 PM;9IXIA;08/09/2025;32;Preparo;COMPLETO;70;8,14;1106;1124,6;18,6;
control system;9/11/2025, 06:26 PM;U2BD7;08/09/2025;35;Milheto;COMPLETO;100;5,82;155;171;16;
control system;9/11/2025, 06:26 PM;1660R;08/09/2025;37;Milheto;COMPLETO;100;9,04;767;777;10;
control system;9/11/2025, 06:27 PM;9RILG;08/09/2025;38;Milheto;COMPLETO;100;8,05;334;351;17;
control system;9/11/2025, 06:27 PM;P0MOU;08/09/2025;39;Milho;COMPLETO;70;7,97;1191;1211;20;
control system;9/11/2025, 06:27 PM;C6YJR;08/09/2025;40;Milheto;COMPLETO;100;6,96;432;447;15;
control system;9/11/2025, 06:27 PM;R96BU;08/09/2025;41;Milho;COMPLETO;70;9,2;1057;1079;22;
control system;9/11/2025, 06:28 PM;RJD2I;08/09/2025;42;Tabaco;AB;50;11,52;649,4;661,5;12,1;
control system;9/11/2025, 06:31 PM;D040U;08/09/2025;46;Tabaco;AB;55;12,11;2289;2303;14;
control system;9/11/2025, 06:31 PM;YRA3O;08/09/2025;47;Milho;COMPLETO;100;7,42;597;613;16;
control system;9/11/2025, 06:32 PM;XWNQ0;08/09/2025;52;Tabaco;COMPLETO;80;8,7;2023;2043;20;
control system;9/11/2025, 06:33 PM;A06S8;08/09/2025;54;Tabaco;COMPLETO;90;6,44;594;609;15;
control system;9/11/2025, 06:34 PM;WLQQS;08/09/2025;56;Tabaco;COMPLETO;70;8,83;250;272;22;
control system;9/11/2025, 06:34 PM;FU5JB;08/09/2025;60;Milheto;COMPLETO;100;6,78;183;198;15;
control system;9/11/2025, 06:35 PM;457RM;08/09/2025;62;Tabaco;CD;50;11,16;788;800;12;
control system;9/11/2025, 06:36 PM;YRO5R;08/09/2025;66;Milheto;COMPLETO;100;5,6;175;187;12;
control system;9/11/2025, 06:36 PM;O60QG;08/09/2025;67;Milheto;COMPLETO;100;5;130;140;10;
control system;9/11/2025, 06:37 PM;CROG0;08/09/2025;69;Tabaco;B;40;11,5;661;670;9;
control system;9/11/2025, 06:37 PM;5J2MD;08/09/2025;71;Milho Semente;1/2-PIVO;40;12,12;428;432;4;
control system;9/11/2025, 07:08 PM;2IDH1;09/09/2025;29;Cacau;D;100;5,14;1915;1918;3;
control system;9/11/2025, 07:09 PM;IVES4;09/09/2025;29;Cacau;ABC;55;9,35;1918;1931;13;
control system;9/11/2025, 07:10 PM;EFJQJ;09/09/2025;9;Tabaco;COMPLETO;90;6,07;2587;2602;15;
control system;9/11/2025, 07:10 PM;5EIOW;09/09/2025;13;Tabaco;COMPLETO;55;7,78;1080;1098;18;
control system;9/11/2025, 07:10 PM;V4CTA;09/09/2025;14;Tabaco;COMPLETO;100;5,76;3224;3243;19;
control system;9/11/2025, 07:13 PM;P8SON;09/09/2025;21;Preparo;COMPLETO;90;6,08;1159;1174;15;
control system;9/11/2025, 07:14 PM;O2ZPH;09/09/2025;24;Preparo;A;70;9;1618;1622;4;Teste
control system;9/11/2025, 07:14 PM;BNWIT;09/09/2025;25;Cacau;COMPLETO;65;8,92;782;801;19;
control system;9/11/2025, 07:15 PM;OLZM2;09/09/2025;38;Milheto;COMPLETO;100;8,05;351;368;17;
control system;9/11/2025, 07:15 PM;D9JJL;09/09/2025;40;Milheto;COMPLETO;100;6,96;447;462;15;
control system;9/11/2025, 07:17 PM;6KJMC;09/09/2025;41;Milho;COMPLETO;100;6,44;1079;1093;14;
control system;9/11/2025, 07:17 PM;0N6UI;09/09/2025;42;Tabaco;CD;100;5,76;661,5;667,7;6,2;
control system;9/11/2025, 07:18 PM;LVCE1;09/09/2025;46;Tabaco;CD;65;10,25;2303;2314;11;
control system;9/11/2025, 07:18 PM;42DEK;09/09/2025;47;Milho;COMPLETO;70;10,6;613;636;23;
control system;9/11/2025, 07:20 PM;6V43T;09/09/2025;53;Tabaco;COMPLETO;80;5,79;405;417,2;12,2;
control system;9/11/2025, 07:22 PM;GP3TC;09/09/2025;60;Milheto;COMPLETO;100;6,78;198;213;15;
control system;9/11/2025, 07:22 PM;8R4JU;09/09/2025;62;Tabaco;AB;50;11,16;800;814;14;
control system;9/11/2025, 07:23 PM;ULYNS;09/09/2025;66;Milheto;COMPLETO;100;5,6;187;199;12;
control system;9/11/2025, 07:23 PM;2P0ZB;09/09/2025;67;Milheto;COMPLETO;100;5;140;150;10;
control system;9/11/2025, 07:24 PM;XQJQ6;09/09/2025;68;Milho;COMPLETO;40;12;630;657;27;
control system;9/11/2025, 07:25 PM;QGD5T;09/09/2025;69;Tabaco;A;40;11,5;670;684;14;
control system;9/11/2025, 07:26 PM;1AQUZ;09/09/2025;71;Tabaco;AB;70;6,93;432;442;10;
control system;9/12/2025, 11:53 AM;B8XQJ;10/09/2025;10;Tabaco;COMPLETO;100;6,3;1251;1266;15;
control system;9/12/2025, 11:53 AM;3USU5;10/09/2025;11;Tabaco;A;100;5,52;121;126;5;
control system;9/12/2025, 11:54 AM;571JK;10/09/2025;27;Cacau;COMPLETO;70;7,63;1031,7;1048;16,3;
control system;9/12/2025, 12:03 PM;IBV8A;10/09/2025;26;Preparo;A;60;9,5;1089;1091;2;
control system;9/12/2025, 12:04 PM;AGCOW;10/09/2025;28;Milho;COMPLETO;70;9,54;1156,8;1174,3;17,5;
control system;9/12/2025, 12:06 PM;UXVRT;10/09/2025;29;Cacau;D;100;5,14;1931;1934;3;
control system;9/12/2025, 12:10 PM;3W2RO;10/09/2025;38;Milheto;COMPLETO;100;8,05;368;385;17;
control system;9/12/2025, 12:11 PM;ERENE;10/09/2025;39;Milho;COMPLETO;70;7,97;1211;1228;17;
control system;9/12/2025, 12:12 PM;UHOAH;10/09/2025;40;Milheto;COMPLETO;100;6,96;462;478;16;
control system;9/12/2025, 12:15 PM;NXR4R;10/09/2025;41;Milho;COMPLETO;100;6,44;1093;1109;16;
control system;9/12/2025, 12:21 PM;ZH25U;10/09/2025;42;Tabaco;AB;55;10,47;667,7;678,6;10,9;
control system;9/12/2025, 12:22 PM;6WXKX;10/09/2025;42;Tabaco;CD;100;5,76;678,6;684,6;6;
control system;9/12/2025, 12:23 PM;P28V0;10/09/2025;46;Tabaco;AB;55;12,11;2314;2326;12;
control system;9/12/2025, 12:29 PM;HI1YQ;10/09/2025;52;Tabaco;COMPLETO;70;9,94;2043;2066;23;
control system;9/12/2025, 12:31 PM;1GP3O;10/09/2025;53;Tabaco;COMPLETO;100;4,63;417,2;428;10,8;FERTIRRIGAÇÃO
control system;9/12/2025, 12:33 PM;0AVLU;10/09/2025;54;Tabaco;COMPLETO;100;5,8;609;622;13;
control system;9/12/2025, 12:35 PM;ACL86;10/09/2025;58;Tabaco;COMPLETO;70;9,34;213,6;234;20,4;
control system;9/12/2025, 12:39 PM;4SNCX;10/09/2025;60;Milheto;COMPLETO;100;6,78;213;228;15;
control system;9/12/2025, 12:43 PM;N19Q3;10/09/2025;62;Tabaco;COMPLETO;100;5,58;814;839;25;FERTIRRIGAÇÃO + IRRIGAÇÃO
control system;9/12/2025, 12:44 PM;IZX92;10/09/2025;66;Milheto;COMPLETO;100;5,6;199;211;12;
control system;9/12/2025, 12:45 PM;JXAI2;10/09/2025;67;Milheto;COMPLETO;100;5;150;160;10;
control system;9/12/2025, 12:47 PM;HGVHE;10/09/2025;69;Tabaco;B;40;11,5;684;697;13;
control system;9/12/2025, 12:50 PM;Z8PJZ;10/09/2025;71;Milho Semente;1/2-PIVO;50;9,7;442;445,5;3,5;
control system;9/12/2025, 12:58 PM;BPRXU;10/09/2025;104;Milho Semente;COMPLETO;60;8,25;1795,5;1813,9;18,4;
control system;9/12/2025, 12:59 PM;FT54J;10/09/2025;112;Preparo;COMPLETO;80;7,96;904,4;922,4;18;
control system;9/12/2025, 01:00 PM;JIZ70;10/09/2025;115;Milho Semente;COMPLETO;50;12,88;1136,8;1166,4;29,6;FERTIRRIGAÇÃO + IRRIGAÇÃO
control system;9/12/2025, 01:00 PM;17IU2;10/09/2025;120;Brachiaria;COMPLETO;100;6,51;2399,3;2413,5;14,2;
control system;9/17/2025, 12:29 PM;OGHAG;11/09/2025;101;Preparo;COMPLETO;80;6,97;1824,5;1840;15,5;
control system;9/17/2025, 12:31 PM;VBFN1;11/09/2025;104;Milho Semente;COMPLETO;60;8,25;1813,9;1833;19,1;
control system;9/17/2025, 12:33 PM;56O0V;11/09/2025;108;Milho Semente;COMPLETO;70;7,63;648,3;665;16,7;
control system;9/17/2025, 12:34 PM;4LJUL;11/09/2025;112;Preparo;COMPLETO;80;7,96;922,4;940,5;18,1;
control system;9/17/2025, 12:37 PM;BA5XX;11/09/2025;115;Milho Semente;COMPLETO;80;8,05;1166,4;1184,4;18;
control system;9/17/2025, 12:38 PM;LUXDT;11/09/2025;120;Brachiaria;COMPLETO;100;6,51;2413,5;2427,5;14;
control system;9/17/2025, 12:40 PM;XNM39;11/09/2025;128;Preparo;1/2-PIVO;50;12,72;1977,1;1990,8;13,7;
control system;9/17/2025, 12:42 PM;IEW10;11/09/2025;130;Milho Semente;COMPLETO;100;5,76;1061,4;1075,7;14,3;ferti-irrigção
control system;9/17/2025, 12:54 PM;B0UB5;12/09/2025;103;Preparo;COMPLETO;80;6,45;613,4;627,2;13,8;
control system;9/17/2025, 01:00 PM;CJP2Y;12/09/2025;108;Milho Semente;COMPLETO;50;10,68;665;688,3;23,3;FERTIIRRIGAÇÃO + IRRIGAÇÃO
control system;9/17/2025, 01:02 PM;K9P8R;12/09/2025;112;Preparo;COMPLETO;80;7,96;940,5;958;17,5;
control system;9/17/2025, 01:04 PM;RVZZ9;12/09/2025;120;Brachiaria;1/2-PIVO;50;13,02;2427,5;2441,6;14,1;
control system;9/17/2025, 01:10 PM;ZTP08;12/09/2025;128;Preparo;1/2-PIVO;50;12,72;1990,8;2004,5;13,7;
control system;9/17/2025, 01:14 PM;PFN9Z;12/09/2025;130;Milho Semente;COMPLETO;70;8,23;1075,7;1096;20,3;
control system;9/17/2025, 01:18 PM;0ZX7L;13/09/2025;104;Milho Semente;COMPLETO;60;8,25;1833;1852;19;
control system;9/17/2025, 01:19 PM;GLIB6;13/09/2025;108;Milho Semente;COMPLETO;70;7,63;688,3;704,5;16,2;
control system;9/17/2025, 01:23 PM;PRS6U;13/09/2025;114;Preparo;COMPLETO;80;7,42;1968,3;1982,5;14,2;
control system;9/17/2025, 01:25 PM;8Z0TU;13/09/2025;115;Milho Semente;COMPLETO;80;8,05;1184,4;1202,2;17,8;
control system;9/17/2025, 01:27 PM;ADRZS;13/09/2025;118;Brachiaria;COMPLETO;70;9,2;2402,4;2421,9;19,5;
control system;9/17/2025, 01:28 PM;P9WLO;13/09/2025;120;Brachiaria;COMPLETO;100;6,51;2441,6;2455,6;14;
control system;9/17/2025, 01:33 PM;MFNBX;14/09/2025;104;Milho Semente;COMPLETO;60;8,25;1852;1871;19;
control system;9/17/2025, 01:34 PM;1BCIU;14/09/2025;108;Milho Semente;COMPLETO;80;6,67;704,5;719,1;14,6;
control system;9/17/2025, 01:37 PM;8JP59;14/09/2025;114;Preparo;COMPLETO;80;7,42;1982,5;1998;15,5;
control system;9/17/2025, 01:38 PM;85PFI;14/09/2025;115;Milho Semente;COMPLETO;80;8,05;1202,2;1220;17,8;
control system;9/17/2025, 01:39 PM;6XCNX;14/09/2025;130;Milho Semente;COMPLETO;60;9,6;1096;1119,5;23,5;
control system;9/17/2025, 04:47 PM;LRPPM;15/09/2025;104;Milho Semente;COMPLETO;100;4,95;1871;1882,5;11,5;
control system;9/17/2025, 04:49 PM;OZ00V;15/09/2025;108;Milho Semente;COMPLETO;70;7,63;719,1;735,9;16,8;
control system;9/17/2025, 04:54 PM;HYJ4W;15/09/2025;115;Milho Semente;COMPLETO;100;6,44;1220;1234,9;14,9;FERTIIRRIGÇÃO
control system;9/17/2025, 04:56 PM;I5OAW;15/09/2025;119;Brachiaria;COMPLETO;70;9,4;1379,3;1399,5;20,2;
control system;9/17/2025, 04:58 PM;6YSX4;15/09/2025;121;Preparo;COMPLETO;100;6,37;1923,8;1938,2;14,4;
control system;9/17/2025, 05:02 PM;VNO6O;15/09/2025;130;Milho Semente;COMPLETO;70;8,23;1119,5;1139,7;20,2;
control system;9/17/2025, 05:07 PM;W320U;16/09/2025;104;Milho Semente;COMPLETO;60;8,25;1882,5;1901,5;19;
control system;9/17/2025, 05:09 PM;HR2G6;16/09/2025;108;Milho Semente;COMPLETO;100;5,34;735,9;747,7;11,8;
control system;9/17/2025, 05:10 PM;GDFZH;16/09/2025;115;Milho Semente;COMPLETO;70;9,2;1234,9;1255,1;20,2;
control system;9/17/2025, 05:16 PM;YMDJJ;16/09/2025;121;Preparo;COMPLETO;100;6,37;1938,2;1952,4;14,2;
control system;9/17/2025, 05:21 PM;R2LFA;16/09/2025;130;Milho Semente;COMPLETO;100;5,76;1139,7;1154;14,3;FERTIIRRIGAÇÃO
control system;9/18/2025, 05:05 PM;VV17N;11/09/2025;5;Preparo;1/2-PIVO;50;11,04;1401;1421;20;
control system;9/18/2025, 05:07 PM;ZHPHC;11/09/2025;9;Tabaco;COMPLETO;100;5,46;2602;2618;16;
control system;9/18/2025, 05:12 PM;FC9FK;11/09/2025;12;Tabaco;COMPLETO;100;6,3;1362;1381;19;
control system;9/18/2025, 05:13 PM;K6TT8;11/09/2025;15;Preparo;COMPLETO;95;7,77;1686;1703;17;
control system;9/18/2025, 05:14 PM;YT48B;11/09/2025;17;Preparo;COMPLETO;90;7;18;32;14;
control system;9/18/2025, 05:34 PM;A3LDU;11/09/2025;20;Preparo;COMPLETO;95;7,2;926;946;20;
control system;9/18/2025, 05:36 PM;51F8N;11/09/2025;21;Preparo;COMPLETO;75;7,29;1174;1193;19;
control system;9/18/2025, 05:37 PM;MR0LH;11/09/2025;23;Preparo;COMPLETO;80;6,6;810;828;18;
control system;9/18/2025, 05:39 PM;HJ932;11/09/2025;25;Cacau;COMPLETO;100;5,8;801;819;18;FERTIRRIGAÇÃO
control system;9/18/2025, 05:40 PM;HJZIA;11/09/2025;28;Milho;COMPLETO;80;8,35;1174,3;1190,8;16,5;
control system;9/18/2025, 05:51 PM;RUSWM;11/09/2025;29;Cacau;COMPLETO;100;5,14;1934;1944;10;
control system;9/18/2025, 05:54 PM;7CCML;11/09/2025;30;Preparo;COMPLETO;90;6,67;379;390;14;
control system;9/18/2025, 06:02 PM;2JQQ3;11/09/2025;31;Preparo;1/2-PIVO;60;10,3;746;762;16;IRRIGAÇÃO + TESTE A 60%
control system;9/18/2025, 06:12 PM;YRZYR;11/09/2025;32;Cacau;COMPLETO;80;7,13;1124,6;1142;17,4;
control system;9/18/2025, 06:14 PM;TB6KT;11/09/2025;36;Preparo;1/2-PIVO;50;14,4;1511;1526;15;
control system;9/18/2025, 06:16 PM;O2COS;11/09/2025;39;Milho;COMPLETO;70;7,97;1228;1246;18;
control system;9/18/2025, 06:17 PM;EFQOZ;11/09/2025;40;Milheto;COMPLETO;100;6,96;478;492;14;
control system;9/18/2025, 06:17 PM;WAJY4;11/09/2025;41;Milho;COMPLETO;90;7,16;1109;1125;16;
control system;9/18/2025, 06:19 PM;0ZBZ3;11/09/2025;42;Tabaco;COMPLETO;100;5,76;684,6;696,5;11,9;
control system;9/18/2025, 06:34 PM;WXUU7;11/09/2025;46;Tabaco;COMPLETO;100;6,66;2326;2350;24;FERTIRRIGAÇÃO + CD
control system;9/18/2025, 06:35 PM;6QAVM;11/09/2025;47;Milho;1/2-PIVO;100;7,42;636;646;10;1/2 FERTI
control system;9/18/2025, 06:44 PM;BFFTI;11/09/2025;53;Tabaco;A;50;9,26;428;438;10;
control system;9/18/2025, 06:46 PM;UCY5X;11/09/2025;54;Tabaco;CD;45;12,89;622;637;15;
control system;9/18/2025, 06:48 PM;GSNOF;11/09/2025;56;Tabaco;COMPLETO;70;8,83;272;293;21;
control system;9/18/2025, 06:49 PM;XQKHJ;11/09/2025;60;Milheto;COMPLETO;100;6,78;228;243;15;
control system;9/18/2025, 06:50 PM;NTRTW;11/09/2025;62;Tabaco;AB;40;13,95;839;856;17;
control system;9/18/2025, 06:54 PM;P76O1;11/09/2025;68;Milho;COMPLETO;40;12;657;684;27;
control system;9/18/2025, 06:56 PM;KZ1WD;11/09/2025;69;Tabaco;A;35;13,14;697;712;15;
control system;9/18/2025, 06:58 PM;MFOXF;11/09/2025;71;Tabaco;AB;50;9,7;445,5;452,5;7;
control system;9/19/2025, 11:44 AM;T2368;12/09/2025;13;Tabaco;COMPLETO;55;7,78;1098;1116;18;
control system;9/19/2025, 11:45 AM;7W4VY;12/09/2025;14;Tabaco;COMPLETO;90;6,4;3243;3259;16;
control system;9/19/2025, 11:45 AM;QS14C;12/09/2025;15;Preparo;COMPLETO;95;7,77;1703;1721;18;
control system;9/19/2025, 12:05 PM;EOVPL;12/09/2025;17;Preparo;COMPLETO;90;7;32;48;16;
control system;9/19/2025, 12:05 PM;RB0K1;12/09/2025;21;Preparo;COMPLETO;75;7,29;1193;1212;19;
control system;9/19/2025, 12:09 PM;V6I3V;12/09/2025;27;Cacau;COMPLETO;60;8,9;1048;1074;26;
control system;9/19/2025, 12:15 PM;D7FHN;12/09/2025;29;Cacau;D;100;5,14;1944;1947;3;
control system;9/19/2025, 12:28 PM;CBTKH;12/09/2025;30;Preparo;1/2-PIVO;60;10;390;392;3;TESTE
control system;9/19/2025, 12:30 PM;1UOBE;12/09/2025;31;Preparo;COMPLETO;90;6,87;762;785;23;
control system;9/19/2025, 12:57 PM;J3VIH;12/09/2025;32;Cacau;COMPLETO;80;7,13;1142;1160;18;
control system;9/19/2025, 01:00 PM;UH4EF;12/09/2025;37;Milheto;COMPLETO;90;10,04;777;788;11;
control system;9/19/2025, 01:01 PM;WJWP9;12/09/2025;39;Milho;COMPLETO;100;5,58;1246;1256;10;
control system;9/19/2025, 01:02 PM;25M0Y;12/09/2025;40;Milho;COMPLETO;100;6,96;492;507;15;
control system;9/19/2025, 01:04 PM;V8SFE;12/09/2025;41;Milho;COMPLETO;100;6,44;1125;1139;14;FERTIRRIGAÇÃO
control system;9/19/2025, 01:19 PM;LNB6Q;12/09/2025;42;Tabaco;COMPLETO;70;8,23;696,5;714;17,5;
control system;9/19/2025, 01:28 PM;HZE7P;12/09/2025;45;Preparo;COMPLETO;80;7,65;3;21;18;
control system;9/19/2025, 01:31 PM;T8ANR;12/09/2025;46;Tabaco;AB;60;11,1;2350;2363;13;
control system;9/19/2025, 01:32 PM;I9KVM;12/09/2025;52;Tabaco;COMPLETO;70;9,94;2066;2089;23;
control system;9/19/2025, 01:33 PM;VA1PB;12/09/2025;53;Tabaco;COMPLETO;40;11,57;438;450;12;
control system;9/19/2025, 01:34 PM;4096J;12/09/2025;54;Tabaco;COMPLETO;100;5,8;637;650;13;FERTIRRIGAÇÃO
control system;9/19/2025, 01:35 PM;ZDT6F;12/09/2025;58;Tabaco;COMPLETO;100;6,54;234;248,3;14,3;
control system;9/19/2025, 01:37 PM;CYJGI;12/09/2025;60;Milheto;COMPLETO;100;6,78;243;258;15;
control system;9/19/2025, 01:38 PM;MIT93;12/09/2025;62;Tabaco;CD;40;13,95;856;872,6;16,6;
control system;9/19/2025, 01:39 PM;Y8HT8;12/09/2025;66;Milheto;COMPLETO;100;5,6;211;223;12;
control system;9/19/2025, 01:40 PM;GR3I7;12/09/2025;67;Milheto;COMPLETO;100;5;160;170;10;
control system;9/19/2025, 01:41 PM;WLA93;12/09/2025;68;Milho;COMPLETO;100;4,8;684;694;10;
control system;9/19/2025, 01:43 PM;DC7UJ;12/09/2025;69;Tabaco;B;35;13,14;712;727;15;
control system;9/19/2025, 01:48 PM;JHPEB;12/09/2025;71;Milho;COMPLETO;100;4,85;452,5;458;5,5;FERTI TABACO + IRRIGAÇÃO MILHO
control system;9/19/2025, 01:51 PM;B6638;13/09/2025;9;Tabaco;COMPLETO;85;6,42;2618;2635;17;
control system;9/19/2025, 01:53 PM;RGFDP;13/09/2025;10;Tabaco;COMPLETO;75;8,4;1266;1285;19;
control system;9/19/2025, 01:54 PM;3RRWU;13/09/2025;11;Tabaco;COMPLETO;90;6,13;126;147;21;
control system;9/19/2025, 02:01 PM;V44J1;13/09/2025;18;Preparo;COMPLETO;70;7,23;862;878;16;
control system;9/19/2025, 02:02 PM;K7JFD;13/09/2025;25;Cacau;COMPLETO;60;9,67;819;837;18;
control system;9/19/2025, 02:03 PM;UYSQS;13/09/2025;27;Cacau;COMPLETO;100;5,34;1074;1086;12;
control system;9/19/2025, 02:05 PM;Z3D0W;13/09/2025;28;Milho;COMPLETO;70;9,54;1190,8;1209,5;18,7;
control system;9/19/2025, 02:06 PM;NM8MN;13/09/2025;29;Cacau;COMPLETO;55;9,35;1947;1966;19;
control system;9/19/2025, 02:07 PM;9A7JM;13/09/2025;30;Preparo;COMPLETO;90;6,67;392;406;14;
control system;9/19/2025, 02:10 PM;J7UXF;13/09/2025;32;Cacau;COMPLETO;90;6,33;1160;1172,5;12,5;
control system;9/19/2025, 02:11 PM;PL9YO;13/09/2025;35;Milheto;1/2-PIVO;50;11,64;171;185;14;
control system;9/19/2025, 02:11 PM;0AGIP;13/09/2025;38;Milheto;COMPLETO;80;10,06;385;405;20;
control system;9/19/2025, 02:12 PM;6PPQG;13/09/2025;39;Milho;COMPLETO;60;9,3;1256;1275,9;19,9;
control system;9/19/2025, 02:13 PM;HPO03;13/09/2025;40;Milheto;COMPLETO;100;6,96;507;522;15;
control system;9/19/2025, 02:15 PM;M4Z0R;13/09/2025;41;Milho;COMPLETO;60;10,73;1139;1161;22;
control system;9/19/2025, 02:17 PM;GW4GU;13/09/2025;46;Tabaco;CD;60;11,1;2363;2375;12;
control system;9/19/2025, 02:17 PM;57GE9;13/09/2025;47;Milho;COMPLETO;70;10,6;646;668;22;
control system;9/19/2025, 02:18 PM;8XFKO;13/09/2025;53;Tabaco;A;40;11,57;450;463;13;
control system;9/19/2025, 04:31 PM;K1SGZ;13/09/2025;54;Tabaco;COMPLETO;85;6,82;650;665;15;
control system;9/19/2025, 04:32 PM;DXLY9;13/09/2025;58;Tabaco;AB;60;10,9;248,3;261,9;13,6;
control system;9/19/2025, 04:34 PM;II54Z;13/09/2025;60;Milheto;COMPLETO;100;6,78;258;273;15;
control system;9/19/2025, 04:35 PM;GP09T;13/09/2025;62;Tabaco;AB;35;15,94;872,6;893,7;21,1;
control system;9/19/2025, 04:38 PM;59OBY;13/09/2025;66;Milheto;COMPLETO;100;5,6;223;235;12;
control system;9/19/2025, 04:39 PM;EWYWB;13/09/2025;68;Milho;COMPLETO;35;13,71;694;725;31;
control system;9/19/2025, 04:41 PM;AQJF6;13/09/2025;69;Tabaco;A;35;13,14;727;758;31;
control system;9/19/2025, 04:42 PM;DD09N;13/09/2025;71;Tabaco;AB;45;10,78;458;461,5;3,5;
control system;9/19/2025, 04:45 PM;0H05X;14/09/2025;10;Tabaco;COMPLETO;100;6,3;1285;1300;15;
control system;9/19/2025, 04:45 PM;IGSN6;14/09/2025;12;Tabaco;COMPLETO;90;7;1381;1399;18;
control system;9/19/2025, 04:49 PM;RG7XY;14/09/2025;19;Preparo;COMPLETO;80;7,19;33,4;51;17,6;
control system;9/19/2025, 04:50 PM;NDSAX;14/09/2025;27;Cacau;COMPLETO;60;8,9;1086;1098;12;
control system;9/19/2025, 04:51 PM;MRTK7;14/09/2025;28;Milho;COMPLETO;70;9,54;1209,5;1229,6;20,1;
control system;9/19/2025, 04:52 PM;UUE5F;14/09/2025;29;Cacau;D;100;5,14;1966;1968;2;
control system;9/19/2025, 04:54 PM;JVKOV;14/09/2025;32;Cacau;COMPLETO;90;6,33;1172,5;1188;15,5;
control system;9/19/2025, 04:55 PM;Y5W7F;14/09/2025;35;Milheto;1/2-PIVO;50;11,64;185;200;15;
control system;9/19/2025, 04:55 PM;20CPZ;14/09/2025;36;Milheto;COMPLETO;100;7,2;1526;1541;15;
control system;9/19/2025, 04:58 PM;6YYWE;14/09/2025;40;Milheto;COMPLETO;100;6,96;522;536;14;
control system;9/19/2025, 05:04 PM;T8GW1;14/09/2025;42;Tabaco;COMPLETO;60;9,6;714;735;21;
control system;9/19/2025, 05:05 PM;PEZ2C;14/09/2025;45;Preparo;COMPLETO;70;8,74;21;41;20;
control system;9/19/2025, 05:05 PM;W6Z3K;14/09/2025;46;Tabaco;AB;60;11,1;2375;2388,1;13,1;
control system;9/19/2025, 05:07 PM;AMG7Q;14/09/2025;47;Milho;COMPLETO;70;10,6;668;691;23;
control system;9/19/2025, 05:09 PM;GFLVF;14/09/2025;52;Tabaco;COMPLETO;100;6,96;2089;2104;15;
control system;9/19/2025, 05:09 PM;XJVIG;14/09/2025;53;Tabaco;COMPLETO;70;6,61;463;477;14;
control system;9/19/2025, 05:11 PM;24C0P;14/09/2025;54;Tabaco;COMPLETO;90;6,44;665;680;15;
control system;9/19/2025, 05:11 PM;6QBWC;14/09/2025;56;Tabaco;COMPLETO;80;7,72;293;312;19;
control system;9/19/2025, 05:13 PM;0V2KV;14/09/2025;58;Tabaco;COMPLETO;65;10,06;261,9;284,1;22,2;
control system;9/19/2025, 05:13 PM;OAUJD;14/09/2025;60;Milheto;COMPLETO;100;6,78;273;288;15;
control system;9/19/2025, 05:14 PM;YXBGF;14/09/2025;62;Tabaco;CD;35;15,94;893,7;914,6;20,9;
control system;9/19/2025, 05:15 PM;J5YKH;14/09/2025;68;Milho;COMPLETO;90;5,33;725;737;12;
control system;9/19/2025, 05:17 PM;NYF12;14/09/2025;69;Tabaco;COMPLETO;50;9,2;758;779;21;
control system;9/19/2025, 05:27 PM;UTIZ3;15/09/2025;5;Preparo;COMPLETO;50;11,04;1421;1443;22;
control system;9/19/2025, 05:34 PM;IFFLN;15/09/2025;6;Preparo;COMPLETO;70;8,31;1396;1416;20;
control system;9/19/2025, 05:36 PM;AVEC3;15/09/2025;13;Tabaco;COMPLETO;80;5,35;1116;1128;12;
control system;9/19/2025, 05:37 PM;W4V91;15/09/2025;14;Tabaco;COMPLETO;90;6,4;3259;3281;22;
control system;9/19/2025, 05:40 PM;69AFX;15/09/2025;25;Cacau;COMPLETO;60;9,67;837;857;20;
control system;9/19/2025, 05:43 PM;49D3S;15/09/2025;29;Cacau;COMPLETO;55;9,35;1968;1985;17;Q D 100%
control system;9/19/2025, 05:45 PM;RS9C0;15/09/2025;30;Preparo;1/2-PIVO;90;6,67;406;411;5;
control system;9/19/2025, 05:45 PM;EFDVY;15/09/2025;32;Cacau;COMPLETO;100;5,7;1188;1195,8;7,8;
control system;9/19/2025, 05:47 PM;Q6BQE;15/09/2025;36;Milheto;COMPLETO;100;7,2;1541;1556;15;
control system;9/19/2025, 05:49 PM;03ETW;15/09/2025;37;Milheto;COMPLETO;90;10,04;788;800;12;
control system;9/19/2025, 05:50 PM;BARPU;15/09/2025;39;Milho;COMPLETO;60;9,3;1275,9;1296;20,1;
control system;9/19/2025, 05:56 PM;WAILS;15/09/2025;40;Milheto;COMPLETO;100;6,96;536;552;16;
control system;9/19/2025, 05:57 PM;XJENS;15/09/2025;41;Milho;COMPLETO;100;6,44;1161;1178;17;FERTIRRIGAÇÃO
control system;9/19/2025, 05:58 PM;UTCPD;15/09/2025;46;Tabaco;CD;60;11,1;2388,1;2402;13,9;
control system;9/19/2025, 06:00 PM;YPPF0;15/09/2025;53;Tabaco;COMPLETO;40;11,57;477;502;25;
control system;9/19/2025, 06:01 PM;TEN1C;15/09/2025;54;Tabaco;COMPLETO;90;6,44;680;695;15;
control system;9/19/2025, 06:02 PM;2SRJB;15/09/2025;62;Tabaco;COMPLETO;40;13,95;914,6;926;11,4;
control system;9/19/2025, 06:04 PM;JVEHF;15/09/2025;68;Milho;COMPLETO;100;4,8;737;747;10;FERTIRRIGAÇÃO
control system;9/19/2025, 06:05 PM;WPY1S;15/09/2025;69;Tabaco;COMPLETO;100;4,6;779;789;10;FERTIRRIGAÇÃO
control system;9/19/2025, 06:07 PM;38F1H;15/09/2025;71;Tabaco;COMPLETO;35;13,86;461,5;468,5;7;IRRIGOU MILHO TAMBEM
control system;9/19/2025, 06:12 PM;DHLTW;16/09/2025;7;Preparo;COMPLETO;70;7,89;175;198;23;
control system;9/19/2025, 06:15 PM;FEF1V;16/09/2025;5;Preparo;COMPLETO;70;7,89;1443;1468;25;
control system;9/19/2025, 06:17 PM;5FACY;16/09/2025;9;Tabaco;BCD;80;6,82;2635;2651;16;
control system;9/19/2025, 06:18 PM;BS98V;16/09/2025;11;Tabaco;COMPLETO;90;6,13;147;165;18;
control system;9/19/2025, 06:20 PM;5FEW6;16/09/2025;27;Cacau;COMPLETO;90;5,93;1098;1110;12;
control system;9/19/2025, 06:21 PM;9385X;16/09/2025;28;Milho;COMPLETO;70;9,54;1229,6;1246,1;16,5;
control system;9/19/2025, 06:22 PM;NDMPL;16/09/2025;29;Cacau;COMPLETO;100;5,14;1985;1995;10;
control system;9/19/2025, 06:23 PM;AB95A;16/09/2025;32;Cacau;COMPLETO;100;5,7;1195,8;1210;14,2;
control system;9/19/2025, 06:25 PM;WD27E;16/09/2025;36;Milheto;COMPLETO;100;7,2;1556;1571;15;
control system;9/19/2025, 06:26 PM;1YMH1;16/09/2025;38;Milheto;COMPLETO;80;10,06;405;422;17;
control system;9/19/2025, 06:27 PM;0HAS4;16/09/2025;39;Milho;COMPLETO;60;9,3;1296;1317;21;
control system;9/19/2025, 06:28 PM;KACFD;16/09/2025;40;Milheto;COMPLETO;100;6,96;552;581;29;
control system;9/19/2025, 06:29 PM;ERHTJ;16/09/2025;41;Milho;COMPLETO;70;9,2;1178;1199;21;
control system;9/19/2025, 06:31 PM;VXQTQ;16/09/2025;42;Tabaco;COMPLETO;90;6,4;735;749;14;
control system;9/19/2025, 06:32 PM;0JQKD;16/09/2025;46;Tabaco;AB;60;11,1;2402;2414;12;
control system;9/19/2025, 06:35 PM;LTYF2;16/09/2025;47;Milho;COMPLETO;100;7,42;691;707;16;FERTI + 126 IRRIGOU
control system;9/19/2025, 06:35 PM;PG50B;16/09/2025;53;Tabaco;COMPLETO;40;11,57;502;529;27;
control system;9/19/2025, 06:36 PM;E33YG;16/09/2025;54;Tabaco;COMPLETO;100;5,8;695;708;13;FERTIRRIGAÇÃO
control system;9/19/2025, 06:37 PM;13O5D;16/09/2025;56;Tabaco;COMPLETO;70;8,83;312;334;22;
control system;9/19/2025, 06:38 PM;UZVC4;16/09/2025;58;Tabaco;COMPLETO;70;9,34;284,1;303,8;19,7;
control system;9/19/2025, 06:40 PM;RB3CC;16/09/2025;62;Tabaco;COMPLETO;100;5,58;926;940;14;FERTIRRIGAÇÃO
control system;9/19/2025, 06:41 PM;LD2MV;16/09/2025;67;Milheto;COMPLETO;70;7,14;170;185;15;
control system;9/19/2025, 06:42 PM;Q75C9;16/09/2025;69;Tabaco;COMPLETO;60;7,67;789;807;18;
control system;9/22/2025, 05:08 PM;B8YKX;17/09/2025;104;Milho Semente;COMPLETO;60;8,25;1901,5;1920,6;19,1;
control system;9/22/2025, 05:11 PM;5UDO9;17/09/2025;108;Milho Semente;COMPLETO;100;5,34;747,7;759,6;11,9;FERTIIRRIGAÇÃO
control system;9/22/2025, 05:19 PM;O9E9U;17/09/2025;113;Milheto ;COMPLETO;70;9,1;105,7;109,4;3,7;40º TESTE
control system;9/22/2025, 05:21 PM;L9ECS;17/09/2025;115;Milho Semente;COMPLETO;70;9,2;1255,1;1275,4;20,3;
control system;9/22/2025, 05:24 PM;5R3JW;17/09/2025;120;Brachiaria;COMPLETO;100;6,51;2455,6;2459,3;3,7;40º TESTE
control system;9/22/2025, 05:27 PM;SXBIG;17/09/2025;121;Capim Miyagi;COMPLETO;100;6,37;1952,4;1966,7;14,3;
control system;9/22/2025, 05:28 PM;O5QBP;17/09/2025;130;Milho Semente;COMPLETO;70;8,23;1154;1174,3;20,3;
control system;9/22/2025, 05:36 PM;4V0J0;18/09/2025;101;Preparo;1/2-PIVO;60;9,3;1840;1843,5;3,5;40º HORARIO
control system;9/22/2025, 05:40 PM;SWL21;18/09/2025;104;Milho Semente;COMPLETO;100;4,95;1920,6;1932,5;11,9;FERIIRRIGAÇÃO
control system;9/22/2025, 05:46 PM;8FSAG;18/09/2025;121;Capim Miyagi;COMPLETO;100;6,37;1966,7;1981;14,3;
control system;9/22/2025, 05:50 PM;3TUDD;18/09/2025;102;Preparo;1/2-PIVO;50;11,16;751;752,8;1,8;40º HORÁRIO
control system;9/22/2025, 05:52 PM;H9PID;19/09/2025;104;Milho Semente;COMPLETO;100;4,95;1932,5;1942,8;10,3;FERIIRRIGAÇÃO
control system;9/22/2025, 05:55 PM;F0F9H;19/09/2025;108;Milho Semente;COMPLETO;70;7,63;759,6;776;16,4;
control system;9/22/2025, 05:57 PM;V5WGH;19/09/2025;113;Milheto ;COMPLETO;100;6,37;109,4;123,7;14,3;
control system;9/22/2025, 05:59 PM;INUCT;19/09/2025;115;Milho Semente;COMPLETO;70;9,2;1275,4;1295,7;20,3;
control system;9/22/2025, 06:01 PM;M23WY;19/09/2025;120;Brachiaria;COMPLETO;70;9,3;2459,3;2479,1;19,8;
control system;9/22/2025, 06:02 PM;LVJSR;19/09/2025;121;Capim Miyagi;COMPLETO;100;6,37;1981;1995,3;14,3;
control system;9/22/2025, 06:03 PM;XOW4W;19/09/2025;130;Milho Semente;COMPLETO;70;8,23;1174,3;1194,8;20,5;
control system;9/22/2025, 06:05 PM;XR184;20/09/2025;104;Milho Semente;COMPLETO;50;9,9;1942,8;1965,7;22,9;
control system;9/22/2025, 06:06 PM;WC0EK;20/09/2025;113;Milheto ;COMPLETO;100;6,37;123,7;138,2;14,5;
control system;9/22/2025, 06:07 PM;DC8FM;20/09/2025;118;Brachiaria;COMPLETO;70;9,2;2421,9;2441,9;20;
control system;9/22/2025, 06:09 PM;T7BPW;20/09/2025;121;Capim Miyagi;COMPLETO;100;6,37;1995,3;2010;14,7;
control system;9/22/2025, 06:10 PM;2Q9RY;20/09/2025;124;Preparo;COMPLETO;100;5,88;996,4;1011;14,6;
control system;9/22/2025, 06:11 PM;9LXX0;20/09/2025;130;Milho Semente;COMPLETO;100;5,76;1194,8;1209,1;14,3;
control system;9/22/2025, 06:15 PM;9B3QP;21/09/2025;104;Milho Semente;A;100;4,95;1965,7;1971,7;6;
control system;9/22/2025, 06:17 PM;2PQ8Q;21/09/2025;113;Milheto ;COMPLETO;100;6,37;138,2;152,6;14,4;
control system;9/22/2025, 06:18 PM;I9OIN;21/09/2025;115;Milho Semente;COMPLETO;70;9,2;1295,7;1316;20,3;
control system;9/22/2025, 06:19 PM;81EIC;21/09/2025;124;Preparo;COMPLETO;100;5,88;1011;1025,4;14,4;
control system;9/22/2025, 06:20 PM;X0CL1;21/09/2025;130;Milho Semente;COMPLETO;90;6,4;1209,1;1224,9;15,8;
control system;9/23/2025, 11:14 AM;2N6L2;17/09/2025;2;Preparo;COMPLETO;70;7,57;784;804;20;
control system;9/23/2025, 11:30 AM;SXKG3;17/09/2025;10;Tabaco;AB;100;6,3;1300;1307;7;
control system;9/23/2025, 11:34 AM;5CV5M;17/09/2025;25;Cacau;COMPLETO;60;9,67;857;877;20;
control system;9/23/2025, 11:35 AM;VTLA0;17/09/2025;27;Cacau;COMPLETO;100;5,34;1110;1121,9;11,9;
control system;9/23/2025, 11:45 AM;X12F1;17/09/2025;28;Milho;COMPLETO;70;9,54;1246,1;1265,7;19,6;
control system;9/23/2025, 11:47 AM;P48MK;17/09/2025;32;Cacau;COMPLETO;100;5,7;1210;1224;14;
control system;9/23/2025, 11:50 AM;KR5DZ;17/09/2025;36;Milheto;COMPLETO;100;7,2;1571;1602;31;2 GIROS
control system;9/23/2025, 11:51 AM;ZWT2B;17/09/2025;37;Milheto;COMPLETO;100;9,04;800;813;13;
control system;9/23/2025, 11:52 AM;L8EIP;17/09/2025;40;Milheto;COMPLETO;100;6,96;581;596;15;
control system;9/23/2025, 11:55 AM;QYFK3;17/09/2025;42;Tabaco;COMPLETO;100;5,76;749;760;11;
control system;9/23/2025, 12:01 PM;DV3K9;17/09/2025;46;Tabaco;COMPLETO;100;6,66;2414;2428;14;
control system;9/23/2025, 12:01 PM;8VBI5;17/09/2025;52;Tabaco;COMPLETO;100;6,96;2104;2120;16;
control system;9/23/2025, 12:02 PM;M0L7O;17/09/2025;53;Tabaco;COMPLETO;100;4,63;529;537;8;FERTIRRIGAÇÃO
control system;9/23/2025, 12:04 PM;TXA27;17/09/2025;54;Tabaco;COMPLETO;100;5,8;708;721;13;
control system;9/23/2025, 12:05 PM;64YRJ;17/09/2025;56;Tabaco;COMPLETO;100;6,18;334;350;16;
control system;9/23/2025, 12:11 PM;VW4P7;17/09/2025;58;Tabaco;COMPLETO;100;6,54;303,8;318,8;15,8;
control system;9/23/2025, 12:12 PM;SK9QH;17/09/2025;62;Tabaco;COMPLETO;75;7,44;940;963,6;23,6;
control system;9/23/2025, 12:19 PM;D4T8E;17/09/2025;66;Milheto;COMPLETO;70;8;235;252;17;
control system;9/23/2025, 12:20 PM;602D0;17/09/2025;68;Milho;COMPLETO;40;12;747;774;27;
control system;9/23/2025, 12:22 PM;WVFRH;17/09/2025;69;Tabaco;COMPLETO;100;4,6;807;817;10;FERTIRRIGAÇÃO
control system;9/23/2025, 12:25 PM;IPGY5;17/09/2025;71;Tabaco;COMPLETO;50;9,7;468,5;483;14,5;
control system;9/23/2025, 12:35 PM;GHEP8;18/09/2025;4;Pré Plantio;COMPLETO;50;7,84;1010;1028;18;
control system;9/23/2025, 12:35 PM;5U9KR;18/09/2025;6;Preparo;COMPLETO;50;11,64;1416;1445;29;
control system;9/23/2025, 12:37 PM;AO56K;18/09/2025;9;Tabaco;ABC;70;7,8;2651;2666;15;
control system;9/23/2025, 12:38 PM;H5ONC;18/09/2025;10;Tabaco;COMPLETO;70;9;1307;1324;17;
control system;9/23/2025, 12:39 PM;2NAGW;18/09/2025;11;Tabaco;COMPLETO;80;6,9;165;182;17;
control system;9/23/2025, 12:39 PM;TSDRG;18/09/2025;13;Tabaco;COMPLETO;55;7,78;1128;1146;18;
control system;9/23/2025, 12:40 PM;JYP9F;18/09/2025;14;Tabaco;COMPLETO;80;7,2;3281;3298;17;
control system;9/23/2025, 12:41 PM;LFSOJ;18/09/2025;25;Cacau;COMPLETO;100;5,8;877;892,5;15,5;
control system;9/23/2025, 12:43 PM;9MXS1;18/09/2025;29;Cacau;COMPLETO;100;5,14;1995;2005;10;
control system;9/23/2025, 12:57 PM;93HCL;18/09/2025;32;Cacau;COMPLETO;100;5,7;1224;1237;13;
control system;9/23/2025, 01:04 PM;7XE2O;18/09/2025;36;Milheto;COMPLETO;100;7,2;1602;1617;15;
control system;9/23/2025, 01:06 PM;4HQKF;18/09/2025;39;Milho;COMPLETO;70;7,97;1317;1334;17;
control system;9/23/2025, 01:10 PM;RGYFG;18/09/2025;46;Tabaco;COMPLETO;100;6,66;2428;2447;19;
control system;9/23/2025, 01:11 PM;1VK3S;18/09/2025;47;Milho;COMPLETO;70;10,6;707;730;23;
control system;9/23/2025, 01:12 PM;UIDU0;18/09/2025;53;Tabaco;COMPLETO;60;7,72;537;554;17;
control system;9/23/2025, 01:12 PM;WJTYH;18/09/2025;54;Tabaco;COMPLETO;100;5,8;721;734;13;FERTIRRIGAÇÃO
control system;9/23/2025, 01:13 PM;T9JX3;18/09/2025;58;Tabaco;COMPLETO;100;6,54;318,8;333,4;15,4;FERTIRRIGAÇÃO
control system;9/23/2025, 01:16 PM;DMPNR;18/09/2025;62;Tabaco;COMPLETO;100;5,58;963,6;978;14,4;FERTIRRIGAÇÃO
control system;9/23/2025, 01:18 PM;CT2ZO;18/09/2025;68;Milho;COMPLETO;50;9,6;774;795;21;
control system;9/23/2025, 01:20 PM;PK2TV;18/09/2025;71;Tabaco;COMPLETO;50;9,7;483;493,5;10,5;MILHO A 100%
control system;9/23/2025, 04:33 PM;E57UI;22/09/2025;104;Milho Semente;B;100;4,95;1971,7;1977,2;5,5;
control system;9/23/2025, 04:34 PM;F90WR;22/09/2025;108;Milho Semente;COMPLETO;70;7,63;776;792,6;16,6;
control system;9/23/2025, 04:36 PM;QCII7;22/09/2025;113;Milheto ;COMPLETO;100;6,37;152,6;167,1;14,5;
control system;9/23/2025, 04:38 PM;QTDQD;22/09/2025;115;Milho Semente;COMPLETO;100;6,44;1316;1330,8;14,8;
control system;9/23/2025, 04:39 PM;3S4E4;22/09/2025;119;Brachiaria;COMPLETO;70;9,4;1399,5;1419,7;20,2;
control system;9/23/2025, 04:42 PM;72BSR;22/09/2025;124;Preparo;COMPLETO;100;5,88;1025,4;1042,2;16,8;
control system;9/23/2025, 04:44 PM;ZI3Y8;22/09/2025;130;Milho Semente;COMPLETO;100;5,76;1224,9;1239,2;14,3;FERTIIRRIGAÇÃO
control system;9/23/2025, 04:50 PM;D6EUH;22/09/2025;104;Milho Semente;A;100;4,95;1971,7;1977,2;5,5;
control system;9/23/2025, 04:51 PM;XPKR0;19/09/2025;9;Tabaco;BCD;90;6,07;2666;2682;16;
control system;9/23/2025, 04:57 PM;AXDZC;19/09/2025;26;Preparo;COMPLETO;50;11,4;1091;1119;28;
control system;9/23/2025, 04:59 PM;TQUF8;19/09/2025;27;Cacau;COMPLETO;100;5,34;1121,9;1133,4;11,5;
control system;9/23/2025, 05:01 PM;7G74I;19/09/2025;29;Cacau;D;100;5,14;2005;2007;2;
control system;9/23/2025, 05:01 PM;MDRWU;19/09/2025;29;Cacau;ABC;70;7,34;2007;2018;11;
control system;9/23/2025, 05:03 PM;Q4MNH;19/09/2025;32;Cacau;COMPLETO;100;5,7;1237;1251;14;
control system;9/23/2025, 05:04 PM;9HFP7;19/09/2025;36;Milheto;COMPLETO;100;7,2;1617;1631;14;
control system;9/23/2025, 05:05 PM;3LP1N;19/09/2025;39;Milho;COMPLETO;100;5,58;1334;1347;13;FERTIRRIGAÇÃO
control system;9/23/2025, 05:06 PM;62AIU;19/09/2025;41;Milho;COMPLETO;70;9,2;1199;1221;22;
control system;9/23/2025, 05:07 PM;79VEI;19/09/2025;47;Milho;COMPLETO;70;10,6;730;752;22;
control system;9/23/2025, 05:09 PM;RYYYV;19/09/2025;52;Tabaco;COMPLETO;100;6,96;2120;2136;16;
control system;9/23/2025, 05:10 PM;AYNOL;19/09/2025;53;Tabaco;COMPLETO;60;7,72;554;570;16;
control system;9/23/2025, 05:14 PM;ESKFS;19/09/2025;54;Tabaco;COMPLETO;70;8,29;734;753;19;
control system;9/23/2025, 05:15 PM;X7430;19/09/2025;56;Tabaco;COMPLETO;80;7,72;350;369;19;
control system;9/23/2025, 05:33 PM;MLKY4;19/09/2025;58;Tabaco;COMPLETO;90;7,27;333,4;350;15;
control system;9/23/2025, 05:41 PM;PS6O6;19/09/2025;60;Milheto;COMPLETO;80;8,47;288;306;18;
control system;9/23/2025, 05:44 PM;G0C0Y;19/09/2025;62;Tabaco;COMPLETO;100;5,58;978;992;14;
control system;9/23/2025, 05:45 PM;U47B4;19/09/2025;68;Milho;COMPLETO;100;4,8;795;805;10;FERTIRRIGAÇÃO
control system;9/23/2025, 05:46 PM;H5SO2;19/09/2025;69;Tabaco;COMPLETO;55;8,36;817;836;19;
control system;9/23/2025, 05:49 PM;QTICP;19/09/2025;71;Tabaco;AB;100;4,85;493,5;501;7,5;FERTIRRIGAÇÃO + IRRIGAÇÃO MILHO A 90%
control system;9/23/2025, 05:51 PM;QAH10;20/09/2025;11;Tabaco;COMPLETO;80;6,9;182;202;20;
control system;9/23/2025, 05:57 PM;8QH8H;20/09/2025;12;Tabaco;COMPLETO;100;6,3;1399;1416;17;
control system;9/23/2025, 05:58 PM;FYFI1;20/09/2025;14;Tabaco;COMPLETO;90;6,4;3298;3317;19;
control system;9/23/2025, 05:59 PM;YN0XU;20/09/2025;15;Preparo;COMPLETO;70;10,54;1721;1745;24;
control system;9/23/2025, 06:10 PM;VVST2;20/09/2025;27;Cacau;COMPLETO;100;5,34;1133,4;1145;11,6;
control system;9/23/2025, 06:10 PM;GLJZY;20/09/2025;32;Cacau;COMPLETO;100;5,7;1251;1264;13;
control system;9/23/2025, 06:14 PM;V04LD;20/09/2025;5;Preparo;COMPLETO;70;7,89;1468;1488;20;
control system;9/23/2025, 06:15 PM;9RFJW;20/09/2025;40;Milheto;COMPLETO;100;6,96;596;611;15;
control system;9/23/2025, 06:18 PM;G2KJF;20/09/2025;42;Tabaco;COMPLETO;100;5,76;760;772;12;
control system;9/23/2025, 06:19 PM;NTXBE;20/09/2025;46;Tabaco;COMPLETO;100;6,66;2447;2466;19;
control system;9/23/2025, 06:20 PM;CD7F5;20/09/2025;53;Tabaco;COMPLETO;100;4,63;570;580;10;
control system;9/23/2025, 06:21 PM;87FMY;20/09/2025;54;Tabaco;COMPLETO;60;9,67;753;775;22;
control system;9/23/2025, 06:21 PM;726PR;20/09/2025;58;Tabaco;COMPLETO;100;6,54;350;366,5;16,5;
control system;9/23/2025, 06:23 PM;BH1FU;20/09/2025;60;Milheto;COMPLETO;100;6,78;306;321;15;
control system;9/23/2025, 06:24 PM;QDSSD;20/09/2025;66;Milheto;COMPLETO;100;5,6;252;264;12;
control system;9/23/2025, 06:24 PM;G92K6;20/09/2025;68;Milho;COMPLETO;100;4,8;805;815;10;
control system;9/23/2025, 06:30 PM;9JBLR;20/09/2025;69;Tabaco;COMPLETO;90;5,11;836;848;12;
control system;9/24/2025, 11:42 AM;KHW4N;21/09/2025;3;Pré Plantio;COMPLETO;70;9;1927;1948;21;
control system;9/24/2025, 11:43 AM;AOWDD;21/09/2025;4;Soja;COMPLETO;100;3,92;1028;1037;9;
control system;9/24/2025, 11:45 AM;S4ZX4;21/09/2025;9;Tabaco;BCD;100;5,46;2682;2694;12;
control system;9/24/2025, 11:46 AM;8Z603;21/09/2025;10;Tabaco;COMPLETO;90;7;1324;1341;17;
control system;9/24/2025, 11:47 AM;VGXUL;21/09/2025;13;Tabaco;COMPLETO;70;6,11;1146;1161;15;
control system;9/24/2025, 11:47 AM;D5SKX;21/09/2025;25;Cacau;COMPLETO;100;5,8;892,5;910;17,5;
control system;9/24/2025, 11:49 AM;4VQMN;21/09/2025;26;Preparo;COMPLETO;50;11,4;1119;1147;28;
control system;9/24/2025, 11:50 AM;QLATZ;21/09/2025;28;Milho;COMPLETO;70;9,54;1265,7;1284,2;18,5;
control system;9/24/2025, 11:52 AM;9O9G3;21/09/2025;29;Cacau;D;100;5,14;2018;2020;2;
control system;9/24/2025, 11:53 AM;3YL6G;21/09/2025;29;Cacau;ABC;55;9,35;2020;2034;14;
control system;9/24/2025, 12:00 PM;2GR9D;21/09/2025;32;Cacau;A;100;5,7;1264;1267,5;3,5;
control system;9/24/2025, 12:07 PM;HQ9BL;21/09/2025;35;Milheto;COMPLETO;100;5,82;200;216;16;
control system;9/24/2025, 12:07 PM;RWTO7;21/09/2025;36;Milheto;COMPLETO;100;7,2;1631;1648;17;
control system;9/24/2025, 12:08 PM;1AFS3;21/09/2025;39;Milho;COMPLETO;70;7,97;1347;1366;19;
control system;9/24/2025, 12:09 PM;7RAJS;21/09/2025;41;Milho;COMPLETO;100;6,44;1221;1234;13;
control system;9/24/2025, 12:10 PM;2WOSZ;21/09/2025;42;Tabaco;COMPLETO;100;5,76;772;784;12;
control system;9/24/2025, 12:16 PM;5EAT6;21/09/2025;43;Preparo;COMPLETO;50;13,58;1266;1295;29;
control system;9/24/2025, 12:17 PM;MQ0JE;21/09/2025;46;Tabaco;COMPLETO;100;6,66;2466;2482;16;
control system;9/24/2025, 12:18 PM;RZU1L;21/09/2025;47;Milho;COMPLETO;70;10,6;752;774;22;
control system;9/24/2025, 12:19 PM;IFZND;21/09/2025;53;Tabaco;COMPLETO;100;4,63;580;590;10;
control system;9/24/2025, 12:20 PM;NBLLX;21/09/2025;56;Tabaco;COMPLETO;70;8,83;369;391;22;
control system;9/24/2025, 12:21 PM;NQRRP;21/09/2025;62;Tabaco;COMPLETO;100;5,58;992;1002,3;10,3;
control system;9/24/2025, 12:24 PM;1D13N;21/09/2025;67;Milheto;COMPLETO;60;8,33;185;203;18;
control system;9/24/2025, 12:28 PM;OSTMC;21/09/2025;68;Milho;COMPLETO;50;9,6;815;836;21;
control system;9/24/2025, 12:30 PM;HKZGH;21/09/2025;69;Tabaco;COMPLETO;70;6,57;848;863;15;
control system;9/24/2025, 12:34 PM;BMWRR;21/09/2025;71;Tabaco;COMPLETO;50;9,7;501;514;13;MILHO A 60%UZ~I F
control system;9/24/2025, 12:41 PM;NPGFL;22/09/2025;3;Pré Plantio;COMPLETO;70;9;1948;1967;19;
control system;9/24/2025, 12:43 PM;QDGSM;22/09/2025;4;Soja;COMPLETO;100;3,92;1037;1047;10;
control system;9/24/2025, 12:44 PM;PTZP9;22/09/2025;5;Preparo;COMPLETO;70;7,89;1488;1508;20;
control system;9/24/2025, 12:49 PM;TKV6H;22/09/2025;8;Preparo;COMPLETO;70;9,4;1442;1478;36;2 GIRO
control system;9/24/2025, 12:50 PM;2HHPE;22/09/2025;15;Preparo;COMPLETO;70;10,54;1745;1766;21;
control system;9/24/2025, 12:51 PM;ZECTN;22/09/2025;25;Cacau;COMPLETO;60;9,67;910;930;20;
control system;9/24/2025, 12:51 PM;272SN;22/09/2025;27;Cacau;COMPLETO;60;8,9;1145;1164;19;
control system;9/24/2025, 12:52 PM;GPSSL;22/09/2025;28;Milho;COMPLETO;100;6,68;1284,2;1297;12,8;
control system;9/24/2025, 12:52 PM;PDB0V;22/09/2025;29;Cacau;D;100;5,14;2034;2037;3;
control system;9/24/2025, 12:54 PM;XUT8Y;22/09/2025;32;Cacau;A;100;5,7;1267,5;1273;5,5;BATE E VOLTA Q A
control system;9/24/2025, 12:55 PM;B9H5G;22/09/2025;36;Milheto;COMPLETO;100;7,2;1648;1662;14;
control system;9/24/2025, 12:55 PM;JRK54;22/09/2025;38;Milheto;COMPLETO;100;8,05;422;439;17;
control system;9/24/2025, 12:56 PM;X4FVP;22/09/2025;39;Milho;COMPLETO;100;5,58;1366;1379;13;FERTIRRIGAÇÃO
control system;9/24/2025, 12:57 PM;J6KAG;22/09/2025;41;Milho;COMPLETO;100;6,44;1234;1250;16;
control system;9/24/2025, 12:58 PM;CVYZ3;22/09/2025;43;Preparo;COMPLETO;50;13,58;1295;1322;27;
control system;9/24/2025, 01:04 PM;LLPV8;22/09/2025;52;Tabaco;COMPLETO;80;8,7;2136;2156;20;
control system;9/24/2025, 01:05 PM;IU7T3;22/09/2025;53;Tabaco;COMPLETO;60;7,72;590;607;17;
control system;9/24/2025, 01:06 PM;ULVUZ;22/09/2025;54;Tabaco;COMPLETO;70;8,29;775;794;19;
control system;9/24/2025, 01:06 PM;1IV9T;22/09/2025;56;Tabaco;COMPLETO;70;8,83;391;412;21;
control system;9/24/2025, 01:07 PM;Q1UC5;22/09/2025;58;Tabaco;COMPLETO;70;9,34;366,5;386,9;20,4;
control system;9/24/2025, 01:08 PM;AMGRF;22/09/2025;62;Tabaco;COMPLETO;70;7,97;1002,3;1025,1;22,8;
control system;9/24/2025, 01:08 PM;FJXOB;22/09/2025;68;Milho;COMPLETO;50;9,6;836;857;21;
control system;9/24/2025, 01:10 PM;THSHX;22/09/2025;71;Tabaco;COMPLETO;40;12,12;514;526,5;12,5;MILHO A 100%
control system;9/24/2025, 04:36 PM;W8TT1;23/09/2025;3;Pré Plantio;COMPLETO;70;9;1967;1986;19;
control system;9/24/2025, 04:45 PM;IDBBF;23/09/2025;4;Soja;COMPLETO;60;6,53;1047;1066;19;
control system;9/24/2025, 04:46 PM;O18CO;23/09/2025;10;Tabaco;COMPLETO;100;6,3;1341;1356;15;
control system;9/24/2025, 04:47 PM;HC911;23/09/2025;12;Tabaco;COMPLETO;90;7;1416;1433;17;
control system;9/24/2025, 04:47 PM;NXNQX;23/09/2025;13;Tabaco;A;100;4,28;1161;1166;5;
control system;9/24/2025, 04:48 PM;XH8QB;23/09/2025;15;Preparo;COMPLETO;70;10,54;1766;1786;20;
control system;9/24/2025, 05:01 PM;H7HF7;23/09/2025;18;Preparo;COMPLETO;100;6,51;878;889;11;
control system;9/24/2025, 05:03 PM;S1U5M;23/09/2025;19;Preparo;COMPLETO;70;8,21;51;72;21;
control system;9/24/2025, 05:04 PM;Q64M0;23/09/2025;21;Preparo;COMPLETO;70;7,81;1212;1232;20;
control system;9/24/2025, 05:06 PM;MU85X;23/09/2025;25;Cacau;COMPLETO;90;6,44;930;944;14;
control system;9/24/2025, 05:06 PM;XP5ZS;23/09/2025;27;Cacau;COMPLETO;90;5,93;1164;1177;13;
control system;9/24/2025, 05:07 PM;0F0DZ;23/09/2025;28;Cacau;COMPLETO;70;9,54;1297;1317;20;
control system;9/24/2025, 05:09 PM;K5OVJ;23/09/2025;29;Cacau;COMPLETO;90;5,71;2037;2046,2;9,2;
control system;9/24/2025, 05:14 PM;57KVR;23/09/2025;32;Cacau;A;90;6,33;1273;1276,6;3,6;
control system;9/24/2025, 05:15 PM;AIU5G;23/09/2025;36;Milheto;COMPLETO;100;7,2;1662;1678;16;
control system;9/24/2025, 05:16 PM;TT30D;23/09/2025;41;Milheto;COMPLETO;100;6,44;1250;1265;15;
control system;9/24/2025, 05:17 PM;Q0KJ8;23/09/2025;42;Tabaco;COMPLETO;75;7,68;784;800;16;
control system;9/24/2025, 05:19 PM;PWE9J;23/09/2025;43;Preparo;COMPLETO;70;9,7;1322;1343;21;
control system;9/24/2025, 05:20 PM;DFSIH;23/09/2025;46;Tabaco;COMPLETO;100;6,66;2482;2498;16;
control system;9/24/2025, 05:20 PM;V3HLG;23/09/2025;47;Milho;COMPLETO;100;7,42;774;790;16;
control system;9/24/2025, 05:21 PM;MM1QU;23/09/2025;53;Tabaco;COMPLETO;100;4,63;607;617;10;FERTIRRIGAÇÃO
control system;9/24/2025, 05:25 PM;M045Q;23/09/2025;54;Tabaco;COMPLETO;90;6,44;794;809;15;
control system;9/24/2025, 05:26 PM;N26PZ;23/09/2025;56;Tabaco;COMPLETO;100;6,18;412;428;16;FERTIRRIGAÇÃO
control system;9/24/2025, 05:27 PM;Z4XR3;23/09/2025;58;Tabaco;COMPLETO;100;6,54;386,9;401,7;14,8;FERTIRRIGAÇÃO
control system;9/24/2025, 06:12 PM;MZK60;23/09/2025;62;Tabaco;COMPLETO;100;5,58;1025,1;1041,5;16,4;
control system;9/24/2025, 06:13 PM;LH1DL;23/09/2025;69;Tabaco;COMPLETO;100;4,6;863;873;10;
control system;9/25/2025, 11:45 AM;WZ9LW;23/09/2025;104;Milho Semente;COMPLETO;70;7,07;1977,2;1994,6;17,4;
control system;9/25/2025, 11:47 AM;DYTFQ;23/09/2025;108;Milho Semente;COMPLETO;70;7,63;792,6;808,2;15,6;
control system;9/25/2025, 11:49 AM;3BCO7;23/09/2025;115;Milho Semente;COMPLETO;90;7,16;1330,8;1347,3;16,5;
control system;9/25/2025, 11:51 AM;N10VR;23/09/2025;126;Preparo;COMPLETO;100;6,65;710,8;725,5;14,7;
control system;9/25/2025, 11:52 AM;O3WBS;23/09/2025;130;Milho Semente;COMPLETO;100;5,76;1239,2;1253,5;14,3;
control system;9/26/2025, 10:39 AM;94M29;24/09/2025;104;Milho Semente;COMPLETO;100;4,95;1994,6;2006,9;12,3;
control system;9/26/2025, 10:57 AM;E165B;24/09/2025;105;Preparo;1/2-PIVO;50;10,32;4103,5;4105,4;1,9;TESTE
control system;9/26/2025, 11:04 AM;IKXMY;24/09/2025;112;Preparo;COMPLETO;70;9,1;958;979;21;
control system;9/26/2025, 11:07 AM;AB5VQ;24/09/2025;115;Milho Semente;COMPLETO;100;6,44;1347,3;1361,9;14,6;FERTIIRRIGAÇÃO
control system;9/26/2025, 11:14 AM;P6UVG;24/09/2025;121;Capim Miyagi;COMPLETO;100;6,37;2010;2038,6;28,6;2 GIRO
control system;9/26/2025, 11:16 AM;JRVGD;24/09/2025;126;Milheto;COMPLETO;100;6,65;725,5;739;13,5;
control system;9/26/2025, 11:18 AM;JPZ0M;24/09/2025;101;Preparo;COMPLETO;80;6,97;1843,5;1859,1;15,6;
control system;9/26/2025, 11:24 AM;5W6TI;25/09/2025;101;Preparo;COMPLETO;80;6,97;1843,5;1859,1;15,6;
control system;9/26/2025, 11:30 AM;THCNE;25/09/2025;107;Preparo;1/2-PIVO;50;9,36;824,2;827,2;3;TESTE
control system;9/26/2025, 11:41 AM;535FP;25/09/2025;113;Milheto ;1/2-PIVO;100;6,37;167,1;196;28,9;2 GIRO
control system;9/26/2025, 11:43 AM;0PSR5;25/09/2025;121;Capim Miyagi;COMPLETO;100;6,37;2038,6;2052,9;14,3;
control system;9/26/2025, 11:45 AM;NDBRB;25/09/2025;126;Milheto;COMPLETO;100;6,65;739;753,9;14,9;
control system;9/26/2025, 11:48 AM;7LY1C;25/09/2025;130;Milho Semente;COMPLETO;70;8,23;1253,5;1273,7;20,2;
control system;9/26/2025, 04:48 PM;WWSI7;24/09/2025;4;Soja;COMPLETO;60;6,53;1066;1085;19;
control system;9/26/2025, 04:48 PM;HOY3U;24/09/2025;5;Soja;COMPLETO;90;6,13;1508;1524;16;
control system;9/26/2025, 04:49 PM;ZRZXF;24/09/2025;6;Pré Plantio;COMPLETO;70;8,31;1445;1465;20;
control system;9/26/2025, 04:49 PM;2RJHL;24/09/2025;9;Tabaco;COMPLETO;100;5,46;2694;2708;14;
control system;9/26/2025, 04:50 PM;D0ZXG;24/09/2025;11;Tabaco;COMPLETO;80;6,9;202;219;17;
control system;9/26/2025, 04:51 PM;QMJUZ;24/09/2025;13;Tabaco;B;70;6,11;1166;1173;7;
control system;9/26/2025, 04:54 PM;2PB5C;24/09/2025;14;Tabaco;COMPLETO;80;7,2;3317;3336;19;
control system;9/26/2025, 04:55 PM;SYML0;24/09/2025;15;Preparo;COMPLETO;70;10,54;1786;1812;26;
control system;9/26/2025, 04:56 PM;6XO7V;24/09/2025;18;Preparo;COMPLETO;100;6,51;889;900;11;
control system;9/26/2025, 04:57 PM;GCBCD;24/09/2025;21;Preparo;COMPLETO;70;7,81;1232;1252;20;
control system;9/26/2025, 05:02 PM;P21PN;24/09/2025;23;Preparo;COMPLETO;70;7,54;828;859;31;2 GIRO
control system;9/26/2025, 05:06 PM;NB590;24/09/2025;25;Cacau;COMPLETO;60;9,67;944;964;20;
control system;9/26/2025, 05:06 PM;TP898;24/09/2025;28;Milho;COMPLETO;70;9,54;1317;1335,2;18,2;
control system;9/26/2025, 05:07 PM;37LKV;24/09/2025;29;Cacau;COMPLETO;100;5,14;2046,2;2055;8,8;FERTIIRRIGAÇÃO
control system;9/26/2025, 05:08 PM;BZEI8;24/09/2025;36;Milheto;COMPLETO;100;7,2;1678;1693;15;
control system;9/26/2025, 05:11 PM;F2VXF;24/09/2025;39;Milho;COMPLETO;100;5,58;1379;1393;14;
control system;9/26/2025, 05:12 PM;OVJIO;24/09/2025;42;Tabaco;COMPLETO;70;8,23;800;818;18;
control system;9/26/2025, 05:13 PM;7AQMG;24/09/2025;47;Milho;COMPLETO;70;10,6;790;813;23;
control system;9/26/2025, 05:14 PM;U9LOH;24/09/2025;52;Tabaco;COMPLETO;70;9,94;2156;2178;22;
control system;9/26/2025, 05:15 PM;DJ8K3;24/09/2025;53;Tabaco;COMPLETO;70;6,61;617;631;14;
control system;9/26/2025, 05:22 PM;VBYZY;24/09/2025;54;Tabaco;COMPLETO;100;5,8;809;822;13;
control system;9/26/2025, 05:23 PM;11LX8;24/09/2025;58;Tabaco;COMPLETO;100;6,54;401,7;416,2;14,5;
control system;9/26/2025, 05:26 PM;LRY0Y;24/09/2025;68;Milho;COMPLETO;100;4,8;857;867;10;FERTIIRRIGAÇÃO
control system;9/26/2025, 05:27 PM;4Z4DY;24/09/2025;69;Tabaco;COMPLETO;70;6,57;873;888;15;
control system;9/26/2025, 05:32 PM;821SC;24/09/2025;71;Tabaco;COMPLETO;100;4,85;526,5;539;12,5;MILHO 40%
control system;9/29/2025, 05:49 PM;CTKJ0;26/09/2025;101;Preparo;COMPLETO;70;7,97;1859,1;1876,7;17,6;
control system;9/29/2025, 05:52 PM;21NKD;26/09/2025;103;Preparo;COMPLETO;50;10,32;627,2;635,5;8,3;TESTE
control system;9/29/2025, 05:53 PM;PQ1B2;26/09/2025;104;Milho Semente;COMPLETO;60;8,25;2006,9;2026;19,1;
control system;9/29/2025, 06:02 PM;KTUUU;26/09/2025;108;Milho Semente;A;70;7,63;808,2;815,7;7,5;
control system;9/29/2025, 06:03 PM;H3JK4;26/09/2025;108;Milho Semente;B;60;8,9;815,7;825,8;10,1;
control system;9/29/2025, 06:05 PM;RG16R;26/09/2025;115;Milho Semente;COMPLETO;100;6,44;1361,9;1376,3;14,4;
control system;9/29/2025, 06:06 PM;LULXP;26/09/2025;113;Milheto ;COMPLETO;80;7,96;196;213,9;17,9;
control system;9/29/2025, 06:07 PM;H7U7L;26/09/2025;121;Capim Miyagi;COMPLETO;100;6,37;2052,9;2067,4;14,5;
control system;9/29/2025, 06:12 PM;0C1ZE;27/09/2025;101;Preparo;COMPLETO;60;9,3;1876,7;1897,3;20,6;
control system;9/29/2025, 06:14 PM;Q52PV;27/09/2025;103;Preparo;COMPLETO;50;10,32;635,5;653,1;17,6;
control system;9/29/2025, 06:16 PM;AAPI0;27/09/2025;104;Milho Semente;COMPLETO;60;8,25;2026;2045;19;
control system;9/29/2025, 06:25 PM;0JYKM;27/09/2025;108;Milho Semente;COMPLETO;60;8,9;825,8;845,5;19,7;
control system;9/29/2025, 06:27 PM;X39RA;27/09/2025;123;Preparo;COMPLETO;60;11,32;1905,3;1929,1;23,8;
control system;9/29/2025, 06:28 PM;D1F7H;27/09/2025;124;Milheto;COMPLETO;100;5,88;1042,2;1057,4;15,2;
control system;9/29/2025, 06:29 PM;JJ5Y5;27/09/2025;130;Milho Semente;COMPLETO;70;8,23;1273,7;1294;20,3;
control system;9/29/2025, 06:31 PM;SCW2W;27/09/2025;106;Preparo;COMPLETO;80;6,67;1246,7;1261,2;14,5;
control system;9/29/2025, 06:34 PM;GDNL1;28/09/2025;101;Preparo;COMPLETO;60;9,3;1897,3;1917,9;20,6;
control system;9/29/2025, 06:34 PM;BLFVM;28/09/2025;104;Milho Semente;COMPLETO;60;8,25;2045;2064,1;19,1;
control system;9/29/2025, 06:35 PM;4F7PK;28/09/2025;108;Milho Semente;COMPLETO;60;8,9;845,5;866;20,5;
control system;9/29/2025, 06:36 PM;19X0I;28/09/2025;113;Milheto ;COMPLETO;70;9,1;213,9;234,2;20,3;
control system;9/29/2025, 06:37 PM;205H8;28/09/2025;115;Milho Semente;COMPLETO;70;9,2;1376,3;1396,6;20,3;
control system;9/29/2025, 06:38 PM;XUL22;28/09/2025;124;Milheto;COMPLETO;100;5,88;1057,4;1072,2;14,8;
control system;9/29/2025, 06:39 PM;XYJBL;28/09/2025;126;Milheto;COMPLETO;100;6,65;753,9;768,2;14,3;
control system;9/30/2025, 11:34 AM;TM0UD;25/09/2025;3;Soja;COMPLETO;100;6,3;1986;2000;14;
control system;9/30/2025, 11:35 AM;FTODJ;25/09/2025;4;Soja;COMPLETO;60;6,53;1085;1101;16;
control system;9/30/2025, 11:36 AM;RD9N4;25/09/2025;5;Soja;COMPLETO;100;5,52;1524;1553;29;IRRIGAÇÃO + FERTI
control system;9/30/2025, 11:37 AM;5C3CX;25/09/2025;6;Soja;COMPLETO;100;5,82;1465;1482;17;
control system;9/30/2025, 11:38 AM;ZGBOI;25/09/2025;7;Preparo;COMPLETO;40;13,8;198;237;39;
control system;9/30/2025, 11:39 AM;JTYVS;25/09/2025;12;Tabaco;COMPLETO;80;7,87;1433;1451;18;
control system;9/30/2025, 11:47 AM;1GC8M;25/09/2025;18;Milheto;COMPLETO;85;7,66;900;911;11;
control system;9/30/2025, 11:51 AM;A855I;25/09/2025;19;Preparo;COMPLETO;70;8,21;72;93;21;
control system;9/30/2025, 11:51 AM;K31CF;25/09/2025;21;Preparo;COMPLETO;70;7,81;1252;1272;20;
control system;9/30/2025, 11:52 AM;XVNF0;25/09/2025;23;Preparo;COMPLETO;70;7,54;859;878;19;
control system;9/30/2025, 11:53 AM;GORVU;25/09/2025;27;Cacau;COMPLETO;60;8,9;1177;1195;18;
control system;9/30/2025, 11:54 AM;V9M11;25/09/2025;39;Milho;COMPLETO;70;7,97;1393;1411;18;
control system;9/30/2025, 11:55 AM;A716H;25/09/2025;41;Milho;COMPLETO;70;9,2;1265;1299;34;IRRIGAÇÃO + FERTI
control system;9/30/2025, 11:58 AM;BRGFB;25/09/2025;54;Tabaco;COMPLETO;100;5,8;822;848;26;IRRIGAÇÃO + FERTI
control system;9/30/2025, 11:59 AM;LLOOS;25/09/2025;56;Tabaco;COMPLETO;90;6,87;428;466;38;IRRIGAÇÃO + FERTI A 100%
control system;9/30/2025, 12:00 PM;LXWBX;25/09/2025;62;Tabaco;COMPLETO;70;7,97;1041,5;1060;18,5;
control system;9/30/2025, 12:01 PM;9DBEK;25/09/2025;68;Milho;COMPLETO;100;4,8;867;877;10;
control system;9/30/2025, 12:02 PM;JDD9N;25/09/2025;71;Tabaco;COMPLETO;80;6,06;539;547;8;
control system;9/30/2025, 12:14 PM;WS4V7;26/09/2025;3;Soja;COMPLETO;100;6,3;2000;2014;14;
control system;9/30/2025, 12:16 PM;8ZVVI;26/09/2025;4;Soja;COMPLETO;80;4,9;1101;1126;25;IRRIGAÇÃO + FERTI A 100%
control system;9/30/2025, 12:19 PM;C9GTV;26/09/2025;5;Soja;COMPLETO;100;5,52;1553;1564;11;
control system;9/30/2025, 12:26 PM;ROQ94;26/09/2025;6;Soja;COMPLETO;70;8,31;1482;1502;20;
control system;9/30/2025, 12:26 PM;WHW3N;26/09/2025;7;Preparo;COMPLETO;40;13,8;237;264;27;
control system;9/30/2025, 12:28 PM;C5OE0;26/09/2025;14;Tabaco;COMPLETO;100;5,76;3336;3350;14;
control system;9/30/2025, 12:33 PM;1X0E7;26/09/2025;17;Preparo;COMPLETO;70;9;48;68;20;
control system;9/30/2025, 12:34 PM;USUMF;26/09/2025;25;Cacau;COMPLETO;60;9,67;964;986;22;
control system;9/30/2025, 12:38 PM;G51CA;26/09/2025;26;Pré Plantio;1/2-PIVO;100;5,7;1147;1154;7;
control system;9/30/2025, 12:39 PM;TY2SK;26/09/2025;27;Cacau;COMPLETO;60;8,9;1195;1214;19;
control system;9/30/2025, 12:40 PM;QJY42;26/09/2025;28;Milho;COMPLETO;70;9,54;1335,2;1354,4;19,2;
control system;9/30/2025, 12:41 PM;YZE7V;26/09/2025;29;Cacau;COMPLETO;60;8,57;2055;2072;17;
control system;9/30/2025, 12:42 PM;I22FG;26/09/2025;31;Preparo;COMPLETO;100;6,18;785;803;18;
control system;9/30/2025, 12:46 PM;K9305;26/09/2025;32;Cacau;D;80;7,13;1276,6;1286;9,4;BATE E VOLTA
control system;9/30/2025, 12:47 PM;XF03D;26/09/2025;39;Milho;COMPLETO;70;7,97;1411;1430;19;
control system;9/30/2025, 12:49 PM;T2N8Q;26/09/2025;41;Milho;1/2-PIVO;100;6,44;1299;1306;7;FERTIRRIGAÇÃO 1/2
control system;9/30/2025, 01:08 PM;DI4YU;26/09/2025;42;Tabaco;COMPLETO;80;7,2;818;833;15;
control system;9/30/2025, 01:10 PM;CSN3M;26/09/2025;46;Tabaco;COMPLETO;80;8,32;2498;2517;19;
control system;9/30/2025, 01:11 PM;BTJFD;26/09/2025;52;Tabaco;COMPLETO;70;9,94;2178;2201;23;
control system;9/30/2025, 01:12 PM;81UBU;26/09/2025;53;Tabaco;COMPLETO;60;7,72;631;648;17;
control system;9/30/2025, 01:15 PM;G1DG7;26/09/2025;54;Tabaco;COMPLETO;70;8,29;848;867;19;
control system;9/30/2025, 01:16 PM;4EADP;26/09/2025;56;Tabaco;COMPLETO;90;6,87;466;481;15;
control system;9/30/2025, 01:19 PM;B5CXH;26/09/2025;58;Tabaco;COMPLETO;70;9,34;416,2;435;18,8;
control system;9/30/2025, 01:19 PM;WBMTC;26/09/2025;60;Milheto;COMPLETO;70;9,69;321;342;21;
control system;9/30/2025, 01:21 PM;TZACT;26/09/2025;62;Tabaco;COMPLETO;100;5,58;1060;1074;14;
control system;9/30/2025, 01:23 PM;NWY87;26/09/2025;68;Milho;COMPLETO;100;4,8;877;887;10;
control system;9/30/2025, 01:24 PM;0SHQR;26/09/2025;69;Tabaco;COMPLETO;80;5,75;888;901;13;
control system;9/30/2025, 01:27 PM;EG1CX;26/09/2025;71;Milho;COMPLETO;40;12,12;547;559,5;12,5;#NOME?
control system;9/30/2025, 04:58 PM;1O5KA;27/09/2025;3;Soja;COMPLETO;100;6,3;2014;2029;15;
control system;9/30/2025, 05:47 PM;125OI;27/09/2025;4;Soja;COMPLETO;60;6,53;1126;1141;15;
control system;9/30/2025, 05:48 PM;ML4L7;27/09/2025;5;Soja;COMPLETO;100;5,52;1564;1579;15;
control system;9/30/2025, 05:49 PM;E3O1M;27/09/2025;6;Soja;COMPLETO;100;5,82;1502;1517;15;
control system;9/30/2025, 05:51 PM;R9RB2;27/09/2025;9;Tabaco;C;100;5,46;2708;2711;3;
control system;9/30/2025, 05:52 PM;MJ6LR;27/09/2025;14;Tabaco;COMPLETO;100;5,76;3350;3369;19;
control system;9/30/2025, 05:58 PM;JGN79;27/09/2025;17;Preparo;COMPLETO;70;9;68;89;21;
control system;9/30/2025, 05:59 PM;KDHR4;27/09/2025;18;Preparo;COMPLETO;95;6,85;911;924;13;
control system;9/30/2025, 06:03 PM;OSKJA;27/09/2025;21;Preparo;COMPLETO;60;9,12;1272;1295;23;
control system;9/30/2025, 06:04 PM;KAS95;27/09/2025;23;Preparo;COMPLETO;60;8,8;878;902;24;
control system;9/30/2025, 06:06 PM;9W8ZB;27/09/2025;25;Cacau;COMPLETO;60;9,67;986;1000;14;
control system;9/30/2025, 06:11 PM;WAA40;27/09/2025;26;Soja;COMPLETO;100;5,7;1154;1169;15;
control system;9/30/2025, 06:16 PM;J2DFF;27/09/2025;27;Cacau;COMPLETO;60;8,9;1214;1234;20;
control system;9/30/2025, 06:19 PM;LVP2Z;27/09/2025;29;Cacau;COMPLETO;60;8,57;2072;2088;16;
control system;9/30/2025, 06:19 PM;UHL6Q;27/09/2025;31;Preparo;COMPLETO;70;8,83;803;826;23;
control system;9/30/2025, 06:20 PM;D3CFW;27/09/2025;32;Cacau;COMPLETO;100;5,7;1286;1293,5;7,5;
control system;9/30/2025, 06:22 PM;TOY5X;27/09/2025;39;Milho;COMPLETO;70;7,97;1430;1447;17;
control system;9/30/2025, 06:24 PM;7SVAJ;27/09/2025;42;Tabaco;COMPLETO;70;8,23;833;850;17;
control system;9/30/2025, 06:26 PM;NGHUB;27/09/2025;46;Tabaco;COMPLETO;70;9,51;2517;2540;23;
control system;9/30/2025, 06:27 PM;L00GT;27/09/2025;52;Tabaco;COMPLETO;100;6,96;2201;2217;16;
control system;9/30/2025, 06:27 PM;HUNSC;27/09/2025;53;Tabaco;COMPLETO;60;7,72;648;664;16;
control system;9/30/2025, 06:28 PM;EGM8S;27/09/2025;54;Tabaco;COMPLETO;70;8,29;867;886;19;
control system;9/30/2025, 06:29 PM;OEMX1;27/09/2025;56;Tabaco;COMPLETO;100;6,18;481;498;17;
control system;9/30/2025, 06:30 PM;PSJ93;27/09/2025;58;Tabaco;COMPLETO;70;9,34;435;456,1;21,1;
control system;9/30/2025, 06:31 PM;Y86XI;27/09/2025;62;Tabaco;COMPLETO;70;7,97;1074;1094;20;
control system;9/30/2025, 06:31 PM;2OSCR;27/09/2025;68;Milho;COMPLETO;100;4,8;887;897;10;
control system;9/30/2025, 06:34 PM;AKB85;27/09/2025;71;Tabaco;COMPLETO;40;12,12;559,5;577,5;18;
control system;10/3/2025, 01:13 PM;6EQO5;28/09/2025;2;Preparo;COMPLETO;70;7,57;804;822;18;
control system;10/3/2025, 01:15 PM;HNMFK;28/09/2025;3;Soja;COMPLETO;100;6,3;2029;2044;15;
control system;10/3/2025, 01:17 PM;LO4IN;28/09/2025;4;Soja;COMPLETO;60;6,53;1141;1156;15;
control system;10/3/2025, 01:18 PM;D861U;28/09/2025;5;Soja;COMPLETO;100;5,52;1579;1594;15;
control system;10/3/2025, 01:19 PM;8OYGN;28/09/2025;6;Soja;COMPLETO;100;5,82;1517;1532;15;
control system;10/3/2025, 01:21 PM;ADUMK;28/09/2025;12;Tabaco;COMPLETO;100;6,3;1451;1467;16;
control system;10/3/2025, 01:21 PM;CZBRN;28/09/2025;18;Milheto;COMPLETO;95;6,85;924;939;15;
control system;10/3/2025, 01:23 PM;62YL0;28/09/2025;19;Preparo;COMPLETO;70;8,21;93;114;21;
control system;10/3/2025, 01:26 PM;C043V;28/09/2025;21;Preparo;COMPLETO;60;9,12;1295;1318;23;
control system;10/3/2025, 01:27 PM;E7W5C;28/09/2025;26;Soja;COMPLETO;100;5,7;1169;1184;15;
control system;10/3/2025, 01:28 PM;P40QE;28/09/2025;27;Cacau;COMPLETO;60;8,9;1234;1252;18;
control system;10/3/2025, 01:29 PM;3FB8G;28/09/2025;29;Cacau;COMPLETO;60;8,57;2088;2105;17;
control system;10/3/2025, 01:30 PM;G8XMQ;28/09/2025;32;Cacau;D;100;5,7;1293,5;1298;4,5;
control system;10/3/2025, 01:31 PM;3QFRP;28/09/2025;11;Tabaco;COMPLETO;90;6,13;219;234;15;
control system;10/3/2025, 01:32 PM;6D4UJ;28/09/2025;39;Milho;COMPLETO;70;7,97;1447;1466;19;
control system;10/3/2025, 01:32 PM;VZ0MQ;28/09/2025;41;Milho;COMPLETO;70;9,2;1306;1326;20;
control system;10/3/2025, 01:36 PM;U6NQF;28/09/2025;47;Milho;COMPLETO;100;7,42;813;830;17;
control system;10/3/2025, 01:52 PM;FEVS9;28/09/2025;53;Tabaco;COMPLETO;100;4,63;664;674;10;
control system;10/3/2025, 01:53 PM;IZB5J;28/09/2025;54;Tabaco;COMPLETO;100;5,8;886;899;13;
control system;10/3/2025, 01:54 PM;9C5VV;28/09/2025;58;Tabaco;COMPLETO;100;6,54;456,1;470,5;14,4;
control system;10/3/2025, 01:55 PM;QTCSR;28/09/2025;62;Tabaco;COMPLETO;100;5,58;1094;1108,9;14,9;
control system;10/3/2025, 01:58 PM;3,21E+04;28/09/2025;69;Tabaco;COMPLETO;50;9,2;901;922;21;
control system;10/3/2025, 02:00 PM;N39WA;29/09/2025;2;Preparo;COMPLETO;70;7,57;822;839;17;
control system;10/3/2025, 02:04 PM;H4XQT;29/09/2025;3;Soja;COMPLETO;100;6,3;2044;2059;15;
control system;10/3/2025, 02:05 PM;DI3SM;29/09/2025;4;Soja;COMPLETO;100;3,92;1156;1165;9;
control system;10/3/2025, 02:07 PM;TXESA;29/09/2025;5;Soja;COMPLETO;100;5,52;1594;1609;15;
control system;10/3/2025, 02:07 PM;1G9UG;29/09/2025;13;Tabaco;COMPLETO;60;7,13;1173;1189;16;
control system;10/3/2025, 02:16 PM;7FTZR;29/09/2025;23;Preparo;COMPLETO;70;7,54;902;922;20;
control system;10/3/2025, 02:18 PM;YYE8F;29/09/2025;25;Cacau;COMPLETO;100;5,8;1000;1011;11;FERTIRRIGAÇÃO
control system;10/3/2025, 05:52 PM;TPVFI;29/09/2025;26;Soja;COMPLETO;100;5,7;1184;1199;15;
control system;10/3/2025, 05:53 PM;VH5TA;29/09/2025;29;Cacau;D;100;5,14;2105;2107;2;
control system;10/3/2025, 05:56 PM;ZJJ18;29/09/2025;31;Preparo;COMPLETO;70;8,83;826;847;21;
control system;10/3/2025, 05:57 PM;Z349V;29/09/2025;32;Cacau;D;100;5,7;1298;1303;5;
control system;10/3/2025, 06:09 PM;J0B6I;29/09/2025;42;Tabaco;COMPLETO;70;8,23;850;868;18;
control system;10/3/2025, 06:13 PM;ASQY3;29/09/2025;46;Tabaco;COMPLETO;70;9,51;2540;2562;22;
control system;10/3/2025, 06:15 PM;TCE7A;29/09/2025;47;Milho;COMPLETO;70;10,6;830;853;23;
control system;10/3/2025, 06:17 PM;UPX34;29/09/2025;52;Tabaco;COMPLETO;70;9,94;2217;2239;22;
control system;10/3/2025, 06:22 PM;6K2MF;29/09/2025;54;Tabaco;COMPLETO;100;5,8;899;912;13;FERTIRRIGAÇÃO
control system;10/3/2025, 06:26 PM;NR7NI;29/09/2025;56;Tabaco;COMPLETO;70;8,83;498;520;22;
control system;10/3/2025, 06:32 PM;KJ4E2;29/09/2025;68;Milho;COMPLETO;60;8;897;915;18;
control system;10/3/2025, 06:33 PM;ODDTZ;29/09/2025;69;Tabaco;COMPLETO;100;4,6;922;932;10;FERTIRRIGAÇÃO
control system;10/7/2025, 11:32 AM;PIOR8;29/09/2025;71;Tabaco;COMPLETO;40;12,12;577,5;595,5;18;GIRO COMPLETO
control system;10/7/2025, 11:39 AM;D3C02;30/09/2025;3;Soja;COMPLETO;100;6,3;2059;2074;15;FERTIRRIGAÇÃO
control system;10/7/2025, 11:43 AM;JFA97;30/09/2025;4;Soja;COMPLETO;80;4,9;1165;1177;12;
control system;10/7/2025, 11:45 AM;S5Z5J;30/09/2025;5;Soja;COMPLETO;100;5,52;1609;1624;15;
control system;10/7/2025, 11:50 AM;AFE09;30/09/2025;6;Soja;COMPLETO;100;5,82;1532;1547;15;
control system;10/7/2025, 11:51 AM;KFQ6S;30/09/2025;9;Tabaco;CD;100;5,46;2711;2719;8;
control system;10/7/2025, 11:52 AM;IDMT0;30/09/2025;12;Tabaco;COMPLETO;80;7,87;1467;1483;16;
control system;10/7/2025, 12:04 PM;CWY03;30/09/2025;19;Preparo;COMPLETO;100;5,75;114;129;15;
control system;10/7/2025, 12:07 PM;DTVTW;30/09/2025;21;Preparo;COMPLETO;70;7,81;1318;1340;22;
control system;10/7/2025, 12:16 PM;1X5FX;30/09/2025;26;Soja;COMPLETO;100;5,7;1199;1214;15;
control system;10/7/2025, 12:17 PM;3WCT8;30/09/2025;27;Cacau;COMPLETO;60;8,9;1252;1270;18;
control system;10/7/2025, 12:18 PM;23BCS;30/09/2025;28;Milho;COMPLETO;70;9,54;1354,4;1373,2;18,8;
control system;10/7/2025, 12:25 PM;OKWSB;30/09/2025;29;Cacau;D;100;5,14;2107;2109;2;
control system;10/7/2025, 12:28 PM;PUME6;30/09/2025;29;Cacau;ABC;60;8,57;2109;2122,2;13,2;
control system;10/7/2025, 12:33 PM;LOST1;30/09/2025;32;Cacau;D;80;7,13;1303;1307;4;
control system;10/7/2025, 12:33 PM;18APF;30/09/2025;35;Milheto;COMPLETO;60;9,7;216;243;27;
control system;10/7/2025, 12:38 PM;VP0QX;30/09/2025;37;Milheto;COMPLETO;70;12,91;813;828;15;
control system;10/7/2025, 12:38 PM;8AQL3;30/09/2025;39;Milho;COMPLETO;60;9,3;1466;1487;21;
control system;10/7/2025, 12:39 PM;D8QMS;30/09/2025;41;Milho;COMPLETO;70;9,2;1326;1348;22;
control system;10/7/2025, 12:41 PM;QMPNH;30/09/2025;53;Tabaco;COMPLETO;50;9,26;674;694;20;
control system;10/7/2025, 12:42 PM;T3DGD;30/09/2025;54;Tabaco;COMPLETO;70;8,29;912;931;19;
control system;10/7/2025, 12:46 PM;XPQFH;30/09/2025;56;Tabaco;COMPLETO;100;6,18;520;535;15;
control system;10/7/2025, 12:47 PM;U0R8Y;30/09/2025;58;Tabaco;COMPLETO;100;6,54;470,5;484,9;14,4;FERTIRRIGAÇÃO
control system;10/7/2025, 12:48 PM;QQUL4;30/09/2025;62;Tabaco;COMPLETO;70;7,97;1108,9;1127,9;19;
control system;10/7/2025, 12:49 PM;O5H83;30/09/2025;69;Tabaco;COMPLETO;95;4,84;932;943;11;
control system;10/7/2025, 12:52 PM;RUR0A;30/09/2025;71;Tabaco;1/2-PIVO;100;4,85;595,5;599;3,5;
control system;10/7/2025, 01:21 PM;ARD4R;01/10/2025;2;Preparo;COMPLETO;70;7,57;839;857;18;
control system;10/7/2025, 01:22 PM;FHWT3;01/10/2025;3;Soja;COMPLETO;100;6,3;2074;2089;15;FERTIRRIGAÇÃO
control system;10/7/2025, 01:26 PM;A94FE;01/10/2025;4;Soja;COMPLETO;80;4,9;1177;1189;12;
control system;10/7/2025, 01:33 PM;A5RP4;01/10/2025;5;Soja;COMPLETO;100;5,52;1624;1639;15;
control system;10/7/2025, 01:34 PM;NT3X1;01/10/2025;6;Soja;COMPLETO;100;5,82;1547;1562;15;FERTIRRIGAÇÃO
control system;10/7/2025, 01:37 PM;8RBAO;01/10/2025;15;Preparo;COMPLETO;90;8,2;1812;1830;18;
control system;10/7/2025, 01:39 PM;Q76WZ;01/10/2025;17;Pré Plantio;COMPLETO;100;6,3;89;104;15;
control system;10/7/2025, 01:41 PM;3XHXW;01/10/2025;23;Preparo;COMPLETO;90;5,87;922;939;17;
control system;10/7/2025, 01:42 PM;RMGBG;01/10/2025;25;Cacau;COMPLETO;60;9,67;1011;1030;19;
control system;10/7/2025, 01:43 PM;H8DR8;01/10/2025;26;Soja;COMPLETO;100;5,7;1214;1229;15;
control system;10/7/2025, 01:44 PM;PRLAJ;01/10/2025;27;Cacau;COMPLETO;60;8,9;1270;1290;20;
control system;10/7/2025, 01:47 PM;PLKZO;01/10/2025;29;Cacau;D;100;5,14;2122,2;2125;2,8;
control system;10/7/2025, 01:51 PM;3LRT2;01/10/2025;29;Cacau;ABC;60;8,57;2125;2146,5;21,5;2 GIROS
control system;10/7/2025, 01:53 PM;11YWI;01/10/2025;39;Milho;COMPLETO;60;9,3;1487;1507;20;
control system;10/7/2025, 01:57 PM;S0R39;01/10/2025;41;Milho;COMPLETO;70;9,2;1348;1369;21;
control system;10/7/2025, 02:00 PM;92MUA;01/10/2025;47;Milho;COMPLETO;70;10,6;853;900;47;2 GIROS
control system;10/7/2025, 02:01 PM;IH8MB;01/10/2025;53;Tabaco;COMPLETO;60;7,72;694;711;17;
control system;10/7/2025, 02:05 PM;YEWLO;01/10/2025;56;Tabaco;COMPLETO;75;8,24;535;554;19;
control system;10/7/2025, 02:07 PM;IF3SV;01/10/2025;58;Tabaco;COMPLETO;100;6,54;484,9;499,3;14,4;FERTIRRIGAÇÃO
control system;10/7/2025, 02:08 PM;U8PS2;01/10/2025;40;Milho;1/2-PIVO;40;17,4;611;620;9;
control system;10/9/2025, 06:16 PM;RK4N7;02/10/2025;3;Soja;COMPLETO;100;6,3;2089;2104;15;FERTIRRIGAÇÃO
control system;10/9/2025, 06:25 PM;KDP3V;02/10/2025;4;Soja;COMPLETO;60;6,53;1189;1205;16;
control system;10/9/2025, 06:27 PM;ABT75;02/10/2025;5;Soja;COMPLETO;100;5,52;1639;1654;15;FERTIRRIGAÇÃO
control system;10/9/2025, 06:30 PM;UAAEK;02/10/2025;6;Soja;COMPLETO;100;5,82;1562;1577;15;
control system;10/9/2025, 06:31 PM;FXF7U;02/10/2025;13;Tabaco;COMPLETO;60;7,13;1189;1206;17;
control system;10/9/2025, 06:33 PM;D9IXE;02/10/2025;14;Tabaco;COMPLETO;100;5,76;3369;3384;15;
control system;10/9/2025, 06:37 PM;ZECMO;02/10/2025;17;Soja;COMPLETO;100;6,3;104;119;15;
control system;10/9/2025, 06:39 PM;BOGI7;02/10/2025;21;Soja;COMPLETO;100;5,47;1340;1355;15;
control system;10/9/2025, 06:42 PM;YID2L;02/10/2025;25;Cacau;COMPLETO;60;9,67;1030;1048;18;
control system;10/9/2025, 06:47 PM;EM2UV;02/10/2025;26;Soja;COMPLETO;100;5,7;1229;1244;15;
control system;10/9/2025, 06:49 PM;UR84F;02/10/2025;28;Milho;COMPLETO;70;9,54;1373,2;1392,4;19,2;
control system;10/9/2025, 06:50 PM;B26MV;02/10/2025;29;Cacau;D;100;5,14;2146,5;2149;2,5;
control system;10/9/2025, 06:55 PM;YMC6J;02/10/2025;32;Cacau;D;65;8,77;1307;1312,5;5,5;
control system;10/9/2025, 06:57 PM;GU5UN;02/10/2025;40;Milheto;COMPLETO;100;6,96;620;635;15;
control system;10/9/2025, 06:59 PM;4830A;02/10/2025;46;Tabaco;COMPLETO;90;7,4;2562;2579;17;
control system;10/9/2025, 07:04 PM;OJKLK;02/10/2025;56;Tabaco;COMPLETO;100;6,18;554;569;15;FERTIRRIGAÇÃO
control system;10/9/2025, 07:07 PM;0C40F;02/10/2025;68;Milho;COMPLETO;50;9,6;915;936;21;
control system;10/9/2025, 07:08 PM;MPV1X;02/10/2025;69;Tabaco;COMPLETO;50;9,2;943;964;21;
control system;10/9/2025, 07:09 PM;BLS5Y;02/10/2025;71;Tabaco;1/2-PIVO;40;12,12;599;608;9;
control system;10/9/2025, 07:11 PM;O8HC8;03/10/2025;3;Soja;COMPLETO;100;6,3;2104;2119;15;
control system;10/9/2025, 07:12 PM;3V350;03/10/2025;4;Soja;COMPLETO;100;3,92;1205;1214;9;FERTIRRIGAÇÃO
control system;10/9/2025, 07:13 PM;S5RS2;03/10/2025;5;Soja;COMPLETO;100;5,52;1654;1669;15;
control system;10/9/2025, 07:14 PM;0W875;03/10/2025;6;Soja;COMPLETO;100;5,82;1577;1592;15;
control system;10/9/2025, 07:18 PM;TLULK;03/10/2025;17;Soja;COMPLETO;100;6,3;119;134;15;
control system;10/9/2025, 07:19 PM;KSE5N;03/10/2025;19;Soja;COMPLETO;100;5,75;129;144;15;
control system;10/9/2025, 07:26 PM;8IKF6;03/10/2025;20;Preparo;COMPLETO;80;8,55;946;966;20;
control system;10/9/2025, 07:36 PM;CHPVD;03/10/2025;24;Preparo;COMPLETO;80;7,87;1622;1640;18;
control system;10/9/2025, 07:44 PM;BQIDS;03/10/2025;25;Cacau;D;100;5,8;1048;1051,6;3,6;
control system;10/9/2025, 07:45 PM;OD2JR;03/10/2025;26;Soja;COMPLETO;100;5,7;1244;1259;15;
control system;10/9/2025, 07:47 PM;OALEJ;03/10/2025;27;Cacau;COMPLETO;60;8,9;1290;1309;19;
control system;10/9/2025, 07:48 PM;39RP8;03/10/2025;29;Cacau;D;100;5,14;2149;2152;3;
control system;10/9/2025, 07:53 PM;A3O7N;03/10/2025;39;Milho;COMPLETO;100;5,58;1507;1519;12;FERTIRRIGAÇÃO
control system;10/9/2025, 07:57 PM;EE9HA;03/10/2025;42;Tabaco;COMPLETO;80;7,2;868;883;15;
control system;10/9/2025, 07:58 PM;EKJG1;03/10/2025;52;Tabaco;CD;100;6,96;2239;2248;9;
control system;10/9/2025, 08:01 PM;CZ0M6;03/10/2025;53;Tabaco;COMPLETO;100;4,63;711;721;10;
control system;10/9/2025, 08:08 PM;QNQ62;03/10/2025;41;Milho;COMPLETO;70;9,2;1369;1390;21;
control system;10/9/2025, 08:12 PM;3U8IG;03/10/2025;47;Milho;COMPLETO;70;10,6;900;918;18;
control system;10/9/2025, 08:13 PM;KTH3K;03/10/2025;56;Tabaco;COMPLETO;100;6,18;569;584;15;
control system;10/9/2025, 08:14 PM;O09CE;03/10/2025;58;Tabaco;COMPLETO;100;6,54;499,3;513,8;14,5;
control system;10/9/2025, 08:15 PM;P7ANB;03/10/2025;60;Milheto;COMPLETO;70;9,69;342;363;21;
control system;10/9/2025, 08:16 PM;0DEVT;03/10/2025;62;Tabaco;COMPLETO;75;7,44;1127,9;1144,7;16,8;
control system;10/9/2025, 08:22 PM;YBICN;03/10/2025;64;Preparo;COMPLETO;50;10,9;619;641;22;#NOME?
control system;10/9/2025, 08:23 PM;ZTDCX;03/10/2025;68;Milho;COMPLETO;50;9,6;936;956;20;
control system;10/9/2025, 08:25 PM;M04VD;03/10/2025;71;Milho;1/2-PIVO;40;12,12;608;620,5;12,5;#NOME?
control system;10/10/2025, 12:24 PM;XLDMU;04/10/2025;3;Soja;COMPLETO;100;6,3;2119;2134;15;
control system;10/10/2025, 12:25 PM;31DCW;04/10/2025;4;Soja;COMPLETO;100;3,92;1214;1223;9;
control system;10/10/2025, 12:26 PM;OZL5O;04/10/2025;5;Soja;COMPLETO;100;5,52;1669;1684;15;
control system;10/10/2025, 12:27 PM;YPVHK;04/10/2025;6;Soja;COMPLETO;100;5,82;1592;1607;15;
control system;10/10/2025, 12:28 PM;Y1BSW;04/10/2025;12;Tabaco;COMPLETO;100;6,3;1483;1501;18;
control system;10/10/2025, 12:28 PM;LHDXY;04/10/2025;13;Tabaco;COMPLETO;100;4,28;1206;1216;10;
control system;10/10/2025, 12:29 PM;DHC21;04/10/2025;17;Soja;COMPLETO;100;6,3;134;149;15;
control system;10/10/2025, 12:30 PM;UX5H9;04/10/2025;19;Soja;COMPLETO;90;5,75;144;160;16;
control system;10/10/2025, 12:34 PM;WBCXR;04/10/2025;21;Soja;COMPLETO;80;6,84;1355;1373;18;
control system;10/10/2025, 12:43 PM;Y4HXU;04/10/2025;22;Preparo;COMPLETO;80;9,01;669;687;18;
control system;10/10/2025, 12:48 PM;E79R9;04/10/2025;25;Cacau;ABC;60;9,67;1051,6;1066;14,4;
control system;10/10/2025, 12:48 PM;1GGNO;04/10/2025;25;Cacau;D;100;5,8;1066;1069,6;3,6;
control system;10/10/2025, 12:52 PM;XO1H9;04/10/2025;26;Soja;COMPLETO;100;5,7;1259;1274;15;
control system;10/10/2025, 12:52 PM;6AP2Y;04/10/2025;27;Cacau;COMPLETO;60;8,9;1309;1328;19;
control system;10/10/2025, 12:57 PM;VWDLV;04/10/2025;31;Soja;COMPLETO;100;6,18;847;862;15;
control system;10/10/2025, 12:58 PM;6HKS1;04/10/2025;32;Cacau;D;90;6,33;1312,5;1317,5;5;
control system;10/10/2025, 12:59 PM;F58BV;04/10/2025;35;Soja;COMPLETO;100;5,82;243;259;16;
control system;10/10/2025, 01:01 PM;QZ7ZE;04/10/2025;36;Soja;COMPLETO;70;10,29;1693;1716;23;
control system;10/10/2025, 01:01 PM;GTUAA;04/10/2025;37;Soja;COMPLETO;100;9,04;828;843;15;
control system;10/10/2025, 01:02 PM;3SGZR;04/10/2025;39;Milho;COMPLETO;60;9,3;1519;1540;21;
control system;10/10/2025, 01:04 PM;O46EG;04/10/2025;41;Milho;COMPLETO;70;9,2;1390;1410;20;
control system;10/10/2025, 01:09 PM;MSAMR;04/10/2025;44;Preparo;COMPLETO;70;10,37;236;252;16;
control system;10/10/2025, 01:13 PM;R3G1E;04/10/2025;47;Milho;COMPLETO;70;10,6;918;940;22;
control system;10/10/2025, 01:14 PM;KAU87;04/10/2025;52;Tabaco;BC;100;6,96;2248;2256;8;
control system;10/10/2025, 01:15 PM;KMAIS;04/10/2025;53;Tabaco;COMPLETO;100;4,63;721;731;10;
control system;10/10/2025, 01:16 PM;WYC2A;04/10/2025;56;Tabaco;COMPLETO;100;6,18;584;595;11;
control system;10/10/2025, 01:17 PM;BF6X0;04/10/2025;58;Tabaco;COMPLETO;100;6,54;513,8;528,4;14,6;
control system;10/10/2025, 01:17 PM;CBFX8;04/10/2025;66;Milheto;COMPLETO;60;9,33;264;284;20;
control system;10/10/2025, 01:18 PM;SBVFH;04/10/2025;68;Milho;COMPLETO;100;4,8;956;966;10;
control system;10/10/2025, 01:19 PM;21JRJ;04/10/2025;69;Tabaco;COMPLETO;100;4,6;964;974;10;
control system;10/10/2025, 01:20 PM;MYKDN;04/10/2025;71;Tabaco;1/2-PIVO;40;12,12;620,5;629,5;9;
control system;10/10/2025, 01:22 PM;4VKVU;04/10/2025;71;Milho;1/2-PIVO;100;4,85;629,5;633,5;4;
control system;10/10/2025, 01:27 PM;XYGTB;05/10/2025;3;Soja;COMPLETO;100;6,3;2134;2149;15;
control system;10/10/2025, 01:28 PM;HKW12;05/10/2025;4;Soja;COMPLETO;100;3,92;1223;1232;9;
control system;10/10/2025, 01:29 PM;I74PV;05/10/2025;6;Soja;COMPLETO;100;5,82;1607;1622;15;
control system;10/10/2025, 01:30 PM;1OP5Y;05/10/2025;8;Preparo;COMPLETO;80;8,22;1478;1496;18;
control system;10/10/2025, 01:31 PM;NOENU;05/10/2025;15;Soja;COMPLETO;100;7,38;1830;1846;16;
control system;10/10/2025, 01:32 PM;WTE06;05/10/2025;17;Soja;COMPLETO;100;6,3;149;163;14;
control system;10/10/2025, 01:32 PM;658G7;05/10/2025;19;Soja;COMPLETO;100;5,75;160;175;15;
control system;10/10/2025, 01:34 PM;1IKOK;05/10/2025;21;Soja;COMPLETO;100;5,47;1373;1387;14;
control system;10/10/2025, 01:35 PM;463TA;05/10/2025;26;Soja;COMPLETO;100;5,7;1274;1289;15;
control system;10/10/2025, 01:35 PM;ZHVMY;05/10/2025;27;Cacau;COMPLETO;100;5,34;1328;1340;12;
control system;10/10/2025, 01:38 PM;OP6HQ;05/10/2025;29;Cacau;D;100;5,14;2152;2155;3;
control system;10/10/2025, 01:40 PM;58UU2;05/10/2025;31;Soja;COMPLETO;100;6,18;862;877;15;
control system;10/10/2025, 01:41 PM;M8CBU;05/10/2025;32;Cacau;D;100;5,7;1317,5;1324;6,5;
control system;10/10/2025, 01:46 PM;6LN20;05/10/2025;5;Soja;COMPLETO;100;5,52;1684;1699;15;
control system;10/10/2025, 01:52 PM;9KQHD;05/10/2025;35;Soja;COMPLETO;100;5,82;259;274,3;15,3;
control system;10/10/2025, 01:52 PM;LVMMA;05/10/2025;37;Soja;COMPLETO;100;9,04;843;856;13;
control system;10/10/2025, 01:53 PM;M4QOZ;05/10/2025;38;Pré Plantio;COMPLETO;80;10,06;439;458;19;
control system;10/10/2025, 01:56 PM;I5TMY;05/10/2025;40;Pré Plantio;COMPLETO;60;11,6;635;660;25;
control system;10/10/2025, 02:01 PM;PC4VM;05/10/2025;41;Milho;COMPLETO;70;9,2;1410;1431;21;
control system;10/10/2025, 02:02 PM;9BRB9;05/10/2025;42;Tabaco;COMPLETO;100;5,76;883;895;12;
control system;10/10/2025, 02:03 PM;X9ABW;05/10/2025;43;Pré Plantio;COMPLETO;70;9,7;1343;1363;20;
control system;10/10/2025, 02:05 PM;KFS9W;05/10/2025;46;Tabaco;COMPLETO;90;7,4;2579;2596;17;
control system;10/10/2025, 02:07 PM;FUU6M;05/10/2025;47;Milho;COMPLETO;70;10,6;940;960;20;
control system;10/10/2025, 02:08 PM;UPV0Z;05/10/2025;54;Tabaco;COMPLETO;100;5,8;931;944;13;
control system;10/10/2025, 02:09 PM;0OG7F;05/10/2025;56;Tabaco;COMPLETO;70;8,83;595;617;22;
control system;10/10/2025, 02:10 PM;MGO7Q;05/10/2025;62;Tabaco;COMPLETO;80;6,97;1144,7;1165;20,3;
control system;10/10/2025, 02:12 PM;SJM2Z;05/10/2025;67;Milheto;COMPLETO;60;8,33;203;221;18;
control system;10/10/2025, 02:12 PM;ODHFO;05/10/2025;68;Milho;COMPLETO;50;9,6;966;987;21;
control system;10/10/2025, 02:13 PM;18UR9;05/10/2025;69;Tabaco;COMPLETO;100;4,6;974;984;10;
control system;10/10/2025, 02:14 PM;GUFRF;05/10/2025;71;Milho;1/2-PIVO;40;12,12;633,5;642,5;9;
control system;10/13/2025, 05:56 PM;USYSY;06/10/2025;2;Preparo;COMPLETO;80;6,62;857;873;16;
control system;10/13/2025, 05:57 PM;WANZC;06/10/2025;3;Soja;COMPLETO;100;6,3;2149;2164;15;
control system;10/13/2025, 05:58 PM;8731J;06/10/2025;5;Soja;COMPLETO;100;5,52;1699;1714;15;FERTIRRIGAÇÃO
control system;10/13/2025, 05:59 PM;UZWDP;06/10/2025;7;Preparo;COMPLETO;80;6,9;264;278;14;
control system;10/13/2025, 06:00 PM;GFEIT;06/10/2025;12;Tabaco;COMPLETO;100;6,3;1501;1515;14;
control system;10/13/2025, 06:01 PM;VMY9P;06/10/2025;14;Tabaco;COMPLETO;100;5,76;3384;3400;16;
control system;10/13/2025, 06:02 PM;NONYG;06/10/2025;17;Soja;COMPLETO;100;6,3;163;178;15;
control system;10/13/2025, 06:06 PM;Q56KZ;06/10/2025;19;Soja;COMPLETO;100;5,75;175;190;15;
control system;10/13/2025, 06:08 PM;7GSXK;06/10/2025;21;Soja;COMPLETO;80;6,84;1387;1402;15;
control system;10/13/2025, 06:13 PM;LARV2;06/10/2025;25;Cacau;D;100;5,8;1069,6;1074,9;5,3;
control system;10/13/2025, 06:15 PM;ZNOKD;06/10/2025;25;Cacau;ABC;60;9,67;1074,9;1088,3;13,4;
control system;10/13/2025, 06:16 PM;YG9R9;06/10/2025;26;Soja;COMPLETO;100;5,7;1289;1304;15;
control system;10/13/2025, 06:17 PM;K65LC;06/10/2025;27;Cacau;COMPLETO;60;8,9;1340;1359;19;
control system;10/13/2025, 06:18 PM;2D19L;06/10/2025;29;Cacau;D;100;5,14;2155;2158;3;
control system;10/13/2025, 06:26 PM;VWNAT;06/10/2025;29;Cacau;ABC;60;8,57;2158;2164;6;
control system;10/13/2025, 06:37 PM;5M1WG;06/10/2025;31;Cacau;COMPLETO;90;6,87;877;893;16;
control system;10/13/2025, 06:41 PM;TVFOG;06/10/2025;32;Cacau;D;90;6,33;1324;1328;4;
control system;10/13/2025, 06:45 PM;M39SQ;06/10/2025;35;Soja;COMPLETO;100;5,82;274,3;305;30,7;2 GIRO
control system;10/13/2025, 06:46 PM;QZL7M;06/10/2025;37;Soja;COMPLETO;100;9,04;856;876;20;2 GIRO
control system;10/13/2025, 06:48 PM;UVCCV;06/10/2025;39;Milho;COMPLETO;60;9,3;1540;1561;21;
control system;10/13/2025, 06:50 PM;PQPQ2;06/10/2025;52;Tabaco;COMPLETO;100;6,96;2256;2272;16;
control system;10/13/2025, 06:54 PM;XQ0T5;06/10/2025;53;Tabaco;COMPLETO;70;6,61;731;746;15;
control system;10/13/2025, 06:55 PM;5RRUP;06/10/2025;36;Soja;COMPLETO;100;7,2;1716;1731;15;
control system;10/13/2025, 06:56 PM;0EQ7Z;06/10/2025;40;Soja;COMPLETO;100;6,96;660;675;15;
control system;10/13/2025, 06:59 PM;BFZQH;06/10/2025;44;Preparo;COMPLETO;80;9,07;252;265;13;
control system;10/13/2025, 07:00 PM;2A7DE;06/10/2025;58;Tabaco;COMPLETO;100;6,54;528,4;557,7;29,3;FERTI + IRRIGAÇÃO
control system;10/13/2025, 07:01 PM;E7MUZ;06/10/2025;68;Milho;COMPLETO;50;9,6;987;1007;20;
control system;10/13/2025, 07:02 PM;XQ8H4;06/10/2025;71;Tabaco;AB;40;12,12;642,5;651,5;9;
control system;10/14/2025, 12:31 PM;04A9J;07/10/2025;2;Preparo;COMPLETO;80;6,62;873;891;18;
control system;10/14/2025, 12:33 PM;YOKQT;07/10/2025;4;Soja;COMPLETO;80;4,9;1232;1244;12;
control system;10/14/2025, 12:37 PM;7DZUV;07/10/2025;7;Preparo;1/2-PIVO;70;7,89;278;287;9;1/2 PIVÔ
control system;10/14/2025, 12:44 PM;G3JKE;07/10/2025;11;Tabaco;COMPLETO;50;11,04;234;261;27;
control system;10/14/2025, 12:46 PM;0AY8T;07/10/2025;13;Tabaco;COMPLETO;60;7,13;1216;1233;17;
control system;10/14/2025, 12:49 PM;M9FN2;07/10/2025;15;Soja;COMPLETO;100;7,38;1846;1861;15;
control system;10/14/2025, 12:49 PM;MAGTH;07/10/2025;17;Soja;COMPLETO;100;6,3;178;193;15;
control system;10/14/2025, 12:51 PM;RQLZ0;07/10/2025;19;Soja;COMPLETO;100;5,75;190;205;15;
control system;10/14/2025, 12:53 PM;MCGFN;07/10/2025;21;Soja;COMPLETO;100;5,47;1402;1417;15;
control system;10/14/2025, 12:56 PM;XNQ6F;07/10/2025;23;Soja;COMPLETO;100;5,28;939;954;15;
control system;10/14/2025, 12:57 PM;TRJU9;07/10/2025;25;Cacau;D;100;5,8;1088,3;1092;3,7;
control system;10/14/2025, 12:58 PM;CDV4N;07/10/2025;25;Cacau;COMPLETO;60;9,67;1092;1104;12;
control system;10/14/2025, 01:01 PM;84MVV;07/10/2025;26;Soja;COMPLETO;100;5,7;1304;1337;33;FERTIRRIGAÇÃO + IRRIGAÇÃO
control system;10/14/2025, 01:02 PM;T58DQ;07/10/2025;27;Cacau;COMPLETO;80;6,67;1359;1374;15;
control system;10/14/2025, 01:02 PM;L1LXM;07/10/2025;28;Milho;COMPLETO;70;9,54;1392,4;1411,6;19,2;
control system;10/14/2025, 01:08 PM;N9UO3;07/10/2025;29;Cacau;D;100;5,14;2164;2167;3;
control system;10/14/2025, 01:15 PM;CIAM9;07/10/2025;29;Cacau;ABC;60;8,57;2167;2172;7;TESTE
control system;10/14/2025, 01:28 PM;VNEVS;07/10/2025;31;Soja;COMPLETO;100;6,18;893;908;15;
control system;10/14/2025, 01:31 PM;E65PW;07/10/2025;32;Cacau;D;100;5,7;1328;1333;5;
control system;10/14/2025, 01:32 PM;YI6HQ;07/10/2025;35;Soja;COMPLETO;100;5,82;305;320;15;
control system;10/14/2025, 01:33 PM;K34PT;07/10/2025;36;Soja;COMPLETO;100;7,2;1731;1747;16;
control system;10/14/2025, 01:34 PM;2KESX;07/10/2025;37;Soja;COMPLETO;100;9,04;876;888;12;
control system;10/14/2025, 01:38 PM;LCJS0;07/10/2025;38;Soja;COMPLETO;100;8,05;458;475;17;
control system;10/14/2025, 01:39 PM;WTEXM;07/10/2025;39;Milho;COMPLETO;70;7,97;1561;1581;20;
control system;10/14/2025, 01:43 PM;THBQM;07/10/2025;41;Milho;COMPLETO;70;9,2;1431;1452;21;
control system;10/14/2025, 01:48 PM;K2LPH;07/10/2025;47;Milho;COMPLETO;100;7,42;960;976;16;FERTIRRIGAÇÃO
control system;10/14/2025, 01:50 PM;TUW0M;07/10/2025;53;Tabaco;COMPLETO;70;6,61;746;759;13;
control system;10/14/2025, 01:56 PM;J3V6C;07/10/2025;54;Tabaco;COMPLETO;70;8,29;944;963;19;
control system;10/14/2025, 01:59 PM;VXEP7;07/10/2025;56;Tabaco;COMPLETO;100;6,18;617;643;26;FERTIRRIGAÇÃO + IRRIGAÇÃO
control system;10/14/2025, 02:00 PM;GW2W6;07/10/2025;58;Tabaco;COMPLETO;75;8,72;557,7;576,7;19;
control system;10/14/2025, 02:01 PM;CH5X1;07/10/2025;60;Milheto;COMPLETO;60;11,3;363;388;25;
control system;10/14/2025, 02:12 PM;XKDM3;07/10/2025;65;Preparo;1/2-PIVO;70;10,39;702;705;3;
control system;10/14/2025, 02:13 PM;PBJVI;07/10/2025;68;Milho;COMPLETO;70;6,86;1007;1022;15;
control system;10/14/2025, 02:14 PM;7PDUX;07/10/2025;69;Tabaco;COMPLETO;90;5,11;984;996;12;
control system;10/14/2025, 02:15 PM;VW1ZS;07/10/2025;71;Milho;1/2-PIVO;40;12,12;651,5;661;9,5;
control system;10/14/2025, 02:16 PM;RQXKP;07/10/2025;71;Tabaco;1/2-PIVO;90;5,39;661;665;4;
control system;10/14/2025, 06:17 PM;YU0BT;08/10/2025;7;Preparo;COMPLETO;50;11,04;287;313;26;
control system;10/14/2025, 06:19 PM;2YL2I;08/10/2025;15;Soja;COMPLETO;100;7,38;1861;1876;15;
control system;10/14/2025, 06:21 PM;R53ED;08/10/2025;17;Soja;COMPLETO;100;6,3;193;208;15;
control system;10/14/2025, 06:22 PM;TTH69;08/10/2025;19;Soja;COMPLETO;100;5,75;205;220;15;
control system;10/14/2025, 06:23 PM;ZJ6R9;08/10/2025;21;Soja;COMPLETO;100;5,47;1417;1432;15;
control system;10/14/2025, 06:24 PM;7BWX4;08/10/2025;23;Soja;COMPLETO;100;5,28;954;969;15;
control system;10/14/2025, 06:31 PM;HCUEL;08/10/2025;25;Cacau;COMPLETO;100;5,8;1104;1128;24;FERTI + IRRIGAÇÃO
control system;10/14/2025, 06:32 PM;P0CEA;08/10/2025;26;Soja;COMPLETO;100;5,7;1337;1351;14;
control system;10/14/2025, 06:33 PM;WAV42;08/10/2025;27;Cacau;COMPLETO;100;5,34;1374;1386;12;
control system;10/14/2025, 06:34 PM;HFFEE;08/10/2025;28;Milho;COMPLETO;70;9,54;1411,6;1430,7;19,1;
control system;10/14/2025, 06:35 PM;8R0QB;08/10/2025;29;Cacau;D;100;5,14;2172;2174;2;
control system;10/14/2025, 06:35 PM;DSDQI;08/10/2025;31;Soja;COMPLETO;95;6,51;908;923;15;
control system;10/14/2025, 06:37 PM;4OOLQ;08/10/2025;32;Cacau;D;80;7,13;1333;1338;5;
control system;10/14/2025, 06:48 PM;POXUZ;08/10/2025;35;Soja;COMPLETO;100;5,82;320;335;15;
control system;10/14/2025, 06:49 PM;OSBKR;08/10/2025;37;Soja;COMPLETO;100;9,04;888;898;10;
control system;10/14/2025, 06:50 PM;VIV81;08/10/2025;39;Milho;COMPLETO;100;5,58;1581;1593;12;
control system;10/14/2025, 06:53 PM;4HKY6;08/10/2025;40;Soja;COMPLETO;100;6,96;675;690;15;
control system;10/14/2025, 06:57 PM;TVN5I;08/10/2025;41;Milho;COMPLETO;100;6,44;1452;1466;14;FERTIRRIGAÇÃO
control system;10/14/2025, 06:58 PM;RSWB1;08/10/2025;42;Tabaco;COMPLETO;100;5,76;895;907;12;
control system;10/14/2025, 07:07 PM;VTT4A;08/10/2025;43;Preparo;1/2-PIVO;70;9,7;1363;1367;4;TESTE ALCIONE
control system;10/14/2025, 07:08 PM;IWVAT;08/10/2025;44;Pré Plantio;COMPLETO;80;9,07;265;276;11;
control system;10/14/2025, 07:09 PM;1Z0NV;08/10/2025;46;Tabaco;COMPLETO;90;7,4;2596;2615;19;
control system;10/14/2025, 07:11 PM;NKN2O;08/10/2025;47;Milho;COMPLETO;80;9,27;976;996;20;
control system;10/14/2025, 07:13 PM;SRH9S;08/10/2025;53;Tabaco;COMPLETO;100;4,63;759;774;15;FERTI + 1/2 IRRIGAÇÃO
control system;10/14/2025, 07:15 PM;V17V1;08/10/2025;56;Tabaco;COMPLETO;70;8,83;643;663;20;
control system;10/14/2025, 07:16 PM;3923V;08/10/2025;62;Tabaco;COMPLETO;80;6,97;1165;1186;21;
control system;10/14/2025, 07:17 PM;ODAHA;08/10/2025;66;Milheto;COMPLETO;70;8;284;301;17;
control system;10/14/2025, 07:17 PM;XKM0N;08/10/2025;68;Milho;COMPLETO;50;9,6;1022;1042;20;
control system;10/14/2025, 07:18 PM;BZOP6;08/10/2025;71;Tabaco;1/2-PIVO;80;6,06;665;669,5;4,5;
control system;10/14/2025, 07:55 PM;WYB6S;08/10/2025;9;Preparo;COMPLETO;50;10,92;2719;2745;26;
control system;10/15/2025, 06:13 PM;8JSY6;09/10/2025;3;Soja;COMPLETO;80;7,87;2164;2182;18;
control system;10/15/2025, 06:13 PM;N1V60;09/10/2025;4;Soja;COMPLETO;80;4,9;1244;1256;12;
control system;10/15/2025, 06:14 PM;2QW0D;09/10/2025;5;Soja;COMPLETO;100;5,52;1714;1729;15;
control system;10/15/2025, 06:19 PM;OIGUP;09/10/2025;8;Preparo;1/2-PIVO;70;9,4;1496;1507;11;
control system;10/15/2025, 07:31 PM;2LGF6;09/10/2025;12;Tabaco;CD;100;6,3;1515;1522;7;
control system;10/15/2025, 07:32 PM;LG0ZC;09/10/2025;14;Tabaco;COMPLETO;100;5,76;3400;3419;19;
control system;10/15/2025, 07:37 PM;ZNZ1R;09/10/2025;15;Soja;COMPLETO;100;7,38;1876;1891;15;
control system;10/15/2025, 07:38 PM;2F790;09/10/2025;18;Milheto;1/2-PIVO;70;9,3;939;944;5;TESTE ALCIONE
control system;10/15/2025, 07:40 PM;NCLUT;09/10/2025;19;Soja;COMPLETO;90;6,39;220;236;16;
control system;10/15/2025, 07:42 PM;HK4SD;09/10/2025;21;Soja;COMPLETO;90;6,08;1432;1446;14;
control system;10/15/2025, 07:43 PM;ZSAW8;09/10/2025;23;Soja;COMPLETO;100;5,28;969;984;15;
control system;10/15/2025, 07:44 PM;AM2SV;09/10/2025;25;Cacau;D;100;5,8;1128;1130;2;
control system;10/15/2025, 07:44 PM;PIKH7;09/10/2025;25;Cacau;ABC;60;9,67;1130;1142;12;
control system;10/15/2025, 07:45 PM;XCTKR;09/10/2025;27;Cacau;COMPLETO;60;8,9;1386;1405;19;
control system;10/15/2025, 07:47 PM;NFV2E;09/10/2025;29;Cacau;D;100;5,14;2174;2177;3;
control system;10/15/2025, 07:49 PM;5AG9Z;09/10/2025;31;Soja;COMPLETO;85;7,27;923;940;17;
control system;10/15/2025, 07:52 PM;NJMC2;09/10/2025;32;Cacau;COMPLETO;95;6;1338;1352;14;
control system;10/15/2025, 07:53 PM;R8WZT;09/10/2025;35;Soja;COMPLETO;100;5,82;335;350;15;
control system;10/15/2025, 07:54 PM;V92LO;09/10/2025;36;Soja;COMPLETO;90;8;1747;1764;17;
control system;10/15/2025, 07:56 PM;MJTBX;09/10/2025;37;Soja;COMPLETO;100;9,04;898;910;12;
control system;10/15/2025, 07:57 PM;SMW5L;09/10/2025;39;Milho;COMPLETO;60;9,3;1593;1617;24;
control system;10/15/2025, 07:59 PM;Z9U8K;09/10/2025;40;Soja;COMPLETO;90;7,73;690;707;17;
control system;10/15/2025, 08:00 PM;CSKUE;09/10/2025;41;Milho;COMPLETO;100;6,44;1466;1480;14;FERTIRRIGAÇÃO
control system;10/15/2025, 08:08 PM;RWPJM;09/10/2025;52;Tabaco;AB;80;8,7;2272;2282;10;
control system;10/15/2025, 08:09 PM;UM42F;09/10/2025;54;Tabaco;COMPLETO;85;6,82;963;978;15;
control system;10/15/2025, 08:11 PM;BD0JS;09/10/2025;56;Tabaco;COMPLETO;100;6,18;663;678;15;FERTIRRIGAÇÃO
control system;10/15/2025, 08:12 PM;1K4IA;09/10/2025;58;Tabaco;COMPLETO;75;8,72;576,7;596,7;20;
control system;10/15/2025, 08:13 PM;X0DHZ;09/10/2025;67;Milheto;COMPLETO;70;7,14;221;236;15;
control system;10/15/2025, 08:14 PM;CB7IK;09/10/2025;68;Milho;COMPLETO;70;6,86;1042;1057;15;
control system;10/15/2025, 08:15 PM;6996Q;09/10/2025;69;Tabaco;COMPLETO;80;5,75;996;1009;13;
control system;10/15/2025, 08:16 PM;KCMDZ;09/10/2025;71;Tabaco;1/2-PIVO;40;12,12;669,5;678,5;9;
control system;10/16/2025, 12:10 PM;LGUAP;10/10/2025;12;Tabaco;COMPLETO;100;6,3;261;278;17;
control system;10/16/2025, 12:10 PM;YNQY3;10/10/2025;13;Tabaco;COMPLETO;80;5,35;1233;1245;12;
control system;10/16/2025, 12:12 PM;SBAMK;10/10/2025;17;Soja;COMPLETO;100;6,3;208;238;30;FERTI + IRRIGAÇÃO
control system;10/16/2025, 12:13 PM;PVNGB;10/10/2025;19;Soja;COMPLETO;100;5,75;236;251;15;
control system;10/16/2025, 12:16 PM;4X5BV;10/10/2025;21;Soja;COMPLETO;100;5,47;1446;1458;12;
control system;10/16/2025, 12:17 PM;Y91MT;10/10/2025;23;Soja;COMPLETO;100;5,28;984;999;15;
control system;10/16/2025, 12:18 PM;KP70I;10/10/2025;25;Cacau;COMPLETO;100;5,8;1142;1154;12;
control system;10/16/2025, 12:19 PM;NDRF9;10/10/2025;29;Cacau;ABC;60;8,57;2177;2189;12;
control system;10/16/2025, 12:19 PM;DBQV5;10/10/2025;29;Cacau;D;100;5,14;2189;2192;3;
control system;10/16/2025, 12:20 PM;FCFHD;10/10/2025;31;Soja;COMPLETO;100;6,18;940;955;15;
control system;10/16/2025, 01:08 PM;05PCN;10/10/2025;32;Cacau;COMPLETO;100;5,7;1352;1383;31;2 GIRO
control system;10/16/2025, 01:11 PM;IS586;10/10/2025;35;Soja;COMPLETO;100;5,82;350;365;15;
control system;10/16/2025, 01:12 PM;Q90HK;10/10/2025;36;Soja;COMPLETO;100;7,2;1764;1779;15;
control system;10/16/2025, 01:12 PM;DC5Z7;10/10/2025;37;Soja;COMPLETO;100;9,04;910;922;12;
control system;10/16/2025, 01:13 PM;D5EE1;10/10/2025;38;Soja;COMPLETO;100;8,05;475;489;14;
control system;10/16/2025, 01:17 PM;954WR;10/10/2025;39;Milho;COMPLETO;100;5,58;1617;1629;12;FERTIRRIGAÇÃO
control system;10/16/2025, 01:18 PM;0YJW8;10/10/2025;40;Soja;COMPLETO;100;6,96;707;722;15;
control system;10/16/2025, 01:19 PM;NZJOY;10/10/2025;41;Milho;COMPLETO;70;9,2;1480;1500;20;
control system;10/16/2025, 01:20 PM;UADCK;10/10/2025;42;Tabaco;COMPLETO;80;7,2;907;922;15;
control system;10/16/2025, 01:22 PM;RPHZV;10/10/2025;43;Soja;COMPLETO;100;6,79;1367;1381;14;
control system;10/16/2025, 01:26 PM;HK321;10/10/2025;46;Tabaco;COMPLETO;90;7,4;2615;2632;17;
control system;10/16/2025, 01:29 PM;PVZDS;10/10/2025;47;Milho;COMPLETO;70;10,6;996;1018;22;
control system;10/16/2025, 01:31 PM;2YOQH;10/10/2025;52;Tabaco;COMPLETO;100;6,96;2282;2298;16;
control system;10/16/2025, 01:34 PM;DIPKZ;10/10/2025;53;Tabaco;COMPLETO;100;4,63;774;787;13;FERTIRRIGAÇÃO
control system;10/16/2025, 01:36 PM;0D8CR;10/10/2025;54;Tabaco;COMPLETO;85;6,82;978;993;15;
control system;10/16/2025, 01:38 PM;OLQ6J;10/10/2025;56;Tabaco;COMPLETO;70;8,83;678;693;15;
control system;10/16/2025, 01:42 PM;FQJ9L;10/10/2025;58;Tabaco;COMPLETO;75;8,72;596,7;615,7;19;
control system;10/16/2025, 01:43 PM;WDO9X;10/10/2025;62;Tabaco;COMPLETO;70;7,97;1186;1206;20;
control system;10/16/2025, 01:44 PM;1N7Q9;10/10/2025;68;Milho;COMPLETO;100;4,8;1057;1067;10;
control system;10/16/2025, 01:45 PM;MGQR4;10/10/2025;69;Tabaco;COMPLETO;100;4,6;1009;1019;10;
control system;10/16/2025, 01:46 PM;2A2U0;10/10/2025;71;Milho;1/2-PIVO;40;12,12;678,5;687,5;9;
control system;10/16/2025, 04:37 PM;ZDIJR;11/10/2025;2;Soja;COMPLETO;100;5,3;891;905;14;
control system;10/16/2025, 04:38 PM;BOSLT;11/10/2025;3;Soja;COMPLETO;70;9;0;19;19;
control system;10/16/2025, 04:43 PM;ERZEY;11/10/2025;4;Soja;COMPLETO;40;9,8;1256;1279;23;
control system;10/16/2025, 04:43 PM;87Z7Z;11/10/2025;14;Tabaco;COMPLETO;100;5,76;3419;3435;16;
control system;10/16/2025, 04:44 PM;1OR1A;11/10/2025;15;Soja;COMPLETO;80;9,22;1891;1909;18;
control system;10/16/2025, 04:46 PM;YOA4C;11/10/2025;19;Soja;COMPLETO;80;7,19;251;268;17;
control system;10/16/2025, 04:48 PM;036S3;11/10/2025;21;Soja;COMPLETO;80;6,84;1458;1473;15;
control system;10/16/2025, 04:51 PM;2E8HI;11/10/2025;23;Soja;COMPLETO;100;5,28;999;1014;15;
control system;10/16/2025, 05:08 PM;F80PE;11/10/2025;25;Cacau;D;100;5,8;1154;1157;3;
control system;10/16/2025, 05:16 PM;E63G1;11/10/2025;26;Soja;COMPLETO;100;5,7;1351;1365;14;
control system;10/16/2025, 05:18 PM;ZYGEY;11/10/2025;27;Cacau;COMPLETO;60;8,9;1405;1424;19;
control system;10/16/2025, 05:20 PM;R1GRM;11/10/2025;28;Milho;COMPLETO;70;9,54;1430,7;1449,9;19,2;
control system;10/16/2025, 05:21 PM;VN0V9;11/10/2025;29;Cacau;COMPLETO;100;5,14;2192;2202,6;10,6;
control system;10/16/2025, 05:23 PM;6V2MQ;11/10/2025;31;Soja;COMPLETO;90;6,87;955;971;16;
control system;10/16/2025, 05:41 PM;2RX35;11/10/2025;32;Cacau;COMPLETO;100;5,7;1383;1396,6;13,6;
control system;10/16/2025, 06:50 PM;1XTQV;11/10/2025;37;Soja;COMPLETO;100;9,04;922;934;12;
control system;10/16/2025, 06:54 PM;YIA5X;11/10/2025;38;Soja;COMPLETO;100;8,05;489;503;14;
control system;10/16/2025, 07:00 PM;V5883;11/10/2025;39;Milho;COMPLETO;60;9,3;1629;1648;19;
control system;10/16/2025, 07:03 PM;53IUQ;11/10/2025;40;Soja;COMPLETO;100;6,96;722;737;15;
control system;10/16/2025, 07:26 PM;L6H4F;11/10/2025;43;Soja;COMPLETO;90;7,54;1381;1396;15;
control system;10/16/2025, 07:27 PM;BWLGD;11/10/2025;44;Soja;COMPLETO;85;8,54;276;289;13;
control system;10/16/2025, 07:48 PM;SFGXI;11/10/2025;53;Tabaco;COMPLETO;70;6,61;787;802;15;
control system;10/16/2025, 07:55 PM;JN837;11/10/2025;54;Tabaco;COMPLETO;90;6,44;993;1008;15;
control system;10/16/2025, 07:56 PM;YFZGQ;11/10/2025;56;Tabaco;COMPLETO;80;7,72;693;709;16;
control system;10/16/2025, 08:14 PM;IRSSD;11/10/2025;64;Soja;COMPLETO;80;6,81;641;653;12;
control system;10/16/2025, 08:14 PM;549SX;11/10/2025;68;Milho;COMPLETO;70;6,86;1067;1082;15;
control system;10/16/2025, 08:15 PM;5AQVT;11/10/2025;69;Tabaco;COMPLETO;60;7,67;1019;1037;18;
control system;10/16/2025, 08:16 PM;MI8UA;11/10/2025;71;Milho;1/2-PIVO;40;12,12;687,5;696,5;9;
control system;10/16/2025, 08:16 PM;9H3G5;11/10/2025;71;Tabaco;1/2-PIVO;80;6,06;696,5;700,5;4;
control system;10/17/2025, 11:47 AM;ECNPS;12/10/2025;2;Soja;COMPLETO;100;5,3;905;924;19;+ 1/2 PIVÔ
control system;10/17/2025, 12:08 PM;7N3GM;12/10/2025;5;Soja;COMPLETO;80;6,9;1729;1766;37;2 GIRO
control system;10/17/2025, 01:06 PM;EAZHX;12/10/2025;12;Tabaco;COMPLETO;100;6,3;278;296;18;
control system;10/17/2025, 01:08 PM;A3XPS;12/10/2025;13;Tabaco;COMPLETO;60;7,13;1245;1262;17;
control system;10/17/2025, 01:09 PM;747XE;12/10/2025;17;Soja;COMPLETO;80;7,87;238;256;18;
control system;10/17/2025, 01:12 PM;6NYT6;12/10/2025;21;Soja;COMPLETO;100;5,47;1473;1485;12;
control system;10/17/2025, 01:13 PM;K7ZW0;12/10/2025;23;Soja;COMPLETO;100;5,28;1014;1030;16;
control system;10/17/2025, 01:15 PM;0UU1S;12/10/2025;25;Cacau;ABC;60;9,67;1157;1169;12;
control system;10/17/2025, 01:16 PM;45L5P;12/10/2025;29;Cacau;ABC;60;8,57;2202,6;2214;11,4;
control system;10/17/2025, 01:16 PM;NO7ND;12/10/2025;29;Cacau;D;100;5,14;2214;2217;3;
control system;10/17/2025, 01:17 PM;1MYSU;12/10/2025;31;Soja;COMPLETO;100;6,18;971;986;15;
control system;10/17/2025, 01:22 PM;YQXDM;12/10/2025;32;Cacau;COMPLETO;80;7,13;1396,6;1415;18,4;
control system;10/17/2025, 01:26 PM;ZPRGZ;12/10/2025;35;Soja;COMPLETO;85;6,85;365;380;15;
control system;10/17/2025, 01:27 PM;54EE7;12/10/2025;36;Soja;COMPLETO;85;8,47;1779;1796;17;
control system;10/17/2025, 01:28 PM;TGK48;12/10/2025;37;Soja;COMPLETO;85;10,64;934;950;16;
control system;10/17/2025, 01:29 PM;1T2KW;12/10/2025;38;Soja;COMPLETO;85;9,47;503;521;18;
control system;10/17/2025, 01:33 PM;RU1ZW;12/10/2025;39;Milho;COMPLETO;70;7,97;1648;1664;16;
control system;10/17/2025, 01:34 PM;9HX2A;12/10/2025;40;Preparo;COMPLETO;100;6,96;737;752;15;
control system;10/17/2025, 01:35 PM;I8TXA;12/10/2025;41;Milho;COMPLETO;100;6,44;1500;1514;14;
control system;10/17/2025, 01:37 PM;V4X12;12/10/2025;42;Tabaco;COMPLETO;100;5,76;922;934;12;
control system;10/17/2025, 01:41 PM;AZNAX;12/10/2025;43;Soja;COMPLETO;90;7,54;1396;1410;14;
control system;10/17/2025, 01:42 PM;MXYWA;12/10/2025;44;Soja;COMPLETO;85;8,54;289;302;13;
control system;10/17/2025, 01:52 PM;9SY6D;12/10/2025;47;Milho;COMPLETO;70;10,6;1018;1040;22;
control system;10/17/2025, 01:52 PM;5B3YG;12/10/2025;53;Tabaco;COMPLETO;70;6,61;802;818;16;
control system;10/17/2025, 01:55 PM;QHHPX;12/10/2025;56;Tabaco;COMPLETO;100;6,18;709;723;14;
control system;10/17/2025, 01:56 PM;FSNO3;12/10/2025;62;Tabaco;COMPLETO;80;6,97;1206;1224;18;
control system;10/17/2025, 02:03 PM;UUND7;12/10/2025;64;Soja;COMPLETO;80;6,81;653;667;14;
control system;10/17/2025, 02:03 PM;A41KD;12/10/2025;68;Milho;COMPLETO;40;12;1082;1108;26;
control system;10/17/2025, 02:05 PM;08UZI;12/10/2025;71;Tabaco;1/2-PIVO;50;9,7;700,5;707,5;7;
control system;10/17/2025, 02:11 PM;9S9CT;07/10/2025;6;Soja;COMPLETO;60;9,7;1622;1646;24;
control system;10/17/2025, 02:12 PM;31JVE;08/10/2025;6;Soja;COMPLETO;100;5,82;1646;1661;15;
control system;10/17/2025, 02:13 PM;Y6RZF;09/10/2025;6;Soja;COMPLETO;100;5,82;1661;1676;15;FERTIRRIGAÇÃO
control system;10/17/2025, 02:19 PM;TXZ9B;12/10/2025;6;Soja;COMPLETO;80;7,28;1676;1712;36;2 GIRO
control system;10/17/2025, 02:21 PM;B6IWL;13/10/2025;6;Soja;COMPLETO;100;5,82;1712;1725;13;
control system;10/17/2025, 04:36 PM;SFSQ2;13/10/2025;2;Soja;COMPLETO;100;5,3;924;937;13;
control system;10/17/2025, 04:37 PM;ZPMY9;13/10/2025;5;Soja;COMPLETO;100;5,52;1766;1781;15;
control system;10/17/2025, 04:40 PM;TF3C5;13/10/2025;15;Soja;COMPLETO;80;9,22;1909;1927;18;
control system;10/17/2025, 04:44 PM;FJG22;13/10/2025;19;Soja;COMPLETO;100;5,75;268;282;14;
control system;10/17/2025, 04:44 PM;JUN8Y;13/10/2025;21;Soja;COMPLETO;100;5,47;1485;1497,2;12,2;
control system;10/17/2025, 04:45 PM;H1Q3G;13/10/2025;23;Soja;COMPLETO;100;5,28;1030;1046;16;
control system;10/17/2025, 04:46 PM;ZS866;13/10/2025;25;Cacau;D;100;5,8;1169;1173;4;
control system;10/17/2025, 04:47 PM;7GY4H;13/10/2025;26;Soja;COMPLETO;100;5,7;1365;1380;15;FERTIRRIGÇÃO
control system;10/17/2025, 04:49 PM;VCYX0;13/10/2025;27;Cacau;COMPLETO;100;5,34;1424;1436;12;FERTIRRIGÇÃO
control system;10/17/2025, 04:51 PM;7O4JG;13/10/2025;28;Milho;COMPLETO;70;9,54;1449,9;1464,1;14,2;
control system;10/17/2025, 05:02 PM;5P1YN;13/10/2025;29;Cacau;ABC;60;8,57;2217;2228;11;
control system;10/17/2025, 05:04 PM;4JDVW;13/10/2025;31;Soja;COMPLETO;60;10,3;986;1010;24;
control system;10/17/2025, 05:06 PM;O640Y;13/10/2025;35;Soja;COMPLETO;100;5,82;380;391;11;
control system;10/17/2025, 05:08 PM;OX9GN;13/10/2025;36;Soja;COMPLETO;100;7,2;1796;1813;17;
control system;10/17/2025, 05:18 PM;A1GCZ;13/10/2025;37;Soja;COMPLETO;100;9,04;950;961;11;
control system;10/17/2025, 05:27 PM;AFVLO;13/10/2025;38;Soja;COMPLETO;100;8,05;521;541;20;
control system;10/17/2025, 05:30 PM;KRGD1;13/10/2025;40;Soja;COMPLETO;100;6,96;752;763;11;
control system;10/17/2025, 05:36 PM;G07Y8;13/10/2025;41;Milho;COMPLETO;70;9,2;1514;1532;18;
control system;10/17/2025, 05:40 PM;WR7D2;13/10/2025;43;Soja;COMPLETO;100;6,79;1410;1425;15;
control system;10/17/2025, 05:46 PM;INGZL;13/10/2025;44;Soja;COMPLETO;85;8,54;302;325;23;2 GIRO
control system;10/17/2025, 05:46 PM;C171I;13/10/2025;46;Tabaco;COMPLETO;90;7,4;2632;2649;17;
control system;10/17/2025, 05:55 PM;IVV78;13/10/2025;56;Tabaco;COMPLETO;100;6,18;723;736;13;FERTIRRIGÇÃO
control system;10/17/2025, 05:57 PM;IDICZ;13/10/2025;58;Tabaco;COMPLETO;75;8,72;615,7;634,5;18,8;
control system;10/17/2025, 06:00 PM;0MVDC;13/10/2025;68;Milho;COMPLETO;70;6,86;1108;1123;15;
control system;10/17/2025, 06:01 PM;7XNLQ;13/10/2025;69;Tabaco;COMPLETO;60;7,67;1037;1055;18;
control system;10/17/2025, 06:02 PM;084PK;13/10/2025;71;Milho;1/2-PIVO;40;12,12;707,5;716;8,5;
control system;10/17/2025, 06:03 PM;OY4HB;13/10/2025;71;Tabaco;COMPLETO;90;5,39;716;720;4;
control system;10/17/2025, 06:09 PM;EYQRA;14/10/2025;2;Soja;COMPLETO;80;6,62;937;952;15;
control system;10/17/2025, 06:24 PM;NR3AL;14/10/2025;4;Soja;COMPLETO;60;6,53;1279;1295;16;
control system;10/17/2025, 06:32 PM;EKY83;14/10/2025;7;Preparo;COMPLETO;60;9,2;313;345;32;
control system;10/17/2025, 06:35 PM;NTACS;14/10/2025;8;Preparo;1/2-PIVO;100;6,58;1507;1522;15;
control system;10/17/2025, 06:35 PM;17N7I;14/10/2025;9;Preparo;COMPLETO;70;7,8;2745;2765;20;
control system;10/17/2025, 06:36 PM;597AK;14/10/2025;13;Tabaco;COMPLETO;100;4,28;1262;1271;9;
control system;10/17/2025, 06:38 PM;2ZD9U;14/10/2025;23;Soja;COMPLETO;100;5,28;1046;1061;15;
control system;10/17/2025, 06:39 PM;DTSVY;14/10/2025;25;Cacau;D;100;5,8;1173;1176;3;
control system;10/17/2025, 06:40 PM;UUZW1;14/10/2025;27;Cacau;COMPLETO;60;8,9;1436;1455;19;
control system;10/17/2025, 06:41 PM;XSNOO;14/10/2025;29;Cacau;D;100;5,14;2228;2231;3;
control system;10/17/2025, 06:42 PM;SNK23;14/10/2025;31;Soja;COMPLETO;100;6,18;1010;1040;30;2 GIRO
control system;10/17/2025, 06:44 PM;ZPFBY;14/10/2025;32;Cacau;COMPLETO;100;5,7;1415;1428;13;
control system;10/18/2025, 03:35 AM;WMODT;29/09/2025;104;Milho Semente;COMPLETO;100;4,95;2064,1;2075,7;11,6;
control system;10/18/2025, 03:36 AM;DRKZ8;29/09/2025;106;Soja;COMPLETO;60;8,9;1261,2;1280,3;19,1;
control system;10/18/2025, 03:37 AM;O0UX0;29/09/2025;108;Milho Semente;COMPLETO;100;5,34;866;878,6;12,6;
control system;10/18/2025, 03:40 AM;NYV79;29/09/2025;115;Milho Semente;COMPLETO;70;9,2;1396,6;1416,9;20,3;
control system;10/18/2025, 03:41 AM;M0Y9H;29/09/2025;126;Milheto;COMPLETO;100;6,65;768,2;782,6;14,4;
control system;10/18/2025, 03:42 AM;7JXAN;29/09/2025;130;Milho Semente;COMPLETO;70;8,23;1294;1314,2;20,2;
control system;10/18/2025, 03:46 AM;XC6EW;29/09/2025;103;Soja;COMPLETO;95;5,43;653,1;671,9;18,8;
control system;10/18/2025, 03:48 AM;TIKHL;30/09/2025;103;Soja;COMPLETO;95;5,43;653,1;671,9;18,8;
control system;10/18/2025, 03:49 AM;3IAH8;30/09/2025;104;Milho Semente;COMPLETO;100;4,95;2075,7;2087,7;12;FERTIIRRIGAÇÃO
control system;10/18/2025, 03:50 AM;7SAOC;30/09/2025;106;Soja;COMPLETO;100;5,34;1280,3;1292,4;12,1;
control system;10/18/2025, 03:51 AM;ZTWSJ;30/09/2025;108;Milho Semente;COMPLETO;70;7,63;878,6;895,2;16,6;
control system;10/18/2025, 03:53 AM;CDWE2;30/09/2025;124;Milheto;COMPLETO;70;8,4;1072,2;1092,8;20,6;
control system;10/18/2025, 03:57 AM;8AHYS;01/10/2025;103;Soja;COMPLETO;100;5,16;671,9;683,5;11,6;
control system;10/18/2025, 03:58 AM;4FRJ2;01/10/2025;104;Milho Semente;COMPLETO;70;7,07;2087,7;2104,1;16,4;
control system;10/18/2025, 03:59 AM;RHTCI;01/10/2025;112;Soja;COMPLETO;70;9,1;979;1003,9;24,9;
control system;10/18/2025, 04:00 AM;BZOUM;01/10/2025;114;Soja;COMPLETO;70;8,49;1998,1;2015,1;17;
control system;10/18/2025, 04:00 AM;GEXF5;01/10/2025;115;Milho Semente;COMPLETO;70;9,2;1416,9;1437,6;20,7;
control system;10/18/2025, 04:01 AM;P8QFR;01/10/2025;123;Preparo;COMPLETO;50;13,58;1929,1;1957,9;28,8;
control system;10/18/2025, 04:05 AM;B4AO8;02/10/2025;101;Soja;COMPLETO;100;5,58;1917,9;1930,5;12,6;
control system;10/18/2025, 04:06 AM;0IE3V;02/10/2025;103;Soja;COMPLETO;100;5,16;683,5;695,1;11,6;
control system;10/18/2025, 04:07 AM;0MYGI;02/10/2025;112;Soja;COMPLETO;100;6,37;1003,9;1018,4;14,5;
control system;10/18/2025, 04:08 AM;6Y062;02/10/2025;114;Soja;COMPLETO;80;7,42;2015,1;2030,7;15,6;
control system;10/18/2025, 04:09 AM;LYQQG;02/10/2025;115;Milho Semente;COMPLETO;100;6,44;1437,6;1451,9;14,3;FERTIIRRIGAÇÃO
control system;10/18/2025, 04:09 AM;ALROY;02/10/2025;126;Milheto;COMPLETO;70;9,5;782,6;803,1;20,5;
control system;10/18/2025, 04:10 AM;DD2VW;02/10/2025;130;Milho Semente;COMPLETO;70;8,23;1314,2;1354,8;40,6;2 GIRO
control system;10/18/2025, 04:13 AM;UC095;03/10/2025;103;Soja;COMPLETO;100;5,16;695,1;706,8;11,7;
control system;10/18/2025, 04:13 AM;74X6P;03/10/2025;104;Milho Semente;COMPLETO;70;7,07;2104,1;2120,4;16,3;
control system;10/18/2025, 04:14 AM;878BK;03/10/2025;108;Milho Semente;COMPLETO;70;7,63;895,2;911,2;16;
control system;10/18/2025, 04:15 AM;92QT6;03/10/2025;115;Milho Semente;COMPLETO;70;9,2;1451,9;1472,5;20,6;
control system;10/18/2025, 04:15 AM;4GV8B;03/10/2025;119;Brachiaria;COMPLETO;70;9,4;1419,7;1440,1;20,4;
control system;10/18/2025, 04:16 AM;C18AJ;03/10/2025;120;Brachiaria;COMPLETO;70;9,3;2479,1;2499;19,9;
control system;10/18/2025, 04:17 AM;0NT35;03/10/2025;130;Milho Semente;COMPLETO;100;5,76;1354,8;1369,4;14,6;FERTIIRRIGAÇÃO
control system;10/18/2025, 04:20 AM;B5RT4;04/10/2025;103;Soja;COMPLETO;100;5,16;706,8;729,9;23,1;2 GIRO 100%
control system;10/18/2025, 04:21 AM;WNNIY;04/10/2025;106;Soja;COMPLETO;100;5,34;1292,4;1304,3;11,9;
control system;10/18/2025, 04:21 AM;E7IOP;04/10/2025;108;Milho Semente;COMPLETO;50;10,68;911,2;933,9;22,7;
control system;10/18/2025, 04:22 AM;MZ2L2;04/10/2025;113;Milheto ;COMPLETO;100;6,37;234,2;248,7;14,5;
control system;10/18/2025, 04:23 AM;X8UOF;04/10/2025;115;Milho Semente;COMPLETO;100;6,44;1472,5;1487,1;14,6;
control system;10/18/2025, 04:24 AM;TI7NU;04/10/2025;118;Brachiaria;COMPLETO;70;9,2;2441,9;2462,5;20,6;
control system;10/18/2025, 04:25 AM;VATLQ;04/10/2025;121;Capim Miyagi;COMPLETO;70;9,1;2067,4;2087,7;20,3;
control system;10/18/2025, 04:27 AM;Y4A29;05/10/2025;103;Soja;COMPLETO;95;5,43;729,9;742;12,1;
control system;10/18/2025, 04:28 AM;ZB88B;05/10/2025;104;Milho Semente;COMPLETO;60;8,25;2120,4;2139,8;19,4;
control system;10/18/2025, 04:28 AM;JHK1H;05/10/2025;106;Soja;COMPLETO;100;5,34;1304,3;1315,9;11,6;
control system;10/18/2025, 04:29 AM;D7K0U;05/10/2025;112;Soja;COMPLETO;100;6,37;1018,4;1033;14,6;
control system;10/18/2025, 04:30 AM;GK9ZE;05/10/2025;126;Milheto;COMPLETO;70;9,5;803,1;823,5;20,4;
control system;10/18/2025, 04:32 AM;8ZEE4;05/10/2025;130;Milho Semente;COMPLETO;70;8,23;1369,4;1389,7;20,3;
control system;10/18/2025, 04:34 AM;SRXGY;06/10/2025;103;Soja;COMPLETO;100;5,16;742;753,5;11,5;
control system;10/18/2025, 04:34 AM;VAA1C;06/10/2025;106;Soja;COMPLETO;100;5,34;1315,9;1327,4;11,5;
control system;10/18/2025, 04:35 AM;F525K;06/10/2025;108;Milho Semente;COMPLETO;100;5,34;933,9;945,6;11,7;FERTIIRRIGAÇÃO
control system;10/18/2025, 04:36 AM;M8UYD;06/10/2025;114;Soja;COMPLETO;100;5,94;2030,7;2043,3;12,6;
control system;10/18/2025, 04:36 AM;N5CMS;06/10/2025;115;Milho Semente;COMPLETO;100;6,44;1487,1;1501,9;14,8;
control system;10/18/2025, 04:37 AM;BD1AN;06/10/2025;119;Brachiaria;COMPLETO;80;8,22;1440,1;1457,8;17,7;
control system;10/18/2025, 04:38 AM;KZTJL;06/10/2025;130;Milho Semente;COMPLETO;70;8,23;1389,7;1410;20,3;
control system;10/18/2025, 04:40 AM;CNVOI;07/10/2025;103;Soja;COMPLETO;100;5,16;753,5;765;11,5;
control system;10/18/2025, 04:41 AM;5DY1G;07/10/2025;104;Milho Semente;COMPLETO;60;8,25;2139,8;2158,9;19,1;
control system;10/18/2025, 04:42 AM;TPXUI;07/10/2025;106;Soja;COMPLETO;100;5,34;1327,4;1339,1;11,7;
control system;10/18/2025, 04:42 AM;OAW4D;07/10/2025;114;Milho Semente;COMPLETO;100;5,94;2043,3;2055,8;12,5;
control system;10/18/2025, 04:43 AM;9YWSV;07/10/2025;120;Brachiaria;COMPLETO;80;8,14;2499;2516,4;17,4;
control system;10/18/2025, 04:45 AM;3RMAV;08/10/2025;103;Soja;COMPLETO;100;5,16;765;776,6;11,6;
control system;10/18/2025, 04:46 AM;P2EW0;08/10/2025;104;Milho Semente;COMPLETO;100;4,95;2158,9;2170,6;11,7;FERTIIRRIGAÇÃO
control system;10/18/2025, 04:46 AM;JTASI;08/10/2025;106;Soja;COMPLETO;100;5,34;1339,1;1350,9;11,8;
control system;10/18/2025, 04:47 AM;E6HGT;08/10/2025;108;Milho Semente;COMPLETO;100;5,34;945,6;957,1;11,5;
control system;10/18/2025, 04:52 AM;NK29F;08/10/2025;115;Milho Semente;COMPLETO;70;9,2;1501,9;1522,3;20,4;
control system;10/18/2025, 04:53 AM;NWJX2;08/10/2025;130;Milho Semente;COMPLETO;70;8,23;1410;1430,2;20,2;
control system;10/18/2025, 04:56 AM;72UP9;09/10/2025;103;Soja;COMPLETO;100;5,16;776,6;788,1;11,5;
control system;10/18/2025, 04:57 AM;87YSA;09/10/2025;104;Milho Semente;COMPLETO;70;7,07;2170,6;2186,8;16,2;
control system;10/18/2025, 04:57 AM;ME7YL;09/10/2025;106;Soja;COMPLETO;80;6,67;1350,9;1365,3;14,4;
control system;10/18/2025, 04:59 AM;S511I;09/10/2025;108;Milho Semente;A;70;7,63;957,1;964,1;7;
control system;10/18/2025, 05:00 AM;8EJDU;09/10/2025;108;Milho Semente;B;70;7,63;957,1;964,6;7,5;
control system;10/18/2025, 05:02 AM;IOVXU;09/10/2025;114;Soja;COMPLETO;80;7,42;2055,8;2073,5;17,7;
control system;10/18/2025, 05:03 AM;9166P;09/10/2025;115;Milho Semente;COMPLETO;100;6,44;1522,3;1536,7;14,4;FERTIIRRIGAÇÃO
control system;10/18/2025, 05:04 AM;XA52A;09/10/2025;121;Capim Miyagi;COMPLETO;70;9,1;2087,7;2107,9;20,2;
control system;10/18/2025, 05:04 AM;1J7NM;09/10/2025;130;Milho Semente;COMPLETO;70;8,23;1430,2;1450,5;20,3;
control system;10/18/2025, 05:06 AM;LGXE5;10/10/2025;103;Soja;COMPLETO;100;5,16;788,1;799,7;11,6;
control system;10/18/2025, 05:07 AM;5VOPK;10/10/2025;104;Milho Semente;COMPLETO;100;4,95;2186,8;2198,4;11,6;
control system;10/18/2025, 05:07 AM;680M1;10/10/2025;106;Soja;COMPLETO;100;5,34;1365,3;1376,8;11,5;
control system;10/18/2025, 05:09 AM;EQB54;10/10/2025;108;Milho Semente;COMPLETO;70;7,63;964,6;986,5;21,9;
control system;10/18/2025, 05:13 AM;6XMBM;10/10/2025;115;Milho Semente;COMPLETO;70;9,2;1536,7;1557,1;20,4;FERTIIRRIGAÇÃO
control system;10/18/2025, 05:14 AM;ZO4NE;10/10/2025;122;Soja;COMPLETO;60;10,5;1425,1;1448,7;23,6;
control system;10/18/2025, 05:15 AM;8Q8M4;10/10/2025;130;Milho Semente;COMPLETO;100;5,76;1450,5;1464,8;14,3;FERTIIRRIGAÇÃO
control system;10/18/2025, 05:17 AM;9SNXZ;11/10/2025;103;Soja;COMPLETO;100;5,16;799,7;811,2;11,5;
control system;10/18/2025, 05:17 AM;QTRJC;11/10/2025;104;Milho Semente;COMPLETO;70;7,07;2198,4;2214,8;16,4;
control system;10/18/2025, 05:18 AM;E8VWQ;11/10/2025;106;Soja;COMPLETO;80;6,67;1376,8;1391,2;14,4;
control system;10/18/2025, 05:19 AM;ZX3YW;11/10/2025;108;Milho Semente;COMPLETO;100;5,34;981,5;991,4;9,9;FERTIIRRIGAÇÃO
control system;10/18/2025, 05:21 AM;D2ZH8;11/10/2025;114;Soja;COMPLETO;90;6,6;2073,5;2087,5;14;
control system;10/18/2025, 05:22 AM;BDDE9;11/10/2025;115;Milho Semente;COMPLETO;70;9,2;1557,1;1578,5;21,4;
control system;10/18/2025, 05:23 AM;3KXQ3;11/10/2025;122;Soja;COMPLETO;100;6,3;1448,7;1463,6;14,9;
control system;10/18/2025, 05:27 AM;BCZHF;12/10/2025;103;Soja;COMPLETO;100;5,16;811,2;822,8;11,6;
control system;10/18/2025, 05:28 AM;WJO3V;12/10/2025;104;Milho Semente;COMPLETO;100;4,95;2214,8;2226,2;11,4;
control system;10/18/2025, 05:28 AM;72PKX;12/10/2025;106;Soja;COMPLETO;100;5,34;1391,2;1402,8;11,6;
control system;10/18/2025, 05:30 AM;G96LL;12/10/2025;108;Milho Semente;COMPLETO;70;7,63;991,4;1008,6;17,2;
control system;10/18/2025, 05:31 AM;SCRTD;12/10/2025;114;Soja;COMPLETO;100;5,94;2087,5;2100,3;12,8;
control system;10/18/2025, 05:31 AM;Q9EIP;12/10/2025;122;Soja;COMPLETO;80;7,87;1463,6;1480,9;17,3;
control system;10/18/2025, 05:33 AM;9TRYD;13/10/2025;104;Milho Semente;COMPLETO;70;7,07;2226,2;2242,5;16,3;
control system;10/18/2025, 05:33 AM;PDBJ2;13/10/2025;106;Soja;COMPLETO;100;5,34;1402,8;1414,4;11,6;
control system;10/18/2025, 05:35 AM;KKR4O;13/10/2025;122;Soja;COMPLETO;100;6,3;1480,9;1495,4;14,5;
control system;10/20/2025, 06:13 PM;V19DM;15/10/2025;2;Soja;COMPLETO;100;5,3;952;966;14;
control system;10/20/2025, 06:13 PM;3DEXX;15/10/2025;3;Soja;COMPLETO;100;6,3;19;34;15;
control system;10/20/2025, 06:18 PM;4U4X7;15/10/2025;4;Soja;COMPLETO;100;3,92;1295;1304;9;
control system;10/20/2025, 06:19 PM;1FM3M;15/10/2025;5;Soja;COMPLETO;100;5,52;1781;1795;14;
control system;10/20/2025, 06:55 PM;2C4U7;15/10/2025;10;Preparo;COMPLETO;80;7,87;1356;1372;16;
control system;10/20/2025, 06:56 PM;Q2GQL;15/10/2025;14;Tabaco;COMPLETO;100;5,76;3435;3453;18;
control system;10/20/2025, 06:59 PM;800SM;15/10/2025;17;Soja;COMPLETO;100;6,3;256;286;30;2 GIRO
control system;10/20/2025, 07:03 PM;E3CZJ;15/10/2025;19;Soja;COMPLETO;100;5,75;282;298;16;
control system;10/20/2025, 07:16 PM;NBNDG;15/10/2025;23;Soja;COMPLETO;100;5,28;1061;1078;17;
control system;10/20/2025, 07:16 PM;1KWKV;15/10/2025;25;Cacau;COMPLETO;100;5,8;1176;1188;12;
control system;10/20/2025, 07:20 PM;J2OZQ;15/10/2025;26;Soja;COMPLETO;100;5,7;1380;1394;14;FERTIRRIGAÇÃO
control system;10/20/2025, 07:21 PM;LNDRY;15/10/2025;29;Cacau;COMPLETO;100;5,14;2231;2241;10;
control system;10/20/2025, 07:23 PM;RSGDP;15/10/2025;32;Cacau;COMPLETO;100;5,7;1428;1440;12;
control system;10/20/2025, 07:24 PM;B83JT;15/10/2025;36;Soja;COMPLETO;100;7,2;1813;1827;14;
control system;10/20/2025, 07:27 PM;3OLXH;15/10/2025;38;Soja;COMPLETO;100;8,05;541;559;18;
control system;10/20/2025, 07:29 PM;5CG7D;15/10/2025;40;Soja;COMPLETO;100;6,96;763;775;12;
control system;10/20/2025, 07:31 PM;NOMW8;15/10/2025;41;Milho;COMPLETO;100;6,44;1532;1546;14;
control system;10/20/2025, 07:42 PM;K2D2K;15/10/2025;43;Soja;COMPLETO;100;6,79;1425;1440;15;
control system;10/20/2025, 07:45 PM;9M6J9;15/10/2025;44;Soja;COMPLETO;85;8,54;325;338;13;
control system;10/20/2025, 08:15 PM;72U6Y;15/10/2025;47;Milho;COMPLETO;100;7,42;1040;1056;16;FERTIRRIGAÇÃO
control system;10/20/2025, 08:27 PM;AYO1A;15/10/2025;56;Tabaco;COMPLETO;100;6,18;736;743;7;FERTIRRIGAÇÃO
control system;10/20/2025, 08:29 PM;WUPJ5;15/10/2025;58;Tabaco;COMPLETO;100;6,54;634,5;648,6;14,1;
control system;10/20/2025, 08:33 PM;N6TZZ;15/10/2025;64;Soja;COMPLETO;100;5,45;667;677;10;
control system;10/20/2025, 08:34 PM;WO8S7;15/10/2025;71;Milho;1/2-PIVO;100;4,85;720;723,5;3,5;
control system;10/21/2025, 05:42 AM;UEJCV;15/10/2025;103;Soja;COMPLETO;80;6,45;822,8;837,3;14,5;
control system;10/21/2025, 05:43 AM;QVEUL;15/10/2025;104;Milho Semente;COMPLETO;100;4,95;2242,5;2254,5;12;FERTIIRRIGAÇÃO
control system;10/21/2025, 05:44 AM;RAPPB;15/10/2025;108;Milho Semente;COMPLETO;100;5,34;1008,6;1019,9;11,3;
control system;10/21/2025, 05:48 AM;15FZN;15/10/2025;122;Soja;COMPLETO;90;7;1495,4;1512,4;17;
control system;10/21/2025, 05:50 AM;XJQ59;15/10/2025;124;Milheto;COMPLETO;100;5,88;1092,8;1101,6;8,8;CANCELADO POR CHUVA
control system;10/21/2025, 05:52 AM;04P63;15/10/2025;129;Soja;COMPLETO;80;6,69;374,3;388,7;14,4;
control system;10/21/2025, 05:54 AM;70P51;16/10/2025;103;Soja;COMPLETO;80;6,45;837,3;852,1;14,8;
control system;10/21/2025, 05:56 AM;NNDJC;16/10/2025;104;Milho Semente;COMPLETO;70;7,07;2254,5;2271;16,5;
control system;10/21/2025, 05:59 AM;N0HBF;16/10/2025;108;Milho Semente;COMPLETO;100;5,34;1019,9;1034,5;14,6;FERTIIRRIGAÇÃO
control system;10/21/2025, 06:04 AM;GHMSA;16/10/2025;122;Soja;COMPLETO;100;6,3;1512,4;1542,1;29,7;
control system;10/21/2025, 06:05 AM;64YIY;16/10/2025;123;Preparo;COMPLETO;100;6,79;1957,9;1979,2;21,3;
control system;10/21/2025, 06:07 AM;N71NE;16/10/2025;129;Soja;COMPLETO;60;8,92;388,7;407,6;18,9;
control system;10/21/2025, 06:12 AM;EDT0A;17/10/2025;103;Soja;COMPLETO;90;5,73;852,1;864,9;12,8;
control system;10/21/2025, 06:13 AM;6S6DA;17/10/2025;115;Milho Semente;COMPLETO;70;9,2;1578,5;1599,2;20,7;
control system;10/21/2025, 06:14 AM;Y9EZC;17/10/2025;122;Soja;COMPLETO;100;6,3;1542,1;1556,4;14,3;
control system;10/21/2025, 06:15 AM;TTGAO;17/10/2025;123;Preparo;COMPLETO;80;8,49;1979,2;1997,4;18,2;
control system;10/21/2025, 06:16 AM;L7OS9;17/10/2025;129;Soja;COMPLETO;100;5,35;407,6;419,1;11,5;
control system;10/21/2025, 06:17 AM;8SB57;18/10/2025;104;Milho Semente;COMPLETO;100;4,95;2271;2282,5;11,5;
control system;10/21/2025, 06:18 AM;62HSF;18/10/2025;108;Milho Semente;COMPLETO;60;8,9;1034,5;1053,5;19;
control system;10/21/2025, 06:19 AM;JAQE1;18/10/2025;122;Soja;COMPLETO;90;7;1556,4;1572,4;16;
control system;10/21/2025, 06:19 AM;8L53L;18/10/2025;123;Preparo;COMPLETO;90;7,54;1997,4;2013,2;15,8;
control system;10/21/2025, 06:20 AM;FELDP;18/10/2025;129;Soja;COMPLETO;90;5,94;419,1;432;12,9;
control system;10/21/2025, 06:23 AM;JJAMV;19/10/2025;104;Milho Semente;COMPLETO;60;8,25;2282,5;2301,5;19;
control system;10/21/2025, 06:24 AM;38HWJ;19/10/2025;108;Milho Semente;COMPLETO;60;8,9;1053,5;1072,7;19,2;
control system;10/21/2025, 06:24 AM;FKXD3;19/10/2025;115;Milho Semente;COMPLETO;70;9,2;1599,2;1619,8;20,6;
control system;10/21/2025, 06:26 AM;UH56Q;19/10/2025;122;Soja;COMPLETO;100;6,3;1572,4;1586,6;14,2;
control system;10/21/2025, 06:26 AM;X169J;19/10/2025;123;Preparo;COMPLETO;80;8,49;2013,2;2031,5;18,3;
control system;10/21/2025, 06:27 AM;RFXFB;19/10/2025;129;Soja;COMPLETO;100;5,35;432;443,6;11,6;
control system;10/21/2025, 11:04 AM;0YHR0;16/10/2025;2;Soja;COMPLETO;100;5,3;966;979;13;
control system;10/21/2025, 11:07 AM;9VJI1;16/10/2025;4;Soja;COMPLETO;100;3,92;1304;1313;9;
control system;10/21/2025, 11:48 AM;044YC;16/10/2025;8;Soja;COMPLETO;100;6,58;1522;1534;12;
control system;10/21/2025, 11:50 AM;L7P5G;16/10/2025;10;Preparo;1/2-PIVO;50;12,6;1372;1386;14;
control system;10/21/2025, 12:16 PM;QPNZ2;16/10/2025;15;Soja;COMPLETO;90;8,2;1927;1944;17;
control system;10/21/2025, 12:47 PM;FDGHS;16/10/2025;17;Soja;COMPLETO;100;6,3;286;314;28;FERTI + IRRIGAÇÃO
control system;10/21/2025, 01:12 PM;V4F6S;16/10/2025;18;Milheto;COMPLETO;70;9,3;944;964;20;
control system;10/21/2025, 01:13 PM;7665M;16/10/2025;21;Soja;COMPLETO;80;6,84;1497,2;1514,6;17,4;
control system;10/21/2025, 01:14 PM;05B5F;16/10/2025;32;Cacau;D;100;5,7;1440;1445;5;
control system;10/21/2025, 01:18 PM;TY5MV;16/10/2025;35;Soja;COMPLETO;100;5,82;391;404;13;
control system;10/21/2025, 01:19 PM;9XONW;16/10/2025;36;Soja;COMPLETO;100;7,2;1827;1842;15;
control system;10/21/2025, 01:19 PM;JTCRS;16/10/2025;37;Soja;COMPLETO;100;9,04;961;972;11;
control system;10/21/2025, 01:23 PM;FU565;16/10/2025;38;Soja;COMPLETO;90;8,94;559;577;18;
control system;10/21/2025, 01:24 PM;3GCWI;16/10/2025;39;Milho;COMPLETO;70;7,97;1664;1681;17;
control system;10/21/2025, 01:27 PM;VHXAC;16/10/2025;40;Soja;COMPLETO;100;6,96;775;788;13;
control system;10/21/2025, 01:38 PM;KMWMT;16/10/2025;41;Milho;COMPLETO;100;6,44;1546;1560;14;
control system;10/21/2025, 01:40 PM;2TTTM;16/10/2025;43;Soja;COMPLETO;90;7,54;1440;1456;16;
control system;10/21/2025, 01:45 PM;L9VNF;16/10/2025;44;Soja;COMPLETO;85;8,54;338;358;20;2 GIRO
control system;10/21/2025, 01:58 PM;JTG2M;16/10/2025;47;Milho;COMPLETO;90;8,24;1056;1074;18;
control system;10/21/2025, 02:03 PM;PIEOF;16/10/2025;50;Preparo;COMPLETO;60;11,3;4;7;3;TESTE
control system;10/21/2025, 02:05 PM;AH6P9;16/10/2025;51;Preparo;COMPLETO;55;11;342;345;3;TESTE
control system;10/21/2025, 02:07 PM;J5B9B;16/10/2025;56;Tabaco;COMPLETO;100;6,18;743;758;15;
control system;10/21/2025, 02:13 PM;UBBNM;16/10/2025;58;Tabaco;COMPLETO;100;6,54;648,6;672,6;24;FERTI + IRRIGAÇÃO
control system;10/21/2025, 02:17 PM;9BRI3;16/10/2025;64;Soja;COMPLETO;90;6,06;677;689;12;
control system;10/21/2025, 02:18 PM;DW84E;16/10/2025;71;Milho;1/2-PIVO;100;4,85;723,5;727;3,5;
control system;10/21/2025, 02:19 PM;NO67A;16/10/2025;71;Tabaco;1/2-PIVO;100;4,85;727;730,5;3,5;
control system;10/21/2025, 05:41 PM;5N7DO;17/10/2025;2;Soja;COMPLETO;100;5,3;979;993;14;
control system;10/21/2025, 05:42 PM;NQE76;17/10/2025;3;Soja;COMPLETO;100;6,3;34;48;14;
control system;10/21/2025, 05:45 PM;DONGF;17/10/2025;4;Soja;COMPLETO;100;3,92;1313;1333;20;2 GIRO
control system;10/21/2025, 05:45 PM;GBMNB;17/10/2025;6;Soja;COMPLETO;90;6,47;1725;1742;17;
control system;10/21/2025, 05:49 PM;01ELG;17/10/2025;7;Soja;COMPLETO;90;6,13;345;359;14;
control system;10/21/2025, 05:50 PM;UB85K;17/10/2025;8;Soja;COMPLETO;100;6,58;1534;1549;15;
control system;10/21/2025, 05:54 PM;412HK;17/10/2025;10;Preparo;1/2-PIVO;100;6,3;1386;1393;7;
control system;10/21/2025, 06:02 PM;EVV0G;17/10/2025;11;Preparo;COMPLETO;50;11,04;0;27;27;
control system;10/21/2025, 06:06 PM;L64US;17/10/2025;15;Soja;COMPLETO;90;8,2;1944;1960;16;
control system;10/21/2025, 06:08 PM;ZMZUW;17/10/2025;17;Soja;COMPLETO;100;6,3;314;328;14;
control system;10/21/2025, 06:12 PM;QE8X4;17/10/2025;19;Soja;COMPLETO;100;5,75;298;334;36;2 GIRO
control system;10/21/2025, 06:17 PM;YYNNK;17/10/2025;23;Soja;COMPLETO;80;6,6;1078;1112;34;2 GIRO
control system;10/21/2025, 06:21 PM;C91D8;17/10/2025;25;Cacau;COMPLETO;60;9,67;1188;1207;19;
control system;10/21/2025, 06:22 PM;D168G;17/10/2025;27;Cacau;COMPLETO;60;8,9;1455;1474;19;
control system;10/21/2025, 06:26 PM;FPZG6;17/10/2025;29;Cacau;COMPLETO;100;5,14;2241;2251;10;FERTIRRIGAÇÃO
control system;10/21/2025, 06:30 PM;LYEM9;17/10/2025;31;Soja;COMPLETO;100;6,18;1040;1070;30;2 GIRO
control system;10/21/2025, 06:31 PM;RRORR;17/10/2025;32;Cacau;COMPLETO;100;5,7;1445;1460;15;
control system;10/21/2025, 06:32 PM;3EN6C;17/10/2025;36;Soja;COMPLETO;100;7,2;1842;1857;15;
control system;10/21/2025, 06:36 PM;Q5UOT;17/10/2025;38;Soja;COMPLETO;100;8,05;577;590;13;
control system;10/21/2025, 06:40 PM;C63EN;17/10/2025;41;Milho;COMPLETO;100;6,44;1560;1575;15;
control system;10/21/2025, 06:48 PM;1PHSF;17/10/2025;43;Soja;COMPLETO;100;6,79;1456;1471;15;
control system;10/21/2025, 06:51 PM;CGOVR;17/10/2025;44;Soja;COMPLETO;85;8,54;358;379;21;2 GIRO
control system;10/21/2025, 06:53 PM;5DP0F;17/10/2025;53;Tabaco;COMPLETO;100;4,63;818;827;9;FERTIRRIGAÇÃO
control system;10/21/2025, 06:57 PM;OCMDQ;17/10/2025;62;Tabaco;COMPLETO;100;5,58;1224;1244;20;2 GIRO
control system;10/21/2025, 07:05 PM;6AWFQ;17/10/2025;64;Soja;COMPLETO;90;6,06;689;701;12;
control system;10/21/2025, 07:06 PM;9JKRG;17/10/2025;71;Milho;1/2-PIVO;100;4,85;730,5;734;3,5;
control system;10/21/2025, 07:07 PM;MX6KG;17/10/2025;71;Tabaco;1/2-PIVO;100;4,85;734;737,5;3,5;
control system;10/21/2025, 07:09 PM;75HRI;18/10/2025;2;Soja;COMPLETO;100;5,3;993;1005;12;
control system;10/21/2025, 07:10 PM;46IB2;18/10/2025;4;Soja;COMPLETO;100;3,92;1333;1343;10;
control system;10/21/2025, 07:10 PM;9XZ8N;18/10/2025;5;Soja;COMPLETO;80;6,9;1795;1814;19;
control system;10/21/2025, 07:14 PM;6D86K;18/10/2025;7;Soja;COMPLETO;80;6,9;359;373;14;
control system;10/21/2025, 07:15 PM;VWPK3;18/10/2025;8;Soja;COMPLETO;100;6,58;1549;1563;14;
control system;10/21/2025, 07:18 PM;LTTTA;18/10/2025;9;Soja;COMPLETO;80;6,82;2765;2783;18;
control system;10/21/2025, 07:21 PM;LNUHI;18/10/2025;15;Soja;COMPLETO;90;8,2;1960;1976;16;
control system;10/21/2025, 07:22 PM;O6TDQ;18/10/2025;17;Soja;COMPLETO;100;6,3;328;343;15;
control system;10/21/2025, 07:23 PM;XZN9A;18/10/2025;21;Soja;COMPLETO;80;6,84;1514,6;1532;17,4;
control system;10/21/2025, 07:24 PM;7VNG3;18/10/2025;25;Cacau;D;100;5,8;1207;1210;3;
control system;10/21/2025, 07:25 PM;ZP157;18/10/2025;26;Soja;COMPLETO;100;5,7;1394;1409;15;
control system;10/21/2025, 07:26 PM;F6ZR9;18/10/2025;28;Milho;COMPLETO;70;9,54;1464,1;1486,9;22,8;
control system;10/21/2025, 07:27 PM;V609W;18/10/2025;29;Cacau;D;60;8,57;2251;2255;4;
control system;10/21/2025, 07:29 PM;IMMKU;18/10/2025;31;Soja;COMPLETO;100;6,18;1070;1085;15;
control system;10/21/2025, 07:31 PM;5OPYH;18/10/2025;32;Cacau;COMPLETO;100;5,7;1460;1476;16;
control system;10/21/2025, 07:33 PM;XIMKB;18/10/2025;35;Soja;COMPLETO;100;5,82;404;418;14;
control system;10/21/2025, 07:36 PM;IR7DC;18/10/2025;36;Soja;COMPLETO;100;7,2;1857;1873;16;
control system;10/21/2025, 07:37 PM;X2AWN;18/10/2025;38;Soja;COMPLETO;100;8,05;590;603;13;
control system;10/21/2025, 07:39 PM;3FN37;18/10/2025;39;Milho;COMPLETO;70;7,97;1681;1698;17;
control system;10/21/2025, 07:41 PM;0DJO0;18/10/2025;40;Soja;COMPLETO;100;6,96;788;801;13;
control system;10/21/2025, 07:42 PM;FU7XY;18/10/2025;41;Milho;COMPLETO;100;6,44;1575;1590;15;
control system;10/21/2025, 07:47 PM;JQMT2;18/10/2025;43;Soja;COMPLETO;100;6,79;1471;1487;16;
control system;10/21/2025, 07:49 PM;3HFAY;18/10/2025;44;Soja;COMPLETO;85;8,54;379;400;21;2 GIRO
control system;10/21/2025, 07:50 PM;DBMQZ;18/10/2025;47;Milho;COMPLETO;80;9,27;1074;1095;21;
control system;10/21/2025, 07:54 PM;XOWY2;18/10/2025;56;Tabaco;COMPLETO;100;6,18;758;791;33;2 GIRO
control system;10/21/2025, 07:55 PM;FEV1Z;18/10/2025;58;Tabaco;COMPLETO;100;6,54;672,6;686,5;13,9;
control system;10/21/2025, 07:56 PM;EMPZX;18/10/2025;64;Soja;COMPLETO;90;6,06;701;714;13;
control system;10/21/2025, 07:57 PM;VG2GY;18/10/2025;69;Tabaco;COMPLETO;100;4,6;1055;1065;10;
control system;10/21/2025, 07:57 PM;M8DSQ;18/10/2025;71;Milho;1/2-PIVO;100;4,85;737,5;741;3,5;
control system;10/22/2025, 12:40 PM;9N648;19/10/2025;3;Soja;COMPLETO;100;6,3;48;62;14;
control system;10/22/2025, 12:42 PM;8PNEG;19/10/2025;6;Soja;COMPLETO;90;6,47;1742;1758;16;
control system;10/22/2025, 12:43 PM;ZB0SG;19/10/2025;8;Soja;COMPLETO;100;6,58;1563;1578;15;
control system;10/22/2025, 12:45 PM;14T9L;19/10/2025;9;Soja;COMPLETO;100;5,46;2783;2798;15;
control system;10/22/2025, 12:46 PM;FJRUS;19/10/2025;15;Soja;COMPLETO;100;7,38;1976;1991;15;
control system;10/22/2025, 12:47 PM;W352J;19/10/2025;23;Soja;COMPLETO;100;5,28;1112;1127;15;
control system;10/22/2025, 12:48 PM;UK1P8;19/10/2025;27;Cacau;COMPLETO;100;5,34;1474;1486;12;
control system;10/22/2025, 12:49 PM;5P041;19/10/2025;29;Cacau;COMPLETO;100;5,14;2255;2265;10;
control system;10/22/2025, 12:51 PM;SZE9E;19/10/2025;32;Cacau;COMPLETO;100;5,7;1476;1491;15;
control system;10/22/2025, 12:53 PM;ZPKLK;19/10/2025;36;Soja;COMPLETO;100;7,2;1873;1888;15;
control system;10/22/2025, 01:03 PM;L4C4Q;19/10/2025;38;Soja;COMPLETO;100;8,05;603;616;13;
control system;10/22/2025, 01:07 PM;V3LN9;19/10/2025;39;Milho;COMPLETO;100;5,58;1698;1710;12;
control system;10/22/2025, 01:08 PM;JK7JJ;19/10/2025;41;Milho;COMPLETO;100;6,44;1590;1604;14;
control system;10/22/2025, 01:08 PM;IAAPX;19/10/2025;43;Soja;COMPLETO;90;7,54;1487;1503;16;
control system;10/22/2025, 01:09 PM;LABTH;19/10/2025;44;Soja;COMPLETO;85;8,54;400;420;20;2 GIRO
control system;10/22/2025, 01:19 PM;EHTM7;19/10/2025;46;Tabaco;COMPLETO;100;6,66;2649;2667;18;
control system;10/22/2025, 01:19 PM;4H5XJ;19/10/2025;56;Tabaco;COMPLETO;100;6,18;791;806;15;
control system;10/22/2025, 01:22 PM;U77M2;19/10/2025;64;Soja;COMPLETO;90;6,06;714;727;13;
control system;10/22/2025, 01:26 PM;1,54E+04;19/10/2025;68;Milho;COMPLETO;60;8;1123;1141;18;
control system;10/22/2025, 01:27 PM;BC24P;19/10/2025;71;Milho;1/2-PIVO;100;4,85;741;744,5;3,5;
control system;10/22/2025, 01:28 PM;IY0SM;19/10/2025;71;Tabaco;1/2-PIVO;100;4,85;744,5;748;3,5;
control system;10/22/2025, 01:37 PM;RWNYK;20/10/2025;7;Soja;COMPLETO;100;5,52;373;387;14;
control system;10/22/2025, 01:38 PM;W1WZ7;20/10/2025;8;Soja;COMPLETO;100;6,58;1578;1587;9;CHUVA
control system;10/22/2025, 01:39 PM;WYWZN;20/10/2025;14;Tabaco;COMPLETO;100;5,76;3453;3465;12;
control system;10/22/2025, 01:44 PM;Q0EPB;20/10/2025;25;Cacau;COMPLETO;100;5,8;1210;1221;11;FERTIRRIGAÇÃO
control system;10/22/2025, 01:45 PM;N5DI7;20/10/2025;27;Cacau;COMPLETO;100;5,34;1486;1498;12;FERTIRRIGAÇÃO
control system;10/22/2025, 01:46 PM;7THCZ;20/10/2025;64;Soja;COMPLETO;80;6,81;727;740;13;
control system;10/22/2025, 01:49 PM;ETULN;20/10/2025;68;Milho;COMPLETO;70;6,86;1141;1156;15;
control system;10/23/2025, 05:33 PM;RGHYF;21/10/2025;19;Soja;COMPLETO;100;5,75;334;350,8;16,8;FERTIRRIGAÇÃO
control system;10/23/2025, 05:36 PM;YR3AN;21/10/2025;45;Preparo;COMPLETO;70;8,74;41;61;20;
control system;10/23/2025, 05:39 PM;JOK48;21/10/2025;55;Preparo;COMPLETO;70;9,26;1019;1039;20;
control system;10/23/2025, 05:40 PM;ABO86;21/10/2025;56;Tabaco;COMPLETO;100;6,18;806;821;15;FERTIRRIGAÇÃO
control system;10/24/2025, 06:12 AM;YM8ZA;20/10/2025;103;Soja;COMPLETO;100;5,16;864,9;876,7;11,8;
control system;10/24/2025, 06:15 AM;GO5HU;20/10/2025;122;Soja;COMPLETO;100;6,3;1586,6;1600,9;14,3;
control system;10/24/2025, 06:15 AM;L8806;20/10/2025;123;Soja;COMPLETO;100;6,79;2031,5;2046,7;15,2;
control system;10/24/2025, 06:16 AM;9F3EC;20/10/2025;129;Soja;COMPLETO;100;5,35;443,6;455,6;12;
control system;10/24/2025, 06:19 AM;LD54Z;21/10/2025;103;Soja;COMPLETO;100;5,16;876,7;888,3;11,6;
control system;10/24/2025, 06:21 AM;HINFA;21/10/2025;104;Milho Semente;COMPLETO;70;7,07;2301,5;2317,8;16,3;
control system;10/24/2025, 06:22 AM;YA8RJ;21/10/2025;108;Milho Semente;COMPLETO;70;7,63;1072,7;1089,6;16,9;
control system;10/24/2025, 06:22 AM;0ZD9I;21/10/2025;115;Milho Semente;COMPLETO;80;8,05;1619,8;1637,9;18,1;
control system;10/24/2025, 06:29 AM;8HI1A;22/10/2025;103;Soja;COMPLETO;100;5,16;888,3;899,8;11,5;
control system;10/24/2025, 06:29 AM;12D5Z;22/10/2025;104;Milho Semente;COMPLETO;100;4,95;2317,8;2329,4;11,6;
control system;10/24/2025, 06:33 AM;24OLS;22/10/2025;122;Soja;COMPLETO;100;6,3;1600,9;1615,3;14,4;
control system;10/24/2025, 06:34 AM;EB08K;22/10/2025;123;Soja;COMPLETO;100;6,79;2046,7;2061,3;14,6;
control system;10/24/2025, 06:46 AM;WUDH5;22/10/2025;129;Soja;COMPLETO;100;5,35;455,6;466,6;11;
control system;10/24/2025, 06:48 AM;E2SEB;23/10/2025;103;Soja;COMPLETO;100;5,16;899,8;911,4;11,6;
control system;10/24/2025, 06:49 AM;426OU;23/10/2025;104;Milho Semente;COMPLETO;100;4,95;2329,4;2341,1;11,7;FERTIIRRIGAÇÃO
control system;10/24/2025, 06:51 AM;CPC66;23/10/2025;115;Milho Semente;COMPLETO;100;6,44;1637,9;1652,3;14,4;
control system;10/24/2025, 06:52 AM;9Z6AF;23/10/2025;122;Soja;COMPLETO;100;6,3;1615,3;1629,8;14,5;
control system;10/24/2025, 06:52 AM;4RZ95;23/10/2025;123;Soja;COMPLETO;100;6,79;2061,3;2075,8;14,5;
control system;10/24/2025, 06:53 AM;UBQQF;23/10/2025;129;Soja;COMPLETO;100;5,35;466,6;478,3;11,7;
control system;10/24/2025, 05:31 PM;884GO;22/10/2025;39;Milho;COMPLETO;80;6,97;1710;1726;16;
control system;10/24/2025, 05:32 PM;RIO18;22/10/2025;41;Milho;COMPLETO;80;8,05;1604;1623;19;
control system;10/24/2025, 05:32 PM;1FIMZ;22/10/2025;44;Soja;COMPLETO;90;8,07;420;432;12;
control system;10/24/2025, 05:35 PM;KEX6B;22/10/2025;47;Milho;COMPLETO;95;7,81;1095;1119;24;FERTI + IRRIGAÇÃO 1/2
control system;10/24/2025, 05:37 PM;MAIGY;22/10/2025;51;Pré Plantio;COMPLETO;70;8,64;345;363;18;
control system;10/24/2025, 05:38 PM;29R49;22/10/2025;55;Preparo;COMPLETO;70;9,26;1039;1062;23;
control system;10/24/2025, 05:39 PM;SVVH1;22/10/2025;58;Tabaco;COMPLETO;100;6,54;686,5;701,3;14,8;FERTIRRIGAÇÃO
control system;10/24/2025, 05:40 PM;LYPUO;22/10/2025;68;Milho;COMPLETO;100;4,8;1156;1166;10;
control system;10/24/2025, 05:46 PM;SMLYZ;23/10/2025;2;Soja;COMPLETO;100;5,3;1005;1018;13;
control system;10/24/2025, 05:47 PM;QV5BV;23/10/2025;5;Soja;COMPLETO;100;5,52;1814;1828;14;
control system;10/24/2025, 05:52 PM;UQK98;23/10/2025;7;Soja;COMPLETO;100;5,52;387;400;13;
control system;10/24/2025, 05:54 PM;SSCWP;23/10/2025;8;Soja;COMPLETO;100;6,58;1587;1619;32;FERTI + IRRIGAÇÃO
control system;10/24/2025, 05:56 PM;FY2NF;23/10/2025;9;Soja;COMPLETO;100;5,46;2798;2810;12;
control system;10/24/2025, 05:56 PM;K7S5Q;23/10/2025;10;Soja;COMPLETO;100;6,3;1393;1408;15;
control system;10/24/2025, 05:57 PM;PBMEL;23/10/2025;15;Soja;COMPLETO;100;7,38;1991;2008;17;
control system;10/24/2025, 06:00 PM;UMG1C;23/10/2025;21;Soja;COMPLETO;100;5,47;1532;1546;14;FERTIRRIGAÇÃO
control system;10/24/2025, 06:01 PM;LOBV3;23/10/2025;25;Cacau;COMPLETO;100;5,8;1221;1236;15;
control system;10/24/2025, 06:02 PM;Q7AZ5;23/10/2025;26;Soja;COMPLETO;100;5,7;1409;1424;15;
control system;10/24/2025, 06:03 PM;RYIIY;23/10/2025;27;Cacau;COMPLETO;100;5,34;1498;1510;12;
control system;10/24/2025, 06:04 PM;H1N2W;23/10/2025;29;Cacau;COMPLETO;100;5,14;2265;2283;18;
control system;10/24/2025, 06:06 PM;6FNNM;23/10/2025;6;Soja;COMPLETO;100;5,82;1758;1772;14;
control system;10/24/2025, 06:11 PM;ZHH1F;23/10/2025;32;Cacau;COMPLETO;100;5,7;1491;1504;13;
control system;10/24/2025, 06:12 PM;0S22F;23/10/2025;36;Soja;COMPLETO;100;7,2;1888;1903;15;
control system;10/24/2025, 06:15 PM;MH6ZO;23/10/2025;37;Soja;COMPLETO;100;9,04;972;984;12;
control system;10/24/2025, 06:19 PM;HHJS9;23/10/2025;38;Soja;COMPLETO;100;8,05;616;631;15;
control system;10/24/2025, 06:21 PM;U7Y8G;23/10/2025;43;Soja;COMPLETO;100;6,79;1503;1518;15;
control system;10/24/2025, 06:22 PM;DDQAZ;23/10/2025;44;Soja;COMPLETO;90;8,07;432;444;12;
control system;10/24/2025, 06:31 PM;J6906;23/10/2025;56;Tabaco;COMPLETO;100;6,18;821;836;15;FERTIRRIGAÇÃO
control system;10/24/2025, 06:32 PM;3NWWM;23/10/2025;64;Soja;COMPLETO;90;6,06;740;753;13;
control system;10/24/2025, 06:33 PM;ITBXJ;23/10/2025;68;Milho;COMPLETO;100;4,8;1166;1176;10;
control system;10/28/2025, 12:04 PM;BUDEE;24/10/2025;4;Soja;COMPLETO;100;3,92;1343;1352;9;
control system;10/28/2025, 12:05 PM;YYRLR;24/10/2025;6;Soja;COMPLETO;100;5,82;1772;1786;14;
control system;10/28/2025, 12:10 PM;Z0NYI;24/10/2025;7;Soja;COMPLETO;100;5,52;400;424;24;FERTI + IRRIGAÇÃO
control system;10/28/2025, 12:10 PM;YHD1X;24/10/2025;8;Soja;COMPLETO;100;6,58;1619;1634;15;
control system;10/28/2025, 12:24 PM;V7VZY;24/10/2025;9;Soja;COMPLETO;100;5,46;2810;2824;14;
control system;10/28/2025, 12:25 PM;G7POY;24/10/2025;10;Soja;COMPLETO;100;6,3;1408;1423;15;
control system;10/28/2025, 12:42 PM;8NDJ8;24/10/2025;11;Soja;COMPLETO;100;5,52;27;42;15;
control system;10/28/2025, 12:53 PM;10EZ8;24/10/2025;17;Soja;COMPLETO;100;6,3;343;358;15;
control system;10/28/2025, 01:04 PM;M956J;24/10/2025;19;Soja;COMPLETO;100;5,75;350,8;371;20,2;+ 1/2 PIVÔ
control system;10/28/2025, 01:05 PM;6N349;24/10/2025;28;Milho;COMPLETO;70;9,54;1486,9;1505,8;18,9;
control system;10/28/2025, 01:10 PM;YGXI3;24/10/2025;31;Soja;COMPLETO;100;6,18;1085;1119;34;2 GIRO
control system;10/28/2025, 01:12 PM;E7UFQ;24/10/2025;32;Cacau;COMPLETO;100;5,7;1504;1518;14;
control system;10/28/2025, 01:13 PM;7SAQR;24/10/2025;35;Soja;COMPLETO;70;8,31;418;440;22;
control system;10/28/2025, 01:15 PM;FFECX;24/10/2025;36;Soja;COMPLETO;100;7,2;1903;1918;15;
control system;10/28/2025, 01:24 PM;ZHGHN;24/10/2025;37;Soja;COMPLETO;100;9,04;984;1004;20;2 GIRO
control system;10/28/2025, 01:29 PM;JYFBY;24/10/2025;38;Soja;COMPLETO;100;8,05;631;648;17;
control system;10/28/2025, 01:30 PM;IYTK1;24/10/2025;39;Milho;COMPLETO;70;7,97;1726;1744;18;
control system;10/28/2025, 01:30 PM;8SLG8;24/10/2025;41;Milho;COMPLETO;100;6,44;1623;1638;15;
control system;10/28/2025, 01:31 PM;BONRT;24/10/2025;43;Soja;COMPLETO;100;6,79;1518;1534;16;
control system;10/28/2025, 01:32 PM;G2WWY;24/10/2025;47;Milho;COMPLETO;70;10,6;1119;1141;22;
control system;10/28/2025, 01:33 PM;XMUV5;24/10/2025;51;Preparo;COMPLETO;50;12,1;363;390;27;
control system;10/28/2025, 01:40 PM;VFMZ1;24/10/2025;52;Tabaco;CD;95;7,33;2298;2307;9;
control system;10/28/2025, 01:41 PM;TF7BU;24/10/2025;53;Tabaco;COMPLETO;95;4,87;827;837;10;
control system;10/28/2025, 01:44 PM;OGO7D;24/10/2025;56;Tabaco;COMPLETO;80;7,72;836;858;22;
control system;10/28/2025, 01:44 PM;1NDH0;24/10/2025;64;Soja;COMPLETO;90;6,06;753;766;13;
control system;10/28/2025, 01:46 PM;6DVTN;24/10/2025;68;Milho;COMPLETO;60;8;1176;1194;18;
control system;10/28/2025, 01:47 PM;QSGO4;24/10/2025;71;Milho;1/2-PIVO;90;5,39;748;752;4;
control system;10/28/2025, 05:04 PM;UPLOU;25/10/2025;3;Soja;COMPLETO;70;9;62;80;18;
control system;10/28/2025, 05:05 PM;FLNZK;25/10/2025;4;Soja;COMPLETO;70;5,6;1352;1366;14;
control system;10/28/2025, 05:05 PM;N5C30;25/10/2025;5;Soja;COMPLETO;100;5,52;1828;1843;15;
control system;10/28/2025, 05:06 PM;NLX6W;25/10/2025;6;Soja;COMPLETO;100;5,82;1786;1801;15;
control system;10/28/2025, 05:09 PM;5X2J9;25/10/2025;7;Soja;COMPLETO;100;5,52;424;436;12;
control system;10/28/2025, 05:11 PM;2RPZ5;25/10/2025;8;Soja;COMPLETO;100;6,58;1634;1649;15;
control system;10/28/2025, 05:16 PM;1B8CQ;25/10/2025;9;Soja;COMPLETO;100;5,46;2824;2851;27;2 GIRO
control system;10/28/2025, 05:24 PM;PX0A4;25/10/2025;10;Soja;COMPLETO;100;6,3;1423;1452;29;2 GIRO
control system;10/28/2025, 07:49 PM;ZFC2B;25/10/2025;11;Soja;COMPLETO;100;5,52;42;73;31;2 GIRO
control system;10/28/2025, 07:49 PM;2MXV7;25/10/2025;21;Soja;COMPLETO;80;6,84;1546;1563;17;
control system;10/28/2025, 07:50 PM;P95LD;25/10/2025;25;Cacau;COMPLETO;70;8,29;1236;1252;16;
control system;10/28/2025, 07:51 PM;3VYIZ;25/10/2025;29;Cacau;COMPLETO;70;7,34;2283;2297;14;
control system;10/28/2025, 07:52 PM;SMK5D;25/10/2025;32;Cacau;COMPLETO;100;5,7;1518;1532;14;
control system;10/28/2025, 07:53 PM;7ISIQ;25/10/2025;37;Soja;COMPLETO;100;9,04;1004;1025;21;2 GIRO
control system;10/28/2025, 07:53 PM;NUMK1;25/10/2025;40;Soja;COMPLETO;70;9,94;801;822;21;
control system;10/28/2025, 07:54 PM;HYCK1;25/10/2025;41;Soja;COMPLETO;100;6,44;1638;1652;14;
control system;10/28/2025, 07:56 PM;7RMSY;25/10/2025;42;Tabaco;COMPLETO;100;5,76;934;946;12;
control system;10/28/2025, 07:56 PM;GCOYX;25/10/2025;45;Preparo;COMPLETO;70;8,74;61;81;20;
control system;10/28/2025, 07:57 PM;9Y0QN;25/10/2025;46;Tabaco;COMPLETO;100;6,66;2667;2685;18;
control system;10/28/2025, 07:58 PM;SKM2P;25/10/2025;54;Tabaco;COMPLETO;100;5,8;1008;1021;13;
control system;10/28/2025, 08:01 PM;6K279;25/10/2025;58;Tabaco;COMPLETO;100;6,54;701,3;715,8;14,5;
control system;10/28/2025, 08:02 PM;II391;25/10/2025;62;Tabaco;COMPLETO;100;5,58;1244;1260;16;
control system;10/28/2025, 08:03 PM;NCMXJ;25/10/2025;64;Soja;COMPLETO;80;6,81;766;781;15;
control system;10/28/2025, 08:04 PM;PASD4;25/10/2025;68;Milho;COMPLETO;100;4,8;1194;1204;10;
control system;10/28/2025, 08:05 PM;1WP78;25/10/2025;69;Tabaco;COMPLETO;100;4,6;1065;1075;10;
control system;10/28/2025, 08:06 PM;7Z4VO;25/10/2025;71;Tabaco;1/2-PIVO;80;6,06;752;755,5;3,5;
control system;10/29/2025, 05:51 AM;V8T83;24/10/2025;103;Soja;COMPLETO;100;5,16;911,4;922,9;11,5;
control system;10/29/2025, 05:52 AM;8A3OA;24/10/2025;104;Milho Semente;COMPLETO;60;8,25;2341,1;2360,2;19,1;
control system;10/29/2025, 05:53 AM;AXA9Z;24/10/2025;108;Milho Semente;COMPLETO;70;7,63;1089,6;1118,1;28,5;FERTI + IRRIGAÇÃO
control system;10/29/2025, 05:56 AM;VQUXO;24/10/2025;122;Soja;COMPLETO;100;6,3;1629,8;1644,7;14,9;
control system;10/29/2025, 05:57 AM;A4TXE;24/10/2025;123;Soja;COMPLETO;100;6,79;2075,8;2091;15,2;
control system;10/29/2025, 05:59 AM;WI2IO;24/10/2025;125;Soja;COMPLETO;80;5,63;19,6;34;14,4;
control system;10/29/2025, 06:00 AM;XW1ST;24/10/2025;129;Soja;COMPLETO;100;5,35;478,3;489,9;11,6;
control system;10/29/2025, 06:02 AM;WOA9A;25/10/2025;109;Preparo;1/2-PIVO;50;11,66;709,6;721,1;11,5;
control system;10/29/2025, 06:03 AM;IVK0Y;25/10/2025;115;Milho Semente;COMPLETO;70;9,2;1652,3;1672,9;20,6;
control system;10/29/2025, 06:04 AM;EO2CN;25/10/2025;123;Soja;COMPLETO;100;6,79;2091;2105,9;14,9;
control system;10/29/2025, 06:05 AM;EAU0C;25/10/2025;125;Soja;COMPLETO;80;5,63;34;48,8;14,8;
control system;10/29/2025, 06:05 AM;890Q3;25/10/2025;129;Soja;COMPLETO;100;5,35;489,9;502,1;12,2;
control system;10/29/2025, 06:09 AM;UXL3M;26/10/2025;103;Soja;COMPLETO;100;5,16;922,9;934,5;11,6;
control system;10/29/2025, 06:10 AM;UZQ1T;26/10/2025;108;Milho Semente;COMPLETO;70;7,63;1118,1;1135;16,9;
control system;10/29/2025, 06:11 AM;CZWOY;26/10/2025;109;Preparo;1/2-PIVO;50;11,66;721,1;733,5;12,4;
control system;10/29/2025, 06:15 AM;IVLZS;26/10/2025;122;Soja;COMPLETO;100;6,3;1644,7;1659,5;14,8;
control system;10/29/2025, 06:15 AM;F4YS4;26/10/2025;123;Soja;COMPLETO;100;6,79;2105,9;2120,8;14,9;
control system;10/29/2025, 06:16 AM;PEN1S;26/10/2025;125;Soja;COMPLETO;80;5,63;48,8;76,8;28;2 GIRO
control system;10/29/2025, 06:17 AM;0E30Y;27/10/2025;103;Soja;COMPLETO;100;5,16;934,5;946,1;11,6;
control system;10/29/2025, 06:18 AM;K1TJJ;27/10/2025;104;Milho Semente;COMPLETO;60;8,25;2360,2;2379,2;19;
control system;10/29/2025, 06:22 AM;WQ7I1;27/10/2025;125;Soja;COMPLETO;100;4,5;76,8;88,8;12;
control system;10/29/2025, 06:24 AM;D11F4;27/10/2025;129;Soja;COMPLETO;100;5,35;502,1;514,8;12,7;
control system;10/30/2025, 11:45 AM;BW14I;26/10/2025;2;Soja;COMPLETO;100;5,3;1018;1031;13;
control system;10/30/2025, 11:46 AM;2EEII;26/10/2025;3;Soja;COMPLETO;100;6,3;80;94;14;
control system;10/30/2025, 11:48 AM;YRZVT;26/10/2025;4;Soja;COMPLETO;70;5,6;1366;1379;13;
control system;10/30/2025, 11:48 AM;6GQNO;26/10/2025;5;Soja;COMPLETO;100;5,52;1843;1858;15;
control system;10/30/2025, 11:49 AM;5LP10;26/10/2025;6;Soja;COMPLETO;100;5,82;1801;1816;15;
control system;10/30/2025, 11:54 AM;6RGC1;26/10/2025;7;Soja;COMPLETO;100;5,52;436;450;14;
control system;10/30/2025, 11:55 AM;GR0HE;26/10/2025;8;Soja;COMPLETO;100;6,58;1649;1664;15;
control system;10/30/2025, 11:58 AM;S4BJY;26/10/2025;9;Soja;COMPLETO;100;5,46;2851;2877;26;
control system;10/30/2025, 12:00 PM;0I9ND;26/10/2025;10;Soja;COMPLETO;100;6,3;1452;1466;14;
control system;10/30/2025, 12:18 PM;SS8YX;26/10/2025;11;Soja;COMPLETO;100;5,52;73;88;15;
control system;10/30/2025, 12:18 PM;V2KZQ;26/10/2025;15;Soja;COMPLETO;70;10,54;2008;2032;24;
control system;10/30/2025, 12:19 PM;6LIHG;26/10/2025;27;Cacau;COMPLETO;70;7,63;1510;1527;17;
control system;10/30/2025, 12:20 PM;MSJG9;26/10/2025;32;Cacau;COMPLETO;100;5,7;1532;1546,9;14,9;
control system;10/30/2025, 12:25 PM;24LK5;26/10/2025;36;Soja;COMPLETO;36;20;1918;1934;16;
control system;10/30/2025, 12:27 PM;JO0QB;26/10/2025;37;Soja;COMPLETO;100;9,04;1025;1046;21;2 GIRO
control system;10/30/2025, 12:28 PM;VR5LY;26/10/2025;39;Milho;COMPLETO;60;9,3;1744;1765;21;
control system;10/30/2025, 12:30 PM;WGMDN;26/10/2025;41;Milho;COMPLETO;100;6,44;1652;1667;15;
control system;10/30/2025, 12:38 PM;RRL15;26/10/2025;44;Soja;COMPLETO;80;9,07;444;458;14;
control system;10/30/2025, 12:39 PM;LN8Y6;26/10/2025;47;Milho;COMPLETO;70;10,6;1141;1165;24;
control system;10/30/2025, 12:39 PM;DH7FY;26/10/2025;52;Tabaco;BCD;100;6,96;2307;2319;12;
control system;10/30/2025, 12:43 PM;GHZWI;26/10/2025;53;Tabaco;COMPLETO;80;5,79;837;850;13;
control system;10/30/2025, 12:52 PM;496PS;26/10/2025;55;Soja;1/2-PIVO;100;6,48;1062;1077;15;
control system;10/30/2025, 12:53 PM;ICFI9;26/10/2025;56;Tabaco;COMPLETO;100;6,18;858;874;16;
control system;10/30/2025, 12:55 PM;2YPAM;26/10/2025;68;Milho;COMPLETO;60;8;1204;1222;18;
control system;10/30/2025, 12:56 PM;MW2ZD;26/10/2025;71;Milho;1/2-PIVO;40;12,12;755,5;764,5;9;
control system;10/30/2025, 12:57 PM;HHAPM;26/10/2025;71;Tabaco;1/2-PIVO;100;4,85;764,5;768;3,5;
control system;10/30/2025, 01:05 PM;8XV2S;27/10/2025;5;Soja;COMPLETO;70;7,89;1858;1878;20;
control system;10/30/2025, 01:05 PM;FP61F;27/10/2025;6;Soja;COMPLETO;100;5,82;1816;1832;16;
control system;10/30/2025, 01:06 PM;71U7W;27/10/2025;7;Soja;COMPLETO;100;5,52;450;462;12;
control system;10/30/2025, 01:07 PM;XE2IG;27/10/2025;8;Soja;COMPLETO;100;6,58;1664;1678;14;
control system;10/30/2025, 01:11 PM;PM0ZM;27/10/2025;9;Soja;COMPLETO;100;5,46;2877;2891;14;
control system;10/30/2025, 01:12 PM;JVHAO;27/10/2025;10;Soja;COMPLETO;100;6,3;1466;1480;14;
control system;10/30/2025, 01:24 PM;8XU1C;27/10/2025;11;Soja;COMPLETO;100;5,52;88;101;13;
control system;10/30/2025, 01:39 PM;LN6Z6;27/10/2025;17;Soja;COMPLETO;70;9;358;382;24;
control system;10/30/2025, 01:48 PM;F6CNI;27/10/2025;19;Soja;COMPLETO;100;5,75;371;386;15;FERTIRRIGAÇÃO
control system;10/30/2025, 02:01 PM;BED2D;27/10/2025;25;Cacau;COMPLETO;70;8,29;1252;1268;16;
control system;10/30/2025, 02:02 PM;90B2Q;27/10/2025;29;Cacau;COMPLETO;100;5,14;2297;2311;14;
control system;10/30/2025, 02:03 PM;6I9I5;27/10/2025;31;Soja;COMPLETO;70;8,83;1119;1140;21;
control system;10/30/2025, 02:05 PM;GXJZS;27/10/2025;32;Cacau;COMPLETO;100;5,7;1546,9;1559,2;12,3;
control system;10/30/2025, 02:09 PM;LSCP2;27/10/2025;35;Soja;COMPLETO;70;8,31;440;462;22;
control system;10/30/2025, 02:09 PM;GPZNB;27/10/2025;37;Soja;COMPLETO;100;9,04;1046;1056;10;
control system;10/30/2025, 02:13 PM;EMXUF;27/10/2025;38;Soja;COMPLETO;100;8,05;648;664;16;
control system;10/30/2025, 02:14 PM;5G77A;27/10/2025;39;Milho;COMPLETO;100;5,58;1765;1777;12;FERTIRRIGAÇÃO
control system;10/30/2025, 02:14 PM;STHY7;27/10/2025;41;Milho;COMPLETO;100;6,44;1667;1682;15;
control system;10/30/2025, 02:15 PM;3ONQT;27/10/2025;43;Soja;COMPLETO;70;9,7;1534;1556;22;
control system;10/30/2025, 02:19 PM;NVKLR;27/10/2025;47;Milho;COMPLETO;90;8,24;1165;1182;17;
control system;10/30/2025, 02:20 PM;WAA77;27/10/2025;51;Pré Plantio;COMPLETO;70;8,64;390;408,8;18,8;
control system;10/30/2025, 02:21 PM;DVENE;27/10/2025;55;Soja;COMPLETO;100;6,48;1077;1092;15;
control system;10/30/2025, 02:22 PM;P2V04;27/10/2025;58;Tabaco;COMPLETO;100;6,54;715,8;730,3;14,5;
control system;10/30/2025, 02:22 PM;JG3A2;27/10/2025;68;Milho;COMPLETO;100;4,8;1222;1232;10;
control system;10/30/2025, 04:29 PM;0LZHU;28/10/2025;2;Soja;COMPLETO;90;5,89;1031;1047;16;
control system;10/30/2025, 04:30 PM;R26LG;28/10/2025;3;Soja;COMPLETO;70;9;94;115;21;
control system;10/30/2025, 04:30 PM;EW8PR;28/10/2025;4;Soja;COMPLETO;80;4,9;1379;1391;12;
control system;10/30/2025, 04:32 PM;0CK3H;28/10/2025;5;Soja;COMPLETO;100;5,52;1878;1892;14;
control system;10/30/2025, 04:32 PM;37ND2;28/10/2025;6;Soja;COMPLETO;100;5,82;1832;1846;14;
control system;10/30/2025, 04:35 PM;4NFUR;28/10/2025;9;Soja;COMPLETO;100;5,46;2891;2905;14;
control system;10/30/2025, 04:43 PM;TETZ7;28/10/2025;10;Soja;COMPLETO;100;6,3;1480;1508;28;2 GIRO
control system;10/30/2025, 04:48 PM;2Z6HQ;28/10/2025;15;Soja;COMPLETO;80;9,22;2032;2065;33;+ FERTI 100%
control system;10/30/2025, 04:50 PM;K30GQ;28/10/2025;17;Soja;COMPLETO;100;6,3;382;400;18;
control system;10/30/2025, 04:55 PM;6A68U;28/10/2025;21;Soja;COMPLETO;80;6,84;1563;1581;18;
control system;10/30/2025, 05:19 PM;ZMSDB;27/10/2025;23;Soja;COMPLETO;80;6,6;1127;1145;18;
control system;10/30/2025, 05:19 PM;KVOJB;28/10/2025;23;Soja;COMPLETO;80;6,6;1145;1163;18;
control system;10/30/2025, 05:20 PM;IRVM6;28/10/2025;26;Soja;COMPLETO;70;8,14;1424;1444;20;
control system;10/30/2025, 05:22 PM;XGATQ;28/10/2025;27;Cacau;COMPLETO;100;5,34;1527;1538;11;
control system;10/30/2025, 05:22 PM;D8GK1;28/10/2025;31;Soja;COMPLETO;70;8,83;1140;1161;21;
control system;10/30/2025, 05:29 PM;BE9VW;28/10/2025;32;Cacau;D;100;5,7;1559,2;1563,5;4,3;
control system;10/30/2025, 05:30 PM;G7BQF;28/10/2025;37;Soja;COMPLETO;100;9,04;1056;1068;12;
control system;10/30/2025, 05:32 PM;FQEEV;28/10/2025;38;Soja;COMPLETO;100;8,05;664;680;16;
control system;10/30/2025, 05:32 PM;4TOMJ;28/10/2025;39;Milho;COMPLETO;70;7,97;1777;1795;18;
control system;10/30/2025, 05:33 PM;8ZEI1;28/10/2025;40;Soja;COMPLETO;70;9,94;822;843,3;21,3;
control system;10/30/2025, 05:33 PM;C2Q3T;28/10/2025;41;Milho;COMPLETO;70;9,2;1682;1702;20;
control system;10/30/2025, 05:34 PM;CF0S0;28/10/2025;42;Tabaco;COMPLETO;90;6,4;946;960;14;
control system;10/30/2025, 05:36 PM;L8A5Y;28/10/2025;44;Soja;COMPLETO;80;9,07;458;472;14;
control system;10/30/2025, 05:37 PM;I0ALC;28/10/2025;47;Milho;COMPLETO;70;10,6;1182;1206;24;
control system;10/30/2025, 05:38 PM;8XGH4;28/10/2025;52;Tabaco;BCD;80;8,7;2319;2334;15;
control system;10/30/2025, 05:38 PM;LB5WS;28/10/2025;53;Tabaco;COMPLETO;60;7,72;850;867;17;
control system;10/30/2025, 05:41 PM;9EBDE;28/10/2025;54;Tabaco;COMPLETO;90;6,44;1021;1036;15;
control system;10/30/2025, 05:44 PM;ORZ1X;28/10/2025;55;Soja;COMPLETO;100;6,48;1092;1108;16;
control system;10/30/2025, 05:48 PM;SVGQ6;28/10/2025;56;Tabaco;COMPLETO;100;6,18;874;905;31;IRRIGAÇÃO + FERTI
control system;10/30/2025, 05:51 PM;MPOU1;28/10/2025;64;Soja;COMPLETO;70;7,79;781;797;16;
control system;10/30/2025, 05:59 PM;D022R;28/10/2025;68;Milho;COMPLETO;60;8;1232;1250;18;
control system;10/30/2025, 06:00 PM;K9463;28/10/2025;69;Tabaco;COMPLETO;80;5,75;1075;1088;13;
control system;10/30/2025, 06:02 PM;P1R5N;28/10/2025;71;Milho;1/2-PIVO;40;12,12;768;777;9;
control system;10/30/2025, 06:03 PM;VCAY5;28/10/2025;71;Tabaco;1/2-PIVO;80;6,06;777;781,5;4,5;
control system;10/30/2025, 06:04 PM;SYO7O;28/10/2025;45;Preparo;COMPLETO;70;8,74;81;101;20;
control system;10/30/2025, 06:19 PM;2JMJ5;28/10/2025;72;Pré Plantio;1/2-PIVO;50;12,24;0;13;13;
control system;10/31/2025, 05:58 AM;K34P4;28/10/2025;103;Soja;COMPLETO;100;5,16;946,1;958;11,9;FERTIIRRIGAÇÃO
control system;10/31/2025, 06:01 AM;F9VDB;28/10/2025;104;Milho Semente;COMPLETO;70;7,07;2379,2;2395,5;16,3;
control system;10/31/2025, 06:13 AM;3HYOS;28/10/2025;123;Soja;COMPLETO;100;6,79;2120,8;2135,5;14,7;
control system;10/31/2025, 06:14 AM;DL3KJ;28/10/2025;125;Soja;COMPLETO;100;4,5;88,8;100,4;11,6;
control system;10/31/2025, 06:16 AM;TKVI4;29/10/2025;103;Soja;COMPLETO;70;7,37;958;974,4;16,4;
control system;10/31/2025, 06:18 AM;UVN9Q;29/10/2025;108;Milho Semente;COMPLETO;70;7,63;1135;1152,1;17,1;
control system;10/31/2025, 06:19 AM;XAL15;29/10/2025;109;Preparo;COMPLETO;50;11,66;733,5;756,8;23,3;
control system;10/31/2025, 06:24 AM;YH7LF;29/10/2025;122;Soja;COMPLETO;70;9;1659,5;1680,4;20,9;
control system;10/31/2025, 06:24 AM;9FRLK;29/10/2025;125;Soja;COMPLETO;100;4,5;100,4;112,6;12,2;
control system;10/31/2025, 06:26 AM;XKI0V;29/10/2025;129;Soja;COMPLETO;70;7,64;514,8;531,2;16,4;
control system;10/31/2025, 06:31 AM;J9CCL;30/10/2025;103;Soja;COMPLETO;100;5,16;974,4;986;11,6;
control system;10/31/2025, 06:32 AM;RXNSU;30/10/2025;104;Milho Semente;COMPLETO;100;4,95;2395,5;2407,5;12;FERTIIIRRIGAÇÃO
control system;10/31/2025, 06:38 AM;FAYKE;30/10/2025;123;Soja;COMPLETO;70;9,7;2135,5;2155,9;20,4;
control system;10/31/2025, 06:40 AM;52W81;30/10/2025;125;Soja;COMPLETO;100;4,5;112,6;135,5;22,9;2 GIRO
control system;10/31/2025, 07:09 PM;K82EC;03/10/2025;101;Soja;COMPLETO;100;5,58;1930,5;1943;12,5;
control system;10/31/2025, 07:12 PM;0EOKT;04/10/2025;101;Soja;COMPLETO;100;5,58;1943;1968;25;2 GIRO
control system;10/31/2025, 07:14 PM;5T574;05/10/2025;101;Soja;COMPLETO;95;5,87;1968;1986,6;18,6;
control system;10/31/2025, 07:17 PM;C2RM2;06/10/2025;101;Soja;COMPLETO;100;5,58;1986,6;1993,7;7,1;
control system;10/31/2025, 07:18 PM;09FQK;07/10/2025;101;Soja;COMPLETO;100;5,58;1993,7;2006,2;12,5;
control system;10/31/2025, 07:19 PM;S38XU;08/10/2025;101;Soja;COMPLETO;100;5,58;2006,2;2018,7;12,5;
control system;10/31/2025, 07:29 PM;H9GI2;09/10/2025;101;Soja;COMPLETO;100;5,58;2018,7;2031,2;12,5;
control system;10/31/2025, 07:44 PM;H4DI7;10/10/2025;101;Soja;COMPLETO;100;5,58;2031,2;2043,7;12,5;
control system;10/31/2025, 07:48 PM;1I6Q1;11/10/2025;101;Soja;COMPLETO;100;5,58;2043,7;2056,3;12,6;
control system;10/31/2025, 07:50 PM;VDNN5;12/10/2025;101;Soja;COMPLETO;100;5,58;2056,3;2069,1;12,8;
control system;10/31/2025, 07:58 PM;SEBZS;13/10/2025;101;Soja;COMPLETO;100;5,58;2069,1;2081,7;12,6;
control system;11/4/2025, 01:30 PM;TTENS;29/10/2025;2;Soja;COMPLETO;70;7,57;1047;1066;19;
control system;11/4/2025, 01:31 PM;EO6UX;29/10/2025;3;Soja;COMPLETO;70;9;115;135;20;
control system;11/4/2025, 01:32 PM;VAXDX;29/10/2025;4;Soja;COMPLETO;60;6,53;1391;1406;15;
control system;11/4/2025, 01:33 PM;LS8FM;29/10/2025;6;Soja;COMPLETO;100;5,82;1846;1861;15;
control system;11/4/2025, 01:35 PM;LT2GF;29/10/2025;7;Soja;COMPLETO;90;6,13;462;478;16;
control system;11/4/2025, 01:36 PM;DZC26;29/10/2025;8;Soja;COMPLETO;80;8,22;1678;1697;19;
control system;11/4/2025, 01:36 PM;87WSG;29/10/2025;9;Soja;COMPLETO;100;5,46;2905;2919;14;
control system;11/4/2025, 02:04 PM;0T814;29/10/2025;10;Soja;COMPLETO;90;7;1508;1524;16;
control system;11/4/2025, 02:08 PM;5KW50;29/10/2025;11;Soja;COMPLETO;90;6,13;101;117;16;
control system;11/4/2025, 02:09 PM;E3ZQ5;29/10/2025;17;Soja;COMPLETO;70;9;400;423;23;
control system;11/4/2025, 02:11 PM;M7LZ1;29/10/2025;23;Soja;COMPLETO;100;5,28;1163;1177;14;FERTIRRIGAÇÃO
control system;11/4/2025, 02:12 PM;C6ZGT;29/10/2025;25;Cacau;COMPLETO;100;5,8;1268;1280;12;
control system;11/4/2025, 02:14 PM;UVYGT;29/10/2025;26;Soja;COMPLETO;100;5,7;1444;1458;14;
control system;11/4/2025, 02:15 PM;13L8I;29/10/2025;29;Cacau;COMPLETO;100;5,14;2311;2321;10;
control system;11/4/2025, 02:19 PM;0RNPF;29/10/2025;31;Soja;COMPLETO;100;6,18;1161;1178;17;
control system;11/4/2025, 02:20 PM;4D45J;29/10/2025;32;Cacau;AD;80;7,13;1563,5;1570,5;7;
control system;11/4/2025, 04:31 PM;LU3DG;29/10/2025;35;Soja;COMPLETO;70;8,31;462;485;23;
control system;11/4/2025, 04:32 PM;4YFCK;29/10/2025;36;Soja;COMPLETO;70;10,29;1934;1956;22;
control system;11/4/2025, 04:33 PM;A7OB7;29/10/2025;37;Soja;COMPLETO;100;9,04;1068;1088;20;2 GIRO
control system;11/4/2025, 04:35 PM;FS5J5;29/10/2025;39;Soja;COMPLETO;100;5,58;1795;1807;12;
control system;11/4/2025, 04:37 PM;PT89Z;29/10/2025;41;Milho;COMPLETO;100;6,44;1702;1717;15;
control system;11/4/2025, 04:38 PM;HR1BO;29/10/2025;43;Soja;COMPLETO;100;6,79;1556;1570;14;
control system;11/4/2025, 04:38 PM;CZWNW;29/10/2025;44;Soja;COMPLETO;80;9,07;472;486;14;
control system;11/4/2025, 04:40 PM;O31EV;29/10/2025;46;Tabaco;COMPLETO;90;7,4;2685;2702;17;
control system;11/4/2025, 04:40 PM;1SXNH;29/10/2025;47;Milho;COMPLETO;90;8,24;1206;1223;17;
control system;11/4/2025, 04:44 PM;1ZOKZ;29/10/2025;51;Soja;COMPLETO;100;6,05;408,8;422;13,2;
control system;11/4/2025, 04:46 PM;FR9WA;29/10/2025;52;Tabaco;B;100;6,96;2334;2338;4;
control system;11/4/2025, 04:46 PM;F6WC6;29/10/2025;55;Soja;COMPLETO;100;6,48;1108;1124;16;
control system;11/4/2025, 04:47 PM;O7KSN;29/10/2025;58;Tabaco;COMPLETO;100;6,54;730,3;745,7;15,4;
control system;11/4/2025, 04:47 PM;KDHFY;29/10/2025;62;Tabaco;COMPLETO;100;5,58;1260;1264,7;4,7;
control system;11/4/2025, 04:49 PM;ZDPBO;29/10/2025;64;Soja;COMPLETO;60;9,08;797;815;18;
control system;11/4/2025, 04:49 PM;GV8XL;29/10/2025;68;Milho;COMPLETO;100;4,8;1250;1260;10;
control system;11/4/2025, 04:50 PM;7FE9X;29/10/2025;71;Tabaco;1/2-PIVO;100;4,85;781,5;785;3,5;
control system;11/4/2025, 04:55 PM;MGCA1;30/10/2025;4;Soja;COMPLETO;60;6,53;1406;1422;16;
control system;11/4/2025, 04:56 PM;TJPQ8;30/10/2025;5;Soja;COMPLETO;70;7,89;1892;1912;20;
control system;11/4/2025, 04:57 PM;B2373;30/10/2025;9;Soja;COMPLETO;100;5,46;2919;2931;12;
control system;11/4/2025, 04:58 PM;0RT5S;30/10/2025;10;Soja;COMPLETO;90;7;1524;1540;16;
control system;11/4/2025, 05:04 PM;EW36L;30/10/2025;11;Soja;COMPLETO;90;6,13;117;132;15;
control system;11/4/2025, 05:07 PM;XRFOD;30/10/2025;15;Soja;COMPLETO;100;7,38;2065;2102;37;FERTI + IRRIGAÇÃO
control system;11/4/2025, 05:07 PM;9AUJV;30/10/2025;21;Soja;COMPLETO;60;9,12;1581;1604;23;
control system;11/4/2025, 05:08 PM;2HI67;30/10/2025;23;Soja;COMPLETO;100;5,28;1177;1191;14;FERTIRRIGAÇÃO
control system;11/4/2025, 05:12 PM;1,00E+99;30/10/2025;25;Cacau;ABD;70;8,29;1280;1291;11;
control system;11/4/2025, 05:12 PM;UPTTT;30/10/2025;25;Cacau;C;100;5,8;1291;1293;2;
control system;11/4/2025, 05:13 PM;F1QDV;30/10/2025;27;Cacau;COMPLETO;70;7,63;1538;1554;16;
control system;11/4/2025, 05:37 PM;33INE;30/10/2025;28;Milho;1/2-PIVO;70;9,54;1505,8;1514,5;8,7;IRRIGOU 170º
control system;11/4/2025, 05:39 PM;W4INK;30/10/2025;32;Cacau;AD;100;5,7;1570,5;1578,6;8,1;
control system;11/4/2025, 05:39 PM;I0097;30/10/2025;37;Soja;COMPLETO;100;9,04;1088;1098;10;
control system;11/4/2025, 05:40 PM;5RITF;30/10/2025;38;Soja;COMPLETO;70;11,5;680;702;22;
control system;11/4/2025, 05:55 PM;V3JUF;30/10/2025;39;Milho;COMPLETO;70;7,97;1807;1824;17;
control system;11/4/2025, 05:56 PM;JQAQT;30/10/2025;40;Soja;COMPLETO;100;6,96;843,3;874;30,7;FERTI + IRRIGAÇÃO
control system;11/4/2025, 05:56 PM;SDCVK;30/10/2025;41;Soja;COMPLETO;100;6,44;1717;1731;14;
control system;11/4/2025, 05:58 PM;BZE39;30/10/2025;42;Tabaco;COMPLETO;100;5,76;960;972;12;
control system;11/4/2025, 05:59 PM;7QOY5;30/10/2025;45;Soja;1/2-PIVO;70;8,74;101;115;14;FEZ 257º
control system;11/4/2025, 06:00 PM;MWTNB;30/10/2025;47;Milho;COMPLETO;70;10,6;1223;1246;23;
control system;11/4/2025, 06:02 PM;LTUC1;30/10/2025;51;Soja;COMPLETO;80;7,56;422;438;16;
control system;11/4/2025, 06:03 PM;VHFC2;30/10/2025;53;Tabaco;COMPLETO;75;6,17;867;881,3;14,3;
control system;11/4/2025, 06:05 PM;7MERT;30/10/2025;54;Tabaco;COMPLETO;95;6,11;1036;1050;14;
control system;11/4/2025, 06:11 PM;S5LI7;30/10/2025;55;Soja;COMPLETO;100;6,48;1124;1139;15;
control system;11/4/2025, 06:13 PM;2P8GR;30/10/2025;56;Tabaco;COMPLETO;75;8,24;905;926;21;
control system;11/4/2025, 06:17 PM;9XHSV;30/10/2025;58;Tabaco;COMPLETO;80;8,17;745,7;760,1;14,4;
control system;11/4/2025, 06:18 PM;CDKYQ;30/10/2025;68;Milho;COMPLETO;60;8;1260;1278;18;
control system;11/4/2025, 06:19 PM;O02WZ;30/10/2025;69;Tabaco;COMPLETO;75;6,13;1088;1102;14;
control system;11/4/2025, 06:20 PM;7GD27;30/10/2025;71;Milho;1/2-PIVO;40;12,12;785;798;13;
control system;11/4/2025, 06:22 PM;DHJUW;29/10/2025;72;Preparo;1/2-PIVO;50;12,24;13;26;13;
control system;11/4/2025, 06:24 PM;M5R15;29/10/2025;72;Preparo;COMPLETO;50;12,24;26;53;27;
control system;11/4/2025, 07:02 PM;XWZQ1;31/10/2025;2;Soja;COMPLETO;70;7,57;1066;1085;19;
control system;11/4/2025, 07:02 PM;FU79E;31/10/2025;3;Soja;COMPLETO;70;9;135;153;18;
control system;11/4/2025, 07:03 PM;43DQ8;31/10/2025;4;Soja;COMPLETO;60;6,53;1422;1437;15;
control system;11/4/2025, 07:10 PM;6ZOEM;31/10/2025;6;Soja;COMPLETO;70;8,31;1861;1885;24;
control system;11/4/2025, 07:13 PM;O2LG2;31/10/2025;7;Soja;COMPLETO;80;6,9;478;491;13;
control system;11/4/2025, 07:15 PM;OGQ9I;31/10/2025;8;Soja;COMPLETO;90;7,31;1697;1714;17;
control system;11/4/2025, 07:16 PM;5XYTT;31/10/2025;10;Soja;COMPLETO;90;7;1540;1555;15;
control system;11/4/2025, 07:16 PM;ROJ5A;31/10/2025;31;Soja;COMPLETO;90;6,87;1178;1193;15;
control system;11/4/2025, 07:18 PM;IXO1E;31/10/2025;17;Soja;COMPLETO;70;9;423;443;20;
control system;11/4/2025, 07:24 PM;SVWZB;31/10/2025;21;Soja;COMPLETO;100;5,47;1604;1618,6;14,6;
control system;11/4/2025, 07:25 PM;WYW0A;31/10/2025;25;Cacau;C;100;5,8;1293;1297;4;
control system;11/4/2025, 07:26 PM;4XK67;31/10/2025;26;Soja;COMPLETO;70;8,14;1458;1478;20;
control system;11/4/2025, 07:27 PM;UI38B;31/10/2025;27;Cacau;COMPLETO;70;7,63;1554;1571;17;
control system;11/4/2025, 07:28 PM;I1859;31/10/2025;29;Cacau;ABC;70;7,34;2321;2332;11;
control system;11/4/2025, 07:29 PM;J45O7;31/10/2025;29;Cacau;D;100;5,14;2332;2335;3;
control system;11/4/2025, 07:52 PM;JE8YB;31/10/2025;31;Soja;COMPLETO;70;8,83;1193;1202,8;9,8;
control system;11/4/2025, 07:53 PM;K5ZP3;31/10/2025;32;Cacau;AD;100;5,7;1578,6;1585,7;7,1;
control system;11/4/2025, 07:54 PM;J2DGK;31/10/2025;35;Soja;COMPLETO;70;8,31;485;509;24;
control system;11/4/2025, 07:54 PM;RGQ4V;31/10/2025;36;Soja;COMPLETO;70;10,29;1956;1977;21;
control system;11/4/2025, 07:57 PM;ZQ77L;31/10/2025;37;Soja;COMPLETO;100;9,04;1098;1111;13;
control system;11/4/2025, 07:58 PM;1LJOZ;31/10/2025;41;Milho;COMPLETO;70;9,2;1731;1752;21;
control system;11/4/2025, 08:01 PM;3R7I3;31/10/2025;43;Soja;COMPLETO;70;9,7;1570;1589;19;
control system;11/4/2025, 08:02 PM;9,44E+04;31/10/2025;44;Soja;COMPLETO;70;10,37;486;501;15;
control system;11/4/2025, 08:05 PM;4YU71;31/10/2025;51;Soja;COMPLETO;100;6,05;438;451;13;
control system;11/4/2025, 08:07 PM;4716W;31/10/2025;55;Soja;COMPLETO;100;6,48;1139;1156;17;
control system;11/4/2025, 08:10 PM;2M3RL;31/10/2025;62;Tabaco;COMPLETO;70;7,97;1264,7;1288;23,3;
control system;11/4/2025, 08:14 PM;EHROO;31/10/2025;64;Soja;COMPLETO;60;9,08;815;822;7;
control system;11/4/2025, 08:14 PM;XBHDU;31/10/2025;68;Milho;COMPLETO;100;4,8;1278;1288;10;
control system;11/4/2025, 08:15 PM;3DPSI;31/10/2025;71;Tabaco;1/2-PIVO;70;6,93;798;803;5;
control system;11/4/2025, 08:16 PM;LPA6S;29/10/2025;19;Soja;COMPLETO;70;8,21;0;19;19;
control system;11/4/2025, 08:17 PM;R68T9;31/10/2025;19;Soja;COMPLETO;70;8,21;19;39;20;
control system;11/5/2025, 10:44 AM;OAFG8;01/11/2025;4;Soja;COMPLETO;60;6,53;1437;1453;16;
control system;11/5/2025, 10:45 AM;0Y1E7;01/11/2025;5;Soja;COMPLETO;70;7,89;1912;1931;19;
control system;11/5/2025, 10:53 AM;C6SH1;01/11/2025;6;Soja;COMPLETO;70;8,31;1885;1906;21;
control system;11/5/2025, 10:54 AM;5ZZ7K;01/11/2025;7;Soja;COMPLETO;100;5,52;491;506;15;
control system;11/5/2025, 11:00 AM;R0R25;01/11/2025;9;Soja;COMPLETO;80;6,82;2931;2945;14;
control system;11/5/2025, 11:01 AM;6ABIP;01/11/2025;10;Soja;COMPLETO;100;6,3;1555;1569;14;
control system;11/5/2025, 11:04 AM;CQ5N4;01/11/2025;11;Soja;COMPLETO;100;5,52;132;160;28;2 GIRO
control system;11/5/2025, 11:05 AM;JOW4K;01/11/2025;15;Soja;COMPLETO;50;14,76;2102;2135;33;
control system;11/5/2025, 11:06 AM;11Z6Y;01/11/2025;21;Soja;COMPLETO;60;9,12;1618,6;1641,7;23,1;
control system;11/5/2025, 11:07 AM;698ZB;01/11/2025;23;Soja;COMPLETO;60;8,8;1191;1214;23;
control system;11/5/2025, 11:08 AM;KAJYX;01/11/2025;25;Cacau;ABD;60;9,67;1297;1312;15;
control system;11/5/2025, 11:08 AM;O1TH8;01/11/2025;25;Cacau;C;100;5,8;1312;1315;3;
control system;11/5/2025, 11:11 AM;YO32P;01/11/2025;29;Cacau;D;100;5,14;2335;2337;2;
control system;11/5/2025, 11:12 AM;MF63O;01/11/2025;31;Soja;COMPLETO;100;6,18;1202,8;1218,7;15,9;
control system;11/5/2025, 11:13 AM;YWWPE;01/11/2025;32;Cacau;AD;100;5,7;1585,7;1595,4;9,7;
control system;11/5/2025, 11:16 AM;3WCXS;01/11/2025;37;Soja;COMPLETO;100;9,04;1111;1130;19;2 GIRO
control system;11/5/2025, 11:18 AM;CKQ26;01/11/2025;38;Soja;COMPLETO;70;11,5;702;725;23;
control system;11/5/2025, 11:23 AM;DAOVB;01/11/2025;39;Milho;COMPLETO;70;7,97;1824;1842;18;
control system;11/5/2025, 11:23 AM;E44M1;01/11/2025;40;Soja;COMPLETO;70;9,94;874;895;21;
control system;11/5/2025, 11:24 AM;VSMZB;01/11/2025;41;Milho;COMPLETO;100;6,44;1752;1767;15;
control system;11/5/2025, 11:25 AM;PSEIU;01/11/2025;46;Tabaco;COMPLETO;100;6,66;2702;2717;15;
control system;11/5/2025, 11:25 AM;139ID;01/11/2025;47;Milho;COMPLETO;70;10,6;1246;1268;22;
control system;11/5/2025, 11:32 AM;X7OS3;01/11/2025;51;Soja;COMPLETO;100;6,05;451;464;13;
control system;11/5/2025, 11:35 AM;O4VZC;01/11/2025;55;Soja;COMPLETO;100;6,48;1156;1186;30;2 GIRO
control system;11/5/2025, 11:38 AM;WQD8I;01/11/2025;56;Tabaco;COMPLETO;75;8,24;926;946;20;
control system;11/5/2025, 11:39 AM;6567G;01/11/2025;58;Tabaco;COMPLETO;75;8,72;760,1;779,1;19;
control system;11/5/2025, 11:40 AM;GAJXN;01/11/2025;68;Milho;COMPLETO;60;8;1288;1306;18;
control system;11/5/2025, 11:53 AM;8ZAJ1;02/11/2025;2;Soja;COMPLETO;70;7,57;1085;1104;19;
control system;11/5/2025, 11:55 AM;VUIIE;02/11/2025;3;Soja;COMPLETO;70;9;153;172;19;
control system;11/5/2025, 12:19 PM;OBZAH;02/11/2025;6;Soja;COMPLETO;70;8,31;1906;1926;20;
control system;11/5/2025, 12:40 PM;KM23T;02/11/2025;8;Soja;COMPLETO;70;9,4;1714;1735;21;
control system;11/5/2025, 12:40 PM;F8E8Q;02/11/2025;10;Soja;COMPLETO;100;6,3;1569;1584;15;
control system;11/5/2025, 12:42 PM;R472A;02/11/2025;11;Soja;COMPLETO;100;5,52;160;188;28;2 GIRO
control system;11/5/2025, 12:44 PM;QGEGV;02/11/2025;17;Soja;COMPLETO;70;9;443;464;21;
control system;11/5/2025, 12:44 PM;XRQI8;02/11/2025;19;Soja;COMPLETO;70;8,21;39;60;21;
control system;11/5/2025, 01:00 PM;ZOZV3;02/11/2025;23;Soja;COMPLETO;100;5,28;1214;1229;15;
control system;11/5/2025, 01:01 PM;RKJ00;02/11/2025;27;Cacau;COMPLETO;70;7,63;1571;1587;16;
control system;11/5/2025, 01:04 PM;VT132;02/11/2025;29;Cacau;D;100;5,14;2337;2340;3;
control system;11/5/2025, 01:06 PM;NO7CV;02/11/2025;29;Cacau;ABC;70;7,34;2340;2350;10;
control system;11/5/2025, 01:08 PM;LHAPR;02/11/2025;31;Soja;COMPLETO;70;8,83;1218,7;1241;22,3;
control system;11/5/2025, 01:08 PM;BQU8D;02/11/2025;32;Cacau;COMPLETO;100;5,7;1595,4;1602,7;7,3;
control system;11/5/2025, 01:09 PM;NG7K2;02/11/2025;35;Soja;COMPLETO;70;8,31;509;531;22;
control system;11/5/2025, 01:10 PM;L3BAQ;02/11/2025;36;Soja;COMPLETO;70;10,29;1977;1999;22;
control system;11/5/2025, 01:10 PM;GY8WA;02/11/2025;37;Soja;COMPLETO;100;9,04;1130;1141;11;
control system;11/5/2025, 01:29 PM;AJP9I;02/11/2025;39;Milho;COMPLETO;100;5,58;1842;1855;13;
control system;11/5/2025, 01:44 PM;PJVWZ;02/11/2025;41;Milho;COMPLETO;70;9,2;1767;1782;15;
control system;11/5/2025, 01:45 PM;HX5QR;02/11/2025;42;Tabaco;COMPLETO;100;5,76;972;984;12;
control system;11/5/2025, 01:45 PM;II7JV;02/11/2025;43;Soja;COMPLETO;100;6,79;1589;1605;16;
control system;11/5/2025, 01:46 PM;8JMQ4;02/11/2025;44;Soja;COMPLETO;90;8,07;501;512;11;
control system;11/5/2025, 01:47 PM;ZJ2X9;02/11/2025;47;Milho;COMPLETO;90;8,24;1268;1286;18;
control system;11/5/2025, 01:48 PM;PIF4A;02/11/2025;51;Soja;COMPLETO;100;6,05;464;477;13;
control system;11/5/2025, 01:49 PM;P3SNS;02/11/2025;53;Tabaco;COMPLETO;60;7,72;881,3;897;15,7;
control system;11/5/2025, 01:58 PM;9IFYE;02/11/2025;55;Soja;COMPLETO;100;6,48;1186;1202;16;
control system;11/5/2025, 01:59 PM;K556U;02/11/2025;56;Tabaco;COMPLETO;80;7,72;946;964;18;
control system;11/5/2025, 01:59 PM;0UC7V;02/11/2025;58;Tabaco;COMPLETO;85;7,69;779,1;796;16,9;
control system;11/5/2025, 02:03 PM;5QMVO;02/11/2025;68;Milho;COMPLETO;100;4,8;1306;1316;10;
control system;11/5/2025, 02:04 PM;ZNVPM;02/11/2025;69;Tabaco;COMPLETO;80;5,75;1102;1115;13;
control system;11/5/2025, 02:05 PM;YYKNL;02/11/2025;71;Tabaco;1/2-PIVO;80;6,06;803;808;5;
control system;11/5/2025, 04:34 PM;ZC2RA;03/11/2025;3;Soja;COMPLETO;70;9;172;191;19;
control system;11/5/2025, 04:35 PM;NWIB2;03/11/2025;4;Soja;COMPLETO;80;4,9;1453;1465;12;
control system;11/5/2025, 04:35 PM;RPFIS;03/11/2025;5;Soja;COMPLETO;70;7,89;1931;1951;20;
control system;11/5/2025, 04:37 PM;65VXZ;03/11/2025;7;Soja;COMPLETO;70;7,89;506;522;16;
control system;11/5/2025, 04:38 PM;AQPB3;03/11/2025;9;Soja;COMPLETO;100;5,46;2945;2958;13;
control system;11/5/2025, 04:39 PM;TATX3;03/11/2025;10;Soja;COMPLETO;100;6,3;1584;1599;15;
control system;11/5/2025, 04:39 PM;1KNW6;03/11/2025;11;Soja;COMPLETO;100;5,52;188;203;15;
control system;11/5/2025, 04:40 PM;K127Y;03/11/2025;15;Soja;COMPLETO;70;10,54;2135;2155;20;
control system;11/5/2025, 04:44 PM;V2LSE;03/11/2025;21;Soja;COMPLETO;70;7,81;1641,7;1652;10,3;CHUVA
control system;11/5/2025, 04:45 PM;TKIUS;03/11/2025;23;Soja;COMPLETO;70;7,54;1229;1248;19;
control system;11/5/2025, 04:46 PM;S0ZNQ;03/11/2025;25;Cacau;AB;70;8,29;1315;1322;7;
control system;11/5/2025, 04:46 PM;8DBAJ;03/11/2025;29;Cacau;D;100;5,14;2350;2353;3;
control system;11/5/2025, 04:47 PM;RL7QY;03/11/2025;32;Cacau;AD;100;5,7;1602,7;1609,9;7,2;
control system;11/5/2025, 04:48 PM;2YDW1;03/11/2025;37;Soja;COMPLETO;100;9,04;1141;1151;10;
control system;11/5/2025, 04:54 PM;NAXWN;03/11/2025;38;Soja;COMPLETO;70;11,5;725;734;9;CHUVA
control system;11/5/2025, 04:54 PM;2JIWX;03/11/2025;39;Milho;COMPLETO;70;7,97;1855;1873;18;
control system;11/5/2025, 04:55 PM;D2933;03/11/2025;40;Soja;COMPLETO;70;9,94;895;915;20;
control system;11/5/2025, 04:56 PM;81Q4Y;03/11/2025;62;Tabaco;COMPLETO;90;6,2;1288;1306;18;
control system;11/5/2025, 04:57 PM;Q3NB8;03/11/2025;72;Soja;1/2-PIVO;100;6,12;53;60;7;
control system;11/5/2025, 04:59 PM;ZJ3SQ;04/11/2025;23;Soja;COMPLETO;100;5,28;1248;1264;16;FERTIRRIGAÇÃO
control system;11/5/2025, 05:01 PM;Y93W1;03/11/2025;51;Soja;COMPLETO;100;6,05;477;491;14;
control system;11/5/2025, 05:02 PM;GQ2QV;04/11/2025;51;Soja;COMPLETO;100;6,05;491;505;14;
control system;11/6/2025, 04:09 AM;FJGX9;15/10/2025;101;Soja;COMPLETO;100;5,58;2081,7;2107,4;25,7;FERTIIRRIGAÇÃO
control system;11/6/2025, 04:10 AM;GEMUC;17/10/2025;101;Soja;COMPLETO;90;6,2;2107,4;2121,2;13,8;
control system;11/6/2025, 04:17 AM;9V2X2;21/10/2025;101;Soja;COMPLETO;100;5,58;2121,2;2133,8;12,6;FERTIIRRIGAÇÃO
control system;11/6/2025, 04:26 AM;TWO2U;25/10/2025;101;Soja;COMPLETO;70;7,97;2133,8;2151,7;17,9;
control system;11/6/2025, 04:28 AM;YRB0N;28/10/2025;101;Soja;COMPLETO;70;7,97;2151,7;2169,5;17,8;
control system;11/6/2025, 04:30 AM;WINMX;30/10/2025;101;Soja;COMPLETO;60;9,3;2169,5;2190,2;20,7;
control system;11/6/2025, 05:04 AM;CYLMS;08/10/2025;112;Soja;COMPLETO;80;7,96;1033;1050,9;17,9;
control system;11/6/2025, 05:05 AM;5SNRE;09/10/2025;112;Soja;COMPLETO;80;7,96;1050,9;1068,8;17,9;
control system;11/6/2025, 05:06 AM;N3963;10/10/2025;112;Soja;COMPLETO;100;6,37;1068,8;1083,1;14,3;
control system;11/6/2025, 05:07 AM;BE9EX;11/10/2025;112;Soja;COMPLETO;90;7,08;1083,1;1099,5;16,4;
control system;11/6/2025, 05:08 AM;C0IEL;12/10/2025;112;Soja;COMPLETO;100;6,37;1099,5;1114;14,5;
control system;11/6/2025, 05:08 AM;KWFU7;15/10/2025;112;Soja;COMPLETO;80;7,96;1114;1132,5;18,5;
control system;11/6/2025, 05:09 AM;YTN2N;16/10/2025;112;Soja;COMPLETO;100;6,37;1132,5;1147;14,5;
control system;11/6/2025, 05:10 AM;LOS7I;17/10/2025;112;Soja;COMPLETO;100;6,37;1147;1161,3;14,3;
control system;11/6/2025, 05:12 AM;ICUDA;20/10/2025;112;Soja;COMPLETO;80;7,96;1161,3;1179,2;17,9;
control system;11/6/2025, 05:16 AM;J9GGN;23/10/2025;112;Soja;COMPLETO;70;9,1;1179,2;1199,6;20,4;
control system;11/6/2025, 05:18 AM;77FNE;26/10/2025;112;Soja;COMPLETO;70;9,1;1199,6;1219,9;20,3;
control system;11/6/2025, 05:19 AM;0DDA2;28/10/2025;112;Soja;COMPLETO;70;9,1;1219,9;1240,3;20,4;
control system;11/6/2025, 05:21 AM;W2USO;30/10/2025;112;Soja;COMPLETO;60;10,62;1240,3;1264;23,7;
control system;11/6/2025, 05:26 AM;S64S7;12/10/2025;130;Milho Semente;COMPLETO;70;8,23;1464,8;1485,1;20,3;
control system;11/6/2025, 05:27 AM;WMB0W;13/10/2025;130;Milho Semente;COMPLETO;100;8,23;1485,1;1497,9;12,8;
control system;11/6/2025, 05:29 AM;XY6ED;15/10/2025;130;Milho Semente;1/2-PIVO;70;5,76;1497,9;1505,2;7,3;
control system;11/6/2025, 05:30 AM;1PFA5;16/10/2025;130;Milho Semente;1/2-PIVO;70;8,23;1505,2;1515,5;10,3;
control system;11/6/2025, 05:32 AM;JVTY2;18/10/2025;130;Milho Semente;COMPLETO;70;8,23;1515,5;1535,8;20,3;
control system;11/6/2025, 05:33 AM;909MC;19/10/2025;130;Milho Semente;COMPLETO;70;8,23;1535,8;1557,6;21,8;
control system;11/6/2025, 05:38 AM;SIOA3;27/10/2025;130;Milho Semente;COMPLETO;70;8,23;1585,8;1606,4;20,6;
control system;11/6/2025, 05:42 AM;PC0JA;13/10/2025;114;Soja;COMPLETO;100;5,94;2100,3;2112,7;12,4;
control system;11/6/2025, 05:43 AM;2RF7L;15/10/2025;114;Soja;COMPLETO;100;5,94;2112,7;2138;25,3;2 GIRO
control system;11/6/2025, 05:44 AM;F471M;16/10/2025;114;Soja;COMPLETO;100;5,94;2138;2150,5;12,5;
control system;11/6/2025, 05:46 AM;6ESFY;18/10/2025;114;Soja;COMPLETO;80;7,42;2150,5;2166,1;15,6;
control system;11/6/2025, 05:47 AM;2WO28;20/10/2025;114;Soja;COMPLETO;100;5,94;2166,1;2178,6;12,5;
control system;11/6/2025, 05:48 AM;ZYCWZ;22/10/2025;114;Soja;COMPLETO;70;8,49;2178,6;2196,3;17,7;
control system;11/6/2025, 05:49 AM;DIC8J;24/10/2025;114;Soja;COMPLETO;70;8,49;2196,3;2214,1;17,8;
control system;11/6/2025, 05:50 AM;3F5BP;27/10/2025;114;Soja;COMPLETO;70;8,49;2214,1;2231,7;17,6;
control system;11/6/2025, 05:52 AM;HW6G5;29/10/2025;114;Soja;COMPLETO;70;8,49;2231,7;2249,5;17,8;
control system;11/6/2025, 05:59 AM;9YFJV;15/10/2025;106;Soja;COMPLETO;90;5,93;1414,4;1427,2;12,8;
control system;11/6/2025, 06:00 AM;A9FRW;17/10/2025;106;Soja;COMPLETO;90;5,93;1427,2;1440;12,8;
control system;11/6/2025, 06:01 AM;DTSHW;18/10/2025;106;Soja;COMPLETO;90;5,93;1440;1452,7;12,7;
control system;11/6/2025, 06:02 AM;UUTPJ;20/10/2025;106;Soja;COMPLETO;100;5,34;1452,7;1464,3;11,6;
control system;11/6/2025, 06:04 AM;ET22L;22/10/2025;106;Soja;COMPLETO;70;7,63;1464,3;1481,2;16,9;
control system;11/6/2025, 06:07 AM;0485N;27/10/2025;106;Soja;COMPLETO;80;6,67;1481,2;1508,4;27,2;+ 100% 2 GIRO
control system;11/6/2025, 06:08 AM;2R7RS;28/10/2025;106;Soja;COMPLETO;100;5,34;1508,4;1520;11,6;
control system;11/6/2025, 06:10 AM;6EMQR;29/10/2025;106;Soja;COMPLETO;100;5,34;1520;1531,7;11,7;FERTIIRRIGAÇÃO
control system;11/6/2025, 06:11 AM;AEBSQ;30/10/2025;106;Soja;COMPLETO;100;5,34;1531,7;1543,4;11,7;FERTIIRRIGAÇÃO
control system;11/6/2025, 06:15 AM;0VN8I;20/10/2025;113;Preparo;COMPLETO;60;10,62;248,7;270,6;21,9;
control system;11/6/2025, 06:16 AM;6VD4Y;22/10/2025;113;Soja;COMPLETO;100;6,37;270,6;285;14,4;
control system;11/6/2025, 06:17 AM;LR77S;23/10/2025;113;Soja;COMPLETO;100;6,37;285;299,5;14,5;
control system;11/6/2025, 06:23 AM;NB41A;24/10/2025;113;Soja;COMPLETO;100;6,37;299,5;314;14,5;
control system;11/6/2025, 06:23 AM;89NBC;25/10/2025;113;Soja;COMPLETO;100;6,37;314;328,5;14,5;
control system;11/6/2025, 06:24 AM;MCVXI;26/10/2025;113;Soja;COMPLETO;100;6,37;328,5;343,1;14,6;
control system;11/6/2025, 06:25 AM;FOY2L;27/10/2025;113;Soja;COMPLETO;100;6,37;343,1;357,6;14,5;
control system;11/6/2025, 06:26 AM;65EEV;28/10/2025;113;Soja;COMPLETO;100;6,37;357,6;372,6;15;
control system;11/6/2025, 06:27 AM;0LIO2;29/10/2025;113;Soja;COMPLETO;90;7,08;372,6;388;15,4;
control system;11/6/2025, 06:28 AM;9JQ37;30/10/2025;113;Soja;COMPLETO;100;6,37;388;402,4;14,4;
control system;11/6/2025, 01:30 PM;3JNDJ;21/10/2025;116;Preparo;COMPLETO;70;9,2;2759,9;2780,3;20,4;
control system;11/6/2025, 01:34 PM;RTVYP;26/10/2025;116;Soja;COMPLETO;60;10,73;2780,3;2803,7;23,4;
control system;11/6/2025, 01:35 PM;UOWN9;28/10/2025;116;Soja;COMPLETO;100;6,44;2803,7;2819,1;15,4;
control system;11/6/2025, 01:37 PM;ZTCGB;29/10/2025;116;Soja;COMPLETO;90;7,16;2819,1;2835,1;16;
control system;11/6/2025, 01:38 PM;WCWOO;30/10/2025;116;Soja;COMPLETO;100;6,44;2835,1;2849,6;14,5;
control system;11/8/2025, 03:38 AM;K0GKR;31/10/2025;101;Soja;COMPLETO;100;5,58;2190,2;2202,7;12,5;
control system;11/8/2025, 03:39 AM;SLQ4F;31/10/2025;103;Soja;COMPLETO;70;7,37;986;1002,4;16,4;
control system;11/8/2025, 03:40 AM;003ZM;31/10/2025;106;Soja;COMPLETO;100;5,34;1543,4;1555;11,6;
control system;11/8/2025, 03:41 AM;WPLGN;31/10/2025;108;Milho Semente;COMPLETO;100;5,34;1152,1;1163,4;11,3;FERTIIRRIGAÇÃO
control system;11/8/2025, 03:42 AM;4LIR1;31/10/2025;114;Soja;COMPLETO;70;8,49;2249,5;2267,3;17,8;
control system;11/8/2025, 03:43 AM;QQPA8;31/10/2025;116;Soja;COMPLETO;100;6,44;2849,6;2864,1;14,5;
control system;11/8/2025, 03:46 AM;TWLA8;31/10/2025;122;Soja;COMPLETO;70;9;1680,4;1701,9;21,5;
control system;11/8/2025, 03:47 AM;JV2P8;31/10/2025;125;Soja;COMPLETO;100;4,5;135,5;147,2;11,7;
control system;11/8/2025, 03:49 AM;UXG9S;01/11/2025;104;Milho Semente;COMPLETO;60;8,25;2407,5;2426,5;19;
control system;11/8/2025, 03:50 AM;C1CG0;01/11/2025;106;Soja;COMPLETO;100;5,34;1555;1566,6;11,6;
control system;11/8/2025, 03:51 AM;HKD3R;01/11/2025;108;Milho Semente;COMPLETO;70;7,63;1163,4;1179,7;16,3;
control system;11/8/2025, 03:51 AM;7YLFN;01/11/2025;113;Soja;COMPLETO;100;6,37;402,4;416,9;14,5;
control system;11/8/2025, 03:52 AM;DVKQA;01/11/2025;116;Soja;COMPLETO;100;6,44;2864,1;2878,5;14,4;
control system;11/8/2025, 03:54 AM;BGW3Q;01/11/2025;123;Soja;COMPLETO;60;11,32;2155,9;2179,6;23,7;
control system;11/8/2025, 03:55 AM;EEI2W;01/11/2025;125;Soja;COMPLETO;100;4,5;147,2;158,8;11,6;
control system;11/8/2025, 03:56 AM;NLOYL;01/11/2025;129;Soja;COMPLETO;70;7,64;531,2;548;16,8;
control system;11/8/2025, 03:58 AM;KJR7H;02/11/2025;101;Soja;COMPLETO;60;9,3;2202,7;2223,3;20,6;
control system;11/8/2025, 03:58 AM;RP8Z6;02/11/2025;106;Soja;COMPLETO;100;5,34;1566,6;1578,2;11,6;
control system;11/8/2025, 04:00 AM;9NMYZ;02/11/2025;108;Milho Semente;COMPLETO;70;5,34;1179,7;1196;16,3;
control system;11/8/2025, 04:01 AM;TM0CC;02/11/2025;112;Soja;COMPLETO;60;10,62;1264;1287,7;23,7;
control system;11/8/2025, 04:02 AM;2UIEG;02/11/2025;114;Soja;COMPLETO;70;8,49;2267,3;2285;17,7;
control system;11/11/2025, 11:26 AM;4URKY;05/11/2025;4;Soja;COMPLETO;100;3,92;1465;1474;9;
control system;11/11/2025, 11:27 AM;MK636;05/11/2025;7;Soja;COMPLETO;100;5,52;522;535;13;
control system;11/11/2025, 11:35 AM;N8ZIW;05/11/2025;21;Soja;COMPLETO;100;5,47;1652;1666;14;FERTIRRIGAÇÃO
control system;11/11/2025, 11:36 AM;XLQ6W;05/11/2025;25;Cacau;D;100;5,8;1322;1326;4;
control system;11/11/2025, 11:37 AM;4DRG7;05/11/2025;26;Soja;COMPLETO;100;5,7;1478;1492;14;
control system;11/11/2025, 11:38 AM;8S7IG;05/11/2025;35;Soja;COMPLETO;100;5,82;531;547;16;FERTIRRIGAÇÃO
control system;11/11/2025, 11:39 AM;9EQIA;05/11/2025;38;Soja;COMPLETO;100;8,05;734;749;15;
control system;11/11/2025, 11:41 AM;ONP3P;05/11/2025;51;Soja;COMPLETO;100;6,05;505;519;14;
control system;11/11/2025, 11:42 AM;95NN4;05/11/2025;56;Tabaco;COMPLETO;100;6,18;964;981;17;FERTIRRIGAÇÃO
control system;11/11/2025, 11:43 AM;A5B8Q;05/11/2025;58;Tabaco;COMPLETO;100;6,54;796;810;14;
control system;11/11/2025, 11:44 AM;ZX0DY;05/11/2025;72;Soja;COMPLETO;100;6,12;60;73;13;
control system;11/11/2025, 11:50 AM;P0TTA;06/11/2025;3;Soja;COMPLETO;100;6,3;191;206;15;
control system;11/11/2025, 11:50 AM;IFCPC;06/11/2025;5;Soja;COMPLETO;100;5,52;1951;1966;15;
control system;11/11/2025, 11:51 AM;RSK2R;06/11/2025;10;Soja;COMPLETO;100;6,3;1599;1615;16;
control system;11/11/2025, 11:53 AM;8FH7V;06/11/2025;13;Preparo;COMPLETO;50;8,56;1271;1292;21;
control system;11/11/2025, 11:54 AM;EFGHN;06/11/2025;15;Soja;COMPLETO;100;7,38;2155;2171;16;FERTIRRIGAÇÃO
control system;11/11/2025, 11:55 AM;EZ850;06/11/2025;17;Soja;COMPLETO;100;6,3;464;480;16;
control system;11/11/2025, 11:56 AM;8LHX8;06/11/2025;25;Cacau;COMPLETO;100;5,8;1326;1337;11;
control system;11/11/2025, 11:56 AM;X9LOI;06/11/2025;26;Soja;COMPLETO;70;8,14;1492;1512;20;
control system;11/11/2025, 12:01 PM;LRX9L;06/11/2025;31;Soja;COMPLETO;100;6,18;1241;1256;15;
control system;11/11/2025, 12:18 PM;5US1U;06/11/2025;32;Cacau;COMPLETO;100;5,7;1609,9;1625,8;15,9;
control system;11/11/2025, 12:25 PM;37TUR;06/11/2025;36;Soja;COMPLETO;100;7,2;1999;2014;15;
control system;11/11/2025, 12:26 PM;RG0G1;06/11/2025;39;Milho;COMPLETO;70;7,97;1873;1891;18;
control system;11/11/2025, 12:34 PM;365SY;06/11/2025;40;Soja;COMPLETO;100;6,96;915;924;9;NAO FINALIZOU POR CONTA CHUVA DIA 07/11 TEVE FERTI
control system;11/11/2025, 12:36 PM;HLWOD;06/11/2025;44;Soja;COMPLETO;90;8,07;512;524;12;
control system;11/11/2025, 12:37 PM;6ZP8G;06/11/2025;47;Milho;COMPLETO;70;10,6;1286;1308;22;
control system;11/11/2025, 12:37 PM;TLAGY;06/11/2025;51;Soja;COMPLETO;100;6,05;519;533;14;
control system;11/11/2025, 12:38 PM;SP5PE;06/11/2025;55;Soja;COMPLETO;100;6,48;1202;1217;15;
control system;11/11/2025, 12:39 PM;3XA8Z;06/11/2025;68;Milho;COMPLETO;80;6;1316;1329;13;
control system;11/11/2025, 12:40 PM;2DOY4;06/11/2025;72;Soja;COMPLETO;100;6,12;73;86;13;
control system;11/11/2025, 12:41 PM;EGQ5N;07/11/2025;2;Soja;COMPLETO;100;5,3;1104;1119;15;
control system;11/11/2025, 12:41 PM;5VY6R;07/11/2025;6;Soja;COMPLETO;100;5,82;1926;1941;15;
control system;11/11/2025, 12:42 PM;Z8TU1;07/11/2025;8;Soja;COMPLETO;100;6,58;1735;1751;16;
control system;11/11/2025, 12:43 PM;8MZVA;07/11/2025;11;Soja;COMPLETO;100;5,52;203;219;16;
control system;11/11/2025, 12:47 PM;SHQQP;07/11/2025;19;Soja;COMPLETO;100;5,75;60;67;7;CHUVA
control system;11/11/2025, 12:51 PM;4792Q;07/11/2025;21;Soja;COMPLETO;100;5,47;0;6,3;6,3;CHUVA
control system;11/11/2025, 12:55 PM;O6Z6H;07/11/2025;23;Soja;COMPLETO;100;5,28;1264;1279;15;
control system;11/11/2025, 12:56 PM;CNN1E;07/11/2025;25;Cacau;D;100;5,8;1337;1340;3;
control system;11/11/2025, 12:58 PM;FNXW1;07/11/2025;29;Cacau;COMPLETO;100;5,14;2353;2363;10;
control system;11/11/2025, 12:59 PM;DJTX2;07/11/2025;31;Soja;COMPLETO;100;6,18;1256;1265;9;CHUVA
control system;11/11/2025, 01:01 PM;082PO;07/11/2025;32;Cacau;AD;100;5,7;1625,8;1634,7;8,9;
control system;11/11/2025, 01:01 PM;M5ZBG;07/11/2025;38;Soja;COMPLETO;100;8,05;749;766;17;
control system;11/11/2025, 01:02 PM;9G6A4;07/11/2025;40;Soja;COMPLETO;100;6,96;924;939;15;FERTIRRIGAÇÃO
control system;11/11/2025, 01:08 PM;BAOXN;05/11/2025;41;Milho;COMPLETO;100;6,44;1782;1796;14;
control system;11/11/2025, 01:09 PM;RSSFL;07/11/2025;41;Milho;COMPLETO;100;6,44;1796;1806;10;CHUVA
control system;11/11/2025, 01:10 PM;S95JL;07/11/2025;43;Soja;COMPLETO;70;9,7;1605;1624;19;
control system;11/11/2025, 01:10 PM;N9NZR;07/11/2025;44;Soja;COMPLETO;90;8,07;524;533;9;
control system;11/11/2025, 01:13 PM;F72PZ;07/11/2025;45;Soja;COMPLETO;100;6,12;115;127;12;
control system;11/11/2025, 01:14 PM;AXY90;07/11/2025;51;Soja;COMPLETO;100;6,05;533;545,6;12,6;
control system;11/11/2025, 01:15 PM;00LNT;07/11/2025;55;Soja;COMPLETO;100;6,48;1217;1233;16;
control system;11/11/2025, 01:16 PM;U0R0F;07/11/2025;71;Milho;1/2-PIVO;100;4,85;808;811,5;3,5;
control system;11/11/2025, 01:17 PM;RF6O5;07/11/2025;71;Tabaco;1/2-PIVO;100;4,85;811,5;815;3,5;
control system;11/11/2025, 01:18 PM;JNX37;07/11/2025;72;Soja;COMPLETO;100;6,12;86;99;13;
control system;11/11/2025, 05:10 PM;U8ZNP;31/10/2025;117;Preparo;COMPLETO;50;11,34;0;28,6;28,6;
control system;11/11/2025, 05:11 PM;I32PX;01/11/2025;117;Soja;COMPLETO;80;7,09;28,6;46,6;18;
control system;11/11/2025, 05:12 PM;QS28G;02/11/2025;117;Soja;COMPLETO;100;5,67;46,6;61,4;14,8;
control system;11/11/2025, 05:37 PM;LOEVH;03/11/2025;103;Soja;COMPLETO;70;7,37;1002,4;1018,8;16,4;
control system;11/11/2025, 05:40 PM;LJPOE;03/11/2025;113;Soja;COMPLETO;100;6,37;416,9;431,8;14,9;
control system;11/11/2025, 05:41 PM;ATMQ6;03/11/2025;116;Soja;COMPLETO;80;8,05;2878,5;2898,9;20,4;
control system;11/11/2025, 05:42 PM;K3AAJ;03/11/2025;117;Soja;COMPLETO;100;5,67;61,4;76,4;15;
control system;11/11/2025, 05:42 PM;PVHWB;03/11/2025;123;Soja;COMPLETO;100;6,79;2179,6;2194,3;14,7;
control system;11/11/2025, 05:43 PM;VNIAS;03/11/2025;125;Soja;COMPLETO;70;6,43;158,8;175,4;16,6;
control system;11/11/2025, 05:44 PM;HXJUO;03/11/2025;129;Soja;COMPLETO;70;7,64;548;565,2;17,2;
control system;11/11/2025, 05:46 PM;MI2H1;04/11/2025;116;Soja;1/2-PIVO;100;6,44;2898,9;2908;9,1;
control system;11/11/2025, 05:47 PM;QMZ2O;04/11/2025;117;Soja;COMPLETO;100;5,67;76,4;84,2;7,8;IRRIGOU 253º
control system;11/11/2025, 05:59 PM;4SQRI;05/11/2025;103;Soja;COMPLETO;100;5,16;1018,8;1030,3;11,5;
control system;11/11/2025, 06:00 PM;M3ZAS;05/11/2025;112;Soja;COMPLETO;100;6,37;1287,7;1302,1;14,4;
control system;11/11/2025, 06:01 PM;Q06TI;05/11/2025;116;Soja;COMPLETO;90;7,16;2908;2924;16;
control system;11/11/2025, 06:01 PM;5VOJJ;05/11/2025;117;Soja;COMPLETO;90;6,3;84,2;100,2;16;
control system;11/11/2025, 06:03 PM;7KOEH;05/11/2025;127;Soja;COMPLETO;100;4,82;0;11;11;
control system;11/11/2025, 06:07 PM;J11WN;05/11/2025;128;Preparo;COMPLETO;80;7,95;0;17,2;17,2;
control system;11/11/2025, 06:09 PM;NJCR9;06/11/2025;103;Soja;1/2-PIVO;100;5,16;1030,3;1035;4,7;CHUVA
control system;11/11/2025, 06:11 PM;E1APG;06/11/2025;106;Soja;1/2-PIVO;100;5,34;1578,2;1584,5;6,3;CHUVA
control system;11/11/2025, 06:12 PM;RZ3FU;06/11/2025;114;Soja;1/2-PIVO;100;5,94;2285;2290,8;5,8;CHUVA
control system;11/11/2025, 06:15 PM;NT2AY;06/11/2025;116;Soja;COMPLETO;100;6,44;2924;2938,9;14,9;FERTIRRIGAÇÃO
control system;11/11/2025, 06:16 PM;TO3P3;06/11/2025;117;Soja;1/2-PIVO;100;5,67;100,2;107,5;7,3;CHUVA
control system;11/11/2025, 06:19 PM;B247K;06/11/2025;126;Milheto;1/2-PIVO;70;9,5;823,5;834,3;10,8;CHUVA
control system;11/11/2025, 06:21 PM;BCGZ3;06/11/2025;127;Soja;1/2-PIVO;90;5,36;11;12,8;1,8;CHUVA
control system;11/11/2025, 06:22 PM;GSQP1;06/11/2025;133;Soja;1/2-PIVO;90;5,72;0;6,6;6,6;CHUVA
control system;11/11/2025, 06:24 PM;NK6MX;07/11/2025;117;Soja;1/2-PIVO;100;5,67;107,5;117,7;10,2;CHUVA
control system;11/11/2025, 06:25 PM;ES8NW;07/11/2025;127;Soja;COMPLETO;100;4,82;12,8;23;10,2;
control system;11/11/2025, 06:25 PM;NGBOH;07/11/2025;133;Preparo;1/2-PIVO;90;5,72;6,6;15,7;9,1;CHUVA
control system;11/11/2025, 06:28 PM;64QWO;10/11/2025;127;Soja;COMPLETO;100;4,82;23;34,5;11,5;
control system;11/11/2025, 06:28 PM;0P2WZ;10/11/2025;133;Soja;COMPLETO;100;5,15;15,7;27,4;11,7;
control system;11/12/2025, 05:35 PM;ZDQZ7;10/11/2025;23;Soja;COMPLETO;100;5,28;1279;1294;15;
control system;11/12/2025, 05:35 PM;R14W8;10/11/2025;32;Cacau;AD;100;5,7;1634,7;1643,9;9,2;
control system;11/12/2025, 05:36 PM;L6UYG;10/11/2025;35;Soja;COMPLETO;100;5,82;547;563;16;
control system;11/12/2025, 05:40 PM;T7OH7;10/11/2025;45;Soja;COMPLETO;100;6,12;127;141;14;
control system;11/12/2025, 05:55 PM;PEAIJ;10/11/2025;50;Preparo;COMPLETO;50;13,56;7;48,4;41,4;+ 1/2 PIVÔ
control system;11/12/2025, 05:57 PM;N1LGU;10/11/2025;72;Soja;COMPLETO;100;6,12;99;112;13;
control system;11/13/2025, 06:29 AM;1HJ48;11/11/2025;101;Soja;COMPLETO;100;5,58;2223,3;2235,3;12;
control system;11/13/2025, 06:30 AM;3ALJL;11/11/2025;103;Soja;COMPLETO;100;5,16;1035;1047,5;12,5;FERTIIRRIGAÇÃO
control system;11/13/2025, 06:35 AM;2XOZ5;11/11/2025;112;Soja;COMPLETO;70;9,1;1302,1;1322,7;20,6;
control system;11/13/2025, 06:35 AM;2VN5Q;11/11/2025;114;Soja;COMPLETO;70;8,49;2290,8;2308,5;17,7;
control system;11/13/2025, 06:37 AM;7FA8I;11/11/2025;122;Soja;COMPLETO;70;9;1722,7;1743,3;20,6;
control system;11/13/2025, 06:37 AM;6HO4T;11/11/2025;127;Soja;COMPLETO;100;4,82;34,5;46,1;11,6;
control system;11/13/2025, 06:38 AM;O7H5J;11/11/2025;133;Soja;COMPLETO;100;5,15;27,4;39,3;11,9;
control system;11/13/2025, 05:02 PM;H5PN6;11/11/2025;3;Soja;COMPLETO;80;7,87;206;223;17;
control system;11/13/2025, 05:08 PM;FDRAC;11/11/2025;4;Soja;COMPLETO;70;5,6;1474;1487;13;
control system;11/13/2025, 05:08 PM;FN0AA;11/11/2025;5;Soja;COMPLETO;80;6,9;1966;1984;18;
control system;11/13/2025, 05:09 PM;IRTY0;11/11/2025;6;Soja;COMPLETO;100;5,82;1941;1955;14;
control system;11/13/2025, 05:09 PM;CPRSJ;11/11/2025;7;Soja;COMPLETO;100;5,52;535;549;14;
control system;11/13/2025, 05:10 PM;ZK59Z;11/11/2025;10;Soja;COMPLETO;100;6,3;1615;1629;14;
control system;11/13/2025, 05:10 PM;IG02N;11/11/2025;11;Soja;COMPLETO;100;5,52;219;233;14;
control system;11/13/2025, 05:15 PM;N1N6V;11/11/2025;14;Preparo;COMPLETO;70;8,23;3465;3494;29;+ 1/2 PIVO
control system;11/13/2025, 05:15 PM;BU9MN;11/11/2025;17;Soja;COMPLETO;80;7,87;480;497;17;
control system;11/13/2025, 05:16 PM;JAW6V;11/11/2025;19;Soja;COMPLETO;100;5,75;67;82;15;
control system;11/13/2025, 05:16 PM;9VUJC;11/11/2025;21;Soja;COMPLETO;100;5,47;6,3;20,4;14,1;FERTIRRIGAÇÃO
control system;11/13/2025, 05:17 PM;OFQ00;11/11/2025;26;Soja;COMPLETO;100;5,7;1512;1526;14;
control system;11/13/2025, 05:18 PM;FBFRB;11/11/2025;27;Cacau;COMPLETO;100;5,34;1587;1598;11;FERTIRRIGAÇÃO
control system;11/13/2025, 05:18 PM;A8H7I;11/11/2025;31;Soja;COMPLETO;100;6,18;1265;1280,6;15,6;
control system;11/13/2025, 05:20 PM;6CT21;11/11/2025;32;Cacau;COMPLETO;100;5,7;1643,9;1657;13,1;
control system;11/13/2025, 05:21 PM;TAB09;11/11/2025;35;Soja;COMPLETO;100;5,82;563;578;15;
control system;11/13/2025, 05:21 PM;EH4WZ;11/11/2025;36;Soja;COMPLETO;100;7,2;2014;2030;16;
control system;11/13/2025, 05:22 PM;SMRJX;11/11/2025;37;Soja;COMPLETO;100;9,04;1151;1162;11;FERTIRRIGAÇÃO
control system;11/13/2025, 05:22 PM;GO50V;11/11/2025;38;Soja;COMPLETO;100;8,05;766;784;18;FERTIRRIGAÇÃO
control system;11/13/2025, 05:23 PM;WQN1B;11/11/2025;39;Milho;COMPLETO;100;5,58;1891;1903;12;
control system;11/13/2025, 05:24 PM;N6NAC;11/11/2025;40;Soja;COMPLETO;70;9,94;939;960;21;
control system;11/13/2025, 05:24 PM;11AJW;11/11/2025;43;Soja;COMPLETO;70;9,7;1624;1644;20;
control system;11/13/2025, 05:27 PM;TS5BK;11/11/2025;45;Soja;COMPLETO;100;6,12;141;165;24;2 GIRO
control system;11/13/2025, 05:36 PM;HWGF6;11/11/2025;46;Tabaco;BC;70;9,51;2717;2728;11;
control system;11/13/2025, 05:37 PM;GFLI0;11/11/2025;47;Milho;COMPLETO;70;10,6;1308;1332;24;
control system;11/13/2025, 05:38 PM;1TAKX;11/11/2025;53;Tabaco;COMPLETO;80;5,79;897;909;12;
control system;11/13/2025, 05:42 PM;P7XNE;11/11/2025;55;Soja;COMPLETO;100;6,48;1233;1248;15;
control system;11/13/2025, 05:44 PM;C2UPP;11/11/2025;56;Tabaco;COMPLETO;80;7,72;981;1000;19;
control system;11/13/2025, 05:47 PM;9SNHB;11/11/2025;58;Tabaco;COMPLETO;80;8,17;810;828,4;18,4;
control system;11/13/2025, 05:48 PM;0K97L;11/11/2025;62;Tabaco;COMPLETO;100;5,58;1306;1322;16;
control system;11/13/2025, 05:48 PM;UWVOQ;11/11/2025;64;Soja;COMPLETO;70;7,79;822;838;16;
control system;11/13/2025, 05:49 PM;WKUFC;11/11/2025;71;Tabaco;1/2-PIVO;100;4,85;815;818,5;3,5;
control system;11/13/2025, 05:50 PM;KTHY2;11/11/2025;71;Milho;1/2-PIVO;100;4,85;818,5;822;3,5;
control system;11/13/2025, 05:51 PM;8CKBA;11/11/2025;72;Soja;COMPLETO;100;6,12;112;125;13;
control system;11/14/2025, 11:41 AM;RXDKG;12/11/2025;2;Soja;COMPLETO;70;7,57;1119;1137;18;
control system;11/14/2025, 11:42 AM;GK9NX;12/11/2025;6;Soja;COMPLETO;100;5,82;1955;1971;16;
control system;11/14/2025, 11:43 AM;2QWC2;12/11/2025;8;Soja;COMPLETO;80;8,22;1751;1769;18;
control system;11/14/2025, 11:44 AM;UX4RT;12/11/2025;9;Soja;COMPLETO;70;7,8;2958;2975;17;
control system;11/14/2025, 11:48 AM;QXHZC;12/11/2025;12;Soja;COMPLETO;100;6,3;296;326;30;2 GIRO
control system;11/14/2025, 11:49 AM;VWORL;12/11/2025;15;Soja;COMPLETO;70;10,54;2171;2195;24;
control system;11/14/2025, 11:49 AM;XI4DG;12/11/2025;23;Soja;COMPLETO;70;7,54;1294;1314;20;
control system;11/14/2025, 11:51 AM;W7VA8;12/11/2025;25;Cacau;COMPLETO;100;5,8;1340;1352;12;FERTIRRIGAÇÃO
control system;11/14/2025, 11:52 AM;3MLCE;12/11/2025;31;Soja;COMPLETO;100;6,18;1280,6;1295;14,4;FERTIRRIGAÇÃO
control system;11/14/2025, 11:54 AM;HDX7D;12/11/2025;32;Cacau;COMPLETO;100;5,7;1657;1671;14;
control system;11/14/2025, 11:55 AM;9VFPM;12/11/2025;36;Soja;COMPLETO;100;7,2;2030;2045;15;FERTIRRIGAÇÃO
control system;11/14/2025, 11:56 AM;59YDF;12/11/2025;38;Soja;COMPLETO;100;8,05;784;798;14;
control system;11/14/2025, 11:57 AM;5FAS8;12/11/2025;39;Milho;COMPLETO;100;5,58;1903;1916;13;
control system;11/14/2025, 11:58 AM;JC68K;12/11/2025;41;Milho;COMPLETO;100;6,44;1806;1817;11;FALTOU 90º
control system;11/14/2025, 11:59 AM;S3T39;12/11/2025;43;Soja;COMPLETO;100;6,79;1644;1659;15;
control system;11/14/2025, 11:59 AM;0SLS4;12/11/2025;44;Soja;COMPLETO;70;10,37;533;550;17;
control system;11/14/2025, 12:10 PM;RDURH;12/11/2025;46;Tabaco;AD;100;6,66;2728;2736;8;
control system;11/14/2025, 12:11 PM;M8VQ0;12/11/2025;51;Soja;COMPLETO;100;6,05;545,6;558,9;13,3;
control system;11/14/2025, 12:11 PM;7L840;12/11/2025;50;Preparo;COMPLETO;50;13,56;48,4;74,1;25,7;
control system;11/14/2025, 12:12 PM;NC9VH;12/11/2025;62;Tabaco;COMPLETO;100;5,58;1322;1339;17;
control system;11/14/2025, 12:13 PM;CHZPS;12/11/2025;70;Preparo;1/2-PIVO;70;9,17;0;3;3;TESTE
control system;11/14/2025, 12:14 PM;XLPZA;12/11/2025;72;Soja;COMPLETO;100;6,12;125;138;13;
control system;11/18/2025, 01:27 PM;6K8FG;13/11/2025;3;Soja;COMPLETO;70;9;223;242;19;
control system;11/18/2025, 01:28 PM;WY9GM;13/11/2025;4;Soja;COMPLETO;100;3,92;1487;1497;10;
control system;11/18/2025, 01:29 PM;HHJKM;13/11/2025;5;Soja;COMPLETO;70;7,89;1984;2004;20;
control system;11/18/2025, 01:33 PM;PZLCK;13/11/2025;7;Soja;COMPLETO;70;7,89;549;567;18;
control system;11/18/2025, 01:34 PM;NJ9US;13/11/2025;10;Soja;COMPLETO;80;7,87;1629;1648;19;
control system;11/18/2025, 01:34 PM;GCFNO;13/11/2025;11;Soja;COMPLETO;70;7,89;233;256;23;
control system;11/18/2025, 01:36 PM;KE51S;13/11/2025;12;Soja;COMPLETO;100;6,3;326;341;15;
control system;11/18/2025, 01:37 PM;LPKK9;13/11/2025;17;Soja;COMPLETO;60;10,5;497;523;26;
control system;11/18/2025, 01:38 PM;ZYQNK;13/11/2025;19;Soja;COMPLETO;60;9,58;82;105,1;23,1;
control system;11/18/2025, 01:38 PM;I9F9J;13/11/2025;21;Soja;COMPLETO;60;9,12;20,4;43,4;23;
control system;11/18/2025, 01:39 PM;H1WIH;13/11/2025;25;Cacau;D;100;5,8;1352;1355;3;
control system;11/18/2025, 01:40 PM;JQ6KH;13/11/2025;26;Soja;COMPLETO;60;9,5;1526;1549;23;
control system;11/18/2025, 01:41 PM;CB2V3;13/11/2025;27;Cacau;COMPLETO;70;7,63;1598;1614;16;
control system;11/18/2025, 01:42 PM;AGNHY;13/11/2025;29;Cacau;COMPLETO;100;5,14;2363;2373;10;
control system;11/18/2025, 01:43 PM;IJ4UZ;13/11/2025;31;Soja;COMPLETO;100;6,18;1295;1310,6;15,6;FERTIRRIGAÇÃO
control system;11/18/2025, 01:44 PM;52MHV;13/11/2025;32;Cacau;AD;80;7,13;1671;1680,9;9,9;
control system;11/18/2025, 01:45 PM;GI1TE;13/11/2025;35;Soja;COMPLETO;70;8,31;578;601;23;
control system;11/18/2025, 01:46 PM;LHKM9;13/11/2025;36;Soja;COMPLETO;100;7,2;2045;2063;18;FERTIRRIGAÇÃO
control system;11/18/2025, 01:48 PM;GCIWD;13/11/2025;40;Soja;COMPLETO;70;9,94;960;984;24;
control system;11/18/2025, 01:49 PM;NTBSK;13/11/2025;43;Soja;COMPLETO;100;6,79;1659;1674;15;
control system;11/18/2025, 01:49 PM;ON4EQ;13/11/2025;44;Soja;COMPLETO;100;7,26;550;560;10;FERTIRRIGAÇÃO
control system;11/18/2025, 01:50 PM;0IS15;13/11/2025;55;Soja;COMPLETO;100;6,48;1248;1263;15;
control system;11/18/2025, 01:51 PM;J3WZA;13/11/2025;58;Tabaco;COMPLETO;100;6,54;828,4;842,8;14,4;
control system;11/18/2025, 01:52 PM;C2V7H;13/11/2025;64;Soja;COMPLETO;70;7,79;838;854;16;
control system;11/18/2025, 01:53 PM;RSZF4;13/11/2025;69;Tabaco;COMPLETO;80;5,75;1115;1128;13;
control system;11/18/2025, 01:54 PM;EOPAM;13/11/2025;70;Preparo;1/2-PIVO;70;9,17;3;6;3;TESTE
control system;11/18/2025, 02:00 PM;TWPQ8;12/11/2025;45;Soja;COMPLETO;100;6,12;165;178;13;
control system;11/18/2025, 02:01 PM;6KDO5;13/11/2025;45;Soja;COMPLETO;100;6,12;178;191;13;
control system;11/18/2025, 05:17 PM;RVMAC;14/11/2025;2;Soja;1/2-PIVO;100;5,3;1137;1143;6;FERTI 1/2
control system;11/18/2025, 05:24 PM;NOLBC;14/11/2025;3;Soja;COMPLETO;100;6,3;242;257;15;
control system;11/18/2025, 05:32 PM;O0N5K;14/11/2025;4;Soja;COMPLETO;50;7,84;1497;1515;18;
control system;11/18/2025, 05:37 PM;5D0WV;14/11/2025;6;Soja;COMPLETO;70;8,31;1971;1991;20;
control system;11/18/2025, 05:38 PM;OUYD2;14/11/2025;7;Soja;COMPLETO;100;5,52;567;581;14;
control system;11/18/2025, 05:39 PM;Y0L7S;14/11/2025;8;Soja;COMPLETO;70;9,4;1769;1790;21;
control system;11/18/2025, 05:44 PM;BF7BQ;14/11/2025;12;Soja;COMPLETO;100;6,3;341;357;16;
control system;11/18/2025, 05:45 PM;7GOFJ;14/11/2025;13;Soja;COMPLETO;80;5,35;1292;1304;12;
control system;11/18/2025, 05:46 PM;ZJFWB;14/11/2025;15;Soja;COMPLETO;70;10,54;2195;2219;24;
control system;11/18/2025, 05:48 PM;7XQKI;14/11/2025;23;Soja;COMPLETO;70;7,54;1314;1334;20;
control system;11/18/2025, 05:50 PM;YOT0P;14/11/2025;25;Cacau;ABC;60;9,67;1355;1370;15;
control system;11/18/2025, 05:50 PM;X4FM4;14/11/2025;25;Cacau;D;100;5,8;1370;1373;3;
control system;11/18/2025, 06:12 PM;MALVX;14/11/2025;26;Soja;COMPLETO;100;5,7;1549;1564;15;
control system;11/18/2025, 06:15 PM;YVWCC;14/11/2025;29;Cacau;COMPLETO;100;5,14;2373;2377;4;
control system;11/18/2025, 06:36 PM;X00DB;14/11/2025;31;Soja;COMPLETO;70;8,83;1310,6;1333;22,4;
control system;11/18/2025, 06:37 PM;OK85A;14/11/2025;32;Cacau;AD;100;5,7;1680,9;1690,5;9,6;
control system;11/18/2025, 06:41 PM;ALIO2;14/11/2025;35;Soja;COMPLETO;100;5,82;601;616;15;
control system;11/18/2025, 06:44 PM;UFD05;14/11/2025;36;Soja;COMPLETO;70;10,29;2063;2081;18;
control system;11/18/2025, 06:44 PM;IN28T;14/11/2025;37;Soja;COMPLETO;100;9,04;1162;1174;12;
control system;11/18/2025, 06:47 PM;T85F4;14/11/2025;38;Soja;COMPLETO;70;11,5;798;821;23;
control system;11/18/2025, 07:17 PM;CU1NU;14/11/2025;40;Soja;COMPLETO;100;6,96;984;1000;16;
control system;11/18/2025, 07:20 PM;Z42MQ;14/11/2025;43;Soja;COMPLETO;70;9,7;1674;1695;21;
control system;11/18/2025, 07:21 PM;INE8O;14/11/2025;44;Soja;COMPLETO;100;7,26;560;569;9;FERTIRRIGAÇÃO
control system;11/18/2025, 07:26 PM;4RM3E;14/11/2025;45;Soja;COMPLETO;80;7,65;191;208;17;
control system;11/18/2025, 07:35 PM;LS8HY;14/11/2025;47;Milho;COMPLETO;80;9,27;1332;1352;20;
control system;11/18/2025, 07:46 PM;ALL3F;14/11/2025;51;Soja;COMPLETO;80;7,56;558,9;575,4;16,5;
control system;11/18/2025, 07:51 PM;T92UV;14/11/2025;52;Preparo;COMPLETO;70;9,94;2338;2360;22;
control system;11/18/2025, 07:52 PM;S7YDO;14/11/2025;54;Tabaco;COMPLETO;90;6,44;1050;1065;15;
control system;11/18/2025, 07:53 PM;5YXU6;14/11/2025;56;Tabaco;COMPLETO;90;6,87;1000;1017;17;
control system;11/18/2025, 07:55 PM;L9JYV;14/11/2025;64;Soja;COMPLETO;100;5,45;854;866;12;
control system;11/18/2025, 07:56 PM;JZP5M;14/11/2025;71;Tabaco;1/2-PIVO;70;6,93;822;827;5;
control system;11/20/2025, 11:39 AM;94THN;15/11/2025;2;Soja;COMPLETO;70;7,57;1143;1162;19;
control system;11/20/2025, 11:39 AM;DAH0H;15/11/2025;3;Soja;COMPLETO;70;9;257;277;20;
control system;11/20/2025, 11:40 AM;C5ORW;15/11/2025;5;Soja;COMPLETO;60;9,2;2004;2027;23;
control system;11/20/2025, 11:40 AM;FACPZ;15/11/2025;6;Soja;COMPLETO;100;5,82;1991;2005;14;
control system;11/20/2025, 11:45 AM;JDMK9;15/11/2025;7;Soja;COMPLETO;70;7,89;581;601;20;
control system;11/20/2025, 11:52 AM;HAZ0I;15/11/2025;12;Soja;COMPLETO;100;6,3;357;390;33;2 GIRO
control system;11/20/2025, 11:53 AM;YUUHF;15/11/2025;13;Soja;COMPLETO;80;5,35;1304;1316;12;
control system;11/20/2025, 11:56 AM;E5DOY;15/11/2025;17;Soja;COMPLETO;60;10,5;523;548;25;
control system;11/20/2025, 11:59 AM;8JYAK;15/11/2025;21;Soja;COMPLETO;60;9,12;43,4;66,4;23;
control system;11/20/2025, 12:00 PM;EAQJD;15/11/2025;25;Cacau;COMPLETO;100;5,8;1373;1376;3;
control system;11/20/2025, 12:00 PM;88A3P;15/11/2025;26;Soja;COMPLETO;100;5,7;1564;1578;14;
control system;11/20/2025, 12:01 PM;WMNS4;15/11/2025;27;Cacau;COMPLETO;50;10,68;1614;1637;23;
control system;11/20/2025, 12:02 PM;A8ORX;15/11/2025;29;Cacau;COMPLETO;70;7,34;2377;2388;11;
control system;11/20/2025, 12:04 PM;HYG0B;15/11/2025;29;Cacau;COMPLETO;100;5,14;2388;2390;2;
control system;11/20/2025, 12:05 PM;D8DXY;15/11/2025;32;Cacau;AD;80;7,13;1690,5;1699;8,5;
control system;11/20/2025, 12:07 PM;G8ZOL;15/11/2025;35;Soja;COMPLETO;100;5,82;616;632;16;
control system;11/20/2025, 12:07 PM;5,77E+04;15/11/2025;36;Soja;COMPLETO;100;7,2;2081;2096;15;
control system;11/20/2025, 12:09 PM;OLEPV;15/11/2025;37;Soja;COMPLETO;100;9,04;1174;1185;11;
control system;11/20/2025, 12:10 PM;50G4I;15/11/2025;39;Milho;COMPLETO;70;7,97;1916;1934;18;
control system;11/20/2025, 12:10 PM;AWWP3;15/11/2025;40;Soja;COMPLETO;100;6,96;1000;1016;16;
control system;11/20/2025, 12:14 PM;DDVN1;15/11/2025;44;Soja;COMPLETO;80;9,07;569;577;8;
control system;11/20/2025, 12:15 PM;OGUO3;15/11/2025;47;Milho;COMPLETO;80;9,27;1352;1371;19;
control system;11/20/2025, 12:16 PM;Y4F6U;15/11/2025;51;Soja;COMPLETO;100;6,05;575,4;588,7;13,3;
control system;11/20/2025, 12:17 PM;UH0KP;15/11/2025;53;Tabaco;COMPLETO;90;5,14;909;920;11;
control system;11/20/2025, 12:20 PM;AZODD;15/11/2025;55;Soja;COMPLETO;70;9,26;1263;1285;22;
control system;11/20/2025, 12:27 PM;814AO;15/11/2025;62;Tabaco;CD;70;7,97;1339;1349,9;10,9;
control system;11/20/2025, 12:28 PM;IDIJV;15/11/2025;64;Soja;COMPLETO;70;7,79;866;883;17;
control system;11/20/2025, 12:31 PM;73LYH;15/11/2025;71;Milho;1/2-PIVO;50;9,7;827;834;7;
control system;11/20/2025, 12:32 PM;OC3PH;15/11/2025;72;Soja;COMPLETO;80;7,65;138;155;17;
control system;11/20/2025, 01:25 PM;30INN;16/11/2025;2;Soja;COMPLETO;60;8,83;1162;1183;21;
control system;11/20/2025, 01:26 PM;BH9UN;16/11/2025;4;Soja;COMPLETO;40;9,8;1515;1539;24;
control system;11/20/2025, 01:27 PM;RTMR7;16/11/2025;5;Soja;COMPLETO;100;5,52;2027;2041;14;
control system;11/20/2025, 01:27 PM;8GVRA;16/11/2025;6;Soja;COMPLETO;70;8,31;2005;2026;21;
control system;11/20/2025, 01:29 PM;4U7Q3;16/11/2025;8;Soja;COMPLETO;70;9,4;1790;1811;21;
control system;11/20/2025, 01:33 PM;YJ2MU;16/11/2025;11;Soja;COMPLETO;80;6,9;256;272;16;
control system;11/20/2025, 01:35 PM;J2Z82;16/11/2025;12;Soja;COMPLETO;100;6,3;390;420;30;2 GIRO
control system;11/20/2025, 01:36 PM;4OVHF;16/11/2025;13;Soja;COMPLETO;100;4,28;1316;1326;10;
control system;11/20/2025, 01:41 PM;T859C;16/11/2025;14;Soja;COMPLETO;100;5,76;3494;3509;15;
control system;11/20/2025, 01:42 PM;C9H14;16/11/2025;15;Soja;COMPLETO;70;10,54;2219;2243;24;
control system;11/20/2025, 04:44 PM;5YUZA;12/11/2025;101;Soja;COMPLETO;100;5,58;2235,3;2248,3;13;
control system;11/20/2025, 04:49 PM;PSKJW;12/11/2025;106;Soja;COMPLETO;70;7,63;1584,5;1601;16,5;
control system;11/20/2025, 04:50 PM;EZUED;12/11/2025;113;Soja;COMPLETO;70;9,1;431,8;452,3;20,5;
control system;11/20/2025, 04:52 PM;FC4VF;12/11/2025;116;Soja;COMPLETO;70;9,2;2938,9;2959,8;20,9;
control system;11/20/2025, 04:54 PM;VE2C2;12/11/2025;117;Soja;COMPLETO;70;8,1;117,7;138,5;20,8;
control system;11/20/2025, 04:56 PM;E672G;12/11/2025;125;Soja;COMPLETO;100;4,5;175,4;187,2;11,8;
control system;11/20/2025, 04:56 PM;SZ3G9;12/11/2025;127;Soja;COMPLETO;100;4,82;46,1;57,6;11,5;
control system;11/20/2025, 04:57 PM;PEZ8Q;12/11/2025;133;Soja;COMPLETO;100;5,15;39,3;51;11,7;
control system;11/20/2025, 05:02 PM;YQGCR;13/11/2025;103;Soja;COMPLETO;70;7,37;1047,5;1063,9;16,4;
control system;11/20/2025, 05:02 PM;2TCVA;13/11/2025;112;Soja;COMPLETO;70;9,1;1322,7;1343,1;20,4;
control system;11/20/2025, 05:03 PM;0P17W;13/11/2025;114;Soja;COMPLETO;70;8,49;2308,5;2326,5;18;
control system;11/20/2025, 05:04 PM;HU4RJ;13/11/2025;122;Soja;COMPLETO;70;9;1743,3;1763,7;20,4;
control system;11/20/2025, 05:05 PM;A5QBM;13/11/2025;123;Soja;COMPLETO;70;9,7;2194,3;2214,6;20,3;
control system;11/20/2025, 05:06 PM;R6PBM;13/11/2025;127;Soja;COMPLETO;100;4,82;57,6;69,3;11,7;
control system;11/20/2025, 05:16 PM;5OJZN;13/11/2025;129;Soja;COMPLETO;70;7,64;565,2;582,2;17;
control system;11/20/2025, 05:19 PM;N0HBX;13/11/2025;133;Soja;COMPLETO;100;5,15;51;62,9;11,9;
control system;11/20/2025, 05:21 PM;KCWT6;14/11/2025;101;Soja;COMPLETO;70;7,97;2248,3;2266,1;17,8;
control system;11/20/2025, 05:22 PM;X5BM9;14/11/2025;103;Soja;COMPLETO;80;6,45;1063,9;1078,3;14,4;
control system;11/20/2025, 05:26 PM;DSQID;14/11/2025;112;Soja;COMPLETO;70;9,1;1343,1;1363,5;20,4;
control system;11/20/2025, 05:28 PM;TFEKQ;14/11/2025;113;Soja;COMPLETO;70;9,1;452,3;472,7;20,4;
control system;11/20/2025, 05:29 PM;VRNIX;14/11/2025;116;Soja;COMPLETO;70;9,2;2959,8;2980,5;20,7;
control system;11/20/2025, 05:30 PM;8J1WF;14/11/2025;122;Soja;COMPLETO;70;9;1763,7;1784,2;20,5;
control system;11/20/2025, 05:31 PM;7JUP8;14/11/2025;127;Soja;COMPLETO;70;6,89;69,3;85,8;16,5;
control system;11/20/2025, 05:31 PM;6EHRC;14/11/2025;133;Soja;COMPLETO;80;6,44;62,9;77,4;14,5;
control system;11/20/2025, 05:33 PM;OEA42;15/11/2025;106;Soja;COMPLETO;70;7,63;1601;1617,3;16,3;
control system;11/20/2025, 05:35 PM;24EJ4;15/11/2025;114;Soja;COMPLETO;70;8,49;2326,5;2344,6;18,1;
control system;11/20/2025, 05:36 PM;5TUDM;15/11/2025;117;Soja;COMPLETO;70;8,1;138,5;159,1;20,6;
control system;11/20/2025, 05:37 PM;BCCIF;15/11/2025;122;Soja;COMPLETO;70;9;1784,2;1804,5;20,3;
control system;11/20/2025, 05:38 PM;BOTWG;15/11/2025;123;Soja;COMPLETO;70;9,7;2214,6;2234,9;20,3;
control system;11/20/2025, 05:39 PM;8MWAL;15/11/2025;125;Soja;COMPLETO;70;6,43;187,2;204,4;17,2;
control system;11/20/2025, 05:41 PM;42SFR;15/11/2025;129;Soja;COMPLETO;70;7,64;582,2;598,6;16,4;
control system;11/20/2025, 05:42 PM;W0HB4;15/11/2025;133;Soja;COMPLETO;100;5,15;77,4;89,8;12,4;
control system;11/20/2025, 05:43 PM;WZ4TU;16/11/2025;101;Soja;COMPLETO;70;7,97;2266,1;2283,8;17,7;
control system;11/20/2025, 05:43 PM;N7NZW;16/11/2025;103;Soja;COMPLETO;70;7,37;1078,3;1094,6;16,3;
control system;11/20/2025, 05:44 PM;HJGG5;16/11/2025;112;Soja;COMPLETO;70;9,1;1363,5;1383,9;20,4;
control system;11/20/2025, 05:45 PM;7RLAP;16/11/2025;113;Soja;COMPLETO;70;9,1;472,7;493,1;20,4;
control system;11/20/2025, 05:46 PM;RYZSQ;16/11/2025;116;Soja;COMPLETO;70;9,2;2980,5;3001;20,5;
control system;11/20/2025, 05:47 PM;FOV0B;16/11/2025;123;Soja;COMPLETO;70;9,7;2234,9;2255,4;20,5;
control system;11/20/2025, 05:47 PM;675A1;16/11/2025;127;Soja;COMPLETO;70;6,89;85,8;102,7;16,9;
control system;11/20/2025, 05:48 PM;YNFM7;16/11/2025;133;Soja;COMPLETO;90;5,72;89,8;103;13,2;
control system;11/20/2025, 05:51 PM;470WW;17/11/2025;101;Soja;COMPLETO;70;7,97;2283,8;2301,5;17,7;
control system;11/20/2025, 05:52 PM;YCO73;17/11/2025;103;Soja;COMPLETO;70;7,37;1094,6;1111;16,4;
control system;11/20/2025, 05:53 PM;3E4MM;17/11/2025;114;Soja;COMPLETO;70;8,49;2344,6;2362,5;17,9;
control system;11/20/2025, 05:53 PM;BRGOP;17/11/2025;116;Soja;COMPLETO;70;9,2;3001;3021,8;20,8;
control system;11/20/2025, 05:54 PM;ONS5W;17/11/2025;117;Soja;COMPLETO;70;8,1;159,1;179,7;20,6;
control system;11/20/2025, 05:55 PM;SWF0T;17/11/2025;122;Soja;COMPLETO;70;9;1804,5;1824,8;20,3;
control system;11/20/2025, 05:57 PM;IBSSV;17/11/2025;129;Soja;COMPLETO;70;7,64;598,6;614,9;16,3;
control system;11/20/2025, 05:57 PM;JACXV;17/11/2025;133;Soja;COMPLETO;70;7,36;103;117,4;14,4;
control system;11/20/2025, 06:48 PM;0S9WI;16/11/2025;21;Soja;COMPLETO;100;5,47;66,4;80,5;14,1;
control system;11/20/2025, 06:49 PM;E9L5L;16/11/2025;23;Soja;COMPLETO;60;8,8;1334;1357;23;
control system;11/20/2025, 06:57 PM;KOO6F;16/11/2025;25;Cacau;ABC;50;11,6;1376;1396;20;
control system;11/20/2025, 06:58 PM;5235M;16/11/2025;25;Cacau;D;100;5,8;1396;1399;3;
control system;11/20/2025, 06:59 PM;8QPGY;16/11/2025;27;Cacau;COMPLETO;100;5,34;1637;1649;12;
control system;11/20/2025, 07:08 PM;0GB6M;16/11/2025;31;Soja;COMPLETO;70;8,83;1333;1356;23;
control system;11/20/2025, 07:09 PM;ZMPS4;16/11/2025;32;Cacau;AD;100;5,7;1699;1708,5;9,5;
control system;11/20/2025, 07:16 PM;PXZYY;16/11/2025;36;Soja;COMPLETO;70;10,29;2096;2116;20;
control system;11/20/2025, 07:17 PM;CIY60;16/11/2025;37;Soja;COMPLETO;100;9,04;1185;1196;11;
control system;11/20/2025, 07:17 PM;4W1BJ;16/11/2025;38;Soja;COMPLETO;70;11,5;821;842;21;
control system;11/20/2025, 07:18 PM;TDUCD;16/11/2025;39;Milho;COMPLETO;100;5,58;1934;1947;13;
control system;11/20/2025, 07:19 PM;VARQF;16/11/2025;41;Milho;COMPLETO;100;6,44;1817;1827;10;
control system;11/20/2025, 07:19 PM;9PY3G;16/11/2025;43;Soja;COMPLETO;70;9,7;1695;1715;20;
control system;11/20/2025, 07:20 PM;M5E8E;16/11/2025;44;Soja;COMPLETO;70;10,37;577;593;16;
control system;11/20/2025, 07:20 PM;73LB3;16/11/2025;45;Soja;COMPLETO;100;6,12;208;222;14;
control system;11/20/2025, 07:21 PM;VH6J5;16/11/2025;47;Milho;COMPLETO;70;10,6;1371;1394;23;
control system;11/20/2025, 07:21 PM;TBS8K;16/11/2025;51;Soja;COMPLETO;70;8,64;588,7;607,5;18,8;
control system;11/20/2025, 07:22 PM;DMW92;16/11/2025;64;Soja;COMPLETO;100;5,45;883;894;11;
control system;11/20/2025, 07:23 PM;11MJ3;16/11/2025;69;Tabaco;COMPLETO;70;6,57;1128;1143;15;
control system;11/21/2025, 10:24 AM;SRZSQ;18/11/2025;101;Soja;COMPLETO;80;6,97;2301,5;2317;15,5;
control system;11/21/2025, 10:25 AM;CUP8I;18/11/2025;103;Soja;COMPLETO;70;7,37;1111;1127,5;16,5;
control system;11/21/2025, 10:31 AM;QSPYX;18/11/2025;106;Soja;COMPLETO;70;7,63;1617,3;1644,5;27,2;70% IRRIGAÇÃO, 100%FERT
control system;11/21/2025, 10:32 AM;ZU1GK;18/11/2025;112;Soja;COMPLETO;70;9,1;1383,9;1404,2;20,3;
control system;11/21/2025, 10:33 AM;9NIK3;18/11/2025;113;Soja;COMPLETO;70;9,1;493,1;513,6;20,5;
control system;11/21/2025, 10:34 AM;KG7FO;18/11/2025;116;Soja;COMPLETO;100;6,44;3021,8;3036,7;14,9;FERT
control system;11/21/2025, 10:36 AM;Z56IH;18/11/2025;125;Soja;COMPLETO;70;6,43;204,4;221,4;17;
control system;11/21/2025, 10:37 AM;RGZOQ;18/11/2025;127;Soja;COMPLETO;70;6,89;102,7;119,1;16,4;
control system;11/21/2025, 10:42 AM;41QQJ;19/11/2025;101;Soja;COMPLETO;80;6,97;2317;2332,8;15,8;
control system;11/21/2025, 10:45 AM;7QI35;19/11/2025;103;Soja;COMPLETO;70;7,37;1127,5;1143,8;16,3;
control system;11/21/2025, 10:46 AM;64XKP;19/11/2025;106;Soja;COMPLETO;60;8,9;1644,5;1665;20,5;
control system;11/21/2025, 10:47 AM;P7QV5;19/11/2025;112;Soja;COMPLETO;70;9,1;1404,2;1424,6;20,4;
control system;11/21/2025, 10:50 AM;ZL352;19/11/2025;114;Soja;COMPLETO;70;8,49;2362,5;2380,9;18,4;
control system;11/21/2025, 10:52 AM;J82BT;19/11/2025;117;Soja;COMPLETO;70;8,1;179,7;200;20,3;
control system;11/21/2025, 10:53 AM;FTBS4;19/11/2025;122;Soja;COMPLETO;70;9;1824,8;1845,6;20,8;
control system;11/21/2025, 10:53 AM;GJEHS;19/11/2025;123;Soja;COMPLETO;70;9,7;2255,4;2275,8;20,4;
control system;11/21/2025, 10:54 AM;67PVU;19/11/2025;127;Soja;COMPLETO;70;6,89;119,1;137,3;18,2;
control system;11/21/2025, 12:55 PM;L8JWE;17/11/2025;3;Soja;COMPLETO;70;9;277;297;20;
control system;11/21/2025, 01:15 PM;WULUY;17/11/2025;2;Soja;COMPLETO;100;5,3;1183;1196;13;FERTIRRIGAÇÃO
control system;11/21/2025, 01:16 PM;TA835;17/11/2025;4;Soja;COMPLETO;100;3,92;1539;1548;9;
control system;11/21/2025, 01:16 PM;1XBUW;17/11/2025;5;Soja;COMPLETO;70;7,89;2041;2061;20;
control system;11/21/2025, 01:17 PM;J06OU;17/11/2025;7;Soja;COMPLETO;70;7,89;601;624;23;
control system;11/21/2025, 01:17 PM;5M35G;17/11/2025;11;Soja;COMPLETO;70;7,89;272;292;20;
control system;11/21/2025, 01:18 PM;1AJ32;17/11/2025;12;Soja;COMPLETO;100;6,3;420;435;15;
control system;11/21/2025, 01:19 PM;ZKDKT;17/11/2025;13;Soja;COMPLETO;80;5,35;1326;1339;13;
control system;11/21/2025, 01:20 PM;2DG1Z;17/11/2025;14;Soja;COMPLETO;100;5,76;3509;3524;15;
control system;11/21/2025, 01:21 PM;QV7F8;17/11/2025;17;Soja;COMPLETO;70;9;548;569;21;
control system;11/21/2025, 01:56 PM;8RYEO;17/11/2025;26;Soja;COMPLETO;70;8,14;1578;1597;19;
control system;11/21/2025, 01:56 PM;M6DWD;17/11/2025;27;Cacau;COMPLETO;70;7,63;1649;1665;16;
control system;11/21/2025, 01:57 PM;XOMGV;17/11/2025;29;Cacau;ABC;70;7,34;2390;2402;12;
control system;11/21/2025, 01:58 PM;TGNVQ;17/11/2025;29;Cacau;D;100;5,14;2402;2404;2;
control system;11/21/2025, 02:01 PM;7POF4;17/11/2025;32;Cacau;AD;100;5,7;801;809,1;8,1;TROCOU A PLACA
control system;11/21/2025, 02:02 PM;ERTAZ;17/11/2025;35;Soja;COMPLETO;70;8,31;632;654;22;
control system;11/21/2025, 02:02 PM;9R7LO;17/11/2025;38;Soja;COMPLETO;100;8,05;842;858;16;FERTIRRIGAÇÃO
control system;11/21/2025, 02:05 PM;GO3ES;17/11/2025;39;Milho;COMPLETO;70;7,97;1947;1964;17;
control system;11/21/2025, 02:05 PM;F29EF;17/11/2025;40;Soja;COMPLETO;70;9,94;1016;1037;21;
control system;11/21/2025, 02:06 PM;T4AQC;17/11/2025;43;Soja;COMPLETO;100;6,79;1715;1731;16;
control system;11/21/2025, 02:08 PM;QUKXZ;17/11/2025;45;Soja;COMPLETO;100;6,12;222;236;14;
control system;11/21/2025, 02:08 PM;V276U;17/11/2025;47;Milho;COMPLETO;80;9,27;1394;1414;20;
control system;11/21/2025, 02:09 PM;I2174;17/11/2025;52;Preparo;COMPLETO;50;13,92;2360;2392;32;
control system;11/21/2025, 02:10 PM;N2F92;17/11/2025;54;Tabaco;COMPLETO;90;6,44;1065;1080;15;
control system;11/21/2025, 02:20 PM;UJ6P1;17/11/2025;50;Soja;COMPLETO;100;6,78;74,1;100,1;26;2 GIRO
control system;11/21/2025, 02:20 PM;2SXC0;17/11/2025;56;Tabaco;COMPLETO;90;6,87;1017;1034;17;
control system;11/21/2025, 02:22 PM;A0GMS;17/11/2025;64;Soja;COMPLETO;70;7,79;894;911;17;
control system;11/21/2025, 02:23 PM;4KX8N;17/11/2025;71;Milho;1/2-PIVO;50;9,7;834;841;7;
control system;11/21/2025, 02:23 PM;WR20T;17/11/2025;71;Tabaco;1/2-PIVO;70;6,93;841;846;5;
control system;11/21/2025, 02:24 PM;80PTS;17/11/2025;72;Soja;COMPLETO;100;6,12;155;168;13;
control system;11/21/2025, 05:41 PM;5SQ9Y;18/11/2025;2;Soja;COMPLETO;70;7,57;1196;1214;18;
control system;11/21/2025, 05:47 PM;O6CCO;18/11/2025;4;Soja;COMPLETO;50;7,84;1548;1567;19;
control system;11/21/2025, 05:55 PM;605GN;18/11/2025;5;Soja;COMPLETO;100;5,52;2061;2075;14;
control system;11/21/2025, 05:56 PM;QL6I6;18/11/2025;6;Soja;COMPLETO;70;8,31;2026;2046;20;
control system;11/21/2025, 05:58 PM;NFFOM;18/11/2025;8;Soja;COMPLETO;100;6,58;1811;1832;21;+ IRRIGAÇÃO 1/2 A 70%
control system;11/21/2025, 05:58 PM;3SGHE;18/11/2025;9;Soja;COMPLETO;60;9,1;2975;2997;22;
control system;11/21/2025, 06:00 PM;KUA9C;18/11/2025;12;Soja;COMPLETO;100;6,3;435;450;15;
control system;11/21/2025, 06:00 PM;SXZQJ;18/11/2025;13;Soja;COMPLETO;80;5,35;1339;1351;12;
control system;11/21/2025, 06:02 PM;6WEXA;18/11/2025;14;Soja;COMPLETO;100;5,76;3524;3551;27;2 GIRO
control system;11/21/2025, 06:03 PM;8WOZL;18/11/2025;15;Soja;COMPLETO;70;10,54;2243;2268;25;
control system;11/21/2025, 06:04 PM;GU6OQ;18/11/2025;23;Soja;COMPLETO;70;7,54;1357;1377;20;
control system;11/21/2025, 06:06 PM;I6AOE;18/11/2025;25;Cacau;ABC;70;8,29;1399;1410;11;
control system;11/21/2025, 06:07 PM;ME9CH;18/11/2025;25;Cacau;D;100;5,8;1410;1414;4;
control system;11/21/2025, 06:10 PM;XVF4O;18/11/2025;29;Cacau;COMPLETO;100;5,14;2404;2421;17;2 GIRO
control system;11/21/2025, 06:11 PM;I7OS4;18/11/2025;32;Cacau;AD;100;5,7;809,1;817,2;8,1;
control system;11/21/2025, 06:12 PM;9N5WV;18/11/2025;36;Soja;COMPLETO;70;10,29;2116;2134;18;
control system;11/21/2025, 06:13 PM;MHPP8;18/11/2025;37;Soja;COMPLETO;100;9,04;1196;1206;10;
control system;11/21/2025, 06:14 PM;ZX63U;18/11/2025;38;Soja;COMPLETO;70;11,5;858;879;21;
control system;11/21/2025, 06:15 PM;3,50E+81;18/11/2025;39;Milho;COMPLETO;100;5,58;1964;1978;14;
control system;11/21/2025, 06:16 PM;F3UGE;18/11/2025;40;Soja;COMPLETO;70;9,94;1037;1059;22;
control system;11/21/2025, 06:17 PM;R6V2H;18/11/2025;41;Milho;COMPLETO;100;6,44;1827;1838,6;11,6;
control system;11/21/2025, 06:19 PM;NK3AU;18/11/2025;43;Soja;COMPLETO;100;6,79;1731;1756;25;+ IRRIGAÇÃO 1/2 A 70%
control system;11/21/2025, 06:19 PM;Z4WXT;18/11/2025;44;Soja;COMPLETO;70;10,37;593;608;15;
control system;11/21/2025, 06:24 PM;SIFTL;18/11/2025;46;Preparo;COMPLETO;50;13,32;2736;2769;33;
control system;11/21/2025, 06:26 PM;QNA9O;18/11/2025;47;Milho;COMPLETO;70;10,6;1414;1436;22;
control system;11/21/2025, 06:26 PM;QDCP7;18/11/2025;50;Soja;COMPLETO;90;7,53;100,1;113,3;13,2;
control system;11/21/2025, 06:27 PM;JLYVL;18/11/2025;51;Soja;COMPLETO;70;8,64;607,5;626,1;18,6;
control system;11/21/2025, 06:29 PM;02QG6;18/11/2025;53;Tabaco;COMPLETO;100;4,63;920;934;14;
control system;11/21/2025, 06:29 PM;0MGUD;18/11/2025;55;Soja;COMPLETO;60;10,8;1285;1312;27;
control system;11/21/2025, 06:32 PM;AHR0M;18/11/2025;72;Soja;COMPLETO;10;61,2;168;181;13;
control system;11/24/2025, 11:51 AM;WP7EO;20/11/2025;113;Soja;COMPLETO;70;9,1;513,6;534;20,4;
control system;11/24/2025, 12:01 PM;U545N;20/11/2025;114;Soja;COMPLETO;70;8,49;2380,9;2398,7;17,8;
control system;11/24/2025, 12:03 PM;9OKDE;20/11/2025;123;Soja;COMPLETO;70;9,7;2275,8;2296,1;20,3;
control system;11/24/2025, 12:07 PM;YO4J5;20/11/2025;127;Soja;COMPLETO;70;6,89;137,3;154;16,7;
control system;11/24/2025, 12:08 PM;SSM3C;20/11/2025;129;Soja;COMPLETO;70;7,64;614,9;631,3;16,4;
control system;11/24/2025, 12:11 PM;KJWO0;20/11/2025;133;Soja;COMPLETO;70;7,36;117,4;134,4;17;
control system;11/24/2025, 01:19 PM;K68YJ;21/11/2025;101;Soja;COMPLETO;50;11,16;2332,8;2357,5;24,7;
control system;11/24/2025, 01:20 PM;AFVAI;21/11/2025;103;Soja;COMPLETO;70;7,37;1143,8;1160,5;16,7;
control system;11/24/2025, 01:21 PM;4D29A;21/11/2025;106;Soja;COMPLETO;70;7,63;1665;1681,4;16,4;
control system;11/24/2025, 01:21 PM;S3ZZD;21/11/2025;112;Soja;COMPLETO;70;9,1;1424,6;1445;20,4;
control system;11/24/2025, 01:25 PM;M2QRS;21/11/2025;114;Soja;COMPLETO;70;8,49;2398,7;2417,1;18,4;
control system;11/24/2025, 01:29 PM;GCU56;19/11/2025;116;Soja;COMPLETO;70;9,2;3036,7;3056,9;20,2;
control system;11/24/2025, 01:31 PM;DT4P3;21/11/2025;116;Soja;COMPLETO;70;9,2;3056,9;3077,7;20,8;
control system;11/24/2025, 01:33 PM;CWL3E;21/11/2025;122;Soja;COMPLETO;70;9;1845,6;1866,3;20,7;
control system;11/24/2025, 01:33 PM;VZG05;21/11/2025;125;Soja;COMPLETO;55;8,18;221,4;242,4;21;
control system;11/24/2025, 05:00 PM;B4550;22/11/2025;101;Soja;COMPLETO;70;7,97;2357,5;2375,2;17,7;
control system;11/24/2025, 05:01 PM;RL81K;22/11/2025;103;Soja;COMPLETO;70;7,37;1160,5;1176,6;16,1;
control system;11/24/2025, 05:01 PM;OR7O0;22/11/2025;106;Soja;COMPLETO;70;7,63;1681,4;1697,7;16,3;
control system;11/24/2025, 05:02 PM;Y4H4U;22/11/2025;113;Soja;COMPLETO;70;9,1;534;554,4;20,4;
control system;11/24/2025, 05:03 PM;I45CV;22/11/2025;117;Soja;COMPLETO;70;8,1;200;221,2;21,2;
control system;11/24/2025, 05:04 PM;J9UHF;22/11/2025;122;Soja;COMPLETO;60;10,5;1866,3;1889,4;23,1;
control system;11/24/2025, 05:08 PM;W65XQ;22/11/2025;123;Soja;COMPLETO;70;9,7;2296,1;2317,4;21,3;
control system;11/24/2025, 05:09 PM;6EO3N;22/11/2025;127;Soja;COMPLETO;70;6,89;154;170,3;16,3;
control system;11/24/2025, 05:10 PM;QD0UQ;22/11/2025;129;Soja;COMPLETO;70;7,64;631,3;647,6;16,3;
control system;11/24/2025, 05:49 PM;PJH68;20/11/2025;124;Preparo;1/2-PIVO;50;11,76;1101,6;1113,2;11,6;CANCELADO/CHUVA
control system;11/24/2025, 05:52 PM;S3OPZ;23/11/2025;112;Soja;COMPLETO;70;9,1;1445;1465,9;20,9;
control system;11/24/2025, 05:53 PM;VP4O1;23/11/2025;113;Soja;COMPLETO;70;9,1;554,4;574,9;20,5;
control system;11/24/2025, 05:53 PM;CW0GK;23/11/2025;114;Soja;COMPLETO;70;8,49;2417,1;2425,3;8,2;CANCELADO/CHUVA
control system;11/24/2025, 05:55 PM;XLYJW;23/11/2025;116;Soja;COMPLETO;70;9,2;3077,7;3098,5;20,8;
control system;11/24/2025, 05:55 PM;493OM;23/11/2025;117;Soja;COMPLETO;70;8,1;221,2;241,5;20,3;
control system;11/24/2025, 05:58 PM;B54SD;23/11/2025;124;Preparo;1/2-PIVO;50;11,76;1113,2;1118,2;5;CANCELADO/CHUVA
control system;11/24/2025, 05:59 PM;2O8FE;23/11/2025;125;Soja;COMPLETO;70;6,43;242,4;258,9;16,5;
control system;11/24/2025, 05:59 PM;YZBN8;23/11/2025;133;Soja;COMPLETO;70;7,36;134,4;151,4;17;
control system;11/24/2025, 06:24 PM;LCFGS;19/11/2025;2;Soja;COMPLETO;100;5,3;1214;1226;12;
control system;11/24/2025, 06:28 PM;9B2TJ;19/11/2025;3;Soja;COMPLETO;70;9;297;318;21;
control system;11/24/2025, 06:29 PM;5JNLW;19/11/2025;5;Soja;COMPLETO;70;7,89;2075;2095;20;
control system;11/24/2025, 06:32 PM;DBZHL;19/11/2025;7;Soja;COMPLETO;100;5,52;624;638;13;FERTIRRIGAÇÃO
control system;11/24/2025, 06:33 PM;4BR17;19/11/2025;11;Soja;COMPLETO;70;7,89;292;314;22;
control system;11/24/2025, 06:37 PM;CYQ1Y;19/11/2025;12;Soja;COMPLETO;100;6,3;450;466;16;
control system;11/24/2025, 06:39 PM;SIJV4;19/11/2025;13;Soja;COMPLETO;100;4,28;1351;1373;22;2 GIRO
control system;11/24/2025, 06:42 PM;0EF97;19/11/2025;14;Soja;COMPLETO;100;5,76;3551;3566;15;
control system;11/24/2025, 06:49 PM;GEBJK;19/11/2025;17;Soja;COMPLETO;70;9;569;590;21;
control system;11/24/2025, 06:51 PM;ZVOF1;19/11/2025;19;Soja;COMPLETO;70;8,21;282;303;21;MUDOU A PLACA
control system;11/24/2025, 06:52 PM;G41IQ;19/11/2025;21;Soja;COMPLETO;100;5,47;80,5;100,8;20,3;2 GIRO
control system;11/24/2025, 06:53 PM;4BXQ5;19/11/2025;25;Cacau;D;100;5,8;1414;1417;3;
control system;11/24/2025, 06:54 PM;5SI5P;19/11/2025;27;Cacau;COMPLETO;60;8,9;1665;1685;20;
control system;11/24/2025, 06:55 PM;BMW25;19/11/2025;29;Cacau;D;100;5,14;2421;2423;2;
control system;11/24/2025, 06:56 PM;6BCW4;19/11/2025;29;Cacau;ABC;60;8,57;2423;2438;15;
control system;11/24/2025, 06:58 PM;W4EPW;19/11/2025;31;Soja;COMPLETO;100;6,18;1356;1372;16;FERTIRRIGAÇÃO
control system;11/24/2025, 06:58 PM;2DUCQ;19/11/2025;32;Cacau;AD;100;5,7;817,2;825,6;8,4;
control system;11/24/2025, 06:59 PM;JQRAJ;19/11/2025;35;Soja;COMPLETO;70;8,31;654;677;23;
control system;11/24/2025, 07:05 PM;I1X4G;19/11/2025;36;Soja;COMPLETO;70;10,29;2134;2154;20;
control system;11/24/2025, 07:06 PM;3UWI9;19/11/2025;37;Soja;COMPLETO;70;12,91;1206;1223;17;
control system;11/24/2025, 07:07 PM;7ZMPA;19/11/2025;39;Milho;COMPLETO;70;7,97;1978;1995;17;
control system;11/24/2025, 07:08 PM;3HHUH;19/11/2025;40;Soja;COMPLETO;70;9,94;1059;1080;21;
control system;11/24/2025, 07:09 PM;E8JZH;19/11/2025;41;Milho;COMPLETO;100;6,44;1838,6;1854;15,4;
control system;11/24/2025, 07:11 PM;KW7G9;19/11/2025;44;Soja;COMPLETO;90;8,07;608;618;10;FERTIRRIGAÇÃO
control system;11/24/2025, 07:12 PM;GI3A2;19/11/2025;45;Soja;COMPLETO;70;8,74;236;256;20;
control system;11/24/2025, 07:13 PM;YN3NE;19/11/2025;47;Milho;COMPLETO;80;9,27;1436;1455;19;
control system;11/24/2025, 07:13 PM;3H5YB;19/11/2025;50;Soja;COMPLETO;100;6,78;113,3;126,1;12,8;
control system;11/24/2025, 07:15 PM;PD5XS;19/11/2025;54;Tabaco;COMPLETO;80;7,25;1080;1096;16;
control system;11/24/2025, 07:18 PM;S1PRL;19/11/2025;55;Soja;COMPLETO;100;6,48;1312;1327;15;
control system;11/24/2025, 07:18 PM;CON8Q;19/11/2025;64;Soja;COMPLETO;70;7,79;911;924;13;
control system;11/24/2025, 07:19 PM;6EOIN;19/11/2025;71;Milho;1/2-PIVO;50;9,7;846;853;7;
control system;11/24/2025, 07:20 PM;OTEB2;19/11/2025;71;Tabaco;1/2-PIVO;90;5,39;853;857;4;
control system;11/24/2025, 07:20 PM;V8W5N;19/11/2025;72;Soja;COMPLETO;100;6,12;181;194;13;
control system;11/25/2025, 12:34 PM;4GGT4;20/11/2025;2;Soja;COMPLETO;70;7,57;1226;1241;15;CHUVA
control system;11/25/2025, 12:35 PM;4VES0;20/11/2025;5;Soja;COMPLETO;50;11,04;2095;2115;20;CHUVA
control system;11/25/2025, 12:35 PM;JZEWZ;20/11/2025;6;Soja;COMPLETO;70;8,31;2046;2066;20;
control system;11/25/2025, 12:36 PM;DVB99;20/11/2025;8;Soja;1/2-PIVO;100;6,58;1832;1841;9;FERTIRRIGAÇÃO 1/2
control system;11/25/2025, 12:40 PM;0AOCT;20/11/2025;14;Soja;COMPLETO;100;5,76;3566;3581;15;
control system;11/25/2025, 12:40 PM;W53AD;20/11/2025;23;Soja;COMPLETO;100;5,28;1377;1391;14;
control system;11/25/2025, 12:41 PM;QG4Z3;20/11/2025;25;Cacau;D;100;5,8;1417;1420;3;
control system;11/25/2025, 12:42 PM;3PLQH;20/11/2025;25;Cacau;ABC;70;8,29;1420;1428;8;CHUVA
control system;11/25/2025, 12:43 PM;FJRUR;20/11/2025;26;Soja;COMPLETO;70;8,14;1597;1617;20;
control system;11/25/2025, 12:46 PM;255SZ;20/11/2025;29;Cacau;D;100;5,14;2438;2440;2;
control system;11/25/2025, 12:47 PM;3XFJM;20/11/2025;31;Soja;COMPLETO;70;8,83;1372;1382;16;CHUVA
control system;11/25/2025, 12:48 PM;V9CUE;20/11/2025;32;Cacau;AD;100;5,7;825,6;832,8;7,2;
control system;11/25/2025, 12:49 PM;4OS5F;20/11/2025;12;Soja;COMPLETO;100;6,3;466;482;16;
control system;11/25/2025, 12:50 PM;G6L7Y;20/11/2025;35;Soja;COMPLETO;100;5,82;677;689;12;
control system;11/25/2025, 12:51 PM;JE5ZT;20/11/2025;36;Soja;COMPLETO;70;10,29;2154;2174;20;
control system;11/25/2025, 12:52 PM;87VSB;20/11/2025;38;Soja;COMPLETO;70;11,5;879;889;10;CHUVA
control system;11/25/2025, 12:52 PM;XHTKW;20/11/2025;41;Milho;COMPLETO;100;6,44;1854;1867;13;
control system;11/25/2025, 12:53 PM;390A8;20/11/2025;43;Soja;COMPLETO;70;9,7;1756;1774;18;
control system;11/25/2025, 12:54 PM;TO3OW;20/11/2025;46;Preparo;1/2-PIVO;50;13,32;2769;2786;17;1/2 PIVÔ
control system;11/25/2025, 12:55 PM;3WEGB;20/11/2025;50;Soja;COMPLETO;90;7,53;126,1;140,5;14,4;
control system;11/25/2025, 01:04 PM;7UXCS;20/11/2025;51;Soja;COMPLETO;70;8,64;626,1;645,2;19,1;
control system;11/25/2025, 01:05 PM;8NMWD;20/11/2025;53;Tabaco;COMPLETO;65;7,12;934;950;16;
control system;11/25/2025, 01:06 PM;PX9AO;20/11/2025;56;Tabaco;COMPLETO;80;7,72;1034;1053;19;
control system;11/25/2025, 01:08 PM;EJML5;20/11/2025;58;Tabaco;COMPLETO;80;8,17;842,8;863,8;21;
control system;11/25/2025, 01:09 PM;KSXBE;20/11/2025;64;Soja;COMPLETO;100;5,45;924;936;12;
control system;11/25/2025, 01:10 PM;UDMAH;20/11/2025;69;Tabaco;COMPLETO;80;5,75;0;13;13;TROCA DE PLACA
control system;11/25/2025, 01:11 PM;I2VRO;20/11/2025;71;Tabaco;1/2-PIVO;100;4,85;857;861,5;4,5;
control system;11/25/2025, 01:44 PM;AU02D;21/11/2025;3;Soja;COMPLETO;70;9;318;339;21;
control system;11/25/2025, 01:47 PM;6LAB9;21/11/2025;13;Soja;COMPLETO;80;5,35;1373;1403;30;2 GIRO
control system;11/25/2025, 01:47 PM;WOABV;21/11/2025;14;Soja;COMPLETO;100;5,76;3581;3596;15;
control system;11/25/2025, 01:48 PM;R0O4E;21/11/2025;17;Soja;COMPLETO;70;9;590;595;5;CHUVA
control system;11/25/2025, 01:49 PM;A92A1;21/11/2025;26;Soja;COMPLETO;70;8,14;1617;1623;6;CHUVA
control system;11/25/2025, 01:50 PM;RCL7R;21/11/2025;37;Soja;COMPLETO;80;11,3;1223;1229;6;CHUVA
control system;11/25/2025, 01:51 PM;IM0O7;21/11/2025;39;Milho;COMPLETO;100;5,58;1995;1999;4;CHUVA
control system;11/25/2025, 01:52 PM;37GG6;21/11/2025;40;Soja;COMPLETO;70;9,94;1080;1083;3;CHUVA
control system;11/25/2025, 01:54 PM;BTSQH;21/11/2025;44;Soja;COMPLETO;70;10,37;618;622;4;CHUVA
control system;11/25/2025, 01:55 PM;NZS4B;21/11/2025;45;Soja;COMPLETO;80;7,65;256;265;9;CHUVA
control system;11/25/2025, 01:56 PM;P7Y3S;21/11/2025;47;Milho;COMPLETO;70;10,6;1455;1458;3;CHUVA
control system;11/25/2025, 01:57 PM;OPUHJ;21/11/2025;52;Soja;COMPLETO;100;6,96;2392;2408;16;
control system;11/25/2025, 01:57 PM;HZKTY;21/11/2025;55;Soja;COMPLETO;70;9,26;1327;1335;8;CHUVA
control system;11/25/2025, 05:08 PM;EUXW8;23/11/2025;50;Soja;COMPLETO;100;6,78;140,5;153,7;13,2;
control system;11/27/2025, 11:10 AM;SA81Q;25/11/2025;116;Soja;COMPLETO;100;6,44;3098,5;3113,2;14,7;FERTI
control system;12/9/2025, 10:39 PM;RV60Z;28/11/2025;114;Soja;COMPLETO;100;5,94;2425,3;2438,4;13,1;
control system;12/10/2025, 10:48 AM;JCUIE;30/11/2025;9;Soja;COMPLETO;100;5,46;2997;3012;15;
control system;12/10/2025, 10:49 AM;EVQGU;30/11/2025;10;Soja;COMPLETO;100;6,3;1648;1663;15;
control system;12/10/2025, 10:50 AM;C9I4Y;30/11/2025;25;Cacau;A;100;5,8;1428;1433;5;
control system;12/10/2025, 10:51 AM;4OC3S;30/11/2025;32;Cacau;AD;100;5,7;832,8;838,2;5,4;
control system;12/10/2025, 10:53 AM;PVFZJ;30/11/2025;52;Soja;COMPLETO;100;6,96;2408;2423;15;
control system;12/10/2025, 10:58 AM;R5KH9;30/11/2025;9;Soja;COMPLETO;100;5,46;3012;3017;5;CABO PARTIDO / CHUVA
control system;12/10/2025, 11:00 AM;QVVEG;30/11/2025;10;Soja;COMPLETO;100;6,3;1663;1680;17;
control system;12/10/2025, 11:01 AM;27V1Q;30/11/2025;25;Cacau;COMPLETO;100;5,8;1433;1445;12;
control system;12/10/2025, 11:09 AM;5KA2G;01/12/2025;29;Cacau;COMPLETO;100;5,14;2440;2453;13;
control system;12/10/2025, 11:18 AM;ZMNVC;01/12/2025;32;Cacau;COMPLETO;100;5,7;838,2;844,7;6,5;
control system;12/10/2025, 11:24 AM;1PIN5;01/12/2025;43;Soja;COMPLETO;100;6,79;1774;1789;15;FERTIRRIGAÇÃO
control system;12/10/2025, 11:25 AM;4H61O;01/12/2025;52;Soja;COMPLETO;100;6,96;2423;2438;15;
control system;12/10/2025, 11:32 AM;GCJ75;02/12/2025;10;Soja;COMPLETO;100;6,3;1680;1695;15;FERTIRRIGAÇÃO
control system;12/10/2025, 11:33 AM;6N8JW;02/12/2025;12;Soja;COMPLETO;100;6,3;482;499;17;FERTIRRIGAÇÃO
control system;12/10/2025, 12:13 PM;Y00ZI;03/12/2025;6;Soja;COMPLETO;90;6,47;2066;2081;15;
control system;12/10/2025, 12:16 PM;A6EBV;03/12/2025;7;Soja;COMPLETO;90;6,13;638;651;13;
control system;12/10/2025, 08:10 PM;67Y0M;27/11/2025;128;Soja;AB;95;6,69;17,2;26,8;9,6;
control system;12/10/2025, 08:18 PM;PNI1K;28/11/2025;128;Tabaco;COMPLETO;95;6,69;26,8;42,8;16;
control system;12/10/2025, 08:19 PM;B37XF;29/11/2025;128;Tabaco;AB;95;6,69;42,8;50,4;7,6;
control system;12/10/2025, 08:32 PM;VCLFR;30/11/2025;128;Tabaco;COMPLETO;100;6,36;50,4;64,9;14,5;
control system;12/10/2025, 08:42 PM;GMYLU;01/12/2025;128;Tabaco;COMPLETO;100;6,36;64,9;93,2;28,3;QUADRANTE A E B TEVE DUAS IRRIGAÇÃO NO MSM DIA
control system;12/10/2025, 08:45 PM;QC25W;04/12/2025;125;Soja;COMPLETO;80;5,63;258,9;268,6;9,7;CHOVEU
control system;12/10/2025, 08:46 PM;5OVS0;04/12/2025;133;Soja;COMPLETO;100;5,15;151,4;161,8;10,4;CHOVEU
control system;12/10/2025, 08:51 PM;ICAZK;03/12/2025;112;Soja;COMPLETO;100;6,37;1465,9;1480,3;14,4;FERTI
control system;12/10/2025, 08:55 PM;SUNEN;03/12/2025;128;Tabaco;COMPLETO;100;6,36;93,2;111,8;18,6;CHOVEU
control system;12/10/2025, 09:00 PM;DZDT9;05/12/2025;113;Soja;COMPLETO;100;6,37;574,9;589,8;14,9;FERTI
control system;12/11/2025, 07:27 PM;1XOBK;03/12/2025;21;Soja;COMPLETO;90;6,08;100,8;116,8;16;
control system;12/11/2025, 07:28 PM;SKW0W;03/12/2025;25;Cacau;COMPLETO;100;5,8;1445;1457;12;
control system;12/11/2025, 07:29 PM;O5C0Y;03/12/2025;26;Soja;COMPLETO;90;6,33;1623;1639;16;
control system;12/11/2025, 07:30 PM;ATIPL;03/12/2025;29;Cacau;COMPLETO;100;5,14;2453;2463;10;
control system;12/11/2025, 07:31 PM;ZL4YZ;03/12/2025;64;Soja;COMPLETO;100;5,45;936;949;13;
control system;12/11/2025, 07:39 PM;RGLWI;04/12/2025;10;Soja;COMPLETO;100;6,3;1695;1705;10;FERTIRRIGAÇÃO
control system;12/11/2025, 07:44 PM;46A9L;04/12/2025;52;Soja;1/2-PIVO;100;6,96;2438;2445;7;CHUVA
control system;12/11/2025, 07:44 PM;9NRZ2;04/12/2025;21;Soja;COMPLETO;90;6,08;116,8;133,4;16,6;
control system;12/12/2025, 11:22 AM;BT56L;05/12/2025;11;Soja;COMPLETO;100;5,52;0;16;16;
control system;12/12/2025, 11:30 AM;MPFMP;09/12/2025;10;Soja;COMPLETO;100;6,3;1705;1720;15;FERTIRRIGAÇÃO
control system;12/12/2025, 11:34 AM;PJU0D;09/12/2025;64;Soja;1/2-PIVO;100;5,45;949;954;5;FERTIRRIGAÇÃO 1/2
control system;12/12/2025, 05:43 PM;RA154;10/12/2025;8;Soja;COMPLETO;100;6,58;1841;1856;15;FERTIRRIGAÇÃO
control system;12/12/2025, 05:43 PM;YD286;10/12/2025;12;Soja;COMPLETO;100;6,3;499;515;16;FERTIRRIGAÇÃO
control system;12/12/2025, 05:44 PM;WSYID;10/12/2025;66;Soja;COMPLETO;100;5,6;301;313;12;
control system;12/12/2025, 07:33 PM;P0JCA;09/12/2025;112;Soja;COMPLETO;100;6,37;1480,3;1494,6;14,3;ferti
control system;12/12/2025, 09:00 PM;YSTFH;11/12/2025;113;Soja;COMPLETO;100;6,37;589,8;604,4;14,6;FERTI
control system;12/16/2025, 11:59 AM;UR4YK;11/12/2025;11;Soja;COMPLETO;100;5,52;16;42;26;-13HRS IRRIGOU A SECO, POR CONTA DA PISCINA BAIXA
control system;12/16/2025, 12:06 PM;IO4A3;11/12/2025;12;Soja;COMPLETO;100;6,3;515;528;13;
control system;12/16/2025, 12:09 PM;OBYQT;11/12/2025;13;Soja;COMPLETO;100;4,28;1403;1416;13;
control system;12/16/2025, 12:18 PM;92GV0;11/12/2025;25;Cacau;COMPLETO;100;5,8;1457;1469;12;
control system;12/16/2025, 12:21 PM;XKICK;11/12/2025;55;Soja;COMPLETO;100;6,48;1335;1349;14;FERTIIRRIGAÇÃO
control system;12/16/2025, 12:36 PM;NCFEL;12/12/2025;9;Soja;COMPLETO;100;5,46;3017;3029;12;FERTIIIRIGAÇÃO
control system;12/16/2025, 12:39 PM;VQF89;12/12/2025;10;Soja;COMPLETO;100;6,3;1720;1735;15;
control system;12/16/2025, 12:45 PM;TQWH8;12/12/2025;25;Cacau;COMPLETO;100;5,8;1469;1481;12;FERTIRRIGAÇÃO
control system;12/16/2025, 12:46 PM;4TQK1;12/12/2025;26;Soja;COMPLETO;100;5,7;1639;1652,9;13,9;
control system;12/16/2025, 01:05 PM;BYQF3;12/12/2025;31;Soja;COMPLETO;100;6,18;1382;1392;10;FALTA 4HRS, MAIS FINALIZOU COM CHUVA
control system;12/16/2025, 01:22 PM;19LT4;12/12/2025;60;Algodão;COMPLETO;100;6,78;388;403;15;
control system;12/16/2025, 01:23 PM;NRRIH;12/12/2025;66;Algodão;COMPLETO;100;5,6;313;325;12;
control system;12/16/2025, 01:40 PM;22VJ9;13/12/2025;1;Algodão;1/2-PIVO;100;5,45;781;787;6;CHUVA
control system;12/16/2025, 01:43 PM;I0LNR;13/12/2025;17;Soja;COMPLETO;100;6,3;595;607,2;12,2;CHUVA
control system;12/16/2025, 01:45 PM;BXNME;13/12/2025;19;Soja;COMPLETO;100;5,75;303;320,5;17,5;
control system;12/16/2025, 01:46 PM;JNWI1;13/12/2025;21;Soja;COMPLETO;100;5,47;133,4;147,4;14;
control system;12/16/2025, 01:50 PM;Z1BCN;13/12/2025;23;Soja;COMPLETO;100;5,28;1391;1405,5;14,5;
control system;12/16/2025, 01:52 PM;IL1E2;13/12/2025;51;Soja;COMPLETO;100;6,05;645,2;654,5;9,3;CHUVA
control system;12/16/2025, 01:57 PM;3J5Q1;14/12/2025;57;Algodão;COMPLETO;100;5,88;0;15;15;
control system;12/16/2025, 01:59 PM;865OA;14/12/2025;60;Algodão;COMPLETO;100;6,78;403;418;15;
control system;12/16/2025, 02:03 PM;1TF2P;14/12/2025;64;Soja;1/2-PIVO;100;5,45;954;961;7;CHUVA
control system;12/16/2025, 02:05 PM;TPEGC;14/12/2025;67;Algodão;COMPLETO;100;5;236;246;10;
control system;12/18/2025, 08:32 PM;WD2X2;03/12/2025;126;Tabaco;COMPLETO;90;7,39;834,3;851,8;17,5;
control system;12/18/2025, 08:38 PM;H4FIJ;13/12/2025;126;Tabaco;1/2-PIVO;80;8,31;851,8;857,5;5,7;CHUVA
control system;12/18/2025, 08:51 PM;GXU5L;04/12/2025;128;Tabaco;COMPLETO;100;6,36;111,8;118,8;7;CHUVA
control system;12/18/2025, 08:53 PM;8SJAX;13/12/2025;128;Tabaco;COMPLETO;100;6,36;118,8;123,4;4,6;CHUVA
control system;12/18/2025, 08:57 PM;VZKBD;14/12/2025;128;Tabaco;CD;100;6,36;123,4;128,2;4,8;QUADRANTE C MAIS 25º NO D
control system;12/18/2025, 09:09 PM;LN21Y;15/12/2025;130;Soja;COMPLETO;100;5,76;0;15,2;15,2;FERTI
control system;12/18/2025, 09:12 PM;D8Y8B;16/12/2025;117;Soja;COMPLETO;100;5,67;241,5;256,2;14,7;FERTI
control system;12/18/2025, 09:12 PM;SA6LU;16/12/2025;126;Tabaco;B;100;6,65;857,5;861,2;3,7;
control system;12/23/2025, 04:54 PM;787RV;18/12/2025;18;Pré Plantio;COMPLETO;100;6,51;335;350;15;TROCA DE PLACA/FERTIRRIGAÇÃO
control system;12/23/2025, 04:57 PM;Q6THJ;18/12/2025;25;Cacau;COMPLETO;100;5,8;1481;1493,2;12,2;FERTIRRIGAÇÃO
control system;12/23/2025, 05:02 PM;MZJO0;19/12/2025;13;Soja;COMPLETO;100;4,28;1416;1426;10;FERTIRRIGAÇÃO
control system;12/23/2025, 05:05 PM;UYYAX;20/12/2025;33;Algodão;COMPLETO;100;6;0;14,8;14,8;
control system;12/23/2025, 05:19 PM;TFY9G;21/12/2025;33;Algodão;COMPLETO;100;6;14,8;33,8;19;
control system;12/23/2025, 05:21 PM;IZQ38;21/12/2025;34;Algodão;COMPLETO;100;6,72;1033;1048;15;
control system;12/23/2025, 08:13 PM;JCI7O;17/12/2025;122;Soja;COMPLETO;100;6,3;1889,4;1904,3;14,9;ferti
control system;12/23/2025, 08:14 PM;NP4R4;17/12/2025;126;Tabaco;COMPLETO;100;6,65;861,2;867,6;6,4;chuva
control system;12/23/2025, 08:16 PM;ERAB7;17/12/2025;128;Tabaco;COMPLETO;100;6,36;128,2;133,3;5,1;chuva
control system;12/23/2025, 08:16 PM;0O3RV;17/12/2025;130;Soja;COMPLETO;100;5,76;15,2;29,7;14,5;
control system;12/23/2025, 08:18 PM;WCW64;19/12/2025;126;Tabaco;COMPLETO;100;6,65;867,6;881,7;14,1;
control system;12/23/2025, 08:22 PM;E1U1W;20/12/2025;126;Tabaco;COMPLETO;100;6,65;881,7;895,9;14,2;
control system;12/23/2025, 08:22 PM;9K255;20/12/2025;128;Tabaco;COMPLETO;100;6,36;133,3;147,6;14,3;
control system;12/23/2025, 08:24 PM;NT3UD;21/12/2025;126;Tabaco;COMPLETO;100;6,65;895,9;910;14,1;
control system;12/23/2025, 08:25 PM;RGK2K;21/12/2025;128;Tabaco;CD;100;6,36;147,6;159,1;11,5;C,D+ D
control system;12/23/2025, 08:31 PM;50LX2;22/12/2025;102;Algodão;COMPLETO;100;5,58;0;12,1;12,1;
control system;12/23/2025, 08:31 PM;C3XS7;22/12/2025;105;Algodão;COMPLETO;100;5,16;0;12;12;
control system;12/23/2025, 08:34 PM;Y7GZO;22/12/2025;113;Soja;COMPLETO;100;6,37;604,4;613,2;8,8;
control system;12/23/2025, 08:34 PM;V558U;22/12/2025;122;Soja;COMPLETO;100;6,3;1904,3;1918,9;14,6;
control system;12/23/2025, 08:35 PM;WV3YX;22/12/2025;126;Tabaco;COMPLETO;100;6,65;910;923,9;13,9;
control system;12/23/2025, 08:37 PM;JH9H3;22/12/2025;128;Tabaco;COMPLETO;100;6,36;159,1;177,8;18,7;FERTI
control system;12/23/2025, 08:37 PM;S7XNK;22/12/2025;130;Soja;COMPLETO;100;5,76;29,7;44,1;14,4;
control system;12/29/2025, 06:01 PM;ZRVUV;22/12/2025;1;Algodão;COMPLETO;100;5,45;1315;1330;15;TROCA DE PLACA
control system;12/29/2025, 06:07 PM;78EXW;22/12/2025;12;Soja;COMPLETO;100;6,3;528;560;32;2 GIRO
control system;12/29/2025, 06:10 PM;UI6ZW;22/12/2025;14;Soja;COMPLETO;100;5,76;0;15;15;PROBLEMA NA PLACA
control system;12/29/2025, 06:17 PM;W9LO8;22/12/2025;15;Soja;COMPLETO;90;8,2;2268;2302;34;2 GIRO
control system;12/29/2025, 06:25 PM;RQAV8;22/12/2025;21;Soja;COMPLETO;70;7,81;147,4;167,3;19,9;
control system;12/29/2025, 06:26 PM;H55TU;22/12/2025;23;Soja;COMPLETO;70;7,54;1405,5;1425,3;19,8;
control system;12/29/2025, 06:31 PM;2BEK8;22/12/2025;25;Cacau;AB;100;5,8;1493,2;1500;6,8;
control system;12/29/2025, 06:34 PM;KS9YL;22/12/2025;26;Soja;COMPLETO;80;7,13;1652,9;1671;18,1;
control system;12/29/2025, 06:40 PM;VB38G;22/12/2025;28;Soja;COMPLETO;100;6,68;1514,5;1541,6;27,1;2 GIRO
control system;12/29/2025, 06:58 PM;LUDUN;22/12/2025;29;Cacau;COMPLETO;100;5,14;2463;2483;20;2 GIRO
control system;12/29/2025, 06:59 PM;MYWVZ;22/12/2025;34;Algodão;COMPLETO;100;6,72;1048;1063;15;
control system;12/29/2025, 07:11 PM;5P7I1;22/12/2025;37;Soja;COMPLETO;100;9,04;1229;1246;17;+1/2 PIVO
control system;12/29/2025, 07:23 PM;XOJJ8;22/12/2025;43;Soja;COMPLETO;70;9,7;1789;1811;22;
control system;12/29/2025, 07:40 PM;SQPG6;22/12/2025;44;Soja;COMPLETO;70;10,37;622;639;17;
control system;12/29/2025, 07:47 PM;5K5WZ;22/12/2025;45;Soja;COMPLETO;70;8,74;265;285;20;
control system;12/29/2025, 07:48 PM;K14AW;22/12/2025;50;Soja;COMPLETO;100;6,78;153,7;167;13,3;
control system;12/29/2025, 07:54 PM;3WBF8;22/12/2025;51;Soja;COMPLETO;100;6,05;654,5;671,4;16,9;
control system;12/29/2025, 07:57 PM;XKHW5;22/12/2025;52;Soja;COMPLETO;100;6,96;2445;2463;18;
control system;12/29/2025, 07:57 PM;3UIEF;22/12/2025;57;Algodão;COMPLETO;100;5,88;15;30;15;
control system;12/29/2025, 07:58 PM;7AZD7;22/12/2025;59;Algodão;COMPLETO;100;5,18;0;14,8;14,8;
control system;12/29/2025, 08:00 PM;RVC1N;22/12/2025;72;Soja;COMPLETO;70;8,74;194;213;19;
control system;12/29/2025, 11:51 PM;3ITHL;23/12/2025;101;Soja;COMPLETO;70;7,97;2375,2;2390,9;15,7;
control system;12/29/2025, 11:53 PM;F6SI4;23/12/2025;102;Algodão;COMPLETO;100;5,58;12,1;24,3;12,2;
control system;12/29/2025, 11:54 PM;DYW3C;23/12/2025;105;Algodão;COMPLETO;100;5,16;12;23,6;11,6;
control system;12/29/2025, 11:54 PM;F3J4W;23/12/2025;107;Algodão;COMPLETO;100;4,68;0;12;12;
control system;12/29/2025, 11:55 PM;1J4IW;23/12/2025;108;Algodão;COMPLETO;100;5,34;1196;1201,8;5,8;02/jan
control system;12/29/2025, 11:59 PM;SH83N;23/12/2025;117;Soja;COMPLETO;90;6,3;256,2;272,2;16;
control system;12/30/2025, 12:00 AM;RF4IQ;23/12/2025;125;Soja;COMPLETO;100;4,5;268,6;276,8;8,2;FERTI
control system;12/30/2025, 12:01 AM;X034N;23/12/2025;126;Tabaco;COMPLETO;100;6,65;923,9;937,7;13,8;
control system;12/30/2025, 12:01 AM;Y7Y1J;23/12/2025;128;Tabaco;CD;100;6,36;177,8;185,2;7,4;
control system;12/30/2025, 12:05 AM;EFJPD;24/12/2025;102;Algodão;COMPLETO;100;5,58;24,3;35,8;11,5;
control system;12/30/2025, 12:05 AM;970UG;24/12/2025;103;Soja;COMPLETO;70;7,37;1176,6;1188,2;11,6;
control system;12/30/2025, 12:06 AM;A6ACX;24/12/2025;105;Algodão;COMPLETO;100;5,16;23,6;35,3;11,7;
control system;12/30/2025, 12:08 AM;VBBU1;24/12/2025;106;Soja;COMPLETO;70;7,63;1697,7;1714,2;16,5;
control system;12/30/2025, 12:09 AM;VBWHK;24/12/2025;107;Algodão;COMPLETO;100;4,68;12;31,3;19,3;2 GIROS
control system;12/30/2025, 12:10 AM;ZT5QJ;24/12/2025;108;Algodão;COMPLETO;100;5,34;1201,8;1215,8;14;
control system;12/30/2025, 12:11 AM;VLQQX;24/12/2025;112;Soja;COMPLETO;70;9,1;1494,6;1514,9;20,3;
control system;12/30/2025, 12:12 AM;1GZP9;24/12/2025;114;Soja;COMPLETO;65;9,14;2438,4;2457,6;19,2;
control system;12/30/2025, 12:13 AM;65X58;24/12/2025;116;Soja;COMPLETO;70;9,2;3113,2;3132,4;19,2;
control system;12/30/2025, 12:13 AM;XMXOP;24/12/2025;122;Soja;COMPLETO;70;9;1918,9;1939,4;20,5;
control system;12/30/2025, 12:14 AM;R8SQC;24/12/2025;123;Soja;COMPLETO;70;9,7;2317,4;2337,6;20,2;
control system;12/30/2025, 12:15 AM;HISWH;24/12/2025;126;Tabaco;COMPLETO;100;6,65;937,7;951,2;13,5;
control system;12/30/2025, 12:16 AM;FNTIG;24/12/2025;128;Tabaco;CD;100;6,36;185,2;192,7;7,5;
control system;12/30/2025, 01:20 PM;GF6LB;23/12/2025;2;Soja;COMPLETO;70;7,57;300;320;20;TROCOU A PLACA
control system;12/30/2025, 01:21 PM;V9040;23/12/2025;6;Soja;COMPLETO;70;8,31;2081;2102;21;
control system;12/30/2025, 01:24 PM;Y2CRX;23/12/2025;17;Soja;COMPLETO;90;7;607,2;622;14,8;
control system;12/30/2025, 01:30 PM;7F458;23/12/2025;19;Soja;COMPLETO;80;7,19;320,5;346,2;25,7;+ 1/2 PIVO
control system;12/30/2025, 01:38 PM;FJEH8;23/12/2025;25;Cacau;AB;100;5,8;1500;1506;6;
control system;12/30/2025, 01:39 PM;IDUTQ;23/12/2025;31;Soja;COMPLETO;80;7,72;1392;1412;20;
control system;12/30/2025, 01:40 PM;ZNRTL;23/12/2025;33;Algodão;COMPLETO;100;6;33,8;47;13,2;
control system;12/30/2025, 01:40 PM;GZXGU;23/12/2025;34;Algodão;COMPLETO;100;6,72;1063;1078;15;
control system;12/30/2025, 01:41 PM;7DL4M;23/12/2025;36;Soja;COMPLETO;90;8;2174;2191;17;
control system;12/30/2025, 01:42 PM;TTIWR;23/12/2025;38;Soja;COMPLETO;100;8,05;889;905;16;
control system;12/30/2025, 01:44 PM;0R0HX;23/12/2025;45;Soja;COMPLETO;100;6,12;285;299;14;FERTIRRIGAÇÃO
control system;12/30/2025, 01:54 PM;K77RL;23/12/2025;55;Soja;COMPLETO;90;7,2;1349;1365;16;
control system;12/30/2025, 01:55 PM;NI78G;23/12/2025;60;Algodão;COMPLETO;100;6,78;418;433;15;
control system;12/30/2025, 01:56 PM;JJQJ8;23/12/2025;66;Algodão;COMPLETO;100;5,6;325;337;12;
control system;12/30/2025, 01:57 PM;UAJSG;23/12/2025;67;Algodão;COMPLETO;100;5;246;256;10;
control system;12/30/2025, 02:04 PM;FV1J1;22/12/2025;74;Soja;COMPLETO;100;6,76;487,8;503,8;16;
control system;12/30/2025, 02:06 PM;01U8P;23/12/2025;74;Soja;COMPLETO;100;6,76;503,8;519,8;16;
control system;12/30/2025, 05:25 PM;RAKUF;24/12/2025;3;Soja;COMPLETO;70;9;339;361;22;
control system;12/30/2025, 05:25 PM;YVEHU;24/12/2025;5;Soja;COMPLETO;70;7,89;2115;2136;21;
control system;12/30/2025, 05:26 PM;MTG2T;24/12/2025;7;Soja;COMPLETO;70;7,89;651;669;18;
control system;12/30/2025, 05:28 PM;8Z9Y4;24/12/2025;9;Soja;COMPLETO;70;7,8;0;18;18;
control system;12/30/2025, 05:29 PM;A2FHD;24/12/2025;10;Soja;COMPLETO;70;9;1735;1756;21;
control system;12/30/2025, 05:41 PM;XVU28;24/12/2025;11;Soja;COMPLETO;70;;54;75;21;
control system;12/30/2025, 05:43 PM;NC2C2;24/12/2025;13;Soja;COMPLETO;70;6,11;0;15,2;15,2;
control system;12/30/2025, 05:46 PM;V3ZQ3;24/12/2025;18;Soja;COMPLETO;100;6,51;350;365;15;
control system;12/30/2025, 05:47 PM;EC3VU;24/12/2025;25;Cacau;AB;100;5,8;1506;1519,2;13,2;BATE E VOLTA
control system;12/30/2025, 05:52 PM;0RVM9;24/12/2025;27;Cacau;COMPLETO;100;5,34;1685;1698;13;
control system;12/30/2025, 05:53 PM;WOFG2;24/12/2025;28;Soja;COMPLETO;90;7,42;1541,6;1555,2;13,6;
control system;12/30/2025, 05:54 PM;3COYS;24/12/2025;33;Algodão;COMPLETO;100;6;47;62;15;
control system;12/30/2025, 05:54 PM;IUV9N;24/12/2025;34;Algodão;COMPLETO;100;6,72;1078;1092;14;
control system;12/30/2025, 05:55 PM;41ZU7;24/12/2025;40;Soja;COMPLETO;70;9,94;1083;1106;23;
control system;12/30/2025, 05:56 PM;KMUS1;24/12/2025;46;Soja;COMPLETO;100;6,66;2786;2801;15;
control system;12/30/2025, 06:01 PM;R5N5J;24/12/2025;50;Soja;COMPLETO;70;9,69;167;188;21;
control system;12/30/2025, 06:02 PM;1UZ4X;24/12/2025;51;Soja;COMPLETO;100;6,05;671,4;684;12,6;
control system;12/30/2025, 06:03 PM;BNEDN;24/12/2025;57;Algodão;COMPLETO;100;5,88;30;45;15;
control system;12/30/2025, 06:04 PM;R9QGL;24/12/2025;59;Algodão;COMPLETO;100;5,18;14,8;29;14,2;
control system;12/30/2025, 06:11 PM;CJECJ;24/12/2025;64;Soja;COMPLETO;55;9,91;961;993;32;+ 1/2 PIVO
control system;12/30/2025, 06:12 PM;LC4LK;24/12/2025;72;Soja;COMPLETO;70;8,74;213;232;19;
control system;12/30/2025, 06:15 PM;F4XJB;24/12/2025;74;Soja;COMPLETO;100;6,76;519,8;534,1;14,3;
control system;12/30/2025, 06:22 PM;D66Z5;25/12/2025;1;Algodão;COMPLETO;100;5,45;1330;1345;15;
control system;12/30/2025, 06:24 PM;0J8TR;25/12/2025;2;Soja;COMPLETO;70;7,57;320;337;17;
control system;12/30/2025, 06:25 PM;3X38R;25/12/2025;8;Soja;COMPLETO;70;9,4;1856;1877;21;
control system;12/30/2025, 06:26 PM;GRMC4;25/12/2025;12;Soja;COMPLETO;70;9;560;578;18;
control system;12/30/2025, 06:28 PM;UA5EF;25/12/2025;14;Soja;COMPLETO;70;8,23;15;36;21;
control system;12/30/2025, 06:31 PM;QSPWW;25/12/2025;18;Soja;COMPLETO;100;6,51;365;380;15;
control system;12/30/2025, 06:32 PM;IY8OC;25/12/2025;23;Soja;COMPLETO;70;7,54;1425,3;1445,2;19,9;
control system;12/30/2025, 06:33 PM;5Y056;25/12/2025;25;Cacau;COMPLETO;100;5,8;1519,2;1531;11,8;
control system;12/30/2025, 06:33 PM;ED95H;25/12/2025;26;Soja;COMPLETO;70;8,14;1671;1691;20;
control system;12/30/2025, 06:37 PM;LELGS;25/12/2025;27;Cacau;COMPLETO;100;5,34;1698;1724;26;2 GIRO
control system;12/30/2025, 06:38 PM;1TUDT;25/12/2025;29;Cacau;COMPLETO;100;5,14;2483;2493,4;10,4;
control system;12/30/2025, 06:42 PM;J0EH0;25/12/2025;33;Algodão;COMPLETO;100;6;62;82;20;+ 1/2 PIVÔ
control system;12/30/2025, 06:42 PM;U4KN0;25/12/2025;34;Algodão;COMPLETO;100;6,72;1092;1107;15;
control system;12/30/2025, 06:43 PM;FZAGL;25/12/2025;37;Soja;COMPLETO;90;10,04;1246;1260;14;
control system;12/30/2025, 06:45 PM;75BSE;25/12/2025;43;Soja;COMPLETO;80;8,49;1811;1830;19;
control system;12/30/2025, 06:47 PM;P5NG2;25/12/2025;44;Soja;COMPLETO;80;9,07;639;653;14;
control system;12/30/2025, 06:48 PM;BZY2R;25/12/2025;45;Soja;COMPLETO;100;6,12;299;313;14;
control system;12/30/2025, 06:49 PM;NPZXE;25/12/2025;46;Soja;COMPLETO;100;6,66;2801;2817;16;
control system;12/30/2025, 06:51 PM;RHKS8;25/12/2025;52;Soja;COMPLETO;70;9,94;2463;2486;23;
control system;12/30/2025, 06:52 PM;V1OY2;25/12/2025;60;Algodão;COMPLETO;100;6,78;433;448;15;
control system;12/30/2025, 06:53 PM;2MM8P;25/12/2025;72;Soja;COMPLETO;100;6,12;232;245;13;
control system;12/30/2025, 06:58 PM;ID0VO;26/12/2025;1;Algodão;COMPLETO;100;5,45;1345;1360;15;
control system;12/30/2025, 06:59 PM;ITIOG;26/12/2025;4;Soja;COMPLETO;50;7,84;1567;1585;18;
control system;12/30/2025, 07:00 PM;F3CK2;26/12/2025;13;Soja;COMPLETO;70;6,11;15,2;29,2;14;
control system;12/30/2025, 07:02 PM;UUEI5;26/12/2025;18;Soja;COMPLETO;100;6,51;380;395;15;
control system;12/30/2025, 07:02 PM;05JFJ;26/12/2025;21;Soja;COMPLETO;70;7,81;167,3;187,3;20;
control system;12/30/2025, 07:07 PM;UBX3O;26/12/2025;25;Cacau;CD;100;5,8;1531;1537;6;
control system;12/30/2025, 07:09 PM;PJ3LH;26/12/2025;27;Cacau;COMPLETO;100;5,34;1724;1736;12;
control system;12/30/2025, 07:14 PM;TX9C2;26/12/2025;29;Cacau;COMPLETO;100;5,14;2493,4;2503;9,6;
control system;12/30/2025, 07:15 PM;PID8Z;26/12/2025;34;Algodão;COMPLETO;100;6,72;1107;1120;13;
control system;12/30/2025, 07:19 PM;7CFYT;26/12/2025;35;Soja;COMPLETO;80;7,28;689;707;18;
control system;12/30/2025, 07:20 PM;ZMTNO;26/12/2025;36;Preparo;COMPLETO;70;10,29;2191;2211;20;
control system;12/30/2025, 07:21 PM;R2SQW;26/12/2025;38;Soja;COMPLETO;70;11,5;905;927;22;
control system;12/30/2025, 07:23 PM;XOXCO;26/12/2025;46;Soja;COMPLETO;100;6,66;2817;2833;16;
control system;12/30/2025, 07:24 PM;RGZFQ;26/12/2025;51;Soja;COMPLETO;70;8,64;684;704,1;20,1;
control system;12/30/2025, 07:25 PM;VOU2S;26/12/2025;57;Algodão;COMPLETO;100;5,88;45;60;15;
control system;12/30/2025, 07:25 PM;GR1AX;26/12/2025;59;Algodão;COMPLETO;100;5,18;29;43;14;
control system;12/30/2025, 07:27 PM;NVAK1;26/12/2025;64;Soja;COMPLETO;55;9,91;993;1014;21;
control system;12/30/2025, 07:27 PM;GRSO2;26/12/2025;72;Soja;COMPLETO;70;8,74;245;264;19;
control system;12/30/2025, 07:29 PM;ZY7UL;26/12/2025;74;Soja;COMPLETO;100;6,76;534,1;549;14,9;
control system;12/30/2025, 07:34 PM;2IMPN;27/12/2025;1;Algodão;COMPLETO;100;5,45;1360;1374;14;
control system;12/30/2025, 07:36 PM;V7YXN;27/12/2025;3;Soja;COMPLETO;70;9;361;383;22;
control system;12/30/2025, 07:37 PM;MQ5BU;27/12/2025;6;Soja;COMPLETO;70;8,31;2102;2122;20;
control system;12/30/2025, 07:41 PM;JQMZY;27/12/2025;7;Soja;COMPLETO;70;7,89;669;687;18;
control system;12/30/2025, 07:43 PM;R1RFA;27/12/2025;11;Soja;COMPLETO;70;7,89;75;96;21;
control system;12/30/2025, 07:47 PM;T8CBR;27/12/2025;12;Soja;COMPLETO;70;9;578;605;27;+ 1/2 PIVO
control system;12/30/2025, 07:49 PM;YB0LO;27/12/2025;15;Soja;COMPLETO;70;10,54;2302;2326;24;
control system;12/30/2025, 07:51 PM;3XSCW;27/12/2025;17;Soja;COMPLETO;70;9;622;643;21;
control system;12/30/2025, 07:52 PM;AD263;27/12/2025;18;Soja;COMPLETO;100;6,51;395;410;15;
control system;12/30/2025, 07:53 PM;PDGK5;27/12/2025;19;Soja;COMPLETO;70;8,21;346,2;366,4;20,2;
control system;12/30/2025, 07:55 PM;95JDA;27/12/2025;26;Soja;COMPLETO;70;8,14;1691;1711;20;
control system;12/30/2025, 07:55 PM;JLH9I;27/12/2025;27;Cacau;COMPLETO;100;5,34;1736;1749;13;
control system;12/30/2025, 07:58 PM;7SPBT;27/12/2025;37;Soja;COMPLETO;70;12,91;1260;1277;17;
control system;12/30/2025, 07:58 PM;LPQVU;27/12/2025;40;Soja;COMPLETO;70;9,94;1106;1127;21;
control system;12/30/2025, 08:01 PM;CX7WE;27/12/2025;44;Soja;COMPLETO;70;10,37;653;670;17;
control system;12/30/2025, 08:02 PM;6BIVV;27/12/2025;46;Soja;COMPLETO;100;6,66;2833;2849;16;
control system;12/30/2025, 08:03 PM;UDZPT;27/12/2025;50;Soja;COMPLETO;70;9,69;188;208;20;
control system;12/30/2025, 08:03 PM;7ZLK0;27/12/2025;52;Soja;COMPLETO;70;9,94;2486;2509;23;
control system;12/30/2025, 08:05 PM;EVLKK;27/12/2025;55;Soja;COMPLETO;70;9,26;1365;1385;20;
control system;12/30/2025, 08:06 PM;Y35IB;27/12/2025;57;Algodão;COMPLETO;100;5,88;60;75;15;
control system;12/30/2025, 08:06 PM;RU9WC;27/12/2025;59;Algodão;COMPLETO;100;5,18;43;57;14;
control system;12/30/2025, 08:07 PM;62Y9F;27/12/2025;70;Algodão;COMPLETO;100;6,42;6;21;15;
control system;12/30/2025, 08:08 PM;9JA9I;27/12/2025;74;Soja;COMPLETO;100;6,76;549;562,3;13,3;
control system;12/30/2025, 08:21 PM;SQCAP;25/12/2025;101;Soja;COMPLETO;70;7,97;2390,9;2410,5;19,6;
control system;12/30/2025, 08:22 PM;QHG6N;25/12/2025;102;Algodão;COMPLETO;100;5,58;35,8;47,5;11,7;
control system;12/30/2025, 08:24 PM;XLNCB;25/12/2025;104;Algodão;COMPLETO;100;4,95;2426,5;2438,1;11,6;
control system;12/30/2025, 08:25 PM;NX2IF;25/12/2025;105;Algodão;COMPLETO;100;5,16;35,3;46,9;11,6;
control system;12/30/2025, 08:26 PM;2EWV1;25/12/2025;107;Algodão;COMPLETO;100;4,68;31,3;42;10,7;
control system;12/30/2025, 08:27 PM;HFCDC;25/12/2025;108;Algodão;COMPLETO;100;5,34;1215,8;1227,4;11,6;
control system;12/30/2025, 08:28 PM;ZWFAS;25/12/2025;113;Soja;COMPLETO;70;9,1;613,2;639,6;26,4;
control system;12/30/2025, 08:29 PM;GJP3B;25/12/2025;117;Soja;COMPLETO;70;8,1;272,2;293,1;20,9;
control system;12/30/2025, 08:30 PM;D7CHH;25/12/2025;125;Soja;COMPLETO;60;7,5;276,8;296;19,2;
control system;12/30/2025, 08:33 PM;RLTG9;25/12/2025;126;Tabaco;COMPLETO;100;6,65;951,2;979,3;28,1;a+b+c+d
control system;12/30/2025, 08:34 PM;9LOXR;25/12/2025;128;Tabaco;COMPLETO;100;6,36;192,7;206;13,3;
control system;12/30/2025, 08:36 PM;LYB84;25/12/2025;129;Soja;COMPLETO;70;7,64;647,6;663,9;16,3;
control system;12/30/2025, 08:38 PM;E2R3T;25/12/2025;133;Soja;COMPLETO;70;7,36;161,8;178,8;17;
control system;12/30/2025, 08:41 PM;MW5DB;26/12/2025;102;Algodão;COMPLETO;100;5,58;47,5;59,1;11,6;
control system;12/30/2025, 08:42 PM;DSS5I;26/12/2025;104;Algodão;COMPLETO;100;4,95;2438,1;2449,7;11,6;
control system;12/30/2025, 08:44 PM;UV98A;26/12/2025;105;Algodão;COMPLETO;100;5,16;46,9;58,7;11,8;
control system;12/30/2025, 08:44 PM;ZEZNM;26/12/2025;107;Algodão;COMPLETO;100;4,68;42;54,7;12,7;
control system;12/30/2025, 08:45 PM;5XHWA;26/12/2025;108;Algodão;COMPLETO;100;5,34;1227,4;1238,7;11,3;
control system;12/30/2025, 08:46 PM;BSMJ9;26/12/2025;126;Tabaco;COMPLETO;100;6,65;979,3;993,5;14,2;
control system;12/30/2025, 08:47 PM;N357M;26/12/2025;127;Soja;COMPLETO;70;6,89;170,3;187,2;16,9;
control system;12/30/2025, 08:47 PM;GT8AP;26/12/2025;130;Soja;COMPLETO;70;8,23;44,1;64,3;20,2;
control system;12/30/2025, 08:49 PM;5LDQB;26/12/2025;133;Soja;COMPLETO;100;5,15;0;34,5;34,5;+80% 2 GIROS
control system;12/30/2025, 08:51 PM;7QOQF;27/12/2025;102;Algodão;COMPLETO;80;6,97;59,1;73,4;14,3;
control system;12/30/2025, 08:52 PM;I28NH;27/12/2025;103;Soja;COMPLETO;60;8,6;1188,2;1207,2;19;
control system;12/30/2025, 08:53 PM;LM107;27/12/2025;104;Algodão;COMPLETO;80;6,19;2449,7;2463,9;14,2;
control system;12/30/2025, 08:54 PM;SGADM;27/12/2025;106;Soja;COMPLETO;60;8,9;1714,2;1733,2;19;
control system;12/30/2025, 08:55 PM;BWD7T;27/12/2025;107;Algodão;COMPLETO;80;5,85;54,7;69,1;14,4;
control system;12/30/2025, 08:55 PM;EDCPX;27/12/2025;108;Algodão;COMPLETO;80;6,67;1238,7;1253,3;14,6;
control system;12/30/2025, 08:56 PM;A8RMO;27/12/2025;112;Soja;COMPLETO;70;9,1;1514,9;1535,1;20,2;
control system;12/30/2025, 08:57 PM;98PRV;27/12/2025;114;Soja;COMPLETO;65;9,14;2457,6;2476,8;19,2;
control system;12/30/2025, 08:58 PM;IDSAM;27/12/2025;116;Soja;COMPLETO;70;9,2;3132,4;3152,7;20,3;
control system;12/30/2025, 08:58 PM;1V4JE;27/12/2025;117;Soja;COMPLETO;70;8,1;293,1;313,7;20,6;
control system;12/30/2025, 08:59 PM;BRM4V;27/12/2025;126;Tabaco;COMPLETO;100;6,65;993,5;1007,7;14,2;
control system;12/30/2025, 09:00 PM;AJHXV;27/12/2025;128;Tabaco;COMPLETO;80;7,95;206;223,2;17,2;A+B+C+D
control system;12/30/2025, 09:02 PM;2ALVS;27/12/2025;132;Algodão;COMPLETO;100;7,77;34,5;49,4;14,9;
control system;12/30/2025, 09:04 PM;CPQOD;28/12/2025;101;Soja;COMPLETO;70;7,97;2410,5;2428,2;17,7;
control system;12/30/2025, 09:04 PM;NHS4T;28/12/2025;102;Algodão;COMPLETO;80;6,97;73,4;87,7;14,3;
control system;12/30/2025, 09:05 PM;E6FJZ;28/12/2025;104;Algodão;COMPLETO;100;4,95;2463,9;2473,7;9,8;
control system;12/30/2025, 09:06 PM;0NBE9;28/12/2025;107;Algodão;COMPLETO;80;5,85;69,1;83,3;14,2;
control system;12/30/2025, 09:06 PM;JKKCI;28/12/2025;108;Algodão;COMPLETO;80;6,67;1253,3;1268,1;14,8;
control system;12/30/2025, 09:07 PM;PQ9G7;28/12/2025;110;Algodão;COMPLETO;100;5,5;1084,5;1097,1;12,6;
control system;12/30/2025, 09:08 PM;OX1L3;28/12/2025;122;Soja;COMPLETO;70;9;1939,4;1959,9;20,5;
control system;12/30/2025, 09:08 PM;SY2UK;28/12/2025;123;Soja;COMPLETO;70;9,7;2337,6;2358;20,4;
control system;12/30/2025, 09:09 PM;J2YYE;28/12/2025;124;Preparo;COMPLETO;80;7,35;0;19;19;
control system;12/30/2025, 09:10 PM;BFE6J;28/12/2025;126;Tabaco;COMPLETO;100;6,65;1007,7;1021,3;13,6;
control system;12/30/2025, 09:11 PM;W0147;28/12/2025;128;Tabaco;COMPLETO;100;6,36;223,2;237,1;13,9;
control system;12/30/2025, 09:12 PM;8UXVU;28/12/2025;132;Algodão;COMPLETO;100;7,77;49,4;64,4;15;
control system;12/31/2025, 11:22 AM;QONUN;28/12/2025;2;Soja;COMPLETO;70;7,57;337;356;19;
control system;12/31/2025, 11:22 AM;B95JF;28/12/2025;5;Soja;COMPLETO;70;7,89;2136;2156;20;
control system;12/31/2025, 11:23 AM;6ZIF5;28/12/2025;8;Soja;COMPLETO;70;9,4;1877;1898;21;
control system;12/31/2025, 11:24 AM;RFT8P;28/12/2025;9;Soja;COMPLETO;70;7,8;18;39;21;
control system;12/31/2025, 11:25 AM;VOF7R;28/12/2025;10;Soja;COMPLETO;70;9;1756;1776;20;
control system;12/31/2025, 11:26 AM;UNDTS;28/12/2025;13;Soja;COMPLETO;70;6,11;29,2;45,4;16,2;
control system;12/31/2025, 11:28 AM;D2MQ4;28/12/2025;18;Soja;COMPLETO;100;6,51;410;424;14;
control system;12/31/2025, 11:29 AM;U37ZZ;28/12/2025;21;Soja;COMPLETO;70;7,81;187,3;209;21,7;
control system;12/31/2025, 11:30 AM;Q8N0R;28/12/2025;25;Cacau;COMPLETO;80;7,25;1537;1550;13;
control system;12/31/2025, 11:31 AM;42VLD;28/12/2025;27;Cacau;COMPLETO;80;6,67;1749;1762;13;
control system;12/31/2025, 11:32 AM;U4YOS;28/12/2025;29;Cacau;COMPLETO;80;6,42;2503;2515;12;
control system;12/31/2025, 11:35 AM;CU22F;28/12/2025;31;Soja;COMPLETO;70;8,83;0;15;15;ZERARAM O PAINEL
control system;12/31/2025, 11:36 AM;BXPNO;28/12/2025;34;Algodão;COMPLETO;100;6,72;1120;1121;1;CHUVA
control system;12/31/2025, 11:38 AM;QBQNX;28/12/2025;35;Soja;COMPLETO;70;8,31;707;728;21;
control system;12/31/2025, 11:40 AM;4RCXA;28/12/2025;36;Soja;COMPLETO;80;9;2211;2230;19;
control system;12/31/2025, 11:41 AM;YZUHE;28/12/2025;38;Soja;COMPLETO;70;11,5;927;950;23;
control system;12/31/2025, 11:44 AM;K277M;28/12/2025;45;Soja;COMPLETO;80;7,65;10;27;17;ZERARAM O PAINEL
control system;12/31/2025, 11:45 AM;OLRUP;28/12/2025;51;Soja;COMPLETO;70;8,64;704,1;722;17,9;
control system;12/31/2025, 11:54 AM;RI6LP;28/12/2025;56;Preparo;COMPLETO;80;7,72;1053;1072;19;
control system;12/31/2025, 11:57 AM;ZP5OK;28/12/2025;70;Soja;COMPLETO;100;6,42;21;36;15;
control system;12/31/2025, 11:59 AM;A52MS;29/12/2025;3;Soja;COMPLETO;70;9;383;405;22;
control system;12/31/2025, 12:00 PM;O5YNP;29/12/2025;4;Soja;COMPLETO;50;7,84;1585;1603;18;
control system;12/31/2025, 12:00 PM;5ENPN;29/12/2025;6;Soja;COMPLETO;70;8,31;2122;2142;20;
control system;12/31/2025, 12:01 PM;HL158;29/12/2025;7;Soja;COMPLETO;70;7,89;687;700;13;CHUVA
control system;12/31/2025, 12:03 PM;SOEVJ;29/12/2025;11;Soja;COMPLETO;70;7,89;96;118;22;
control system;12/31/2025, 12:05 PM;UGJ1E;29/12/2025;18;Soja;COMPLETO;100;6,51;424;439;15;
control system;12/31/2025, 12:08 PM;OR7Q9;29/12/2025;29;Cacau;D;100;5,14;2515;2518;3;
control system;12/31/2025, 12:08 PM;RRMBT;29/12/2025;37;Soja;COMPLETO;70;12,91;1277;1293;16;
control system;12/31/2025, 12:09 PM;TFPQ8;29/12/2025;44;Soja;COMPLETO;70;10,37;670;687;17;
control system;12/31/2025, 12:10 PM;2TLIZ;29/12/2025;46;Soja;COMPLETO;100;6,66;0;15;15;FERTIRRIGAÇÃO
control system;12/31/2025, 12:12 PM;T79SP;29/12/2025;59;Algodão;COMPLETO;100;5,18;57;71;14;
control system;12/31/2025, 12:13 PM;395WX;29/12/2025;70;Algodão;COMPLETO;100;6,42;36;51;15;
control system;12/31/2025, 12:14 PM;C5EDL;29/12/2025;72;Soja;COMPLETO;70;8,74;264;283;19;
control system;12/31/2025, 12:15 PM;V400O;29/12/2025;73;Preparo;COMPLETO;70;9,66;1026;1048;22;
control system;1/5/2026, 11:17 PM;1FHR8;29/12/2025;103;Soja;COMPLETO;60;8,6;1207,2;1226,3;19,1;
control system;1/5/2026, 11:18 PM;8CKUQ;29/12/2025;104;Algodão;COMPLETO;100;4,95;2473,7;2485,3;11,6;
control system;1/5/2026, 11:21 PM;B5U5S;29/12/2025;106;Soja;COMPLETO;60;8,9;1733,2;1752,3;19,1;
control system;1/5/2026, 11:27 PM;BMSR7;29/12/2025;108;Algodão;COMPLETO;100;5,34;1268,1;1279,9;11,8;
control system;1/5/2026, 11:28 PM;C5LAG;29/12/2025;109;Algodão;COMPLETO;100;5,83;756,8;769,3;12,5;
control system;1/5/2026, 11:28 PM;PIXHL;29/12/2025;110;Algodão;COMPLETO;100;5,5;1097,1;1110,6;13,5;
control system;1/5/2026, 11:29 PM;7Z24S;29/12/2025;113;Soja;COMPLETO;70;9,1;639,6;658,9;19,3;
control system;1/5/2026, 11:30 PM;MA8D6;29/12/2025;125;Soja;COMPLETO;70;6,43;296;317,7;21,7;
control system;1/5/2026, 11:32 PM;0B4QW;29/12/2025;126;Tabaco;COMPLETO;100;6,65;1021,3;1035,2;13,9;
control system;1/5/2026, 11:32 PM;8YHJ5;29/12/2025;127;Soja;COMPLETO;70;6,89;187,2;203,3;16,1;
control system;1/5/2026, 11:33 PM;OAFCQ;29/12/2025;129;Soja;COMPLETO;70;7,64;663,9;680,2;16,3;
control system;1/5/2026, 11:34 PM;X87BO;29/12/2025;132;Algodão;COMPLETO;100;7,77;64,4;79,4;15;
control system;1/5/2026, 11:37 PM;O8PEY;30/12/2025;101;Soja;COMPLETO;70;7,97;2428,2;2443,5;15,3;CHUVA
control system;1/5/2026, 11:38 PM;JKB4Y;30/12/2025;104;Algodão;COMPLETO;100;4,95;2485,3;2497,2;11,9;
control system;1/5/2026, 11:39 PM;1NZIH;30/12/2025;106;Soja;COMPLETO;60;8,9;1752,3;1757,5;5,2;CHUVA
control system;1/5/2026, 11:41 PM;HD66K;30/12/2025;112;Soja;COMPLETO;70;9,1;1535,1;1550,1;15;
control system;1/5/2026, 11:42 PM;KSEA6;30/12/2025;114;Soja;COMPLETO;70;8,49;2476,8;2480,8;4;CHUVA
control system;1/5/2026, 11:43 PM;3YL1N;30/12/2025;116;Soja;COMPLETO;70;9,2;3152,7;3168,1;15,4;
control system;1/5/2026, 11:43 PM;3Z77G;30/12/2025;117;Soja;COMPLETO;70;8,1;313,7;327,8;14,1;
control system;1/5/2026, 11:44 PM;OYRSJ;30/12/2025;123;Soja;COMPLETO;70;9,7;2358;2360,8;2,8;CHUVA
control system;1/5/2026, 11:45 PM;DGB6A;30/12/2025;124;Preparo;COMPLETO;80;7,35;19;23,4;4,4;
control system;1/5/2026, 11:47 PM;13Q85;30/12/2025;126;Tabaco;CD;100;6,65;1035,2;1042,2;7;FERTI 1/2 C+D
control system;1/5/2026, 11:48 PM;QXNG7;30/12/2025;128;Tabaco;COMPLETO;70;9,09;237,1;253,4;16,3;
control system;1/5/2026, 11:49 PM;P1I7B;30/12/2025;132;Algodão;COMPLETO;100;7,77;79,4;84,6;5,2;CHUVA
control system;1/5/2026, 11:50 PM;PJJA9;30/12/2025;133;Soja;COMPLETO;60;8,58;178,8;180,2;1,4;CHUVA
control system;1/6/2026, 05:37 AM;W1RNY;01/01/2026;101;Soja;COMPLETO;100;5,58;2443,5;2456,1;12,6;
control system;1/6/2026, 05:38 AM;RY5D2;01/01/2026;103;Soja;COMPLETO;100;5,16;1226,3;1237,8;11,5;
control system;1/6/2026, 05:39 AM;6Y60Z;01/01/2026;106;Soja;COMPLETO;100;5,34;1757,5;1763,8;6,3;
control system;1/6/2026, 05:40 AM;41OAZ;01/01/2026;110;Algodão;COMPLETO;100;5,5;1110,6;1136,7;26,1;2 giros
control system;1/6/2026, 05:41 AM;TCAX1;01/01/2026;112;Soja;COMPLETO;100;6,37;1550,1;1564,6;14,5;
control system;1/6/2026, 05:42 AM;WCA1X;01/01/2026;114;Soja;COMPLETO;100;5,94;2480,8;2486,3;5,5;irrigou 6hrs
control system;1/6/2026, 05:43 AM;5ZSEN;01/01/2026;132;Algodão;COMPLETO;100;7,77;84,6;99,1;14,5;
control system;1/6/2026, 05:49 AM;003GT;02/01/2026;109;Algodão;COMPLETO;100;5,83;769,3;780,9;11,6;CANCELOU
control system;1/6/2026, 05:49 AM;4WCXH;02/01/2026;110;Algodão;COMPLETO;100;5,5;1136,7;1148,7;12;
control system;1/6/2026, 05:50 AM;3KARA;02/01/2026;113;Soja;COMPLETO;100;6,37;658,9;673,9;15;
control system;1/6/2026, 05:51 AM;N7VUQ;02/01/2026;123;Soja;COMPLETO;100;6,79;2360,8;2375,3;14,5;
control system;1/6/2026, 05:52 AM;MTX52;02/01/2026;125;Soja;COMPLETO;80;5,63;317,7;333,1;15,4;
control system;1/6/2026, 05:53 AM;3DUOE;02/01/2026;133;Soja;COMPLETO;100;5,15;180,2;192,1;11,9;
control system;1/6/2026, 04:55 PM;YVIV8;30/12/2025;2;Soja;COMPLETO;70;7,57;356;368;12;CHUVA
control system;1/6/2026, 04:56 PM;JZ8EV;30/12/2025;5;Soja;COMPLETO;70;7,89;2156;2168;12;CHUVA
control system;1/6/2026, 04:57 PM;P03TA;30/12/2025;15;Soja;COMPLETO;70;10,54;2326;2342;16;CHUVA
control system;1/6/2026, 04:58 PM;J4Q97;30/12/2025;17;Soja;COMPLETO;70;9;643;660;17;
control system;1/6/2026, 05:01 PM;FFMF4;30/12/2025;18;Soja;COMPLETO;100;6,51;439;454;15;
control system;1/6/2026, 05:02 PM;F2DUN;30/12/2025;21;Soja;COMPLETO;70;7,81;209;223,7;14,7;CHUVA
control system;1/6/2026, 05:07 PM;U7XL0;30/12/2025;32;Cacau;COMPLETO;100;5,7;844,7;859,2;14,5;
control system;1/6/2026, 05:08 PM;RF785;30/12/2025;35;Soja;COMPLETO;70;8,31;728;752;24;
control system;1/6/2026, 05:09 PM;L4J4V;30/12/2025;36;Soja;COMPLETO;70;10,29;2230;2247;17;CHUVA
control system;1/6/2026, 05:13 PM;3OKC7;30/12/2025;38;Soja;COMPLETO;70;11,5;950;975;25;CHUVA
control system;1/6/2026, 05:14 PM;ZO2HA;30/12/2025;40;Soja;COMPLETO;70;9,94;1127;1147;20;
control system;1/6/2026, 05:17 PM;XPTHH;30/12/2025;43;Soja;COMPLETO;70;9,7;1830;1851;21;
control system;1/6/2026, 05:18 PM;T8258;30/12/2025;45;Soja;COMPLETO;70;8,74;27;47;20;
control system;1/6/2026, 05:19 PM;T579F;30/12/2025;52;Soja;COMPLETO;70;9,94;2509;2525;16;CHUVA
control system;1/6/2026, 05:19 PM;P09OB;30/12/2025;55;Soja;COMPLETO;70;9,26;1385;1406;21;
control system;1/6/2026, 05:20 PM;54HHW;30/12/2025;59;Algodão;COMPLETO;100;5,18;71;85;14;
control system;1/6/2026, 05:21 PM;YX57W;30/12/2025;61;Algodão;COMPLETO;100;6,09;922;936;14;
control system;1/6/2026, 05:23 PM;2RXK7;30/12/2025;64;Feijão;COMPLETO;55;9,91;1014;1035;21;
control system;1/6/2026, 05:24 PM;0CX8Z;30/12/2025;70;Algodão;COMPLETO;100;6,42;51;66;15;
control system;1/6/2026, 05:28 PM;H8MMK;31/12/2025;35;Soja;COMPLETO;70;8,31;752;777;25;PASSOU 4H
control system;1/6/2026, 05:29 PM;9R28D;31/12/2025;37;Soja;COMPLETO;70;12,91;1293;1301;8;CHUVA
control system;1/6/2026, 05:30 PM;78AH4;31/12/2025;40;Soja;COMPLETO;70;9,94;1147;1167;20;
control system;1/6/2026, 05:36 PM;F1ET6;31/12/2025;43;Soja;COMPLETO;70;9,7;1851;1872;21;
control system;1/6/2026, 05:37 PM;HAD3L;31/12/2025;61;Algodão;COMPLETO;100;6,09;936;950;14;
control system;1/6/2026, 05:45 PM;5WWXX;31/12/2025;64;Soja;COMPLETO;75;7,27;1035;1049;14;
control system;1/6/2026, 05:47 PM;Q0C2S;01/01/2026;2;Soja;COMPLETO;100;5,3;368;380;12;
control system;1/6/2026, 05:47 PM;AVIU0;01/01/2026;5;Soja;COMPLETO;100;5,52;2168;2182;14;
control system;1/6/2026, 05:48 PM;WZIRF;01/01/2026;6;Soja;COMPLETO;100;5,82;2142;2157;15;
control system;1/6/2026, 05:51 PM;921T0;01/01/2026;26;Soja;COMPLETO;70;8,14;18;39;21;TROCA DE PLACA
control system;1/6/2026, 05:53 PM;SD4QD;01/01/2026;31;Soja;COMPLETO;70;8,83;15;37;22;
control system;1/6/2026, 05:54 PM;OC6LU;01/01/2026;36;Soja;COMPLETO;100;7,2;2247;2262;15;
control system;1/6/2026, 06:02 PM;30O1J;01/01/2026;45;Soja;COMPLETO;100;6,12;47;63;16;PASSOU 4H
control system;1/6/2026, 06:03 PM;S1MBP;01/01/2026;43;Soja;COMPLETO;70;9,7;1872;1893;21;
control system;1/6/2026, 06:04 PM;IKHAS;01/01/2026;51;Soja;COMPLETO;100;6,05;722;724,3;2,3;
control system;1/6/2026, 06:05 PM;NYJ3H;01/01/2026;64;Soja;COMPLETO;75;7,27;1049;1064;15;
control system;1/6/2026, 06:06 PM;YYXHK;01/01/2026;70;Soja;COMPLETO;100;6,42;66;81;15;
control system;1/6/2026, 06:10 PM;P744P;02/01/2026;7;Soja;COMPLETO;100;5,52;700;713;13;
control system;1/6/2026, 06:12 PM;49VZK;02/01/2026;8;Soja;COMPLETO;100;6,58;1898;1907;9;CHUVA
control system;1/6/2026, 06:14 PM;ZIP3X;02/01/2026;12;Soja;COMPLETO;100;6,3;605;620;15;
control system;1/6/2026, 06:18 PM;YYZ1O;02/01/2026;15;Soja;COMPLETO;70;10,54;2342;2360;18;CHUVA
control system;1/6/2026, 06:23 PM;XZXIB;02/01/2026;19;Soja;COMPLETO;100;5,75;366,4;675;15;
control system;1/6/2026, 06:29 PM;CI5WT;02/01/2026;25;Cacau;COMPLETO;100;5,8;1550;1563;13;
control system;1/6/2026, 06:33 PM;3CJL7;02/01/2026;27;Cacau;COMPLETO;100;5,34;1762;1774;12;
control system;1/6/2026, 06:35 PM;P96I7;02/01/2026;29;Cacau;COMPLETO;100;5,14;2518;2530;12;
control system;1/6/2026, 06:36 PM;6YQ6L;02/01/2026;31;Soja;COMPLETO;70;8,83;37;59;22;
control system;1/6/2026, 06:37 PM;WI2CD;02/01/2026;40;Soja;COMPLETO;70;9,94;1167;1185;18;CHUVA
control system;1/6/2026, 06:38 PM;25OYZ;02/01/2026;43;Soja;COMPLETO;100;6,79;1893;1907;14;
control system;1/6/2026, 06:39 PM;SONNA;02/01/2026;44;Soja;COMPLETO;70;10,37;687;700;13;
control system;1/6/2026, 06:40 PM;P1SEU;02/01/2026;55;Soja;COMPLETO;70;9,26;1406;1421;15;CHUVA
control system;1/6/2026, 06:41 PM;LQ3EW;02/01/2026;73;Algodão;COMPLETO;100;6,76;1048;1064;16;
control system;1/6/2026, 06:44 PM;7SBL6;03/01/2026;32;Cacau;COMPLETO;100;5,7;859,2;872,5;13,3;
control system;1/8/2026, 08:20 PM;RKT9Z;06/01/2026;101;Soja;COMPLETO;70;7,97;2456,1;2483,4;27,3;CHUVA
control system;1/8/2026, 08:21 PM;9NA4J;06/01/2026;109;Algodão;COMPLETO;100;5,83;780,9;793,1;12,2;CHUVA
control system;1/8/2026, 08:22 PM;E06YE;06/01/2026;110;Algodão;COMPLETO;100;5,5;1148,7;1160,7;12;CHUVA
control system;1/8/2026, 08:23 PM;7ABTW;06/01/2026;112;Soja;COMPLETO;70;9,1;1564,6;1568,1;3,5;CHUVA
control system;1/8/2026, 08:25 PM;LNBNB;06/01/2026;114;Soja;COMPLETO;70;8,49;2486,3;2489,8;3,5;CHUVA
control system;1/8/2026, 08:26 PM;VYZLR;06/01/2026;115;Algodão;COMPLETO;100;6,44;0;4,8;4,8;CHUVA
control system;1/8/2026, 08:27 PM;4Q53H;06/01/2026;116;Soja;COMPLETO;70;9,2;3168,1;3180,1;12;CHUVA
control system;1/8/2026, 08:29 PM;692RE;06/01/2026;123;Soja;COMPLETO;100;6,79;2375,3;2389,4;14,1;FERTI
control system;1/8/2026, 08:31 PM;R1ALZ;06/01/2026;124;Preparo;COMPLETO;100;5,88;23,4;30,8;7,4;CHUVA
control system;1/8/2026, 08:32 PM;HE2UC;06/01/2026;126;Tabaco;COMPLETO;100;6,65;1042,2;1054,9;12,7;
control system;1/8/2026, 08:33 PM;ABTVH;06/01/2026;128;Tabaco;COMPLETO;100;6,36;253,4;257,8;4,4;CHUVA
control system;1/8/2026, 08:41 PM;2CJ1N;06/01/2026;131;Algodão;COMPLETO;100;7,67;12,2;24,4;12,2;
control system;1/8/2026, 11:00 PM;S982G;06/01/2026;129;Soja;COMPLETO;70;7,64;680,2;695,4;15,2;CHUVA
control system;1/9/2026, 11:09 AM;TP929;05/01/2026;10;Soja;COMPLETO;100;6,3;1776;1792;16;FERTIRRIGAÇÃO
control system;1/9/2026, 11:09 AM;83TNU;05/01/2026;12;Soja;COMPLETO;100;6,3;620;633;13;FERTIRRIGAÇÃO
control system;1/9/2026, 11:12 AM;ONJMV;05/01/2026;7;Soja;COMPLETO;100;5,52;713;730;17;BAIXAR A PISCINA
control system;1/9/2026, 11:14 AM;A92KO;05/01/2026;8;Soja;COMPLETO;100;6,58;1907;1911;4;BAIXAR A PISCINA
control system;1/9/2026, 11:18 AM;5T6UV;06/01/2026;73;Soja;COMPLETO;100;6,76;1064;1073;9;1/2 PIVÔ
control system;1/9/2026, 11:22 AM;FYOZY;07/01/2026;25;Cacau;COMPLETO;100;5,8;1563;1575;12;FERTIRRIGAÇÃO
control system;1/9/2026, 11:24 AM;B5IUV;06/01/2026;13;Soja;COMPLETO;100;4,28;0;10;10;FERTIRRIGAÇÃO TROCOU A PLACA
control system;1/13/2026, 06:03 AM;KC260;07/01/2026;124;Tabaco;CD;95;6,19;30,8;38,8;8;CD
control system;1/13/2026, 06:03 AM;14GH5;07/01/2026;133;Soja;COMPLETO;100;5,15;192,1;204,6;12,5;FERTI
control system;1/13/2026, 06:05 AM;ABEND;08/01/2026;109;Algodão;COMPLETO;100;5,83;793,1;803,9;10,8;
control system;1/13/2026, 06:06 AM;ZREXL;08/01/2026;115;Algodão;COMPLETO;70;9,2;4,8;25,5;20,7;
control system;1/13/2026, 06:06 AM;VB12J;08/01/2026;122;Soja;COMPLETO;70;9;1959,9;1980,5;20,6;
control system;1/13/2026, 06:07 AM;G65KK;08/01/2026;123;Soja;COMPLETO;70;9,7;2389,4;2410,2;20,8;
control system;1/13/2026, 06:08 AM;YABIO;08/01/2026;124;Tabaco;D;95;6,19;38,8;42,3;3,5;
control system;1/13/2026, 06:09 AM;SKEQF;08/01/2026;125;Soja;COMPLETO;80;5,63;333,1;350,1;17;
control system;1/13/2026, 06:10 AM;IU2CF;08/01/2026;126;Tabaco;COMPLETO;100;6,65;1054,9;1058,7;3,8;D
control system;1/13/2026, 06:11 AM;8STRG;08/01/2026;127;Soja;COMPLETO;70;6,89;203,3;220,3;17;
control system;1/13/2026, 06:12 AM;00GLA;08/01/2026;129;Soja;COMPLETO;100;5,35;695,4;707,4;12;
control system;1/13/2026, 06:14 AM;FC6Q0;09/01/2026;101;Soja;COMPLETO;70;7,97;2483,4;2501,5;18,1;
control system;1/13/2026, 06:14 AM;CABWD;09/01/2026;103;Soja;COMPLETO;70;7,37;1237,8;1254,8;17;
control system;1/13/2026, 06:16 AM;1FA97;09/01/2026;106;Soja;COMPLETO;70;7,63;1763,8;1783,3;19,5;
control system;1/13/2026, 06:16 AM;XIZAM;09/01/2026;110;Algodão;COMPLETO;100;5,5;1160,7;1175,8;15,1;
control system;1/13/2026, 06:17 AM;I2LQD;09/01/2026;112;Soja;COMPLETO;90;7,08;1568,1;1584;15,9;
control system;1/13/2026, 06:17 AM;372AW;09/01/2026;113;Soja;COMPLETO;90;7,08;673,9;691,1;17,2;
control system;1/13/2026, 06:18 AM;S7GF7;09/01/2026;115;Algodão;COMPLETO;100;6,44;25,5;40,8;15,3;
control system;1/13/2026, 06:19 AM;6SGLP;09/01/2026;117;Soja;COMPLETO;100;5,67;327,8;342,9;15,1;
control system;1/13/2026, 06:20 AM;773VH;09/01/2026;124;Tabaco;AB;100;5,88;38,8;45,8;7;AB
control system;1/13/2026, 06:21 AM;D8XYN;09/01/2026;126;Tabaco;CD;100;6,65;1058,7;1065,7;7;
control system;1/13/2026, 06:22 AM;NQH11;09/01/2026;127;Soja;COMPLETO;100;4,82;220,3;233,4;13,1;FERTI
control system;1/13/2026, 06:23 AM;Z9IOG;09/01/2026;128;Tabaco;COMPLETO;75;8,48;257,8;279,1;21,3;FERTI
control system;1/13/2026, 06:24 AM;ZO0Z0;09/01/2026;131;Algodão;COMPLETO;100;7,67;24,4;39,4;15;
control system;1/13/2026, 06:26 AM;WY62D;10/01/2026;102;Algodão;COMPLETO;100;5,58;87,7;99,2;11,5;
control system;1/13/2026, 06:26 AM;KLJ8S;10/01/2026;105;Algodão;COMPLETO;100;5,16;58,7;70,4;11,7;
control system;1/13/2026, 06:26 AM;VVDN8;10/01/2026;107;Algodão;COMPLETO;100;4,68;83,3;97,6;14,3;
control system;1/13/2026, 06:27 AM;7VJW8;10/01/2026;114;Soja;COMPLETO;65;9,14;2489,8;2508,7;18,9;
control system;1/13/2026, 06:28 AM;VDV3D;10/01/2026;115;Algodão;COMPLETO;100;6,44;40,8;55,4;14,6;
control system;1/13/2026, 06:28 AM;NW4MS;10/01/2026;116;Soja;COMPLETO;70;9,2;3180,1;3200,7;20,6;
control system;1/13/2026, 06:29 AM;1RKYB;10/01/2026;122;Soja;COMPLETO;70;9;1980,5;2001,5;21;
control system;1/13/2026, 06:30 AM;TFX2R;10/01/2026;124;Tabaco;COMPLETO;100;5,88;45,8;69,47;23,7;TODO +AB
control system;1/13/2026, 06:31 AM;6GUE5;10/01/2026;125;Soja;COMPLETO;60;7,5;350,1;370,6;20,5;
control system;1/13/2026, 06:32 AM;HFI31;10/01/2026;126;Tabaco;COMPLETO;100;6,65;1065,7;1079,8;14,1;
control system;1/13/2026, 06:32 AM;TJ96J;10/01/2026;133;Soja;COMPLETO;60;8,58;204,6;224;19,4;
control system;1/13/2026, 06:34 AM;6V9PT;11/01/2026;106;Soja;COMPLETO;70;7,63;1783,3;1799,8;16,5;
control system;1/13/2026, 06:35 AM;PFYDO;11/01/2026;112;Soja;COMPLETO;70;9,1;1584;1604,5;20,5;
control system;1/13/2026, 06:35 AM;NTLKF;11/01/2026;113;Soja;COMPLETO;70;9,1;691,1;711,8;20,7;
control system;1/13/2026, 06:36 AM;RRBJV;11/01/2026;115;Algodão;COMPLETO;70;9,2;55,4;75,7;20,3;
control system;1/13/2026, 06:36 AM;XWFTQ;11/01/2026;117;Soja;COMPLETO;80;7,09;342,9;361,38;18,5;
control system;1/13/2026, 06:38 AM;LIKMT;11/01/2026;123;Soja;COMPLETO;70;9,7;2410,2;2425;14,8;
control system;1/13/2026, 06:39 AM;U73M9;11/01/2026;124;Preparo;ABC;100;5,88;69,47;83,1;13,6;
control system;1/13/2026, 06:40 AM;GBI7H;11/01/2026;126;Tabaco;COMPLETO;100;6,65;1079,8;1094,1;14,3;
control system;1/13/2026, 06:40 AM;Q2GKA;11/01/2026;128;Tabaco;COMPLETO;75;8,48;279,1;297,5;18,4;
control system;1/13/2026, 06:41 AM;DOZO1;11/01/2026;129;Soja;COMPLETO;60;8,92;704,4;724,8;20,4;
control system;1/13/2026, 06:42 AM;WN2U5;11/01/2026;130;Soja;COMPLETO;100;5,76;64,3;78,6;14,3;
control system;1/13/2026, 06:42 AM;LLB6A;11/01/2026;131;Algodão;COMPLETO;100;7,67;39,4;51,2;11,8;
control system;1/13/2026, 06:43 AM;IEF9N;11/01/2026;132;Algodão;COMPLETO;100;7,77;99,1;114,2;15,1;
control system;1/14/2026, 04:46 PM;BDBZ1;08/01/2026;27;Cacau;COMPLETO;100;5,34;1774;1786;12;FERTIRRIGAÇÃO
control system;1/14/2026, 04:48 PM;LNUTZ;08/01/2026;59;Soja;COMPLETO;100;5,18;85;99;14;FERTIRRIGAÇÃO
control system;1/14/2026, 04:49 PM;E48X8;09/01/2026;2;Soja;COMPLETO;70;7,57;380;399;19;
control system;1/14/2026, 04:55 PM;6Q8AJ;09/01/2026;6;Soja;COMPLETO;80;7,28;2157;2176;19;
control system;1/14/2026, 04:57 PM;OJN6D;09/01/2026;9;Soja;COMPLETO;75;7,28;715;732;17;TROCOU A PLACA
control system;1/14/2026, 04:58 PM;9FRD9;09/01/2026;11;Soja;COMPLETO;80;6,9;118;136;18;
control system;1/14/2026, 05:02 PM;W9XT6;09/01/2026;12;Soja;COMPLETO;90;7;633;649;16;
control system;1/14/2026, 05:06 PM;9Z5R6;09/01/2026;14;Soja;COMPLETO;80;7,2;69;87;18;TROCOU A PLACA
control system;1/14/2026, 05:08 PM;9KTL8;09/01/2026;15;Soja;COMPLETO;100;7,38;2360;2376;16;
control system;1/14/2026, 05:10 PM;Z3GA3;09/01/2026;19;Soja;COMPLETO;70;8,21;386,2;407,2;21;TROCOU A PLACA
control system;1/14/2026, 05:15 PM;OLH9R;09/01/2026;25;Cacau;COMPLETO;100;5,8;1575;1585;10;
control system;1/14/2026, 05:18 PM;9OQPP;09/01/2026;27;Cacau;COMPLETO;100;5,34;1786;1798;12;
control system;1/14/2026, 05:19 PM;UEAUC;09/01/2026;35;Soja;COMPLETO;70;8,31;777;799;22;
control system;1/14/2026, 05:20 PM;Z75AE;09/01/2026;36;Soja;COMPLETO;100;7,2;2262;2278;16;
control system;1/14/2026, 05:24 PM;IYXUX;09/01/2026;40;Soja;COMPLETO;70;9,94;1185;1207;22;
control system;1/14/2026, 05:28 PM;86FVQ;09/01/2026;50;Soja;COMPLETO;70;9,69;283,5;301,5;18;
control system;1/14/2026, 05:29 PM;5LRF1;09/01/2026;57;Algodão;COMPLETO;100;5,88;75;90;15;FERTIRRIGAÇÃO
control system;1/14/2026, 05:31 PM;69IHA;09/01/2026;59;Algodão;COMPLETO;100;5,18;99;113;14;
control system;1/14/2026, 05:33 PM;RMOYX;09/01/2026;60;Algodão;COMPLETO;70;9,69;448;469;21;
control system;1/14/2026, 05:36 PM;M3104;09/01/2026;64;Soja;COMPLETO;55;9,91;1064;1085;21;
control system;1/14/2026, 05:39 PM;C33UZ;09/01/2026;66;Algodão;COMPLETO;70;8;337;354;17;
control system;1/14/2026, 05:44 PM;TL8PT;09/01/2026;71;Soja;ABC;100;4,85;0;5,25;5,3;
control system;1/14/2026, 05:53 PM;EO63U;10/01/2026;1;Algodão;COMPLETO;100;5,45;1374;1389;15;
control system;1/14/2026, 05:55 PM;01AB5;10/01/2026;8;Soja;COMPLETO;70;9,4;1911;1931;20;
control system;1/14/2026, 05:57 PM;HN65B;10/01/2026;10;Soja;COMPLETO;70;9;1792;1813;21;
control system;1/14/2026, 05:58 PM;JILZ0;10/01/2026;18;Soja;COMPLETO;100;6,51;454;469;15;
control system;1/14/2026, 06:00 PM;TNLKS;10/01/2026;25;Cacau;AB;100;5,8;1585;1591;6;
control system;1/14/2026, 06:04 PM;6S96H;10/01/2026;29;Cacau;COMPLETO;100;5,14;2530;2543;13;
control system;1/14/2026, 06:05 PM;HK5H5;10/01/2026;32;Cacau;AD;100;5,7;872,5;878;5,5;
control system;1/14/2026, 06:06 PM;RCC5G;10/01/2026;37;Soja;COMPLETO;70;12,91;1301;1318;17;
control system;1/14/2026, 06:07 PM;1AO18;10/01/2026;51;Soja;COMPLETO;70;8,64;724,3;745,7;21,4;
control system;1/14/2026, 06:08 PM;I5NX4;10/01/2026;59;Algodão;COMPLETO;100;5,18;113;127;14;
control system;1/14/2026, 06:09 PM;F19QU;10/01/2026;66;Algodão;COMPLETO;100;5,6;354;366;12;
control system;1/14/2026, 06:13 PM;OSBEJ;10/01/2026;71;Soja;ABC;100;4,85;5,25;10,56;5,3;
control system;1/14/2026, 06:17 PM;KJOHD;11/01/2026;2;Soja;COMPLETO;70;7,57;399;417;18;
control system;1/14/2026, 06:19 PM;W92Q4;11/01/2026;5;Soja;COMPLETO;80;6,9;2182;2186;4;CHUVA
control system;1/14/2026, 06:20 PM;LKQUS;11/01/2026;6;Soja;COMPLETO;80;7,28;2176;2194;18;
control system;1/14/2026, 06:20 PM;8ESNW;11/01/2026;9;Soja;COMPLETO;75;7,28;732;749;17;
control system;1/14/2026, 06:21 PM;D7VL7;11/01/2026;11;Soja;COMPLETO;80;6,9;136;154;18;
control system;1/14/2026, 06:22 PM;V4KS9;11/01/2026;15;Soja;COMPLETO;100;7,38;2376;2393;17;
control system;1/14/2026, 06:22 PM;HVU5N;11/01/2026;19;Soja;COMPLETO;80;7,19;407,2;425;17,8;
control system;1/14/2026, 06:28 PM;UZAJX;11/01/2026;23;Soja;COMPLETO;70;7,54;1445,2;1466,2;21;
control system;1/14/2026, 06:29 PM;I0ZMP;11/01/2026;25;Cacau;COMPLETO;100;5,8;1591;1603;12;
control system;1/14/2026, 06:30 PM;QQ850;11/01/2026;27;Cacau;COMPLETO;100;5,34;1798;1810;12;
control system;1/14/2026, 06:31 PM;EZ093;11/01/2026;28;Soja;COMPLETO;70;9,54;1555,2;1575,2;20;
control system;1/14/2026, 06:32 PM;BQRVU;11/01/2026;29;Cacau;COMPLETO;100;5,14;2543;2552;9;
control system;1/14/2026, 06:35 PM;FL812;11/01/2026;32;Cacau;AD;100;5,7;878;885,1;7,1;
control system;1/14/2026, 06:36 PM;M2P1B;11/01/2026;33;Algodão;COMPLETO;100;6;82;96;14;
control system;1/14/2026, 06:36 PM;1WFRP;11/01/2026;35;Soja;COMPLETO;70;8,31;799;821;22;
control system;1/14/2026, 06:38 PM;QGU5C;11/01/2026;36;Soja;COMPLETO;70;10,29;2278;2300;22;
control system;1/14/2026, 06:40 PM;G2LE4;11/01/2026;40;Soja;COMPLETO;70;9,94;1207;1229;22;
control system;1/14/2026, 06:46 PM;V2CB2;11/01/2026;43;Soja;COMPLETO;70;9,7;1907;1924;17;FALTA 4H PRA FINALIZAR, PIVO ATOLADO
control system;1/14/2026, 06:48 PM;QETTP;11/01/2026;45;Soja;COMPLETO;70;8,74;63;83;20;
control system;1/14/2026, 06:49 PM;FUMXF;11/01/2026;50;Soja;COMPLETO;70;9,69;301,5;320,7;19,2;
control system;1/14/2026, 06:51 PM;Q8O5P;11/01/2026;59;Algodão;B;100;5,18;127;134;7;SOMENTE O REPLANTE
control system;1/14/2026, 06:58 PM;ED87O;11/01/2026;64;Soja;COMPLETO;70;7,79;1085;1101;16;
control system;1/14/2026, 07:00 PM;YVF1B;11/01/2026;67;Algodão;COMPLETO;100;5;256;266;10;
control system;1/14/2026, 07:01 PM;Y3GDT;11/01/2026;71;Soja;ABC;100;4,85;10,56;16;5,4;
control system;1/14/2026, 07:04 PM;237JK;12/01/2026;8;Soja;COMPLETO;70;9,4;1931;1952;21;
control system;1/14/2026, 07:06 PM;OX69Q;12/01/2026;10;Soja;1/2-PIVO;70;9;1813;1821;8;
control system;1/14/2026, 07:06 PM;VVC1E;12/01/2026;12;Soja;COMPLETO;70;9;649;670;21;
control system;1/14/2026, 07:07 PM;P5X64;12/01/2026;14;Soja;COMPLETO;70;8,23;87;108,8;21,8;
control system;1/14/2026, 07:08 PM;WCBWD;12/01/2026;23;Soja;1/2-PIVO;70;7,54;1466,2;1482,1;15,9;FALTOU 4H CHUVA
control system;1/14/2026, 07:10 PM;PFI6F;12/01/2026;27;Cacau;AB;100;5,34;1810;1815;5;
control system;1/14/2026, 07:12 PM;C9I7Y;12/01/2026;29;Cacau;CD;100;5,14;2552;2560;8;
control system;1/14/2026, 07:13 PM;OBPTT;12/01/2026;32;Cacau;AD;100;5,7;885,1;891,5;6,4;
control system;1/14/2026, 07:14 PM;8OY97;12/01/2026;37;Soja;COMPLETO;70;12,91;1318;1333;15;FALTOU 2H CHUVA
control system;1/14/2026, 07:15 PM;R2RPL;12/01/2026;38;Soja;COMPLETO;70;11,5;0;21,2;21,2;
control system;1/14/2026, 07:16 PM;Z7ZNT;12/01/2026;44;Soja;COMPLETO;70;10,37;15;30,5;15,5;TROCOU A PLACA
control system;1/14/2026, 07:20 PM;Y03BS;12/01/2026;46;Soja;COMPLETO;100;6,66;30;46;16;TROCOU A PLACA
control system;1/14/2026, 07:33 PM;HG5VE;12/01/2026;51;Soja;COMPLETO;70;8,64;745,7;764,5;18,8;
control system;1/14/2026, 07:34 PM;BM763;12/01/2026;45;Soja;COMPLETO;70;8,74;83;103;20;
control system;1/14/2026, 07:35 PM;FEOKB;12/01/2026;52;Soja;COMPLETO;70;9,94;2525;2548,4;23,4;
control system;1/14/2026, 07:36 PM;ERYTC;12/01/2026;59;Algodão;B;100;5,18;134;141;7;
control system;1/14/2026, 07:38 PM;WPBMU;12/01/2026;60;Algodão;COMPLETO;100;6,78;469;484;15;
control system;1/14/2026, 07:39 PM;C43AS;12/01/2026;71;Soja;ABC;100;4,85;16;21,25;5,3;
control system;1/14/2026, 07:40 PM;KDPVI;12/01/2026;64;Soja;COMPLETO;90;6,06;1101;1113;12;
control system;1/14/2026, 07:41 PM;HYIP9;12/01/2026;73;Algodão;COMPLETO;100;6,76;1073;1085;12;
control system;1/15/2026, 05:28 PM;H12ZN;13/01/2026;57;Algodão;COMPLETO;100;5,88;90;105;15;FERTIRRIGAÇÃO
control system;1/15/2026, 08:43 PM;WSN8F;12/01/2026;101;Soja;COMPLETO;70;7,97;2501,5;2513,4;11,9;CHUVA
control system;1/15/2026, 08:44 PM;Y13KW;12/01/2026;103;Soja;COMPLETO;70;7,37;1254,8;1264,8;10;CHUVA
control system;1/15/2026, 08:45 PM;B2EN3;12/01/2026;114;Soja;COMPLETO;60;9,9;2508,7;2517,2;8,5;CHUVA
control system;1/15/2026, 08:46 PM;AIOMP;12/01/2026;116;Soja;COMPLETO;70;9,2;3200,7;3214,3;13,6;CHUVA
control system;1/15/2026, 08:47 PM;QYRWO;12/01/2026;119;Tabaco;COMPLETO;70;9,4;0;14,3;14,3;CHUVA
control system;1/15/2026, 08:49 PM;QA3WL;12/01/2026;122;Soja;COMPLETO;70;9;2001,5;2002;0,5;CHUVA
control system;1/15/2026, 08:51 PM;64PWJ;12/01/2026;124;Tabaco;COMPLETO;100;5,88;83,1;95,9;12,8;CHUVA
control system;1/15/2026, 08:54 PM;Q9JMS;12/01/2026;126;Tabaco;COMPLETO;100;6,65;1094,1;1121,5;27,4;FERTI+IRRIGAÇÃO
control system;1/15/2026, 08:56 PM;9YY7I;12/01/2026;133;Soja;COMPLETO;60;8,58;224;226,8;2,8;CHUVA
control system;1/15/2026, 08:57 PM;YJQU9;13/01/2026;124;Tabaco;CD;100;5,88;95,9;103,1;7,2;
control system;1/16/2026, 11:25 AM;55E7D;14/01/2026;13;Soja;COMPLETO;100;4,28;10;30;20;IRRIGAÇÃO + FERTI
control system;1/16/2026, 11:27 AM;FTAQ1;14/01/2026;59;Algodão;COMPLETO;100;5,18;141;155;14;FERTIRRIGAÇÃO
control system;1/16/2026, 11:27 AM;NFVVH;14/01/2026;10;Soja;COMPLETO;100;6,3;1821;1835;14;FERTIRRIGAÇÃO
control system;1/21/2026, 10:27 AM;3S29Z;15/01/2026;29;Cacau;D;100;5,14;2560;2563;3;
control system;1/21/2026, 10:28 AM;6UOEV;15/01/2026;32;Cacau;AD;100;5,7;891,5;899,4;7,9;
control system;1/21/2026, 10:30 AM;TYZJK;15/01/2026;59;Algodão;COMPLETO;100;5,18;155;169;14;FERTIRRIGAÇÃO
control system;1/21/2026, 10:31 AM;0BV7U;15/01/2026;52;Soja;COMPLETO;100;6,96;2548,4;2565,2;16,8;
control system;1/21/2026, 10:33 AM;X9CNG;15/01/2026;62;Algodão;COMPLETO;100;5,58;0;14;14;
control system;1/21/2026, 10:33 AM;QOJA3;15/01/2026;70;Algodão;COMPLETO;100;6,42;81;96;15;
control system;1/21/2026, 10:37 AM;TL1RP;16/01/2026;2;Soja;COMPLETO;70;7,57;417;435;18;
control system;1/21/2026, 10:48 AM;4F9P7;16/01/2026;8;Soja;COMPLETO;70;9,4;1952;1974;22;
control system;1/21/2026, 10:48 AM;VIJJQ;16/01/2026;9;Soja;COMPLETO;70;7,8;749;767;18;
control system;1/21/2026, 10:49 AM;47Z9Y;16/01/2026;11;Soja;COMPLETO;70;7,89;154;173;19;
control system;1/21/2026, 10:51 AM;DPUBR;16/01/2026;13;Soja;COMPLETO;70;6,11;30;46;16;
control system;1/21/2026, 10:52 AM;3SPQM;16/01/2026;14;Soja;COMPLETO;70;8,23;108,8;130;21,2;
control system;1/21/2026, 10:53 AM;SWJDO;16/01/2026;25;Cacau;COMPLETO;100;5,8;1603;1615;12;
control system;1/21/2026, 10:53 AM;TO0FU;16/01/2026;27;Cacau;COMPLETO;100;5,34;1815;1827;12;
control system;1/21/2026, 10:54 AM;ZZY1D;16/01/2026;29;Cacau;COMPLETO;100;5,14;2563;2576;13;
control system;1/21/2026, 10:55 AM;5726E;16/01/2026;35;Soja;COMPLETO;70;8,31;821;844;23;
control system;1/21/2026, 10:55 AM;PATOO;16/01/2026;36;Soja;COMPLETO;70;10,29;2300;2321;21;
control system;1/21/2026, 10:56 AM;ZQ6YY;16/01/2026;45;Soja;COMPLETO;70;8,74;103;124;21;
control system;1/21/2026, 10:56 AM;QD2DR;16/01/2026;50;Soja;COMPLETO;70;9,69;320,7;339,1;18,4;
control system;1/21/2026, 10:57 AM;PTZ1P;16/01/2026;51;Soja;COMPLETO;70;8,64;764,5;782;17,5;
control system;1/21/2026, 11:06 AM;K4S90;16/01/2026;55;Soja;COMPLETO;70;9,26;1421;1442;21;
control system;1/21/2026, 11:10 AM;63GX7;16/01/2026;62;Algodão;COMPLETO;100;5,58;14;30;16;
control system;1/21/2026, 11:10 AM;OIE1O;16/01/2026;64;Soja;COMPLETO;55;9,91;1113;1134;21;
control system;1/21/2026, 11:12 AM;33EZR;16/01/2026;71;Soja;ABC;100;4,85;21,25;26,75;5,5;
control system;1/21/2026, 11:23 AM;Q6QGR;17/01/2026;10;Soja;COMPLETO;90;7;1835;1851;16;
control system;1/21/2026, 11:25 AM;6BOV9;17/01/2026;12;Soja;COMPLETO;70;9;670;695;25;
control system;1/21/2026, 11:25 AM;4H3NZ;17/01/2026;18;Soja;COMPLETO;100;6,51;469;484;15;
control system;1/21/2026, 11:43 AM;ID6OH;17/01/2026;20;Algodão;COMPLETO;80;8,55;966;1002;36;2 GIRO
control system;1/21/2026, 11:46 AM;V8UNL;17/01/2026;25;Cacau;AB;100;5,8;1615;1621;6;
control system;1/21/2026, 11:47 AM;5W46J;17/01/2026;27;Cacau;COMPLETO;100;5,34;1827;1839;12;
control system;1/21/2026, 11:48 AM;ZMJ2U;17/01/2026;28;Soja;COMPLETO;70;9,54;18;38,3;20,3;
control system;1/21/2026, 11:50 AM;S2JJC;17/01/2026;29;Cacau;D;100;5,14;2576;2578;2;
control system;1/21/2026, 11:53 AM;DVYTJ;17/01/2026;32;Cacau;AD;100;5,7;899,4;907;7,6;
control system;1/21/2026, 11:54 AM;HSN55;17/01/2026;37;Soja;COMPLETO;70;12,91;1333;1348;15;
control system;1/21/2026, 11:54 AM;FFXH5;17/01/2026;38;Soja;COMPLETO;70;11,5;21,2;42,1;20,9;
control system;1/21/2026, 11:57 AM;LQZ5I;17/01/2026;43;Soja;COMPLETO;70;9,7;1924;1928;4;RODOU SO 4H MOTIVO, PIVO QUEBRADO
control system;1/21/2026, 11:57 AM;FGBYA;17/01/2026;46;Soja;COMPLETO;70;9,51;46;69;23;
control system;1/21/2026, 11:58 AM;9LRIQ;17/01/2026;52;Soja;COMPLETO;70;9,94;2565,2;2588;22,8;
control system;1/21/2026, 12:02 PM;R3HOR;17/01/2026;61;Algodão;COMPLETO;100;6,09;950;964;14;
control system;1/21/2026, 12:05 PM;XN7GN;17/01/2026;62;Algodão;COMPLETO;100;5,58;30;46;16;
control system;1/21/2026, 12:06 PM;7AG1D;17/01/2026;70;Algodão;COMPLETO;100;6,42;96;111;15;
control system;1/21/2026, 12:07 PM;FUINH;17/01/2026;71;Soja;ABC;100;4,85;26,75;32,25;5,5;
control system;1/21/2026, 12:08 PM;VCSCZ;17/01/2026;72;Algodão;COMPLETO;100;6,12;283;296;13;
control system;1/21/2026, 12:09 PM;2APWP;18/01/2026;2;Soja;COMPLETO;70;7,57;435;453;18;
control system;1/21/2026, 12:10 PM;P8MWV;18/01/2026;8;Soja;COMPLETO;80;8,22;1974;1992;18;
control system;1/21/2026, 12:11 PM;M0NXK;18/01/2026;9;Soja;COMPLETO;70;7,8;767;787;20;
control system;1/21/2026, 12:11 PM;BXCMU;18/01/2026;11;Soja;COMPLETO;70;7,89;173;192;19;
control system;1/21/2026, 12:12 PM;103LF;18/01/2026;13;Soja;COMPLETO;60;7,13;46;62;16;
control system;1/21/2026, 12:13 PM;6UVLQ;18/01/2026;14;Soja;COMPLETO;80;7,2;130;148;18;
control system;1/21/2026, 12:15 PM;NCGLB;18/01/2026;20;Algodão;COMPLETO;100;6,84;1002;1017;15;
control system;1/21/2026, 12:18 PM;GGZLA;18/01/2026;25;Cacau;COMPLETO;100;5,8;1621;1633;12;
control system;1/21/2026, 12:20 PM;M5QC4;18/01/2026;27;Cacau;COMPLETO;100;5,34;1839;1851;12;
control system;1/21/2026, 12:21 PM;9B58J;18/01/2026;29;Cacau;COMPLETO;80;6,42;2578;2590;12;
control system;1/21/2026, 12:22 PM;X3TGS;18/01/2026;32;Cacau;AD;100;5,7;907;914,6;7,6;
control system;1/21/2026, 12:24 PM;4PZTY;18/01/2026;35;Soja;COMPLETO;80;7,28;844;863;19;
control system;1/21/2026, 12:25 PM;TCG5R;18/01/2026;36;Soja;COMPLETO;100;7,2;2321;2337;16;
control system;1/21/2026, 12:27 PM;2B583;18/01/2026;45;Soja;COMPLETO;85;7,2;124;133;9;FALTOU 5H MOTIVO, PIVO QUEBRADO
control system;1/21/2026, 12:31 PM;OY1RX;18/01/2026;51;Soja;COMPLETO;70;8,64;782;796;14;FALTOU 5H CHUVA
control system;1/21/2026, 12:32 PM;3H5E4;18/01/2026;55;Soja;COMPLETO;70;9,26;1442;1463;21;
control system;1/21/2026, 12:34 PM;E9RLV;18/01/2026;62;Algodão;COMPLETO;100;5,58;46;62;16;
control system;1/21/2026, 12:35 PM;YZLEP;18/01/2026;72;Soja;COMPLETO;70;8,74;296;315;19;
control system;1/21/2026, 12:41 PM;HH62N;19/01/2026;5;Soja;1/2-PIVO;70;7,89;2186;2195;9;CHUVA
control system;1/21/2026, 12:41 PM;M8HV5;19/01/2026;6;Soja;1/2-PIVO;70;8,31;2194;2203;9;CHUVA
control system;1/21/2026, 12:43 PM;4EYBC;19/01/2026;12;Soja;COMPLETO;70;9;695;720;25;
control system;1/21/2026, 12:44 PM;PHBMR;19/01/2026;18;Soja;1/2-PIVO;70;9,3;484;495;11;CHUVA
control system;1/21/2026, 12:46 PM;1QSBF;19/01/2026;20;Algodão;COMPLETO;100;6,84;1017;1036;19;
control system;1/21/2026, 12:47 PM;UF5ZO;19/01/2026;25;Cacau;COMPLETO;100;5,8;1633;1645;12;
control system;1/21/2026, 12:48 PM;37BWY;19/01/2026;27;Cacau;COMPLETO;100;5,34;1851;1864;13;
control system;1/21/2026, 12:50 PM;THE8C;19/01/2026;29;Cacau;D;80;6,42;2590;2593;3;
control system;1/21/2026, 12:50 PM;X77BI;19/01/2026;32;Cacau;AD;100;5,7;914,6;921,4;6,8;
control system;1/21/2026, 12:51 PM;GI8PJ;19/01/2026;37;Soja;1/2-PIVO;70;12,91;1348;1356;8;CHUVA
control system;1/21/2026, 12:57 PM;4XOXN;19/01/2026;44;Soja;COMPLETO;70;10,37;8;23;15;
control system;1/21/2026, 12:58 PM;0ZR4P;19/01/2026;46;Soja;1/2-PIVO;70;9,51;69;77;8;CHUVA
control system;1/21/2026, 01:02 PM;8D90W;19/01/2026;62;Algodão;COMPLETO;100;5,58;62;78,4;16,4;
control system;1/21/2026, 01:03 PM;E80KY;19/01/2026;64;Soja;1/2-PIVO;55;9,91;1134;1142;8;CHUVA
control system;1/21/2026, 01:04 PM;YDJA3;19/01/2026;73;Algodão;1/2-PIVO;100;6,76;1085;1094;9;CHUVA
control system;1/22/2026, 04:37 AM;BQW15;14/01/2026;115;Algodão;COMPLETO;100;6,44;75,7;93,1;17,4;
control system;1/22/2026, 04:40 AM;RCFCD;14/01/2026;124;Tabaco;C/D;100;5,88;103,1;110,4;7,3;
control system;1/22/2026, 04:43 AM;IA2KL;14/01/2026;128;Tabaco;COMPLETO;100;6,36;297,5;312,4;14,9;FERTIIRRIGAÇÃO
control system;1/28/2026, 04:06 AM;2YHKK;15/01/2026;109;Algodão;COMPLETO;100;5,83;803,2;814,9;11,7;
control system;1/28/2026, 04:06 AM;HAW8C;15/01/2026;110;Algodão;COMPLETO;100;5,5;1175,8;1181,8;6;
control system;1/28/2026, 04:10 AM;IEQHY;15/01/2026;124;Tabaco;COMPLETO;100;5,88;110,4;132,1;21,7;
control system;1/28/2026, 04:10 AM;P8EJ3;15/01/2026;126;Tabaco;D;100;6,65;1121,5;1125,2;3,7;D
control system;1/28/2026, 04:13 AM;782FE;16/01/2026;106;Soja;COMPLETO;70;7,63;1799,8;1816,2;16,4;
control system;1/28/2026, 04:14 AM;N7AZO;16/01/2026;113;Soja;COMPLETO;70;9,1;711,8;732,2;20,4;
control system;1/28/2026, 04:14 AM;BDHNE;16/01/2026;116;Soja;COMPLETO;70;9,2;3214,3;3234,8;20,5;
control system;1/28/2026, 04:15 AM;2S3UP;16/01/2026;119;Tabaco;AB;80;8,22;14,3;24,5;10,2;
control system;1/28/2026, 04:16 AM;8KQ6H;16/01/2026;123;Soja;COMPLETO;70;9,7;2425;2446,1;21,1;
control system;1/28/2026, 04:17 AM;FLH6U;16/01/2026;124;Tabaco;COMPLETO;100;5,88;132,1;146,8;14,7;
control system;1/28/2026, 04:19 AM;U7VR6;16/01/2026;126;Tabaco;D;100;6,65;1125,2;1131,2;6;
control system;1/28/2026, 04:20 AM;NIYP8;16/01/2026;128;Tabaco;COMPLETO;75;8,48;312,4;330,9;18,5;
control system;1/28/2026, 04:21 AM;809IL;16/01/2026;133;Soja;COMPLETO;60;8,58;226,8;246,1;19,3;
control system;1/28/2026, 04:24 AM;OL1EG;17/01/2026;117;Soja;COMPLETO;70;8,1;361,38;382,3;20,9;
control system;1/28/2026, 04:25 AM;S7CVE;17/01/2026;122;Soja;COMPLETO;70;9;2002;2022,1;20,1;
control system;1/28/2026, 04:25 AM;OQPW9;17/01/2026;124;Tabaco;COMPLETO;100;5,88;146,8;161,8;15;
control system;1/28/2026, 04:26 AM;70QPX;17/01/2026;125;Soja;COMPLETO;60;7,5;370,6;389,4;18,8;
control system;1/28/2026, 04:26 AM;X90LH;17/01/2026;126;Tabaco;D;100;6,65;1131,2;1135;3,8;
control system;1/28/2026, 04:27 AM;R2SSD;17/01/2026;127;Soja;COMPLETO;60;8,03;233,4;248,1;14,7;
control system;1/28/2026, 04:28 AM;QL9JX;17/01/2026;129;Soja;COMPLETO;80;6,69;724,8;738,7;13,9;
control system;1/28/2026, 04:29 AM;PCBNJ;17/01/2026;130;Soja;COMPLETO;70;8,23;78,6;98,9;20,3;
control system;1/28/2026, 04:31 AM;6KLME;18/01/2026;110;Algodão;COMPLETO;100;5,5;1181,8;1193,9;12,1;
control system;1/28/2026, 04:32 AM;LTTUL;18/01/2026;113;Soja;COMPLETO;80;7,96;732,2;750,1;17,9;
control system;1/28/2026, 04:32 AM;UARCI;18/01/2026;116;Soja;COMPLETO;100;6,44;3234,8;3249,2;14,4;
control system;1/28/2026, 04:33 AM;LTIRN;18/01/2026;123;Soja;COMPLETO;90;7,54;2446,1;2462,1;16;
control system;1/28/2026, 04:34 AM;U5XI8;18/01/2026;124;Tabaco;COMPLETO;100;5,88;161,8;176,8;15;
control system;1/28/2026, 04:35 AM;5O3H6;18/01/2026;126;Tabaco;D;100;6,65;1135;1138,9;3,9;
control system;1/28/2026, 04:36 AM;V9N7I;18/01/2026;128;Tabaco;COMPLETO;100;6,36;330,9;345,2;14,3;
control system;1/28/2026, 04:38 AM;EHDOY;18/01/2026;133;Soja;COMPLETO;90;5,72;246,1;259;12,9;
control system;1/28/2026, 04:41 AM;E76LH;19/01/2026;102;Algodão;COMPLETO;70;7,97;99,2;113;13,8;CHUVA
control system;1/28/2026, 04:42 AM;JPQLX;19/01/2026;105;Algodão;COMPLETO;70;7,37;70,4;81,9;11,5;CHOVEU
control system;1/28/2026, 04:42 AM;9DF05;19/01/2026;106;Soja;COMPLETO;70;7,63;1816,2;1827,3;11,1;
control system;1/28/2026, 04:43 AM;V8R59;19/01/2026;108;Algodão;COMPLETO;70;7,63;1279,9;1290,9;11;CHUVA
control system;1/28/2026, 04:44 AM;MLPVS;19/01/2026;117;Soja;COMPLETO;70;8,1;382,3;393,6;11,3;CHUVA
control system;1/28/2026, 04:45 AM;XRNPS;19/01/2026;119;Tabaco;COMPLETO;70;9,4;24,5;35,1;10,6;CHUVA
control system;1/28/2026, 04:49 AM;MALT6;19/01/2026;122;Soja;COMPLETO;70;9;2022,1;2034,8;12,7;CHUVA
control system;1/28/2026, 04:54 AM;TEPQ4;19/01/2026;124;Tabaco;COMPLETO;100;5,88;176,8;190,8;14;
control system;1/28/2026, 04:54 AM;SBF8N;19/01/2026;125;Soja;COMPLETO;70;6,43;389,4;400,1;10,7;CHUVA
control system;1/28/2026, 04:55 AM;0ZZ4X;19/01/2026;126;Tabaco;D;100;6,65;1138,9;1142,7;3,8;
control system;1/28/2026, 04:56 AM;QX4SN;19/01/2026;127;Soja;COMPLETO;70;6,89;248,1;259,3;11,2;CHUVA
control system;1/28/2026, 04:56 AM;WHQEX;19/01/2026;128;Tabaco;COMPLETO;75;8,48;345,2;364,5;19,3;
control system;1/28/2026, 04:57 AM;55GTG;19/01/2026;129;Soja;COMPLETO;70;7,64;738,7;749,8;11,1;CHUVA
control system;1/28/2026, 05:00 AM;X4LUZ;20/01/2026;119;Tabaco;COMPLETO;100;6,58;35,1;47,7;12,6;
control system;1/28/2026, 05:01 AM;GRKAI;20/01/2026;123;Soja;COMPLETO;90;7,54;2462,1;2476,2;14,1;CHUVA
control system;1/28/2026, 05:01 AM;58C6R;20/01/2026;124;Tabaco;COMPLETO;100;5,88;190,8;205,7;14,9;CHUVA
control system;1/28/2026, 05:02 AM;7KYIE;20/01/2026;125;Soja;COMPLETO;65;6,92;400,1;416;15,9;CHUVA
control system;1/28/2026, 05:03 AM;OUALZ;20/01/2026;126;Tabaco;COMPLETO;90;7,39;1142,7;1156;13,3;CHUVA
control system;1/28/2026, 05:03 AM;P27GO;20/01/2026;127;Soja;COMPLETO;80;6,03;259,3;273,3;14;CHUVA
control system;1/28/2026, 05:04 AM;8LGNW;20/01/2026;128;Tabaco;COMPLETO;100;7,95;364,5;377,4;12,9;CHUVA
control system;1/28/2026, 05:06 AM;LHONQ;20/01/2026;129;Soja;COMPLETO;80;6,69;749,8;763,8;14;CHUVA
control system;1/28/2026, 05:07 AM;KQ846;20/01/2026;133;Soja;COMPLETO;60;8,58;259;273;14;CHUVA
control system;1/28/2026, 05:08 AM;WXP6I;25/01/2026;119;Tabaco;B;100;6,58;47,7;51,3;3,6;
control system;1/28/2026, 05:10 AM;K8PT2;25/01/2026;132;Algodão;COMPLETO;100;7,77;114,2;126,8;12,6;
control system;1/28/2026, 10:59 PM;NUJ3O;26/01/2026;119;Tabaco;AB;100;6,58;51,3;59,7;8,4;
control system;1/28/2026, 11:01 PM;UCPR3;26/01/2026;124;Tabaco;ABD;100;5,88;205,7;216,6;10,9;
control system;1/28/2026, 11:04 PM;WR952;27/01/2026;119;Tabaco;COMPLETO;100;6,58;59,7;74,6;14,9;
control system;1/28/2026, 11:06 PM;Y7CRX;27/01/2026;121;Tabaco;COMPLETO;100;6,37;0;15,3;15,3;
control system;1/28/2026, 11:07 PM;EIAFZ;27/01/2026;124;Tabaco;ABD;100;5,88;216,6;227,7;11,1;
control system;1/28/2026, 11:09 PM;7KJ6I;27/01/2026;126;Tabaco;AB;100;6,65;1156;1163,7;7,7;
control system;1/28/2026, 11:10 PM;9XTBG;27/01/2026;128;Tabaco;COMPLETO;100;6,36;377,4;391,7;14,3;FERT
control system;1/29/2026, 04:56 PM;QZ5UX;20/01/2026;10;Soja;COMPLETO;100;6,3;1851;1866;15;FERTIRRIGAÇÃO
control system;1/29/2026, 04:58 PM;QVZXM;20/01/2026;20;Algodão;COMPLETO;100;6,84;1036;1056;20;PASSOU 5 HORAS
control system;1/29/2026, 05:00 PM;7OSWK;26/01/2026;25;Cacau;COMPLETO;100;5,8;1645;1659;14;
control system;1/29/2026, 05:01 PM;QJGEP;26/01/2026;29;Cacau;D;100;5,14;2593;2596;3;
control system;1/29/2026, 05:02 PM;78DMO;26/01/2026;31;Algodão;COMPLETO;100;6,18;59;75;16;
control system;1/29/2026, 05:05 PM;2B82R;26/01/2026;48;Algodão;COMPLETO;100;6,8;1044;1060;16;
control system;1/29/2026, 05:08 PM;JNMUR;26/01/2026;49;Algodão;COMPLETO;100;6,72;820;836;16;
control system;1/29/2026, 05:27 PM;1VAQU;27/01/2026;11;Soja;COMPLETO;100;5,52;192;206;14;FERTIRRIGAÇÃO
control system;1/29/2026, 05:29 PM;3U06X;27/01/2026;25;Cacau;COMPLETO;100;5,8;1659;1670;11;
control system;1/29/2026, 05:29 PM;EU70D;27/01/2026;27;Cacau;COMPLETO;100;5,34;1864;1876;12;
control system;1/29/2026, 05:31 PM;AD97P;27/01/2026;29;Cacau;COMPLETO;100;5,14;2596;2606;10;
control system;1/29/2026, 05:35 PM;FI18T;27/01/2026;31;Algodão;COMPLETO;100;6,18;75;90;15;
control system;1/29/2026, 05:36 PM;7HI6V;27/01/2026;32;Cacau;COMPLETO;100;5,7;921,4;937,4;16;
control system;1/29/2026, 05:38 PM;18F3Q;27/01/2026;33;Algodão;COMPLETO;100;6;96;110;14;
control system;1/29/2026, 05:39 PM;5YWMK;27/01/2026;48;Algodão;COMPLETO;100;6,8;1060;1076;16;
control system;1/29/2026, 05:39 PM;WS8K7;27/01/2026;49;Algodão;COMPLETO;100;6,72;836;852;16;
control system;1/29/2026, 05:42 PM;ZYKTC;28/01/2026;33;Algodão;COMPLETO;100;6;110;124;14;FERTIRRIGAÇÃO
control system;1/31/2026, 03:22 AM;OYLR2;28/01/2026;103;Algodão;COMPLETO;70;7,37;1264,8;1281,6;16,8;
control system;1/31/2026, 03:23 AM;Y7BGK;28/01/2026;115;Algodão;COMPLETO;100;6,44;93,1;107,4;14,3;
control system;1/31/2026, 03:26 AM;X2KM0;28/01/2026;116;Soja;COMPLETO;80;8,05;3249,2;3257,2;8;CANCELADO/CHUVA
control system;1/31/2026, 03:27 AM;X56CB;28/01/2026;117;Soja;COMPLETO;90;6,3;393,6;410,1;16,5;
control system;1/31/2026, 03:28 AM;0LJ3I;28/01/2026;119;Tabaco;COMPLETO;100;6,58;74,6;89,2;14,6;
control system;1/31/2026, 03:29 AM;AIMIZ;28/01/2026;121;Tabaco;COMPLETO;100;6,37;15,3;29,7;14,4;
control system;1/31/2026, 03:31 AM;OR2IT;28/01/2026;123;Soja;COMPLETO;80;8,49;2476,2;2495,5;19,3;
control system;1/31/2026, 03:31 AM;I1C30;28/01/2026;125;Soja;COMPLETO;60;7,5;416;437,6;21,6;
control system;1/31/2026, 03:34 AM;N67RO;28/01/2026;126;Tabaco;COMPLETO;100;6,65;1163,7;1177,4;13,7;FERTIRRIGAÇÃO
control system;1/31/2026, 03:35 AM;1OXTF;28/01/2026;129;Soja;COMPLETO;70;7,64;763,8;777,2;13,4;CANCELADO/CHUVA
control system;1/31/2026, 03:36 AM;XY1FV;28/01/2026;130;Soja;COMPLETO;90;6,4;98,9;114,8;15,9;
control system;1/31/2026, 03:37 AM;E4OF1;28/01/2026;133;Soja;COMPLETO;80;6,44;273;287,6;14,6;
control system;2/3/2026, 12:01 PM;7UPFL;28/01/2026;12;Soja;COMPLETO;100;6,3;720;735;15;FERTIRRIGAÇÃO
control system;2/3/2026, 12:10 PM;SWT8G;28/01/2026;14;Soja;COMPLETO;70;8,23;148;169;21;
control system;2/3/2026, 12:11 PM;X7VGY;28/01/2026;18;Soja;COMPLETO;70;9,3;495;515;20;
control system;2/3/2026, 12:12 PM;UET4I;28/01/2026;21;Algodão;COMPLETO;100;5,47;223,7;239;15,3;
control system;2/3/2026, 12:14 PM;YGCT8;28/01/2026;25;Cacau;COMPLETO;100;5,8;1670;1681,7;11,7;
control system;2/3/2026, 12:21 PM;LY3RI;28/01/2026;26;Algodão;COMPLETO;100;5,7;39;58;19;FERTIRRIGAÇÃO
control system;2/3/2026, 12:23 PM;HZGZ0;28/01/2026;27;Cacau;COMPLETO;100;5,34;1876;1888;12;
control system;2/3/2026, 12:24 PM;M2H6K;28/01/2026;28;Soja;COMPLETO;70;9,54;38,3;58;19,7;
control system;2/3/2026, 12:28 PM;T8LAN;28/01/2026;29;Cacau;COMPLETO;80;6,42;2606;2618;12;
control system;2/3/2026, 12:28 PM;LEOM1;28/01/2026;30;Algodão;COMPLETO;100;6;411;424;13;
control system;2/3/2026, 12:31 PM;ITM0D;28/01/2026;31;Algodão;COMPLETO;70;8,83;90;110;20;
control system;2/3/2026, 12:32 PM;3X129;28/01/2026;32;Cacau;AD;100;5,7;937,4;943,9;6,5;
control system;2/3/2026, 12:35 PM;I82S6;28/01/2026;34;Algodão;COMPLETO;100;6,72;1121;1136;15;FERTIRRIGAÇÃO
control system;2/3/2026, 12:40 PM;R9VXZ;28/01/2026;45;Soja;COMPLETO;70;8,74;133;153;20;
control system;2/3/2026, 12:40 PM;EVYB5;28/01/2026;46;Soja;COMPLETO;70;9,51;77;100;23;
control system;2/3/2026, 12:45 PM;B1DO9;28/01/2026;50;Soja;COMPLETO;70;9,69;339,1;358;18,9;
control system;2/3/2026, 12:47 PM;HUTTR;28/01/2026;52;Soja;COMPLETO;70;9,94;2588;2610;22;
control system;2/3/2026, 12:49 PM;8LJB2;28/01/2026;55;Soja;COMPLETO;70;9,26;1463;1484;21;
control system;2/3/2026, 12:50 PM;6OWI0;28/01/2026;66;Algodão;COMPLETO;80;7;366;381;15;
control system;2/3/2026, 12:50 PM;BCHKA;28/01/2026;67;Algodão;COMPLETO;70;7,14;266;281;15;
control system;2/3/2026, 12:52 PM;GIOJD;28/01/2026;72;Soja;COMPLETO;70;8,74;315;334;19;
control system;2/3/2026, 04:49 PM;TIE5D;29/01/2026;8;Soja;COMPLETO;90;7,31;1992;2008;16;
control system;2/3/2026, 04:52 PM;3ZIKS;29/01/2026;9;Soja;COMPLETO;70;7,8;787;803;16;
control system;2/3/2026, 04:55 PM;JJT5W;29/01/2026;10;Soja;COMPLETO;100;6,3;1866;1881;15;FERTIRRIGAÇÃO
control system;2/3/2026, 04:56 PM;RYWEG;29/01/2026;11;Soja;COMPLETO;80;6,9;206;222;16;
control system;2/3/2026, 05:01 PM;UFLMP;29/01/2026;13;Soja;COMPLETO;60;7,13;62;78;16;
control system;2/3/2026, 05:07 PM;QJJEV;29/01/2026;16;Algodão;COMPLETO;100;7,19;0;15;15;
control system;2/3/2026, 05:08 PM;Q1379;29/01/2026;22;Algodão;COMPLETO;100;7,21;687;701;14;
control system;2/3/2026, 05:13 PM;6JCII;29/01/2026;24;Algodão;COMPLETO;100;6,3;1640;1655;15;
control system;2/3/2026, 05:17 PM;48B6S;29/01/2026;25;Cacau;AB;100;5,8;1681,7;1688;6,3;
control system;2/3/2026, 05:19 PM;AMLAX;30/01/2026;26;Algodão;COMPLETO;100;5,7;58;77;19;
control system;2/3/2026, 05:19 PM;C7BP2;29/01/2026;27;Cacau;COMPLETO;100;5,34;1888;1899;11;
control system;2/3/2026, 05:22 PM;6NON7;29/01/2026;29;Cacau;D;80;6,42;2618;2622;4;
control system;2/3/2026, 05:23 PM;H54TW;29/01/2026;30;Algodão;COMPLETO;100;6;424;440;16;
control system;2/3/2026, 05:25 PM;T24PR;29/01/2026;31;Algodão;COMPLETO;70;8,83;110;131;21;
control system;2/3/2026, 05:26 PM;EEUCM;29/01/2026;32;Cacau;AD;100;5,7;943,9;951,5;7,6;
control system;2/3/2026, 05:27 PM;5JJQY;29/01/2026;37;Soja;COMPLETO;70;12,91;1356;1370,9;14,9;
control system;2/3/2026, 05:31 PM;994I0;29/01/2026;46;Soja;COMPLETO;100;6,66;100;114;14;
control system;2/3/2026, 05:33 PM;ZGGLM;29/01/2026;51;Soja;COMPLETO;70;8,64;796;815;19;
control system;2/3/2026, 05:34 PM;HFOIM;29/01/2026;50;Soja;COMPLETO;100;6,78;358;370;12;
control system;2/3/2026, 05:42 PM;NEPV7;30/01/2026;13;Soja;COMPLETO;100;4,28;78;88;10;FERTIRRIGAÇÃO
control system;2/3/2026, 05:43 PM;7AG53;30/01/2026;14;Soja;COMPLETO;70;8,23;169;190;21;
control system;2/3/2026, 05:44 PM;AX24I;30/01/2026;18;Soja;COMPLETO;70;9,3;515;535;20;
control system;2/3/2026, 05:46 PM;C6G1E;30/01/2026;21;Algodão;COMPLETO;100;5,47;239;254;15;
control system;2/3/2026, 05:49 PM;1T77U;30/01/2026;22;Algodão;COMPLETO;100;7,21;701;715;14;
control system;2/3/2026, 05:49 PM;AU5QB;30/01/2026;24;Algodão;COMPLETO;100;6,3;1655;1670;15;
control system;2/3/2026, 05:52 PM;DKGQ5;30/01/2026;25;Cacau;COMPLETO;100;5,8;1688;1698,7;10,7;
control system;2/3/2026, 05:57 PM;QXSJO;30/01/2026;28;Soja;COMPLETO;70;9,54;58;78;20;
control system;2/3/2026, 05:58 PM;HJI72;30/01/2026;29;Cacau;COMPLETO;80;6,42;2622;2634;12;
control system;2/3/2026, 06:01 PM;0WEJ6;30/01/2026;30;Algodão;COMPLETO;100;6;440;454;14;
control system;2/3/2026, 06:02 PM;O7HZP;30/01/2026;31;Algodão;COMPLETO;70;8,83;131;153;22;
control system;2/3/2026, 06:03 PM;OGWDM;30/01/2026;32;Cacau;COMPLETO;100;5,7;951,5;957,5;6;
control system;2/3/2026, 06:03 PM;BZW3F;30/01/2026;45;Soja;COMPLETO;70;8,74;153;173;20;
control system;2/3/2026, 06:04 PM;FRZHO;30/01/2026;50;Soja;COMPLETO;70;9,69;370;388;18;
control system;2/3/2026, 06:05 PM;5FUKA;30/01/2026;52;Soja;COMPLETO;70;9,94;2610;2631;21;
control system;2/3/2026, 06:06 PM;CJIVM;30/01/2026;55;Soja;COMPLETO;70;9,26;1484;1504;20;
control system;2/3/2026, 06:07 PM;FDNCE;30/01/2026;60;Algodão;COMPLETO;70;9,69;484;505;21;
control system;2/3/2026, 06:09 PM;99VI1;30/01/2026;63;Algodão;COMPLETO;100;3,54;611;618;7;
control system;2/3/2026, 06:11 PM;HL4C9;30/01/2026;72;Soja;COMPLETO;70;8,74;334;352;18;
control system;2/3/2026, 10:51 PM;A0RBB;29/01/2026;101;Algodão;COMPLETO;80;6,97;2513,4;2529,9;16,5;
control system;2/3/2026, 10:53 PM;T1S4W;29/01/2026;106;Soja;COMPLETO;60;8,9;1827,3;1846,6;19,3;
control system;2/3/2026, 10:54 PM;M6MJV;29/01/2026;109;Algodão;COMPLETO;100;5,83;814,9;819,4;4,5;CANCELADO/CHUVA
control system;2/3/2026, 10:55 PM;9IDKA;29/01/2026;110;Algodão;COMPLETO;100;5,5;1193,9;1208,4;14,5;
control system;2/3/2026, 10:56 PM;JCK9V;29/01/2026;113;Soja;COMPLETO;70;9,1;750,1;771,4;21,3;
control system;2/3/2026, 10:58 PM;ORNZX;29/01/2026;119;Tabaco;COMPLETO;100;6,58;89,2;111,2;22;
control system;2/3/2026, 10:59 PM;2LXPD;29/01/2026;122;Soja;COMPLETO;70;9;2034,8;2055,4;20,6;
control system;2/3/2026, 11:01 PM;KWJKY;29/01/2026;124;Tabaco;COMPLETO;100;5,88;227,7;248,4;20,7;
control system;2/3/2026, 11:03 PM;KJT0O;29/01/2026;127;Soja;COMPLETO;70;6,89;273,3;273,6;0,3;CANCELADO/CHUVA
control system;2/3/2026, 11:05 PM;HD09P;30/01/2026;101;Algodão;COMPLETO;100;5,58;2529,9;2543,3;13,4;
control system;2/3/2026, 11:06 PM;0UXBY;30/01/2026;103;Algodão;COMPLETO;70;7,37;1281,6;1298,5;16,9;
control system;2/3/2026, 11:07 PM;E43VB;30/01/2026;117;Soja;COMPLETO;90;6,3;410,1;425,8;15,7;
control system;2/3/2026, 11:08 PM;8EY9K;30/01/2026;119;Tabaco;COMPLETO;100;6,58;111,2;124,2;13;
control system;2/3/2026, 11:09 PM;B2TDO;30/01/2026;123;Soja;COMPLETO;70;9,7;2495,5;2497,2;1,7;CANCELADO/CHUVA
control system;2/3/2026, 11:10 PM;DB7MW;30/01/2026;124;Tabaco;C;100;5,88;248,4;250;1,6;C+C
control system;2/3/2026, 11:12 PM;JG3JJ;30/01/2026;125;Soja;COMPLETO;60;7,5;437,6;456,7;19,1;CANCELADO/CHUVA
control system;2/3/2026, 11:13 PM;IL4ZH;30/01/2026;128;Tabaco;COMPLETO;100;6,36;391,7;405,9;14,2;FERTI
control system;2/3/2026, 11:13 PM;MCDR6;30/01/2026;133;Soja;COMPLETO;80;6,44;287,6;302;14,4;
control system;2/3/2026, 11:15 PM;VM288;31/01/2026;101;Algodão;COMPLETO;100;5,58;2543,3;2555,8;12,5;
control system;2/3/2026, 11:16 PM;8LU8Y;31/01/2026;103;Algodão;COMPLETO;100;5,16;1298,5;1310,1;11,6;
control system;2/3/2026, 11:17 PM;97KIC;31/01/2026;105;Algodão;COMPLETO;70;7,37;81,9;98,7;16,8;
control system;2/3/2026, 11:18 PM;RFQF6;31/01/2026;107;Algodão;COMPLETO;70;6,69;97,6;113,9;16,3;
control system;2/3/2026, 11:18 PM;6LRG9;31/01/2026;119;Tabaco;COMPLETO;100;6,58;124,2;139,6;15,4;
control system;2/3/2026, 11:19 PM;ACSSM;31/01/2026;124;Tabaco;COMPLETO;100;5,88;250;264,4;14,4;
control system;2/3/2026, 11:21 PM;F21YK;01/02/2026;101;Algodão;COMPLETO;100;5,58;2555,8;2568,3;12,5;
control system;2/3/2026, 11:22 PM;TNAI3;01/02/2026;103;Algodão;COMPLETO;100;5,16;1310,1;1317,5;7,4;CANCELADO/CHUVA
control system;2/3/2026, 11:23 PM;VYAIX;01/02/2026;104;Algodão;COMPLETO;70;7,07;2497,2;2509,1;11,9;CANCELADO/CHUVA
control system;2/3/2026, 11:24 PM;W83RD;01/02/2026;119;Tabaco;COMPLETO;100;6,58;139,6;142,1;2,5;CANCELADO/CHUVA
control system;2/3/2026, 11:27 PM;SWCTJ;01/02/2026;124;Tabaco;C;100;5,88;264,4;268;3,6;C
control system;2/4/2026, 11:47 AM;8F86K;31/01/2026;1;Algodão;COMPLETO;50;10,9;1389;1417;28;
control system;2/4/2026, 11:50 AM;LJ6H6;31/01/2026;8;Soja;COMPLETO;70;9,4;2008;2023;15;FALTOU 6 HORAS, CHUVA
control system;2/4/2026, 11:52 AM;05F37;31/01/2026;9;Soja;COMPLETO;65;8,4;803;821;18;
control system;2/4/2026, 11:53 AM;NAKUF;31/01/2026;10;Soja;COMPLETO;70;9;1881;1894;13;FALTOU 6 HORAS, CHUVA
control system;2/4/2026, 11:55 AM;13PMW;31/01/2026;11;Soja;COMPLETO;70;7,89;222;234;12;FALTOU 7 HORAS, CHUVA
control system;2/4/2026, 11:56 AM;WOK2L;31/01/2026;12;Soja;1/2-PIVO;70;9;735;746;11;
control system;2/4/2026, 11:57 AM;RI2OZ;31/01/2026;13;Soja;COMPLETO;70;6,11;88;102;14;
control system;2/4/2026, 11:58 AM;7J6UC;31/01/2026;21;Algodão;COMPLETO;100;5,47;254;269;15;
control system;2/4/2026, 11:58 AM;RYV83;31/01/2026;22;Algodão;COMPLETO;100;7,21;715;729;14;
control system;2/4/2026, 12:01 PM;M1N8K;31/01/2026;27;Cacau;A;100;5,34;1899;1901;2;
control system;2/4/2026, 12:02 PM;Z0JXQ;31/01/2026;29;Cacau;D;80;6,42;2634;2637;3;
control system;2/4/2026, 12:02 PM;YO244;31/01/2026;30;Algodão;COMPLETO;100;6;454;468;14;
control system;2/4/2026, 12:04 PM;Z9MYQ;31/01/2026;32;Cacau;AD;100;5,7;957,5;964,5;7;
control system;2/4/2026, 12:05 PM;5LEN9;31/01/2026;46;Soja;COMPLETO;100;6,66;114;125;11;
control system;2/4/2026, 12:05 PM;U5G2D;31/01/2026;24;Algodão;COMPLETO;100;6,3;1670;1684;14;
control system;2/4/2026, 12:06 PM;LLV8S;31/01/2026;51;Soja;COMPLETO;85;7,12;815;830;15;
control system;2/4/2026, 12:07 PM;HGYPR;31/01/2026;66;Algodão;COMPLETO;60;9,33;381;401;20;
control system;2/4/2026, 12:09 PM;AI8SI;31/01/2026;67;Algodão;COMPLETO;50;10;281;302;21;
control system;2/4/2026, 12:10 PM;03GFP;31/01/2026;68;Algodão;COMPLETO;100;4,8;1329;1339;10;
control system;2/6/2026, 04:39 AM;LOST5;04/02/2026;108;Algodão;COMPLETO;100;5,34;1290,9;1293,7;2,8;CANCELADO/CHUVA
control system;2/6/2026, 04:40 AM;S8O3W;04/02/2026;121;Tabaco;A;100;6,37;29,7;33,9;4,2;Q: A
control system;2/6/2026, 05:12 PM;R1DIY;04/02/2026;12;Soja;COMPLETO;100;6,3;746;761;15;FERTIRRIGAÇÃO
control system;2/6/2026, 05:13 PM;SJ040;04/02/2026;57;Algodão;COMPLETO;100;5,88;105;119;14;FERTIRRIGAÇÃO
control system;2/6/2026, 05:16 PM;3FF2Y;05/02/2026;14;Soja;COMPLETO;100;5,76;190;205;15;FERTIRRIGAÇÃO
control system;2/6/2026, 05:18 PM;100VY;05/02/2026;24;Algodão;COMPLETO;100;6,3;0;15;15;
control system;2/6/2026, 05:19 PM;3GNA8;05/02/2026;25;Cacau;COMPLETO;100;5,8;1698,7;1710,3;11,6;FERTIRRIGAÇÃO
control system;2/6/2026, 05:20 PM;KD8EC;05/02/2026;59;Algodão;COMPLETO;100;5,18;169;184;15;FERTIRRIGAÇÃO
control system;2/9/2026, 10:17 PM;LINBT;05/02/2026;118;Tabaco;COMPLETO;100;6,44;2462,5;14,2;14,2;
control system;2/9/2026, 10:18 PM;VLJ67;05/02/2026;121;Tabaco;AB;100;6,37;33,9;40,9;7;
control system;2/9/2026, 10:20 PM;RYUX2;06/02/2026;116;Soja;COMPLETO;100;6,44;3257,2;3269,1;11,9;
control system;2/9/2026, 10:21 PM;XI8GA;06/02/2026;117;Soja;COMPLETO;100;5,67;425,8;441,7;15,9;
control system;2/9/2026, 10:22 PM;GCG6U;06/02/2026;119;Tabaco;COMPLETO;100;6,58;142,1;157,6;15,5;FERTI
control system;2/9/2026, 10:25 PM;XOL2P;06/02/2026;121;Tabaco;ABD;100;6,37;40,9;51,9;11;
control system;2/9/2026, 10:26 PM;0Y5GZ;06/02/2026;124;Tabaco;COMPLETO;100;5,88;268;282,5;14,5;
control system;2/9/2026, 10:26 PM;Q4FF4;06/02/2026;125;Soja;COMPLETO;100;4,5;456,7;468,6;11,9;
control system;2/9/2026, 10:27 PM;ZHY99;06/02/2026;126;Tabaco;COMPLETO;100;6,65;1177,4;1191,3;13,9;FERTI
control system;2/9/2026, 10:27 PM;MECT2;06/02/2026;130;Soja;COMPLETO;100;5,76;114,8;129,1;14,3;
control system;2/9/2026, 10:31 PM;E4ZEO;07/02/2026;105;Algodão;COMPLETO;70;7,37;98,7;115,7;17;
control system;2/9/2026, 10:38 PM;J7PYR;07/02/2026;118;Tabaco;A;100;6,44;14,2;17,8;3,6;
control system;2/9/2026, 10:39 PM;HSDEO;07/02/2026;121;Tabaco;ABD;100;6,37;51,9;60,2;8,3;
control system;2/9/2026, 11:08 PM;888G5;08/02/2026;102;Algodão;COMPLETO;70;7,97;113;129,3;16,3;
control system;2/9/2026, 11:09 PM;XPAIL;08/02/2026;104;Algodão;COMPLETO;70;7,07;2509,1;2525,5;16,4;
control system;2/9/2026, 11:09 PM;ICAIB;08/02/2026;107;Algodão;COMPLETO;70;6,69;113,9;130,5;16,6;
control system;2/9/2026, 11:11 PM;ZL917;08/02/2026;118;Tabaco;A;100;6,44;17,8;21,3;3,5;
control system;2/9/2026, 11:12 PM;JZZSF;08/02/2026;122;Soja;COMPLETO;70;9;2055,4;2076,5;21,1;
control system;2/9/2026, 11:13 PM;5IESJ;08/02/2026;123;Soja;COMPLETO;70;9,7;2497,2;2517,7;20,5;
control system;2/9/2026, 11:14 PM;PTON7;08/02/2026;126;Tabaco;COMPLETO;100;6,65;1191,3;1205;13,7;
control system;2/11/2026, 10:51 AM;4ARS8;06/02/2026;13;Soja;COMPLETO;100;4,28;102;112;10;FERTIRRIGAÇÃO
control system;2/11/2026, 10:52 AM;DTYKU;06/02/2026;25;Cacau;AB;100;5,8;1710,3;1716,3;6;
control system;2/11/2026, 10:59 AM;6LA80;06/02/2026;27;Cacau;COMPLETO;100;5,34;1901;1913;12;
control system;2/11/2026, 11:26 AM;AS6TP;06/02/2026;29;Cacau;COMPLETO;100;5,14;2637;2646;9;FERTIRRIGAÇÃO
control system;2/11/2026, 11:31 AM;AIG72;06/02/2026;32;Cacau;ACD;100;5,7;964,5;975;10,5;
control system;2/11/2026, 11:35 AM;QE4PE;07/02/2026;7;Soja;COMPLETO;70;7,89;0;18;18;
control system;2/11/2026, 11:36 AM;I8MNG;07/02/2026;11;Soja;COMPLETO;70;7,89;234;235;1;CHUVA
control system;2/11/2026, 11:38 AM;K7GY5;07/02/2026;12;Soja;COMPLETO;70;9;761;783;22;
control system;2/11/2026, 11:43 AM;TY5CN;06/02/2026;15;Algodão;COMPLETO;100;7,38;0;16;16;
control system;2/11/2026, 11:45 AM;8YS3X;07/02/2026;15;Algodão;COMPLETO;100;7,38;16;31;15;
control system;2/11/2026, 11:51 AM;VGU5R;07/02/2026;17;Algodão;COMPLETO;100;6,3;434;448;14;
control system;2/11/2026, 11:53 AM;7PO7N;07/02/2026;18;Soja;COMPLETO;70;9,3;535;557;22;
control system;2/11/2026, 11:57 AM;OBUGU;07/02/2026;20;Algodão;COMPLETO;100;6,84;1056;1074;18;
control system;2/11/2026, 11:58 AM;F0PR6;07/02/2026;25;Cacau;COMPLETO;100;5,8;1716,3;1728,3;12;
control system;2/11/2026, 11:59 AM;JZ5P5;07/02/2026;26;Algodão;COMPLETO;100;5,7;77;89;12;
control system;2/11/2026, 12:00 PM;LR5DI;07/02/2026;27;Cacau;COMPLETO;100;5,34;1913;1925;12;
control system;2/11/2026, 12:02 PM;U1301;07/02/2026;29;Cacau;COMPLETO;100;5,14;2646;2658;12;
control system;2/11/2026, 12:03 PM;ENZZ3;07/02/2026;32;Cacau;ACD;100;5,7;975;985,5;10,5;
control system;2/11/2026, 12:04 PM;9DWOE;07/02/2026;42;Algodão;COMPLETO;100;5,76;984;996;12;
control system;2/11/2026, 12:05 PM;I09FC;07/02/2026;45;Soja;COMPLETO;70;8,74;173;192;19;
control system;2/11/2026, 12:06 PM;6I08P;07/02/2026;62;Algodão;COMPLETO;100;5,58;78,4;93,6;15,2;
control system;2/11/2026, 12:09 PM;MVSHT;07/02/2026;66;Algodão;COMPLETO;70;8;401;418;17;
control system;2/11/2026, 12:10 PM;S35DW;07/02/2026;67;Algodão;COMPLETO;70;7,14;302;317;15;
control system;2/11/2026, 12:11 PM;RO0VL;07/02/2026;71;Soja;COMPLETO;70;6,93;32,25;39,75;7,5;
control system;2/11/2026, 12:14 PM;Y60FR;08/02/2026;1;Algodão;COMPLETO;100;5,45;1417;1432;15;
control system;2/11/2026, 12:16 PM;9BLFY;08/02/2026;14;Soja;COMPLETO;70;8,23;205;226;21;
control system;2/11/2026, 12:17 PM;QPIQ4;08/02/2026;15;Algodão;COMPLETO;100;7,38;31;46;15;
control system;2/11/2026, 12:18 PM;SFZ2S;08/02/2026;16;Algodão;COMPLETO;90;7,99;15;31;16;
control system;2/11/2026, 12:19 PM;ZAD6W;08/02/2026;17;Algodão;COMPLETO;100;6,3;448;462;14;
control system;2/11/2026, 12:20 PM;OIW2Q;08/02/2026;39;Algodão;COMPLETO;100;5,58;0;12;12;
control system;2/11/2026, 12:21 PM;PT32G;08/02/2026;42;Algodão;COMPLETO;100;5,76;996;1008;12;
control system;2/11/2026, 12:22 PM;U7OYD;08/02/2026;50;Soja;COMPLETO;100;6,78;388;401;13;
control system;2/11/2026, 12:23 PM;94D72;08/02/2026;55;Soja;COMPLETO;90;7,2;1504;1519;15;
control system;2/11/2026, 12:23 PM;VSVEB;08/02/2026;57;Algodão;COMPLETO;70;8,4;119;140;21;
control system;2/11/2026, 12:24 PM;YEBHA;08/02/2026;59;Algodão;COMPLETO;70;7,4;184;205;21;
control system;2/11/2026, 12:25 PM;O7LTP;08/02/2026;60;Algodão;COMPLETO;70;9,69;505;526;21;
control system;2/11/2026, 12:25 PM;TBVD6;08/02/2026;61;Algodão;COMPLETO;70;8,7;964;985;21;
control system;2/12/2026, 12:21 PM;5VOEP;09/02/2026;1;Algodão;COMPLETO;100;5,45;1432;1447;15;FERTIRRIGAÇÃO
control system;2/12/2026, 12:37 PM;MB9AD;09/02/2026;7;Soja;COMPLETO;70;7,89;18;36;18;
control system;2/12/2026, 12:54 PM;4WGMV;09/02/2026;9;Soja;COMPLETO;70;7,8;821;840;19;
control system;2/12/2026, 12:56 PM;M4LXG;09/02/2026;12;Soja;COMPLETO;70;9;783;789;6;CHUVA
control system;2/12/2026, 12:56 PM;Z31GO;09/02/2026;13;Soja;COMPLETO;50;8,56;112;132;20;
control system;2/12/2026, 12:58 PM;1YCQS;09/02/2026;15;Algodão;COMPLETO;100;7,38;46;61;15;
control system;2/12/2026, 12:58 PM;WILNF;09/02/2026;16;Algodão;COMPLETO;100;7,19;31;46;15;
control system;2/12/2026, 12:59 PM;OEQ6V;09/02/2026;17;Algodão;COMPLETO;100;6,3;462;476;14;
control system;2/12/2026, 01:00 PM;SM4FL;09/02/2026;18;Soja;COMPLETO;70;9,3;557;579;22;
control system;2/12/2026, 01:02 PM;PQHJZ;09/02/2026;19;Algodão;COMPLETO;100;5,75;425;440;15;
control system;2/12/2026, 01:03 PM;7U21W;09/02/2026;27;Cacau;COMPLETO;70;7,63;1925;1941;16;
control system;2/12/2026, 01:04 PM;AAG2Y;09/02/2026;28;Soja;COMPLETO;70;9,54;78;98;20;
control system;2/12/2026, 01:05 PM;U6DH0;09/02/2026;39;Algodão;COMPLETO;100;5,58;12;24;12;
control system;2/12/2026, 01:05 PM;MSB9C;09/02/2026;42;Algodão;COMPLETO;100;5,76;1008;1020;12;
control system;2/12/2026, 01:06 PM;1S5WH;09/02/2026;45;Soja;COMPLETO;100;6,12;192;207;15;FERTIRRIGAÇÃO
control system;2/12/2026, 01:07 PM;CAPZR;09/02/2026;46;Soja;COMPLETO;70;9,51;125;145;20;
control system;2/12/2026, 01:07 PM;IJQIN;09/02/2026;70;Algodão;COMPLETO;70;9,17;111;132;21;
control system;2/12/2026, 01:08 PM;7GTKO;09/02/2026;73;Algodão;COMPLETO;70;9,66;1094;1116;22;
control system;2/12/2026, 01:13 PM;G5MSL;10/02/2026;8;Soja;COMPLETO;70;9,4;2023;2027;4;CHUVA
control system;2/12/2026, 01:16 PM;FLYLM;10/02/2026;15;Algodão;COMPLETO;100;7,38;61;74;13;
control system;2/12/2026, 01:18 PM;GQ1J0;10/02/2026;17;Algodão;COMPLETO;100;6,3;476;490;14;
control system;2/12/2026, 01:19 PM;OFQA1;10/02/2026;19;Algodão;COMPLETO;100;5,75;440;455;15;
control system;2/12/2026, 01:19 PM;TOGGM;10/02/2026;22;Algodão;COMPLETO;100;7,21;729;739;10;
control system;2/12/2026, 01:21 PM;K20SH;10/02/2026;25;Cacau;COMPLETO;100;5,8;1728,3;1740,3;12;
control system;2/12/2026, 01:23 PM;CCZPR;10/02/2026;26;Algodão;COMPLETO;100;5,7;89;105;16;FERTIRRIGAÇÃO
control system;2/12/2026, 01:24 PM;WCETX;10/02/2026;39;Algodão;COMPLETO;100;5,58;24;36;12;
control system;2/12/2026, 01:24 PM;U33DV;10/02/2026;42;Algodão;COMPLETO;100;5,76;1020;1032;12;
control system;2/12/2026, 01:25 PM;CG4K6;10/02/2026;51;Soja;COMPLETO;70;8,64;830;849;19;
control system;2/12/2026, 01:26 PM;OSVVH;10/02/2026;60;Algodão;COMPLETO;70;9,69;526;547;21;
control system;2/12/2026, 01:28 PM;Z1I69;10/02/2026;62;Algodão;COMPLETO;70;7,97;93,6;113,6;20;
control system;2/12/2026, 01:29 PM;A2S4S;10/02/2026;67;Algodão;COMPLETO;60;8,33;317;335;18;
control system;2/14/2026, 01:37 AM;CZ45E;09/02/2026;110;Algodão;COMPLETO;60;9,17;1208,4;1212,8;4,4;CANCELADO/CHUVA
control system;2/14/2026, 01:37 AM;QAU3C;09/02/2026;112;Algodão;COMPLETO;100;6,37;0;15;15;
control system;2/14/2026, 01:38 AM;TBBAB;09/02/2026;114;Algodão;COMPLETO;100;5,94;0;14,3;14,3;
control system;2/14/2026, 01:40 AM;7YZ86;09/02/2026;117;Soja;COMPLETO;70;8,1;441,7;463,3;21,6;
control system;2/14/2026, 01:42 AM;HA1QW;09/02/2026;118;Tabaco;COMPLETO;100;6,44;17,8;35,6;17,8;
control system;2/14/2026, 01:42 AM;T1EPH;09/02/2026;119;Tabaco;COMPLETO;100;6,58;157,6;171,9;14,3;
control system;2/14/2026, 01:43 AM;WD4ZJ;09/02/2026;121;Tabaco;COMPLETO;100;6,37;60,2;73,9;13,7;
control system;2/14/2026, 01:44 AM;IDDZF;09/02/2026;124;Tabaco;COMPLETO;100;5,88;282,5;297;14,5;
control system;2/14/2026, 01:44 AM;W8SIV;09/02/2026;125;Soja;COMPLETO;70;6,43;468,6;485;16,4;
control system;2/14/2026, 01:48 AM;AW0YV;09/02/2026;127;Soja;COMPLETO;70;6,89;273,6;275,5;1,9;CANCELADO/CHUVA
control system;2/14/2026, 01:49 AM;ZOLCX;09/02/2026;129;Soja;COMPLETO;70;7,64;777,2;793,6;16,4;
control system;2/14/2026, 01:50 AM;0KJBZ;10/02/2026;104;Algodão;COMPLETO;70;7,07;2525,5;2541,7;16,2;
control system;2/14/2026, 01:51 AM;I873P;10/02/2026;115;Algodão;COMPLETO;70;9,2;107,4;115,9;8,5;CANCELADO/CHUVA
control system;2/14/2026, 01:52 AM;Y9QTE;10/02/2026;119;Tabaco;COMPLETO;100;6,58;171,9;179,8;7,9;CANCELADO/CHUVA
control system;2/14/2026, 01:53 AM;1B9Q8;10/02/2026;121;Tabaco;COMPLETO;100;6,37;73,9;88;14,1;
control system;2/14/2026, 01:54 AM;V1MB6;10/02/2026;126;Tabaco;COMPLETO;100;6,65;1205;1218,9;13,9;FERTI
control system;2/14/2026, 01:55 AM;4UH03;10/02/2026;130;Soja;COMPLETO;70;8,23;129,1;145,5;16,4;CANCELADO/CHUVA
control system;2/14/2026, 01:56 AM;FC4ER;10/02/2026;133;Soja;COMPLETO;60;8,58;302;304,2;2,2;CANCELADO/CHUVA
control system;2/18/2026, 11:23 AM;IOSP7;13/02/2026;13;Soja;COMPLETO;100;4,28;132;142;10;FERTIRRIGÇÃO
control system;2/18/2026, 11:24 AM;MYD9F;13/02/2026;19;Soja;COMPLETO;100;5,75;455;470;15;
control system;2/18/2026, 11:25 AM;0XDQ8;13/02/2026;27;Cacau;D;100;5,34;1941;1944;3;
control system;2/18/2026, 11:34 AM;AAZ1T;13/02/2026;32;Cacau;ACD;100;5,7;985,5;996;10,5;
control system;2/18/2026, 11:36 AM;UVMTO;13/02/2026;39;Algodão;1/2-PIVO;100;5,58;36;42;6;FERTIRRIGÇÃO 1/2
control system;2/18/2026, 11:41 AM;Q1CJB;14/02/2026;25;Cacau;COMPLETO;80;7,25;1740,3;1755,3;15;
control system;2/18/2026, 11:44 AM;EFNA5;14/02/2026;27;Cacau;COMPLETO;100;5,34;1944;1956;12;
control system;2/18/2026, 11:46 AM;DNGA3;14/02/2026;29;Cacau;COMPLETO;80;6,42;2658;2670;12;
control system;2/18/2026, 11:49 AM;LU82T;14/02/2026;32;Cacau;ACD;100;5,7;996;1006,5;10,5;
control system;2/18/2026, 11:55 AM;TPHTK;14/02/2026;35;Algodão;COMPLETO;100;5,82;2207;2222;15;
control system;2/18/2026, 11:56 AM;AHHGA;14/02/2026;39;Algodão;COMPLETO;70;7,97;42;59;17;
control system;2/18/2026, 11:59 AM;RT6K6;14/02/2026;43;Algodão;COMPLETO;100;6,79;1928;1944;16;
control system;2/18/2026, 12:00 PM;YKH0J;14/02/2026;57;Algodão;COMPLETO;100;5,88;140;154;14;
control system;2/18/2026, 12:02 PM;APT2G;14/02/2026;59;Algodão;COMPLETO;100;5,18;205;219;14;
control system;2/18/2026, 12:04 PM;W3S1R;14/02/2026;64;Algodão;COMPLETO;100;5,45;0;11;11;
control system;2/18/2026, 12:18 PM;RX6IB;15/02/2026;1;Algodão;COMPLETO;70;7,79;1447;1466;19;
control system;2/18/2026, 12:20 PM;U4EZV;15/02/2026;2;Algodão;COMPLETO;100;5,3;453;466;13;
control system;2/18/2026, 12:22 PM;HB8WE;15/02/2026;8;Soja;COMPLETO;70;9,4;2027;2049;22;
control system;2/18/2026, 12:23 PM;0CQG5;15/02/2026;9;Soja;COMPLETO;70;7,8;840;862;22;
control system;2/18/2026, 12:26 PM;TAIT3;15/02/2026;11;Soja;COMPLETO;70;7,89;235;256;21;
control system;2/18/2026, 12:26 PM;YGCCF;15/02/2026;13;Soja;COMPLETO;70;6,11;142;156;14;
control system;2/18/2026, 12:27 PM;C6GI2;15/02/2026;14;Soja;COMPLETO;70;8,23;226;247;21;
control system;2/18/2026, 12:28 PM;IVZRL;15/02/2026;18;Soja;COMPLETO;70;9,3;579;600;21;
control system;2/18/2026, 12:29 PM;DEIP1;15/02/2026;27;Cacau;D;100;5,34;1956;1959;3;
control system;2/18/2026, 12:30 PM;GX4AF;15/02/2026;32;Cacau;ACD;100;5,7;1006,5;1017;10,5;
control system;2/18/2026, 12:33 PM;ETEVL;15/02/2026;33;Algodão;COMPLETO;70;8,57;124;148;24;
control system;2/18/2026, 12:40 PM;LALCD;15/02/2026;35;Algodão;COMPLETO;100;5,82;2222;2237;15;
control system;2/18/2026, 12:41 PM;CE7ST;15/02/2026;43;Algodão;COMPLETO;100;6,79;1944;1959;15;
control system;2/18/2026, 12:44 PM;IJC4L;15/02/2026;45;Soja;COMPLETO;70;8,74;207;227;20;
control system;2/18/2026, 12:56 PM;TGC9N;15/02/2026;46;Soja;COMPLETO;70;9,51;145;163;18;
control system;2/18/2026, 12:57 PM;E821U;15/02/2026;50;Soja;COMPLETO;70;9,69;401;419;18;
control system;2/18/2026, 12:58 PM;NG7JQ;15/02/2026;60;Algodão;COMPLETO;70;9,69;547;568;21;
control system;2/18/2026, 12:58 PM;76X1B;15/02/2026;64;Algodão;COMPLETO;100;5,45;11;22;11;
control system;2/18/2026, 12:59 PM;31L1P;15/02/2026;66;Algodão;COMPLETO;60;9,33;418;438;20;
control system;2/18/2026, 01:01 PM;LHE3F;15/02/2026;71;Soja;ABC;70;6,93;39,75;47,25;7,5;
control system;2/19/2026, 04:33 PM;CS6W7;16/02/2026;2;Algodão;COMPLETO;100;5,3;466;478;12;
control system;2/19/2026, 04:33 PM;F6RT4;16/02/2026;7;Soja;COMPLETO;70;7,89;36;54;18;
control system;2/19/2026, 04:45 PM;L7BIB;16/02/2026;10;Soja;COMPLETO;70;9;1894;1914;20;
control system;2/19/2026, 04:52 PM;LIUYE;16/02/2026;12;Soja;COMPLETO;70;9;789;810;21;
control system;2/19/2026, 04:53 PM;NFFPQ;16/02/2026;20;Algodão;COMPLETO;70;9,77;1074;1096;22;
control system;2/19/2026, 04:54 PM;Y1H9E;16/02/2026;24;Algodão;COMPLETO;70;9;15;35;20;
control system;2/19/2026, 04:56 PM;43IEV;16/02/2026;25;Cacau;COMPLETO;80;7,25;1755,3;1770;14,7;
control system;2/19/2026, 04:58 PM;QPEPZ;16/02/2026;27;Cacau;COMPLETO;100;5,34;1959;1969;10;
control system;2/19/2026, 04:59 PM;337ZU;16/02/2026;28;Soja;COMPLETO;70;9,54;98;118;20;
control system;2/19/2026, 05:00 PM;BGWA3;16/02/2026;29;Cacau;COMPLETO;80;6,42;2670;2683;13;
control system;2/19/2026, 05:03 PM;QQHBE;16/02/2026;32;Cacau;ACD;100;5,7;1017;1027;10;
control system;2/19/2026, 05:05 PM;EW09H;16/02/2026;34;Algodão;COMPLETO;70;9,6;1136;1156;20;
control system;2/19/2026, 05:07 PM;2QRKH;16/02/2026;35;Algodão;COMPLETO;100;5,82;2237;2252;15;
control system;2/19/2026, 05:13 PM;GG40H;16/02/2026;41;Algodão;COMPLETO;100;6,44;1867;1882;15;
control system;2/19/2026, 05:15 PM;V93BO;16/02/2026;43;Algodão;COMPLETO;100;6,79;1959;1974;15;
control system;2/19/2026, 05:17 PM;6YI5D;16/02/2026;46;Soja;COMPLETO;70;9,51;163;181;18;
control system;2/19/2026, 05:18 PM;HLFNJ;16/02/2026;49;Algodão;COMPLETO;70;9,6;852;871;19;
control system;2/19/2026, 05:19 PM;QMVOI;16/02/2026;39;Algodão;COMPLETO;100;5,58;59;71;12;
control system;2/19/2026, 05:19 PM;Y0AO4;16/02/2026;52;Soja;COMPLETO;70;9,94;2631;2652;21;
control system;2/19/2026, 05:20 PM;3SDZT;16/02/2026;61;Algodão;COMPLETO;70;8,7;985;1006;21;
control system;2/19/2026, 05:21 PM;1HAHX;16/02/2026;64;Algodão;COMPLETO;100;5,45;22;33;11;
control system;2/19/2026, 05:22 PM;IS25U;16/02/2026;67;Algodão;COMPLETO;60;8,33;335;353;18;
control system;2/19/2026, 05:24 PM;0GFC2;16/02/2026;69;Algodão;COMPLETO;100;4,6;13;33;20;2 GIRO
control system;2/19/2026, 05:24 PM;VL7BL;16/02/2026;70;Algodão;COMPLETO;70;9,17;132;153;21;
control system;2/19/2026, 05:25 PM;KKC7T;16/02/2026;73;Algodão;COMPLETO;70;9,66;1116;1133;17;
control system;2/19/2026, 05:27 PM;WSGJU;17/02/2026;2;Algodão;COMPLETO;100;5,3;478;492;14;
control system;2/19/2026, 05:31 PM;ITSMT;17/02/2026;8;Soja;COMPLETO;70;9,4;2049;2071;22;
control system;2/19/2026, 05:34 PM;XJADU;17/02/2026;9;Soja;COMPLETO;70;7,8;862;881;19;
control system;2/19/2026, 05:38 PM;EFRQW;17/02/2026;10;Soja;COMPLETO;100;6,3;1914;1929;15;
control system;2/19/2026, 05:43 PM;QWXUO;17/02/2026;12;Soja;COMPLETO;70;9;810;831;21;
control system;2/19/2026, 05:46 PM;1OP09;17/02/2026;14;Soja;COMPLETO;70;8,23;247;268;21;
control system;2/19/2026, 05:47 PM;E9WNX;17/02/2026;18;Soja;COMPLETO;70;9,3;600;620;20;
control system;2/19/2026, 05:49 PM;QZSVK;17/02/2026;22;Algodão;1/2-PIVO;70;10,3;739;750;11;
control system;2/19/2026, 05:50 PM;4JSD2;17/02/2026;27;Cacau;COMPLETO;100;5,34;1969;1981;12;
control system;2/19/2026, 05:52 PM;V3RP5;17/02/2026;28;Soja;COMPLETO;100;6,68;118;132;14;FERTIRRIGAÇÃO
control system;2/19/2026, 05:53 PM;68MHC;17/02/2026;32;Cacau;ACD;100;5,7;1027;1037;10;
control system;2/19/2026, 05:53 PM;ULZML;17/02/2026;35;Algodão;COMPLETO;100;5,82;2252;2267;15;
control system;2/19/2026, 05:54 PM;OWTP7;17/02/2026;39;Algodão;COMPLETO;100;5,58;71;83;12;
control system;2/19/2026, 05:55 PM;JT5AL;17/02/2026;41;Algodão;COMPLETO;100;6,44;1882;1896;14;
control system;2/19/2026, 05:56 PM;R9TE6;17/02/2026;42;Algodão;COMPLETO;100;5,76;1032;1044;12;
control system;2/19/2026, 05:59 PM;8A5JD;17/02/2026;43;Algodão;COMPLETO;100;6,79;1974;1990;16;
control system;2/19/2026, 06:01 PM;CVSNA;17/02/2026;45;Soja;COMPLETO;70;8,74;227;247;20;
control system;2/19/2026, 06:02 PM;UYTJN;17/02/2026;46;Soja;COMPLETO;70;9,51;181;201;20;
control system;2/19/2026, 06:03 PM;YF2F6;17/02/2026;50;Soja;COMPLETO;70;9,69;419;437;18;
control system;2/19/2026, 06:04 PM;XLU70;17/02/2026;53;Algodão;COMPLETO;100;4,63;950;959;9;
control system;2/19/2026, 06:05 PM;9,10E+04;17/02/2026;57;Algodão;COMPLETO;70;8,4;154;175;21;
control system;2/19/2026, 06:06 PM;DDTI9;17/02/2026;59;Algodão;COMPLETO;70;7,4;219;239;20;
control system;2/19/2026, 06:07 PM;F2HMF;17/02/2026;64;Algodão;COMPLETO;100;5,45;33;44;11;
control system;2/19/2026, 06:09 PM;1SKOH;17/02/2026;69;Algodão;COMPLETO;100;4,6;33;43;10;
control system;2/19/2026, 06:10 PM;QWHJW;17/02/2026;71;Soja;ABC;70;6,93;47,25;54,75;7,5;
control system;2/19/2026, 10:13 PM;95CAF;12/02/2026;117;Soja;COMPLETO;100;5,67;463,3;478;14,7;FERTI
control system;2/19/2026, 10:13 PM;CF2GB;12/02/2026;118;Tabaco;COMPLETO;100;6,44;35,6;59,8;24,2;
control system;2/19/2026, 10:14 PM;IGN8T;12/02/2026;124;Tabaco;COMPLETO;100;5,88;297;311,5;14,5;FERTIRRIGAÇÃO
control system;2/19/2026, 10:16 PM;62RHH;12/02/2026;128;Tabaco;COMPLETO;100;6,36;405,9;421,5;15,6;FERTI
control system;2/19/2026, 10:17 PM;XDN0X;12/02/2026;133;Soja;1/2-PIVO;100;5,15;304,2;310;5,8;FERTI 1/2 PIVO
control system;2/19/2026, 10:18 PM;6PAEK;14/02/2026;109;Algodão;COMPLETO;70;8,33;819,4;837,6;18,2;
control system;2/19/2026, 10:19 PM;Y0XGZ;14/02/2026;110;Algodão;COMPLETO;70;7,86;1212,8;1230,3;17,5;
control system;2/19/2026, 10:19 PM;F661H;14/02/2026;118;Tabaco;COMPLETO;100;6,44;59,8;74,2;14,4;
control system;2/19/2026, 10:20 PM;9A7GE;14/02/2026;119;Tabaco;COMPLETO;100;6,58;179,8;194,2;14,4;
control system;2/19/2026, 10:21 PM;6F9VM;14/02/2026;121;Tabaco;ABD;100;6,37;88;98,9;10,9;ABD
control system;2/19/2026, 10:21 PM;SMTEB;14/02/2026;127;Soja;COMPLETO;70;6,89;275,5;291,6;16,1;
control system;2/19/2026, 10:22 PM;OBJUR;14/02/2026;130;Soja;COMPLETO;70;8,23;145,5;165,8;20,3;
control system;2/19/2026, 10:24 PM;W0AMB;15/02/2026;102;Algodão;COMPLETO;60;9,3;129,3;148,2;18,9;
control system;2/19/2026, 10:24 PM;SPNO8;15/02/2026;104;Algodão;COMPLETO;60;8,25;2541,7;2560,7;19;
control system;2/19/2026, 10:25 PM;4KRXR;15/02/2026;108;Algodão;COMPLETO;60;8,9;1293,7;1312,9;19,2;
control system;2/19/2026, 10:26 PM;6EXME;15/02/2026;116;Soja;COMPLETO;80;8,05;3269,1;3292,6;23,5;
control system;2/19/2026, 10:27 PM;QAPZG;15/02/2026;118;Tabaco;COMPLETO;100;6,44;74,2;88,6;14,4;
control system;2/19/2026, 10:32 PM;E21NF;15/02/2026;126;Tabaco;COMPLETO;100;6,65;1218,9;1232,7;13,8;
control system;2/19/2026, 10:33 PM;DU4WU;15/02/2026;129;Soja;COMPLETO;70;7,64;793,6;810,7;17,1;
control system;2/19/2026, 10:34 PM;YO9N0;15/02/2026;133;Soja;COMPLETO;60;8,58;310;329,5;19,5;
control system;2/19/2026, 10:35 PM;1ZDFQ;16/02/2026;105;Algodão;COMPLETO;60;8,6;115,7;135,4;19,7;
control system;2/19/2026, 10:37 PM;7YXCO;16/02/2026;107;Algodão;COMPLETO;60;7,8;130,5;149,5;19;
control system;2/19/2026, 10:38 PM;NS28K;16/02/2026;115;Algodão;COMPLETO;70;9,2;115,9;136,2;20,3;
control system;2/19/2026, 10:39 PM;Z6EQ4;16/02/2026;118;Tabaco;COMPLETO;100;6,44;88,6;103;14,4;
control system;2/19/2026, 10:40 PM;9S48X;16/02/2026;121;Tabaco;ABD;100;6,37;98,9;109,8;10,9;
control system;2/19/2026, 10:41 PM;9UM0R;16/02/2026;124;Tabaco;COMPLETO;100;5,88;311,5;326,6;15,1;
control system;2/19/2026, 10:42 PM;Z441Z;16/02/2026;125;Soja;COMPLETO;70;6,43;485;501,5;16,5;
control system;2/19/2026, 10:42 PM;4CWRO;16/02/2026;128;Tabaco;COMPLETO;100;6,36;421,5;437,2;15,7;
control system;2/19/2026, 10:43 PM;GDNCH;16/02/2026;130;Soja;COMPLETO;90;6,4;165,8;181,6;15,8;
control system;2/19/2026, 10:44 PM;S98XA;17/02/2026;101;Algodão;COMPLETO;100;5,58;2568,3;2581;12,7;
control system;2/19/2026, 10:44 PM;9JE2X;17/02/2026;103;Algodão;COMPLETO;100;5,16;1317,5;1329,1;11,6;
control system;2/19/2026, 10:45 PM;3M7JH;17/02/2026;109;Algodão;COMPLETO;70;8,33;837,6;854;16,4;
control system;2/19/2026, 10:45 PM;41XQ6;17/02/2026;110;Algodão;COMPLETO;70;7,86;1230,3;1246,8;16,5;
control system;2/19/2026, 10:46 PM;31HE4;17/02/2026;118;Tabaco;COMPLETO;100;6,44;103;117,5;14,5;
control system;2/19/2026, 10:48 PM;3AIHY;17/02/2026;121;Tabaco;ABD;100;6,37;109,8;121,2;11,4;FERT
control system;2/19/2026, 10:49 PM;690HV;17/02/2026;126;Tabaco;COMPLETO;100;6,65;1232,7;1246,3;13,6;FERTI
control system;2/19/2026, 10:50 PM;XOIHI;17/02/2026;131;Algodão;COMPLETO;70;10,96;51,2;68,2;17;
control system;2/19/2026, 10:56 PM;2P1UY;18/02/2026;102;Algodão;COMPLETO;60;9,3;148,2;167,2;19;
control system;2/19/2026, 10:56 PM;AL9BW;18/02/2026;104;Algodão;COMPLETO;60;8,25;2560,7;2579,7;19;
control system;2/19/2026, 10:57 PM;53MBT;18/02/2026;108;Algodão;COMPLETO;60;8,9;1312,9;1332,8;19,9;
control system;2/19/2026, 10:59 PM;W8YOV;18/02/2026;115;Algodão;COMPLETO;70;9,2;136,2;156,7;20,5;
control system;2/19/2026, 10:59 PM;GXSOM;18/02/2026;118;Tabaco;COMPLETO;100;6,44;117,5;132;14,5;
control system;2/19/2026, 11:00 PM;RECH6;18/02/2026;119;Tabaco;COMPLETO;100;6,58;194,2;208,6;14,4;
control system;2/19/2026, 11:01 PM;UW4P8;18/02/2026;121;Tabaco;ABD;100;6,37;121,2;132,6;11,4;ABD
control system;2/19/2026, 11:02 PM;FBV5I;18/02/2026;126;Tabaco;COMPLETO;100;6,65;1246,3;1260,2;13,9;
control system;2/19/2026, 11:03 PM;YYAC2;18/02/2026;132;Algodão;COMPLETO;70;11,1;126,8;143,8;17;
control system;2/19/2026, 11:03 PM;LZU93;18/02/2026;133;Soja;COMPLETO;60;8,58;329,5;348,9;19,4;
control system;2/20/2026, 07:43 PM;PO9G8;18/02/2026;113;Algodão;COMPLETO;100;6,37;771,41;786,2;14,8;
control system;2/20/2026, 08:06 PM;OZ95I;15/02/2026;120;Tabaco;COMPLETO;90;7,23;0;16,9;16,9;
control system;2/20/2026, 08:07 PM;P91FS;16/02/2026;120;Tabaco;COMPLETO;100;6,51;16,9;31,1;14,2;
control system;2/20/2026, 08:08 PM;6TE96;17/02/2026;120;Tabaco;COMPLETO;100;6,51;31,1;45;13,9;
control system;2/20/2026, 08:09 PM;ZHMH2;18/02/2026;120;Tabaco;COMPLETO;100;6,51;45;59,3;14,3;
control system;2/21/2026, 02:15 AM;CMLD1;19/02/2026;105;Algodão;COMPLETO;60;8,6;135,4;158,4;23;
control system;2/21/2026, 02:15 AM;NJBK0;19/02/2026;107;Algodão;COMPLETO;70;6,69;149,5;172,3;22,8;
control system;2/21/2026, 02:15 AM;VGWV8;19/02/2026;109;Algodão;COMPLETO;60;9,72;854;873,1;19,1;
control system;2/21/2026, 02:16 AM;U13I5;19/02/2026;110;Algodão;COMPLETO;60;9,17;1246,8;1266,6;19,8;
control system;2/21/2026, 02:16 AM;F5H9K;19/02/2026;113;Algodão;COMPLETO;100;6,37;786,2;800,7;14,5;
control system;2/21/2026, 02:17 AM;NCQZW;19/02/2026;118;Tabaco;COMPLETO;100;6,44;132;146,2;14,2;
control system;2/21/2026, 02:18 AM;ZGH0L;19/02/2026;120;Tabaco;COMPLETO;100;6,51;59,3;73,4;14,1;
control system;2/21/2026, 02:19 AM;MKQCT;19/02/2026;121;Tabaco;ABD;100;6,37;132,6;143,7;11,1;ABD
control system;2/21/2026, 02:19 AM;DQJEG;19/02/2026;124;Tabaco;COMPLETO;100;5,88;326,6;341,1;14,5;
control system;2/21/2026, 02:20 AM;5OF4V;19/02/2026;128;Tabaco;COMPLETO;100;6,36;437,2;451,3;14,1;
control system;2/21/2026, 02:20 AM;NM1W1;19/02/2026;130;Soja;COMPLETO;70;8,23;181,6;201,9;20,3;
control system;2/24/2026, 04:44 PM;E15E3;18/02/2026;1;Algodão;COMPLETO;70;7,79;1466;1485;19;
control system;2/24/2026, 04:45 PM;J6LBU;18/02/2026;2;Algodão;COMPLETO;100;5,3;492;506;14;
control system;2/24/2026, 04:46 PM;4EAGG;18/02/2026;10;Soja;COMPLETO;70;9;1929;1949;20;
control system;2/24/2026, 04:46 PM;6TYA6;18/02/2026;11;Soja;COMPLETO;70;7,89;256;279;23;
control system;2/24/2026, 04:48 PM;QNUC5;18/02/2026;12;Soja;COMPLETO;100;6,3;831;848;17;FERTIRRIGAÇÃO
control system;2/24/2026, 04:49 PM;GOP1Z;18/02/2026;21;Algodão;COMPLETO;70;7,81;269;290;21;
control system;2/24/2026, 04:50 PM;L4H88;18/02/2026;25;Cacau;COMPLETO;80;7,25;1770;1784;14;
control system;2/24/2026, 04:56 PM;2ZHFD;18/02/2026;27;Cacau;COMPLETO;100;5,34;1981;1993;12;
control system;2/24/2026, 05:02 PM;PLAOE;18/02/2026;29;Cacau;COMPLETO;80;6,42;2683;2701;18;
control system;2/24/2026, 05:06 PM;0CKDF;18/02/2026;32;Cacau;ACD;100;5,7;1037;1047,5;10,5;
control system;2/24/2026, 05:07 PM;T7TCO;18/02/2026;35;Algodão;COMPLETO;100;5,82;2267;2282;15;
control system;2/24/2026, 05:10 PM;IUIZX;18/02/2026;41;Algodão;COMPLETO;100;6,44;10;24;14;
control system;2/24/2026, 05:17 PM;5H3ZU;18/02/2026;53;Algodão;COMPLETO;100;4,63;436;446;10;
control system;2/24/2026, 05:18 PM;1KS3C;18/02/2026;56;Algodão;COMPLETO;70;8,83;13;33;20;
control system;2/24/2026, 05:18 PM;KHGBK;18/02/2026;60;Algodão;COMPLETO;70;9,69;568;589;21;
control system;2/24/2026, 05:20 PM;UF645;18/02/2026;62;Algodão;COMPLETO;70;7,97;113,6;133;19,4;
control system;2/24/2026, 05:21 PM;CE1M4;18/02/2026;63;Algodão;COMPLETO;100;3,54;618;630;12;
control system;2/24/2026, 05:21 PM;8YMEX;18/02/2026;64;Algodão;COMPLETO;100;5,45;44;55;11;
control system;2/24/2026, 05:29 PM;CXCAS;18/02/2026;65;Algodão;COMPLETO;100;7,27;705;728;23;00/jan
control system;2/24/2026, 05:29 PM;2Q4ZK;18/02/2026;67;Algodão;COMPLETO;60;8,33;353;371;18;
control system;2/24/2026, 05:30 PM;6OV5G;18/02/2026;68;Algodão;COMPLETO;100;4,8;1339;1349;10;
control system;2/24/2026, 05:31 PM;7XBBV;18/02/2026;69;Algodão;COMPLETO;100;4,6;43;53;10;
control system;2/24/2026, 05:35 PM;HVYUL;19/02/2026;2;Algodão;COMPLETO;100;5,3;506;520;14;
control system;2/24/2026, 05:36 PM;CX4AR;19/02/2026;6;Algodão;COMPLETO;100;5,82;0;15;15;
control system;2/24/2026, 05:36 PM;XNE2A;19/02/2026;9;Soja;COMPLETO;70;7,8;881;900;19;
control system;2/24/2026, 05:38 PM;HRGGV;19/02/2026;13;Soja;COMPLETO;70;6,11;156;170;14;
control system;2/24/2026, 05:39 PM;4N0BX;19/02/2026;14;Soja;COMPLETO;70;8,23;268;289;21;
control system;2/24/2026, 05:41 PM;M8CAC;19/02/2026;15;Algodão;1/2-PIVO;55;13,42;74;80;6;TESTE ALCIONE
control system;2/24/2026, 05:48 PM;HIQWZ;19/02/2026;25;Cacau;COMPLETO;100;5,8;1784;1796;12;FERTIIRRIGAÇÃO
control system;2/24/2026, 05:49 PM;SWCHT;19/02/2026;27;Cacau;CD;100;5,34;1993;1999;6;
control system;2/24/2026, 05:51 PM;4DJYU;19/02/2026;31;Algodão;COMPLETO;100;6,18;153;168;15;
control system;2/24/2026, 05:52 PM;2SCD1;19/02/2026;32;Cacau;C;100;5,7;1047,5;1051;3,5;
control system;2/24/2026, 05:55 PM;HBO67;19/02/2026;41;Algodão;COMPLETO;100;6,44;24;38;14;
control system;2/24/2026, 05:56 PM;CEQCW;19/02/2026;43;Algodão;COMPLETO;100;6,79;1990;2008;18;
control system;2/24/2026, 05:58 PM;A7PQ0;19/02/2026;45;Soja;COMPLETO;70;8,74;247;269;22;
control system;2/24/2026, 05:59 PM;5CI6Y;19/02/2026;46;Soja;COMPLETO;70;9,51;201;223;22;
control system;2/24/2026, 06:00 PM;MOU60;19/02/2026;50;Soja;COMPLETO;70;9,69;437;455;18;
control system;2/24/2026, 06:02 PM;RQ4HP;19/02/2026;52;Soja;COMPLETO;70;9,94;2652;2673;21;
control system;2/24/2026, 06:02 PM;376R3;19/02/2026;53;Algodão;COMPLETO;100;4,63;446;456;10;
control system;2/24/2026, 06:03 PM;AXBWZ;19/02/2026;54;Algodão;COMPLETO;100;5,8;1096;1109;13;
control system;2/24/2026, 06:04 PM;DJXHH;19/02/2026;61;Algodão;COMPLETO;70;8,7;1006;1027;21;
control system;2/24/2026, 06:05 PM;HBFVG;19/02/2026;66;Algodão;COMPLETO;60;9,33;438;458;20;
control system;2/24/2026, 06:05 PM;SG9QD;19/02/2026;69;Algodão;COMPLETO;100;4,6;53;63;10;
control system;2/24/2026, 06:07 PM;P24UO;19/02/2026;70;Algodão;COMPLETO;60;10,7;153;178;25;
control system;2/24/2026, 06:09 PM;IS8QM;19/02/2026;71;Soja;ABC;60;8,08;54,75;63,75;9;
control system;2/24/2026, 06:15 PM;2UZ50;20/02/2026;18;Soja;1/2-PIVO;70;9,3;620;634;14;CHUVA
control system;2/24/2026, 06:15 PM;H5ZYD;20/02/2026;20;Algodão;1/2-PIVO;70;9,77;1096;1110;14;CHUVA
control system;2/24/2026, 06:17 PM;JQUYQ;20/02/2026;27;Cacau;C;100;5,34;1999;2003;4;
control system;2/24/2026, 06:19 PM;NZMFV;20/02/2026;69;Algodão;COMPLETO;100;4,6;63;78;15;00/jan
control system;2/24/2026, 11:09 PM;NI08V;20/02/2026;108;Algodão;COMPLETO;100;5,34;1332,8;1352,1;19,3;1 GIRO E 1/2
control system;2/24/2026, 11:11 PM;EQS5A;20/02/2026;113;Algodão;COMPLETO;100;6,37;800,7;813,4;12,7;CANCELADO/CHUVA
control system;2/24/2026, 11:13 PM;Y20QD;20/02/2026;118;Tabaco;COMPLETO;100;6,44;146,2;165,9;19,7;
control system;2/24/2026, 11:14 PM;N5WVX;20/02/2026;119;Tabaco;COMPLETO;100;6,58;208,6;223,1;14,5;FERTI
control system;2/24/2026, 11:15 PM;S17U0;20/02/2026;120;Tabaco;COMPLETO;100;6,51;73,4;82;8,6;CANCELADO/CHUVA
control system;2/24/2026, 11:16 PM;T3UI1;20/02/2026;121;Tabaco;ABD;100;6,37;143,7;154,6;10,9;FERTI ABD
control system;2/24/2026, 11:17 PM;Q503O;20/02/2026;124;Tabaco;COMPLETO;100;5,88;341,1;354,6;13,5;FERTI
control system;2/24/2026, 11:19 PM;4VTOK;20/02/2026;126;Tabaco;COMPLETO;100;6,65;1260,2;1274,4;14,2;FERTI
control system;2/24/2026, 11:20 PM;Q9VAS;20/02/2026;133;Soja;COMPLETO;70;7,36;348,9;365,6;16,7;
control system;2/25/2026, 10:38 PM;L9FIE;24/02/2026;126;Tabaco;COMPLETO;100;6,65;1274,4;1288,4;14;FERTI
control system;2/26/2026, 04:30 AM;P4WX0;25/02/2026;118;Tabaco;COMPLETO;100;6,44;165,9;180,4;14,5;FERTI
control system;2/26/2026, 04:31 AM;ZBDHW;25/02/2026;120;Tabaco;AB;100;6,51;82;88,9;6,9;
control system;2/27/2026, 12:33 PM;2JI0K;24/02/2026;10;Soja;COMPLETO;100;6,3;1949;1964;15;FERTIRRIGAÇÃO
control system;2/27/2026, 12:34 PM;2CREP;24/02/2026;26;Algodão;COMPLETO;100;5,7;105;117;12;FERTIRRIGAÇÃO
control system;2/27/2026, 12:34 PM;ZYYLM;24/02/2026;37;Tabaco;COMPLETO;80;11,3;1370,9;1373;2,1;TESTE ALCIONE
control system;2/27/2026, 07:15 PM;CANRY;26/02/2026;102;Algodão;COMPLETO;100;5,58;167,2;178,6;11,4;
control system;2/27/2026, 07:17 PM;FJKAA;26/02/2026;104;Algodão;COMPLETO;100;4,95;2579,7;2591,2;11,5;
control system;2/27/2026, 07:18 PM;B6OAD;26/02/2026;115;Algodão;COMPLETO;100;6,44;156,7;171,5;14,8;
control system;2/27/2026, 07:22 PM;EIDFT;26/02/2026;120;Tabaco;AB;100;6,51;88,9;95,5;6,6;A+B
control system;2/27/2026, 07:24 PM;P6UE2;26/02/2026;124;Tabaco;COMPLETO;100;5,88;354,6;368,7;14,1;FERTI
control system;2/27/2026, 07:25 PM;RMOXP;26/02/2026;131;Algodão;COMPLETO;100;7,67;68,2;80,4;12,2;
control system;2/27/2026, 07:27 PM;W7PB4;26/02/2026;132;Algodão;COMPLETO;100;7,77;143,8;155,9;12,1;
control system;2/28/2026, 03:32 AM;19P4M;27/02/2026;108;Algodão;COMPLETO;100;5,34;1352,1;1357,5;5,4;CANCELADO/CHUVA
control system;2/28/2026, 03:32 AM;BCSLN;27/02/2026;109;Algodão;COMPLETO;100;5,83;873,1;884,4;11,3;CANCELADO/CHUVA
control system;2/28/2026, 03:33 AM;DY817;27/02/2026;110;Algodão;COMPLETO;100;5,5;1266,6;1275,5;8,9;CANCELADO/CHUVA
control system;2/28/2026, 03:34 AM;S6CCS;27/02/2026;118;Tabaco;COMPLETO;100;6,44;180,4;194,8;14,4;FERTI
control system;2/28/2026, 03:37 AM;EHJ1Z;27/02/2026;120;Tabaco;AB;100;6,51;95,5;101,6;6,1;A+B
control system;3/4/2026, 02:12 AM;VB04F;03/03/2026;101;Algodão;COMPLETO;100;5,58;2581;2586,4;5,4;CANCELADO/CHUVA
control system;3/4/2026, 02:17 AM;VSWZP;03/03/2026;120;Tabaco;COMPLETO;100;6,51;101,6;103,4;1,8;CANCELADO/CHUVA
control system;3/5/2026, 10:38 PM;3AUQB;05/03/2026;120;Tabaco;COMPLETO;100;6,51;103,4;108;4,6;CANCELADO/CHUVA
control system;3/10/2026, 04:25 AM;G61O6;07/03/2026;123;Algodão;COMPLETO;100;6,79;2517,7;2532,9;15,2;FERTI
control system;3/10/2026, 04:26 AM;HDZSF;08/03/2026;113;Algodão;COMPLETO;100;6,37;813,4;827,9;14,5;
control system;3/10/2026, 04:27 AM;6MF0I;08/03/2026;122;Algodão;COMPLETO;100;6,3;2076,5;2091,2;14,7;
control system;3/10/2026, 04:28 AM;1OMYU;08/03/2026;123;Algodão;COMPLETO;100;6,79;2532,9;2547,5;14,6;
control system;3/10/2026, 10:19 AM;Y2LUK;27/02/2026;1;Algodão;COMPLETO;100;5,45;1485;1500;15;FERTIRRIGAÇÃO
control system;3/10/2026, 10:20 AM;8VLY8;27/02/2026;60;Algodão;COMPLETO;100;6,78;589;604;15;FERTIRRIGAÇÃO
control system;3/10/2026, 10:36 AM;T4CWF;28/02/2026;27;Cacau;C;100;5,34;2003;2006;3;
control system;3/10/2026, 10:37 AM;LCOCK;28/02/2026;32;Cacau;D;100;5,7;1051;1054,5;3,5;
control system;3/10/2026, 10:45 AM;K6WT2;04/03/2026;3;Tabaco;1/2-PIVO;55;11,45;405;408;3;TESTE ALCIONE
control system;3/10/2026, 10:46 AM;2TBCH;04/03/2026;9;Soja;COMPLETO;70;7,8;900;919;19;
control system;3/10/2026, 10:47 AM;1ZPVX;04/03/2026;26;Algodão;COMPLETO;100;5,7;117;132;15;FERTIRRIGAÇÃO
control system;3/10/2026, 10:48 AM;CRS2L;04/03/2026;27;Cacau;CD;100;5,34;2006;2011;5;
control system;3/10/2026, 10:55 AM;KT88H;04/03/2026;32;Cacau;AD;100;5,7;1054,5;1061,5;7;FERTIRRIGAÇÃO
control system;3/10/2026, 10:57 AM;YX3NK;04/03/2026;69;Algodão;COMPLETO;100;4,6;78;88;10;FERTIRRIGAÇÃO
control system;3/10/2026, 11:00 AM;1M8QH;05/03/2026;4;Tabaco;1/2-PIVO;35;11,2;0;3;3;TESTE ALCIONE
control system;3/10/2026, 11:02 AM;B7SJP;05/03/2026;20;Algodão;COMPLETO;70;9,77;1110;1127;17;
control system;3/10/2026, 11:04 AM;N7FTH;05/03/2026;59;Algodão;COMPLETO;100;5,18;239;253;14;FERTIRRIGAÇÃO
control system;3/10/2026, 11:05 AM;H790U;05/03/2026;70;Algodão;COMPLETO;100;6,42;178;193;15;FERTIRRIGAÇÃO
control system;3/10/2026, 11:38 AM;G9QB4;06/03/2026;4;Tabaco;COMPLETO;60;6,53;3;20;17;
control system;3/10/2026, 11:39 AM;F3AY0;08/03/2026;4;Tabaco;COMPLETO;60;6,53;20;52;32;2 GIRO
control system;3/10/2026, 11:40 AM;DNHKD;08/03/2026;35;Algodão;COMPLETO;100;5,82;2282;2298;16;
control system;3/10/2026, 11:41 AM;DUGR1;08/03/2026;51;Algodão;COMPLETO;100;6,05;849;862;13;
control system;3/10/2026, 11:43 AM;M4RGV;08/03/2026;67;Algodão;COMPLETO;100;5;371;381;10;
control system;3/10/2026, 11:45 AM;5QKD6;08/03/2026;71;Soja;ABC;70;6,93;63,75;71,25;7,5;
control system;3/10/2026, 11:46 AM;URM51;08/03/2026;73;Algodão;COMPLETO;100;6,76;1133;1150;17;
control system;3/10/2026, 10:39 PM;1HSF0;09/03/2026;109;Algodão;COMPLETO;100;5,83;884,4;896,1;11,7;
control system;3/10/2026, 10:39 PM;60N6H;09/03/2026;110;Algodão;COMPLETO;100;5,5;1275,5;1287,6;12,1;
control system;3/10/2026, 10:40 PM;JRWOY;09/03/2026;122;Algodão;COMPLETO;100;6,3;2091,2;2105,6;14,4;
control system;3/10/2026, 10:40 PM;WNYWD;09/03/2026;123;Algodão;COMPLETO;100;6,79;2547,5;2562,3;14,8;
control system;3/11/2026, 06:04 PM;YS9JU;09/03/2026;4;Tabaco;COMPLETO;60;6,53;52;68;16;
control system;3/11/2026, 06:05 PM;3NI9R;09/03/2026;25;Cacau;COMPLETO;100;5,8;1796;1808;12;
control system;3/11/2026, 06:06 PM;75OXL;09/03/2026;29;Cacau;COMPLETO;100;5,14;2701;2714;13;
control system;3/11/2026, 06:07 PM;KZFXN;09/03/2026;32;Cacau;ACD;100;5,7;1061,5;1072;10,5;
control system;3/11/2026, 06:09 PM;TYXGI;09/03/2026;51;Algodão;COMPLETO;100;6,05;862;875;13;
control system;3/11/2026, 06:09 PM;N8ZQL;09/03/2026;59;Algodão;COMPLETO;100;5,18;253;267;14;
control system;3/11/2026, 06:10 PM;F5WC2;09/03/2026;61;Algodão;COMPLETO;70;8,7;1027;1048;21;
control system;3/11/2026, 06:11 PM;APJ72;09/03/2026;62;Algodão;COMPLETO;70;7,97;133;153;20;
control system;3/11/2026, 06:12 PM;5HCCO;09/03/2026;66;Algodão;COMPLETO;100;5,6;458;470;12;
control system;3/11/2026, 06:23 PM;DF6U7;08/03/2026;71;Crotalária;D;70;6,93;71,25;73,5;2,3;
control system;3/11/2026, 06:25 PM;MURZY;09/03/2026;71;Crotalária;D;70;6,93;73,5;75,75;2,3;
control system;3/12/2026, 11:27 PM;LVO1P;10/03/2026;102;Algodão;COMPLETO;60;9,3;178,6;197,5;18,9;
control system;3/12/2026, 11:30 PM;QLJBQ;10/03/2026;106;Algodão;COMPLETO;100;5,34;1846,6;1856,1;9,5;
control system;3/12/2026, 11:33 PM;IZY84;10/03/2026;108;Algodão;COMPLETO;60;8,9;1357,5;1377,8;20,3;
control system;3/12/2026, 11:34 PM;IUFFF;10/03/2026;117;Algodão;COMPLETO;100;5,67;478;493,1;15,1;
control system;3/12/2026, 11:41 PM;4F4C1;10/03/2026;119;Tabaco;COMPLETO;100;6,58;223,1;240,5;17,4;FERTI
control system;3/12/2026, 11:44 PM;0DA04;10/03/2026;120;Tabaco;COMPLETO;100;6,51;108;125,9;17,9;FERTI
control system;3/12/2026, 11:44 PM;106OL;10/03/2026;122;Algodão;COMPLETO;100;6,3;2105,6;2119,9;14,3;
control system;3/12/2026, 11:45 PM;A0QQJ;10/03/2026;130;Soja;COMPLETO;70;8,23;201,9;222,3;20,4;
control system;3/13/2026, 05:26 AM;9030Y;11/03/2026;101;Algodão;COMPLETO;70;7,97;2586,4;2604,1;17,7;
control system;3/13/2026, 05:27 AM;YQB4M;11/03/2026;103;Algodão;COMPLETO;60;8,6;1329,1;1348,3;19,2;
control system;3/13/2026, 05:27 AM;6AGYM;11/03/2026;104;Algodão;COMPLETO;60;8,25;2591,2;2610,8;19,6;
control system;3/13/2026, 05:28 AM;ESCST;11/03/2026;105;Algodão;COMPLETO;60;8,6;158,4;177,7;19,3;
control system;3/13/2026, 05:29 AM;FZ91Q;11/03/2026;107;Algodão;COMPLETO;60;7,8;172,3;184,1;11,8;CANCELADO CHUVA
control system;3/13/2026, 05:30 AM;6FX3P;11/03/2026;113;Algodão;COMPLETO;100;6,37;827,9;842,3;14,4;
control system;3/13/2026, 05:32 AM;DC3FV;11/03/2026;115;Algodão;COMPLETO;70;9,2;171,5;191,9;20,4;
control system;3/13/2026, 05:33 AM;TUKB4;11/03/2026;117;Algodão;COMPLETO;100;5,67;493,1;507,3;14,2;
control system;3/13/2026, 05:33 AM;T26VF;11/03/2026;118;Tabaco;COMPLETO;100;6,44;194,8;209,2;14,4;
control system;3/13/2026, 05:35 AM;GWE2A;11/03/2026;121;Tabaco;ABD;100;6,37;154,6;165,6;11;FERTI(ABD)
control system;3/13/2026, 05:35 AM;C3ZGL;11/03/2026;122;Algodão;COMPLETO;100;6,3;2119,9;2134,2;14,3;
control system;3/13/2026, 05:38 AM;L5KXG;11/03/2026;123;Algodão;COMPLETO;100;6,79;2562,3;2576,7;14,4;
control system;3/13/2026, 11:32 AM;SRACE;10/03/2026;2;Algodão;COMPLETO;50;10,6;520;525;5;TESTE ALCIONE
control system;3/14/2026, 03:01 AM;D0BWN;12/03/2026;112;Algodão;COMPLETO;70;9,1;23,3;40,5;17,2;CANCELADO/CHUVA
control system;3/14/2026, 03:01 AM;8W7X9;12/03/2026;114;Algodão;COMPLETO;70;8,49;14,3;33,4;19,1;
control system;3/14/2026, 03:02 AM;Q4B3O;12/03/2026;117;Algodão;COMPLETO;100;5,67;507,3;520,9;13,6;
control system;3/14/2026, 03:03 AM;LF789;12/03/2026;122;Algodão;COMPLETO;100;6,3;2134,2;2148,5;14,3;
control system;3/14/2026, 03:15 AM;2E28N;09/03/2026;124;Tabaco;COMPLETO;100;5,88;368,7;383,1;14,4;FERTI
control system;3/14/2026, 03:16 AM;COW8B;12/03/2026;124;Tabaco;ABD;100;5,88;383,1;394;10,9;FERTI
control system;3/14/2026, 03:17 AM;O5408;12/03/2026;124;Tabaco;C;100;5,88;394;397,8;3,8;
control system;3/14/2026, 03:29 AM;OE7XZ;12/03/2026;131;Algodão;COMPLETO;60;12,78;80,4;85,4;5;CANCELADO/CHUVA
control system;3/17/2026, 01:23 PM;CGAW2;10/03/2026;4;Tabaco;COMPLETO;60;6,53;525;540;15;
control system;3/17/2026, 01:27 PM;37V9F;10/03/2026;27;Cacau;COMPLETO;100;5,34;2011;2023;12;
control system;3/17/2026, 01:28 PM;OLQQR;10/03/2026;31;Algodão;COMPLETO;70;8,83;168;189;21;
control system;3/17/2026, 01:29 PM;SRUL0;10/03/2026;34;Algodão;COMPLETO;100;6,72;1156;1170;14;FERTIRRIGAÇÃO
control system;3/17/2026, 01:30 PM;EXYKL;10/03/2026;39;Algodão;COMPLETO;100;5,58;83;95;12;
control system;3/17/2026, 01:31 PM;ETVZB;10/03/2026;46;Soja;COMPLETO;70;9,51;223;244;21;
control system;3/17/2026, 01:32 PM;MVDFO;10/03/2026;52;Soja;COMPLETO;70;9,94;2673;2694;21;
control system;3/17/2026, 01:34 PM;FTDTL;10/03/2026;51;Algodão;COMPLETO;100;6,05;875;888;13;
control system;3/17/2026, 01:35 PM;I6AQW;10/03/2026;57;Algodão;COMPLETO;70;8,4;175;196;21;
control system;3/17/2026, 01:35 PM;340AX;10/03/2026;70;Algodão;COMPLETO;70;9,17;193;214;21;
control system;3/17/2026, 01:36 PM;OUSE0;10/03/2026;71;Crotalária;D;100;4,85;75,75;77,25;1,5;
control system;3/17/2026, 04:48 PM;5UHY9;11/03/2026;4;Tabaco;COMPLETO;57;6,88;83;102;19;2 GIRO A 100%
control system;3/17/2026, 04:48 PM;0U6W1;11/03/2026;9;Soja;COMPLETO;70;7,8;919;937;18;
control system;3/17/2026, 04:49 PM;2F6X8;11/03/2026;10;Soja;COMPLETO;70;9;1964;1983;19;
control system;3/17/2026, 04:53 PM;I89GG;11/03/2026;17;Algodão;COMPLETO;55;11,45;490;518;28;2 GIRO A 100%
control system;3/17/2026, 04:54 PM;EWXFU;11/03/2026;25;Cacau;COMPLETO;100;5,8;1808;1820;12;
control system;3/17/2026, 04:57 PM;6CRCW;11/03/2026;26;Algodão;COMPLETO;70;8,14;132;151;19;
control system;3/17/2026, 04:58 PM;IME3D;11/03/2026;29;Cacau;COMPLETO;100;5,14;2714;2724;10;
control system;3/17/2026, 05:01 PM;Y81LS;11/03/2026;32;Cacau;ACD;100;5,7;1072;1082,5;10,5;
control system;3/17/2026, 05:06 PM;QPLSZ;11/03/2026;35;Preparo;1/2-PIVO;60;9,7;20;23;3;TESTE ALCIONE
control system;3/17/2026, 05:07 PM;GZ8BI;11/03/2026;39;Algodão;COMPLETO;100;5,58;95;107;12;
control system;3/17/2026, 05:10 PM;TQPUJ;11/03/2026;51;Algodão;COMPLETO;100;6,05;888;901;13;
control system;3/17/2026, 05:10 PM;GSVHY;11/03/2026;55;Algodão;COMPLETO;70;9,26;0;20;20;
control system;3/17/2026, 05:11 PM;8RMCN;11/03/2026;56;Algodão;COMPLETO;70;8,83;33;53;20;
control system;3/17/2026, 05:18 PM;A7QZR;11/03/2026;63;Algodão;COMPLETO;36;9,83;630;650;20;2 GIRO A 70%
control system;3/17/2026, 05:19 PM;3D90L;11/03/2026;68;Algodão;COMPLETO;70;6,86;1349;1364;15;
control system;3/17/2026, 05:24 PM;XKLDS;12/03/2026;4;Tabaco;COMPLETO;38;10,32;102;126;24;2 GIRO A 80%
control system;3/17/2026, 05:25 PM;6YD3M;12/03/2026;5;Preparo;1/2-PIVO;60;9,2;2070;2074;4;
control system;3/17/2026, 05:28 PM;WY5KC;12/03/2026;15;Algodão;COMPLETO;70;10,54;96;117;21;
control system;3/17/2026, 05:29 PM;6SI9Z;12/03/2026;18;Soja;COMPLETO;70;9,3;634;654;20;
control system;3/17/2026, 05:30 PM;EZ77A;12/03/2026;20;Algodão;COMPLETO;100;6,84;1127;1142;15;FERTIRRIGAÇÃO
control system;3/17/2026, 05:33 PM;6GCG2;12/03/2026;22;Algodão;COMPLETO;70;10,3;750;766;16;
control system;3/17/2026, 05:34 PM;JCW8M;12/03/2026;27;Cacau;CD;100;5,34;2023;2030;7;
control system;3/17/2026, 05:36 PM;9VYSO;12/03/2026;32;Cacau;BC;100;5,7;1082,5;1089,5;7;
control system;3/17/2026, 05:36 PM;T2U4A;12/03/2026;39;Algodão;COMPLETO;100;5,58;107;119;12;
control system;3/17/2026, 05:37 PM;726I1;12/03/2026;46;Soja;COMPLETO;70;9,51;244;266;22;
control system;3/17/2026, 05:38 PM;M8I1K;12/03/2026;55;Algodão;COMPLETO;100;6,48;20;34;14;
control system;3/17/2026, 05:39 PM;7GRRJ;12/03/2026;59;Algodão;COMPLETO;70;7,4;267;287;20;
control system;3/17/2026, 05:39 PM;IUUH0;12/03/2026;64;Algodão;COMPLETO;80;6,81;55;69;14;
control system;3/17/2026, 05:42 PM;R7OAQ;13/03/2026;4;Tabaco;COMPLETO;80;4,9;126;136;10;
control system;3/17/2026, 05:43 PM;JJ58H;13/03/2026;21;Algodão;COMPLETO;70;7,81;290;311;21;
control system;3/17/2026, 05:45 PM;HAP41;13/03/2026;25;Cacau;COMPLETO;100;5,8;1820;1832;12;
control system;3/17/2026, 05:51 PM;H9I16;13/03/2026;27;Cacau;COMPLETO;100;5,34;2030;2040;10;
control system;3/17/2026, 05:52 PM;ZP8WT;13/03/2026;29;Cacau;COMPLETO;100;5,14;2724;2734;10;
control system;3/17/2026, 05:53 PM;CUJ1E;13/03/2026;32;Cacau;BC;100;5,7;1089,5;1096,5;7;
control system;3/17/2026, 05:54 PM;ZZ4DY;13/03/2026;39;Algodão;COMPLETO;100;5,58;119;131;12;FERTIRRIGAÇÃO
control system;3/17/2026, 05:56 PM;42UAV;13/03/2026;42;Algodão;1/2-PIVO;60;9,6;1044;1047;3;TESTE ALCIONE
control system;3/17/2026, 05:58 PM;9OKU8;13/03/2026;51;Algodão;COMPLETO;100;6,05;901;914;13;
control system;3/17/2026, 05:59 PM;3E664;13/03/2026;53;Algodão;COMPLETO;100;4,63;456;466;10;
control system;3/17/2026, 06:01 PM;2NM2D;13/03/2026;54;Algodão;COMPLETO;100;5,8;1109;1122;13;
control system;3/17/2026, 06:02 PM;ICJMY;13/03/2026;55;Algodão;COMPLETO;100;6,48;34;48;14;
control system;3/17/2026, 06:07 PM;D9TLG;13/03/2026;58;Algodão;COMPLETO;100;6,54;863,8;879;15,2;
control system;3/17/2026, 06:08 PM;34FP7;13/03/2026;71;Soja;ABC;100;4,85;77,25;82,75;5,5;
control system;3/17/2026, 06:09 PM;UI11J;13/03/2026;71;Crotalária;D;100;4,85;82,75;84,25;1,5;
control system;3/17/2026, 06:11 PM;10O6P;14/03/2026;3;Tabaco;COMPLETO;100;6,3;0;15;15;
control system;3/17/2026, 06:14 PM;WKHR2;14/03/2026;4;Tabaco;COMPLETO;60;6,53;136;150;14;
control system;3/17/2026, 06:18 PM;WPA0I;14/03/2026;16;Algodão;1/2-PIVO;70;10,27;46;56,5;10,5;
control system;3/17/2026, 06:19 PM;OW5UW;14/03/2026;24;Algodão;COMPLETO;70;9;35;56;21;
control system;3/17/2026, 06:20 PM;OF5Z9;14/03/2026;26;Algodão;COMPLETO;70;8,14;151;171;20;
control system;3/17/2026, 06:21 PM;C8PY3;14/03/2026;31;Algodão;COMPLETO;70;8,83;189;210;21;
control system;3/17/2026, 06:23 PM;MUG63;14/03/2026;32;Cacau;COMPLETO;100;5,7;1096,5;1110,5;14;
control system;3/17/2026, 06:24 PM;2V8DS;14/03/2026;39;Algodão;COMPLETO;100;5,58;131;143;12;
control system;3/17/2026, 06:26 PM;7H41X;14/03/2026;43;Algodão;COMPLETO;70;9,7;2008;2029;21;
control system;3/17/2026, 06:26 PM;OJ1MC;14/03/2026;55;Algodão;COMPLETO;100;6,48;48;62;14;
control system;3/17/2026, 06:28 PM;HCEUO;14/03/2026;58;Algodão;COMPLETO;100;6,54;879;894;15;
control system;3/17/2026, 06:29 PM;NIE54;14/03/2026;69;Algodão;COMPLETO;70;6,57;88;103;15;
control system;3/17/2026, 06:29 PM;5WM4R;14/03/2026;72;Algodão;COMPLETO;100;6,12;352;364;12;
control system;3/18/2026, 05:30 PM;H9UZE;15/03/2026;3;Tabaco;AB;100;6,3;15;22;7;
control system;3/18/2026, 05:34 PM;YGT0M;15/03/2026;4;Tabaco;COMPLETO;60;6,53;150;165;15;
control system;3/18/2026, 05:36 PM;7XHOL;15/03/2026;25;Cacau;COMPLETO;100;5,8;1832;1844;12;
control system;3/18/2026, 05:37 PM;TVZF2;15/03/2026;29;Cacau;COMPLETO;100;5,14;2734;2744;10;
control system;3/18/2026, 05:43 PM;SB9SO;15/03/2026;33;Algodão;COMPLETO;70;8,57;148;170;22;
control system;3/18/2026, 05:44 PM;FDES8;15/03/2026;34;Algodão;COMPLETO;70;9,6;1170;1190;20;
control system;3/18/2026, 05:45 PM;S2W3K;15/03/2026;55;Algodão;COMPLETO;100;6,48;62;76;14;
control system;3/18/2026, 05:45 PM;XSG8I;15/03/2026;58;Algodão;COMPLETO;100;6,54;894;909;15;
control system;3/18/2026, 05:46 PM;W0IEX;15/03/2026;60;Algodão;COMPLETO;70;9,69;604;625;21;
control system;3/18/2026, 05:47 PM;AZK4G;15/03/2026;61;Algodão;COMPLETO;70;8,7;1048;1069;21;
control system;3/18/2026, 05:48 PM;3SM3A;15/03/2026;66;Algodão;COMPLETO;60;9,33;470;490;20;
control system;3/18/2026, 05:49 PM;KF5HN;15/03/2026;72;Algodão;COMPLETO;100;6,12;364;376;12;
control system;3/18/2026, 05:50 PM;60OAL;16/03/2026;3;Tabaco;COMPLETO;100;6,3;22;37;15;
control system;3/18/2026, 05:53 PM;6T9XF;16/03/2026;4;Tabaco;COMPLETO;80;4,9;165;177;12;
control system;3/18/2026, 05:53 PM;12ZRN;16/03/2026;18;Soja;COMPLETO;70;9,3;654;676;22;
control system;3/18/2026, 05:54 PM;S9GP9;16/03/2026;26;Algodão;COMPLETO;70;8,14;171;191;20;
control system;3/18/2026, 05:55 PM;P1I30;16/03/2026;57;Algodão;COMPLETO;70;8,4;196;217;21;
control system;3/18/2026, 05:57 PM;R5ZGU;16/03/2026;58;Algodão;COMPLETO;100;6,54;909;924;15;
control system;3/18/2026, 05:58 PM;WBHSF;16/03/2026;59;Algodão;COMPLETO;70;7,4;287;307;20;
control system;3/18/2026, 05:59 PM;R4U6G;16/03/2026;62;Algodão;COMPLETO;70;7,97;153;173;20;
control system;3/18/2026, 06:00 PM;51T9O;16/03/2026;63;Algodão;COMPLETO;70;5,06;650;664;14;
control system;3/18/2026, 06:01 PM;PRO6U;16/03/2026;70;Algodão;COMPLETO;70;9,17;214;235;21;
control system;3/18/2026, 06:01 PM;P1YDY;16/03/2026;72;Algodão;COMPLETO;100;6,12;376;388;12;
control system;3/19/2026, 06:57 PM;PGYQ5;17/03/2026;3;Tabaco;COMPLETO;100;6,3;37;52;15;
control system;3/19/2026, 06:59 PM;Q1F3J;17/03/2026;4;Tabaco;COMPLETO;80;4,9;177;189;12;
control system;3/19/2026, 07:00 PM;W3PFI;17/03/2026;25;Cacau;COMPLETO;100;5,8;1844;1856;12;
control system;3/19/2026, 07:02 PM;R6DX7;17/03/2026;24;Algodão;COMPLETO;100;6,3;22;37;15;
control system;3/19/2026, 07:02 PM;RIFGS;17/03/2026;27;Cacau;COMPLETO;100;5,34;2040;2052;12;
control system;3/19/2026, 07:04 PM;8DEAA;17/03/2026;32;Cacau;CD;100;5,7;1110,5;1117,5;7;
control system;3/19/2026, 07:05 PM;EPN3X;17/03/2026;33;Algodão;COMPLETO;100;6;170;187;17;FERTIRRIGAÇÃO
control system;3/19/2026, 07:06 PM;MYRY9;17/03/2026;39;Algodão;COMPLETO;100;5,58;143;155;12;
control system;3/19/2026, 07:06 PM;GEG5Y;17/03/2026;56;Algodão;COMPLETO;70;8,83;53;78;25;
control system;3/19/2026, 07:09 PM;LNPLU;17/03/2026;58;Algodão;COMPLETO;100;6,54;893;908;15;
control system;3/19/2026, 07:09 PM;RGB2H;17/03/2026;72;Algodão;COMPLETO;100;6,12;388;400;12;
control system;3/20/2026, 07:20 PM;ALURR;13/03/2026;110;Algodão;COMPLETO;100;5,5;1287,6;1289,8;1289,8;CANCELADO/CHUVA
control system;3/20/2026, 07:22 PM;OOB8L;13/03/2026;117;Algodão;COMPLETO;100;5,67;520,9;525,2;4,3;CANCELADO/CHUVA
control system;3/20/2026, 07:24 PM;JIQ2N;13/03/2026;119;Tabaco;COMPLETO;100;6,58;240,5;255;14,5;FEERTI
control system;3/20/2026, 07:26 PM;U4WH9;13/03/2026;120;Tabaco;COMPLETO;100;6,51;125,9;136;10,1;CANCELADO/CHUVA
control system;3/20/2026, 07:27 PM;N32EL;13/03/2026;122;Algodão;COMPLETO;100;6,3;2148,5;2159,6;11,1;CANCELADO/CHUVA
control system;3/20/2026, 07:28 PM;EIERI;13/03/2026;130;Soja;COMPLETO;60;9,6;222,3;232,3;10;CANCELADO/CHUVA
control system;3/20/2026, 07:34 PM;A6RV6;14/03/2026;117;Algodão;COMPLETO;100;5,67;525,2;538,1;12,9;
control system;3/20/2026, 07:35 PM;GZJG5;14/03/2026;118;Tabaco;COMPLETO;100;6,44;209,2;223,6;14,4;
control system;3/20/2026, 07:39 PM;E4ONA;15/03/2026;113;Algodão;COMPLETO;100;6,37;842,3;857,1;14,8;
control system;3/20/2026, 07:39 PM;J2W84;15/03/2026;117;Algodão;COMPLETO;100;5,67;538,1;552,8;14,7;
control system;3/20/2026, 07:40 PM;RHUXT;15/03/2026;119;Tabaco;COMPLETO;100;6,58;255;269,3;14,3;
control system;3/20/2026, 07:42 PM;XNQHJ;16/03/2026;124;Tabaco;ABD;100;5,88;397,8;408,7;10,9;FERTI
control system;3/20/2026, 07:44 PM;7CW1C;17/03/2026;122;Algodão;1/2-PIVO;100;6,3;2159,6;2166,6;7;1/2 PIVO
control system;3/23/2026, 06:03 PM;79HWO;18/03/2026;2;Algodão;COMPLETO;70;7,57;525;546;21;
control system;3/23/2026, 06:04 PM;7H9SK;18/03/2026;3;Tabaco;COMPLETO;90;7;52;68;16;
control system;3/23/2026, 06:07 PM;K3QA6;18/03/2026;4;Tabaco;COMPLETO;70;5,6;189;201;12;
control system;3/23/2026, 06:08 PM;Z4WVP;18/03/2026;9;Soja;COMPLETO;70;7,8;937;955;18;
control system;3/23/2026, 06:09 PM;WUTZM;18/03/2026;10;Soja;COMPLETO;70;9;1983;2003;20;
control system;3/23/2026, 06:10 PM;622N9;18/03/2026;20;Algodão;COMPLETO;100;6,84;1142;1157;15;FERTIRRIGAÇÃO
control system;3/23/2026, 06:11 PM;AH86F;18/03/2026;29;Cacau;COMPLETO;100;5,14;2744;2754;10;
control system;3/23/2026, 06:12 PM;YO205;18/03/2026;32;Cacau;COMPLETO;100;5,7;1117,5;1131,5;14;
control system;3/23/2026, 06:13 PM;LDHSZ;18/03/2026;42;Algodão;COMPLETO;70;8,23;1047;1064;17;
control system;3/23/2026, 06:14 PM;0J79A;18/03/2026;49;Algodão;COMPLETO;70;9,6;871;891;20;
control system;3/23/2026, 06:14 PM;AX6B5;18/03/2026;51;Algodão;COMPLETO;100;6,05;914;927;13;
control system;3/23/2026, 06:15 PM;KLBBC;18/03/2026;53;Algodão;1/2-PIVO;45;10,29;466;469;3;TESTE ALCIONE
control system;3/23/2026, 06:15 PM;BSRAC;18/03/2026;54;Algodão;COMPLETO;100;5,8;1122;1135;13;
control system;3/23/2026, 06:16 PM;2EFJ8;18/03/2026;55;Algodão;COMPLETO;100;6,48;76;90;14;
control system;3/23/2026, 06:17 PM;G2OU0;18/03/2026;58;Algodão;COMPLETO;100;6,54;908;922;14;
control system;3/23/2026, 06:18 PM;0PN6O;18/03/2026;64;Algodão;COMPLETO;70;7,79;69;85;16;
control system;3/23/2026, 06:19 PM;3Z0K7;18/03/2026;68;Algodão;COMPLETO;70;6,86;1364;1379;15;
control system;3/23/2026, 06:20 PM;AW7YV;18/03/2026;69;Algodão;COMPLETO;60;7,67;84;102,3;18,3;
control system;3/23/2026, 06:21 PM;1D6HJ;18/03/2026;72;Algodão;COMPLETO;100;6,12;400;412;12;
control system;3/23/2026, 06:24 PM;KCS9F;19/03/2026;3;Tabaco;COMPLETO;100;6,3;68;83;15;
control system;3/23/2026, 06:25 PM;FRM5B;19/03/2026;6;Algodão;COMPLETO;70;8,31;15;36;21;
control system;3/23/2026, 06:25 PM;63TMH;19/03/2026;15;Algodão;COMPLETO;70;10,54;117;141;24;
control system;3/23/2026, 06:26 PM;8TCUV;19/03/2026;16;Algodão;COMPLETO;70;10,27;56,5;77;20,5;
control system;3/23/2026, 06:27 PM;NIEFF;19/03/2026;18;Soja;COMPLETO;70;9,3;676;697;21;
control system;3/23/2026, 06:32 PM;D3C1G;19/03/2026;22;Algodão;COMPLETO;70;10,3;766;797;31;+ 1/2 PIVO
control system;3/23/2026, 06:33 PM;JBSV6;19/03/2026;25;Cacau;COMPLETO;100;5,8;1856;1868;12;
control system;3/23/2026, 06:34 PM;MEVXO;19/03/2026;27;Cacau;COMPLETO;100;5,34;2052;2063;11;
control system;3/23/2026, 06:35 PM;BJ8FY;19/03/2026;32;Cacau;BC;100;5,7;1131,5;1138,5;7;
control system;3/23/2026, 06:40 PM;9GU2Z;19/03/2026;36;Preparo;COMPLETO;70;10,29;0;22;22;
control system;3/23/2026, 06:53 PM;GN8KP;19/03/2026;37;Tabaco;COMPLETO;90;10,04;1373;1397;24;2 GIRO
control system;3/23/2026, 06:59 PM;WKUWS;19/03/2026;44;Preparo;COMPLETO;70;10,37;23;38;15;
control system;3/23/2026, 07:00 PM;CV0GU;19/03/2026;46;Soja;COMPLETO;70;9,51;266;288;22;
control system;3/23/2026, 07:01 PM;XJBG1;19/03/2026;54;Algodão;COMPLETO;50;11,6;1135;1138;3;TESTE ALCIONE
control system;3/23/2026, 07:02 PM;3OLZD;19/03/2026;62;Algodão;COMPLETO;70;7,97;157,5;177,5;20;
control system;3/23/2026, 07:04 PM;YOXX5;19/03/2026;65;Algodão;COMPLETO;70;10,39;728;756;28;
control system;3/23/2026, 07:05 PM;G1NUL;19/03/2026;71;Soja;ABC;70;6,93;84,25;91,75;7,5;
control system;3/23/2026, 07:06 PM;CMJ7J;19/03/2026;71;Crotalária;D;70;6,93;91,75;94,25;2,5;
control system;3/23/2026, 10:28 PM;A5GAA;18/03/2026;116;Algodão;COMPLETO;100;6,44;0;14,5;14,5;
control system;3/23/2026, 10:29 PM;ZR2BP;18/03/2026;117;Algodão;COMPLETO;100;5,67;552,8;567,5;14,7;
control system;3/23/2026, 10:30 PM;O8IRN;19/03/2026;112;Algodão;COMPLETO;100;6,37;40,5;55,8;15,3;FERTI
control system;3/23/2026, 10:31 PM;32UPJ;19/03/2026;115;Algodão;COMPLETO;70;9,2;191,9;212,2;20,3;
control system;3/23/2026, 10:31 PM;YL12J;19/03/2026;119;Tabaco;COMPLETO;100;6,58;269,3;285,2;15,9;FERTI
control system;3/23/2026, 10:37 PM;Y2CZD;14/03/2026;121;Tabaco;ABD;100;6,37;165,6;176,6;11;ABD
control system;3/23/2026, 10:38 PM;0E2PC;19/03/2026;121;Tabaco;ABD;100;6,37;176,6;187,5;10,9;FERTI ABD
control system;3/23/2026, 10:41 PM;D9J05;20/03/2026;105;Algodão;COMPLETO;100;5,16;177,7;189,4;11,7;
control system;3/23/2026, 10:42 PM;UILQD;20/03/2026;107;Algodão;COMPLETO;100;4,68;184,1;196,3;12,2;
control system;3/23/2026, 10:43 PM;2CI3A;20/03/2026;120;Tabaco;COMPLETO;100;6,51;136;150,3;14,3;
control system;3/23/2026, 11:36 PM;909N3;19/03/2026;129;Preparo;COMPLETO;100;5,35;810,7;823,9;13,2;
control system;3/24/2026, 11:16 AM;75LWZ;20/03/2026;4;Tabaco;COMPLETO;70;5,6;201;213;12;
control system;3/24/2026, 11:17 AM;UTBXU;20/03/2026;9;Soja;COMPLETO;100;5,46;955;968;13;
control system;3/24/2026, 11:17 AM;DROLK;20/03/2026;10;Soja;COMPLETO;100;6,3;2003;2016;13;
control system;3/24/2026, 11:18 AM;JQDRP;20/03/2026;17;Algodão;COMPLETO;70;9;518;538;20;
control system;3/24/2026, 11:19 AM;H96FC;20/03/2026;21;Algodão;COMPLETO;70;7,81;311;332;21;
control system;3/24/2026, 11:20 AM;WTW1C;20/03/2026;26;Algodão;COMPLETO;70;8,14;191;211;20;
control system;3/24/2026, 11:20 AM;70SN7;20/03/2026;27;Cacau;COMPLETO;100;5,34;2063;2075;12;
control system;3/24/2026, 11:21 AM;VAI8I;20/03/2026;32;Cacau;COMPLETO;100;5,7;1138,5;1152,5;14;
control system;3/24/2026, 11:25 AM;23K6C;20/03/2026;37;Tabaco;COMPLETO;100;9,04;1397;1417;20;2 GIRO
control system;3/24/2026, 11:26 AM;ERUPN;20/03/2026;39;Algodão;1/2-PIVO;60;9,3;155;157;2;TESTE ALCIONE
control system;3/24/2026, 11:26 AM;3SZI2;20/03/2026;42;Algodão;COMPLETO;70;8,23;1064;1081;17;
control system;3/24/2026, 11:27 AM;7IPTU;20/03/2026;57;Algodão;COMPLETO;70;8,4;217;238;21;
control system;3/24/2026, 11:27 AM;74EOT;20/03/2026;59;Algodão;COMPLETO;70;7,4;307;327;20;
control system;3/24/2026, 11:28 AM;O8IS0;20/03/2026;61;Algodão;COMPLETO;70;8,7;1069;1090;21;
control system;3/24/2026, 11:28 AM;82DCS;20/03/2026;66;Algodão;COMPLETO;60;9,33;490;510;20;
control system;3/24/2026, 11:29 AM;22VAJ;20/03/2026;67;Algodão;COMPLETO;50;10;381;402;21;
control system;3/24/2026, 11:30 AM;4JMMX;20/03/2026;70;Algodão;COMPLETO;70;9,17;235;256;21;
control system;3/24/2026, 11:32 AM;6W8WA;21/03/2026;3;Tabaco;COMPLETO;100;6,3;83;97;14;
control system;3/24/2026, 11:33 AM;ZWLPO;21/03/2026;24;Algodão;COMPLETO;70;9;37;58;21;
control system;3/24/2026, 11:34 AM;FYJ18;21/03/2026;25;Cacau;COMPLETO;100;5,8;1868;1880;12;
control system;3/24/2026, 11:35 AM;D4P3C;21/03/2026;29;Cacau;COMPLETO;100;5,14;2754;2764;10;
control system;3/24/2026, 11:36 AM;UP861;21/03/2026;31;Algodão;COMPLETO;70;8,83;210;231;21;
control system;3/24/2026, 11:39 AM;MBSGI;21/03/2026;32;Cacau;BC;52;10,96;1152,5;1164,5;12;BATE VOLTA A 100%
control system;3/24/2026, 11:41 AM;WS44I;21/03/2026;37;Tabaco;COMPLETO;100;9,04;1417;1427;10;
control system;3/25/2026, 09:07 PM;CD4HW;21/03/2026;108;Algodão;COMPLETO;100;5,34;1377,8;1390;12,2;
control system;3/25/2026, 09:08 PM;8MV0C;21/03/2026;109;Algodão;COMPLETO;100;5,83;896,1;908;11,9;
control system;3/25/2026, 09:08 PM;96EZK;21/03/2026;110;Algodão;COMPLETO;100;5,5;1289,8;1302;12,2;
control system;3/30/2026, 11:27 PM;4P1S2;28/03/2026;118;Tabaco;COMPLETO;100;6,44;223,6;227,2;3,6;CANCELADO
control system;3/30/2026, 11:40 PM;KJ8GN;24/03/2026;114;Algodão;COMPLETO;70;8,49;33,4;46,3;12,9;FERTI
control system;3/30/2026, 11:41 PM;WPN00;29/03/2026;112;Algodão;COMPLETO;70;9,1;55,8;76,3;20,5;
control system;3/30/2026, 11:44 PM;XAKYX;29/03/2026;114;Algodão;COMPLETO;70;8,49;46,3;64,3;18;
control system;3/30/2026, 11:45 PM;UYD0G;29/03/2026;115;Algodão;COMPLETO;70;9,2;212,2;232,5;20,3;
control system;3/30/2026, 11:45 PM;R48KA;29/03/2026;116;Algodão;COMPLETO;100;6,44;14,5;29,1;14,6;
control system;4/2/2026, 11:13 AM;I55EZ;24/03/2026;15;Algodão;COMPLETO;70;10,54;141;162;21;
control system;4/2/2026, 11:16 AM;CW75E;24/03/2026;27;Cacau;COMPLETO;100;5,34;2075;2086;11;
control system;4/2/2026, 11:17 AM;G3H4H;24/03/2026;29;Cacau;COMPLETO;100;5,14;2764;2774;10;
control system;4/2/2026, 11:20 AM;K4Y1L;24/03/2026;37;Tabaco;COMPLETO;100;9,04;1427;1437;10;
control system;4/2/2026, 11:20 AM;INPU6;24/03/2026;45;Preparo;1/2-PIVO;55;11,13;269;272;3;TESTE ALCIONE
control system;4/2/2026, 11:23 AM;W6IJV;26/03/2026;38;Tabaco;COMPLETO;90;8,94;42,1;57;14,9;
control system;4/2/2026, 11:26 AM;QM303;27/03/2026;3;Tabaco;COMPLETO;100;6,3;21;35;14;
control system;4/2/2026, 11:31 AM;2BTY7;27/03/2026;4;Tabaco;COMPLETO;100;3,92;213;233;20;FERTI + IRRIGAÇÃO NORMAL
control system;4/2/2026, 11:32 AM;76JAA;27/03/2026;8;Preparo;1/2-PIVO;70;9,4;0;3;3;TESTE ALCIONE
control system;4/2/2026, 11:34 AM;HAD5Q;27/03/2026;25;Cacau;COMPLETO;100;5,8;1880;1892;12;FERTIRRIGAÇÃO
control system;4/2/2026, 11:42 AM;25LA5;27/03/2026;37;Tabaco;COMPLETO;100;9,04;1437;1457;20;FERTI + IRRIGAÇÃO NORMAL
control system;4/2/2026, 11:44 AM;XK3EO;27/03/2026;38;Tabaco;COMPLETO;100;8,05;57;70;13;FERTIRRIGAÇÃO
control system;4/2/2026, 11:51 AM;FSQB4;28/03/2026;27;Cacau;CD;100;5,34;2086;2092;6;
control system;4/2/2026, 11:52 AM;VF8AN;28/03/2026;32;Cacau;COMPLETO;100;5,7;1164,5;1178,5;14;
control system;4/2/2026, 11:53 AM;AH65S;28/03/2026;38;Tabaco;COMPLETO;100;8,05;70;83;13;
control system;4/2/2026, 11:55 AM;L4SV8;29/03/2026;3;Tabaco;COMPLETO;100;6,3;35;49;14;
control system;4/2/2026, 11:56 AM;JWVSF;29/03/2026;4;Tabaco;COMPLETO;65;6,03;233;249;16;
control system;4/2/2026, 11:57 AM;IJ4KZ;29/03/2026;16;Algodão;COMPLETO;70;10,27;77;98;21;
control system;4/2/2026, 11:58 AM;3MVRG;29/03/2026;19;Algodão;COMPLETO;70;8,21;470;491;21;
control system;4/2/2026, 11:58 AM;RULF1;29/03/2026;25;Cacau;COMPLETO;100;5,8;1892;1904;12;
control system;4/2/2026, 11:59 AM;1Y6T9;29/03/2026;26;Algodão;COMPLETO;70;8,14;211;231;20;
control system;4/2/2026, 12:01 PM;VD3M2;29/03/2026;29;Cacau;COMPLETO;100;5,14;2774;2784;10;
control system;4/2/2026, 12:02 PM;JBONC;29/03/2026;32;Cacau;COMPLETO;100;5,7;1178,5;1192;13,5;
control system;4/2/2026, 12:03 PM;IGMEM;29/03/2026;37;Tabaco;COMPLETO;100;9,04;1457;1467;10;
control system;4/2/2026, 12:04 PM;69G1V;29/03/2026;38;Tabaco;COMPLETO;100;8,05;83;96;13;
control system;4/2/2026, 12:04 PM;613N9;29/03/2026;53;Algodão;COMPLETO;60;7,72;469;485;16;
control system;4/2/2026, 12:05 PM;5XZIM;29/03/2026;63;Algodão;COMPLETO;40;8,85;664;684;20;
control system;4/2/2026, 12:06 PM;4U4X4;29/03/2026;64;Algodão;COMPLETO;65;8,38;85;102;17;
control system;4/2/2026, 12:07 PM;4MG85;29/03/2026;68;Algodão;COMPLETO;90;5,33;1379;1391;12;
control system;4/7/2026, 04:56 PM;0XWGF;30/03/2026;15;Algodão;1/2-PIVO;70;10,54;162;174;12;CHUVA
control system;4/7/2026, 04:57 PM;T4B7O;30/03/2026;17;Algodão;COMPLETO;70;9;8;28;20;
control system;4/7/2026, 04:59 PM;VLRVC;30/03/2026;21;Algodão;COMPLETO;70;7,81;332;353;21;
control system;4/7/2026, 04:59 PM;ZAJQL;30/03/2026;20;Algodão;COMPLETO;70;9,77;1157;1180;23;
control system;4/7/2026, 05:03 PM;JLTLO;30/03/2026;27;Cacau;COMPLETO;67;7,97;2092;2113;21;2 GIRO A 100%
control system;4/7/2026, 05:04 PM;CF1G1;30/03/2026;30;Algodão;COMPLETO;70;8,57;468;489;21;
control system;4/7/2026, 05:04 PM;PROXV;30/03/2026;31;Algodão;COMPLETO;70;8,83;231;252;21;
control system;4/7/2026, 05:05 PM;C3DQJ;30/03/2026;32;Cacau;COMPLETO;100;5,7;1192;1206;14;
control system;4/7/2026, 05:12 PM;YS38Y;30/03/2026;35;Algodão;COMPLETO;80;7,28;6;25;19;
control system;4/7/2026, 05:13 PM;6USYJ;30/03/2026;38;Tabaco;COMPLETO;100;8,05;96;109;13;
control system;4/7/2026, 05:14 PM;KP2ID;30/03/2026;42;Algodão;COMPLETO;65;8,86;1081;1100;19;
control system;4/7/2026, 05:15 PM;CKIYM;30/03/2026;43;Algodão;COMPLETO;75;9,05;2029;2049;20;
control system;4/7/2026, 05:15 PM;44EQW;30/03/2026;47;Algodão;COMPLETO;100;7,42;1458;1475;17;
control system;4/7/2026, 05:19 PM;GB3F7;30/03/2026;48;Algodão;COMPLETO;80;8,5;23;40;17;
control system;4/7/2026, 05:20 PM;UR24X;30/03/2026;54;Algodão;COMPLETO;70;8,29;1138;1157;19;
control system;4/7/2026, 05:20 PM;OHAB0;30/03/2026;56;Algodão;COMPLETO;75;8,24;78;98;20;
control system;4/7/2026, 05:23 PM;ZBYTB;30/03/2026;61;Algodão;COMPLETO;100;6,09;1090;1104;14;FERTIRRIGAÇÃO
control system;4/7/2026, 05:23 PM;OI8ON;30/03/2026;1;Algodão;COMPLETO;100;5,45;1500;1514;14;FERTIRRIGAÇÃO
control system;4/7/2026, 05:26 PM;IJ1NJ;30/03/2026;65;Algodão;1/2-PIVO;90;8,08;756;765;9;
control system;4/7/2026, 05:28 PM;8HYGK;31/03/2026;4;Tabaco;COMPLETO;65;6,03;249;265;16;
control system;4/7/2026, 05:29 PM;H0TBZ;31/03/2026;18;Soja;COMPLETO;100;6,51;697;712;15;
control system;4/7/2026, 05:31 PM;WGKEC;31/03/2026;22;Algodão;COMPLETO;70;10,3;797;813;16;CHUVA
control system;4/7/2026, 05:33 PM;I5PSF;01/04/2026;2;Algodão;COMPLETO;100;5,3;546;554;8;FALTOU 4 HORAS
control system;4/7/2026, 05:35 PM;E7UVZ;01/04/2026;26;Algodão;1/2-PIVO;70;8,14;231;239;8;
control system;4/7/2026, 05:37 PM;2F1JY;03/04/2026;15;Algodão;COMPLETO;100;7,38;174;188;14;
control system;4/7/2026, 05:48 PM;0VG4Y;04/04/2026;37;Tabaco;COMPLETO;46;19,65;1467;1489;22;2 GIRO A 100%
control system;4/7/2026, 05:49 PM;H8KDY;04/04/2026;38;Tabaco;COMPLETO;100;8,05;109;122;13;
control system;4/7/2026, 07:07 PM;G11F3;03/04/2026;40;Tabaco;CD;100;6,96;0;7;7;
control system;4/7/2026, 07:07 PM;F7B8H;04/04/2026;40;Tabaco;CD;100;6,96;7;14;7;
control system;4/7/2026, 07:10 PM;WX9VK;05/04/2026;3;Tabaco;COMPLETO;100;6,3;49;66;17;
control system;4/7/2026, 07:11 PM;V8OYJ;05/04/2026;19;Algodão;COMPLETO;70;8,21;491;512;21;
control system;4/7/2026, 07:12 PM;2XU16;05/04/2026;16;Algodão;COMPLETO;70;10,27;98;119;21;
control system;4/7/2026, 07:12 PM;OBETU;05/04/2026;26;Algodão;COMPLETO;70;8,14;239;259;20;
control system;4/7/2026, 07:22 PM;SZD7A;05/04/2026;27;Cacau;A;67;7,97;2113;2119;6;2 GIRO A 100%
control system;4/7/2026, 07:25 PM;VFLWI;05/04/2026;29;Cacau;D;100;5,14;2784;2786;2;
control system;4/7/2026, 07:27 PM;90G5D;05/04/2026;40;Tabaco;CD;100;6,96;14;21;7;
control system;4/7/2026, 07:28 PM;2BW88;05/04/2026;41;Algodão;COMPLETO;70;9,2;38;64;26;
control system;4/7/2026, 07:29 PM;Z8MK8;05/04/2026;48;Algodão;COMPLETO;70;9,71;40;63;23;
control system;4/7/2026, 07:29 PM;W7ZQN;05/04/2026;53;Algodão;COMPLETO;50;9,26;485;505;20;
control system;4/7/2026, 07:30 PM;JSCS5;05/04/2026;54;Algodão;COMPLETO;65;8,92;1157;1177;20;
control system;4/7/2026, 07:31 PM;3PS0Q;05/04/2026;58;Algodão;COMPLETO;70;9,34;922;943;21;
control system;4/8/2026, 09:08 PM;BEFEC;30/03/2026;103;Algodão;COMPLETO;50;10,32;1348,3;1371,2;22,9;
control system;4/8/2026, 09:08 PM;GR7SV;30/03/2026;104;Algodão;COMPLETO;50;9,9;2610,8;2632,9;22,1;
control system;4/8/2026, 09:09 PM;14TWU;30/03/2026;113;Algodão;COMPLETO;70;9,1;857,1;877,8;20,7;
control system;4/8/2026, 09:10 PM;HEBJM;30/03/2026;118;Tabaco;COMPLETO;100;6,44;227,2;241,9;14,7;FERTI
control system;4/8/2026, 09:12 PM;RQ1HW;30/03/2026;120;Tabaco;COMPLETO;100;6,51;150,3;165,4;15,1;
control system;4/8/2026, 09:17 PM;M3YO4;31/03/2026;114;Algodão;COMPLETO;100;5,94;64,3;73,3;9;CHUVA
control system;4/8/2026, 09:18 PM;XSPVO;31/03/2026;117;Algodão;COMPLETO;100;5,67;567,5;570,7;3,2;CHUVA
control system;4/8/2026, 09:19 PM;77H06;31/03/2026;121;Tabaco;COMPLETO;100;6,37;187,5;191;3,5;CHUVA
control system;4/8/2026, 09:21 PM;9K0KV;31/03/2026;123;Algodão;COMPLETO;75;9,05;2576,7;2593,8;17,1;CHUVA
control system;4/8/2026, 09:26 PM;B8CJJ;01/04/2026;113;Algodão;COMPLETO;100;6,37;877,8;882,8;5;CHUVA
control system;4/8/2026, 09:29 PM;40AC3;04/04/2026;117;Algodão;COMPLETO;100;5,67;570,7;585,2;14,5;
control system;4/8/2026, 09:31 PM;0KZ8X;05/04/2026;101;Algodão;COMPLETO;70;7,97;2604,1;2622;17,9;
control system;4/8/2026, 09:31 PM;NA4TD;05/04/2026;103;Algodão;COMPLETO;60;8,6;1371,2;1390,3;19,1;
control system;4/8/2026, 09:32 PM;Z089T;05/04/2026;106;Algodão;COMPLETO;60;8,9;1856,1;1875,9;19,8;
control system;4/8/2026, 09:34 PM;TUKU8;05/04/2026;113;Algodão;COMPLETO;70;9,1;882,8;903,7;20,9;
control system;4/8/2026, 09:35 PM;EX2XK;06/04/2026;112;Algodão;COMPLETO;70;9,1;76,3;96,8;20,5;
control system;4/8/2026, 09:36 PM;ZJB4U;06/04/2026;116;Algodão;COMPLETO;70;9,2;29,1;48,2;19,1;CANCELOU
control system;4/8/2026, 09:37 PM;20BE9;06/04/2026;118;Tabaco;COMPLETO;100;6,44;241,9;256,2;14,3;
control system;4/8/2026, 09:42 PM;0Q2CV;21/03/2026;119;Tabaco;COMPLETO;100;6,58;285,2;298,5;13,3;FERTI/CANCELADO
control system;4/8/2026, 09:43 PM;TPPWC;06/04/2026;119;Tabaco;COMPLETO;100;6,58;298,5;313,4;14,9;
control system;4/8/2026, 09:44 PM;1EC3T;06/04/2026;120;Tabaco;COMPLETO;100;6,51;165,4;180,1;14,7;
control system;4/8/2026, 09:45 PM;FWYCV;06/04/2026;121;Tabaco;COMPLETO;100;6,37;191;202;11;
control system;4/8/2026, 09:45 PM;3SLTB;06/04/2026;122;Algodão;COMPLETO;70;9;2166,6;2187;20,4;
control system;4/8/2026, 09:46 PM;GTPFM;06/04/2026;123;Algodão;COMPLETO;70;9,7;2593,8;2614,9;21,1;
control system;4/9/2026, 05:10 PM;R2VIT;06/04/2026;2;Algodão;COMPLETO;60;8,83;554;576;22;
control system;4/9/2026, 05:12 PM;YIAAH;06/04/2026;6;Algodão;COMPLETO;70;8,31;36;57;21;
control system;4/9/2026, 05:12 PM;HK5YG;06/04/2026;17;Algodão;COMPLETO;70;9;28;51;23;
control system;4/9/2026, 05:13 PM;O9LBO;06/04/2026;18;Soja;COMPLETO;100;6,51;712;727;15;
control system;4/9/2026, 05:13 PM;EBTWH;06/04/2026;20;Algodão;COMPLETO;70;9,77;1180;1203;23;
control system;4/9/2026, 05:14 PM;5F5TX;06/04/2026;21;Algodão;COMPLETO;70;7,81;353;374;21;
control system;4/9/2026, 05:15 PM;Y2HF9;06/04/2026;25;Algodão;COMPLETO;100;5,8;1904;1916;12;
control system;4/9/2026, 05:20 PM;JLJYU;06/04/2026;29;Cacau;COMPLETO;100;5,14;2786;2796;10;
control system;4/9/2026, 05:22 PM;MSKPI;06/04/2026;30;Algodão;COMPLETO;70;8,57;489;510;21;
control system;4/9/2026, 05:22 PM;039EJ;06/04/2026;31;Algodão;COMPLETO;70;8,83;252;273;21;
control system;4/9/2026, 05:23 PM;PYERE;06/04/2026;32;Cacau;COMPLETO;100;5,7;1206;1220;14;
control system;4/9/2026, 05:26 PM;ZRQA8;06/04/2026;35;Algodão;COMPLETO;70;8,31;25;44;19;
control system;4/9/2026, 05:28 PM;8VJ87;06/04/2026;38;Tabaco;COMPLETO;100;8,05;122;135;13;FERTIRRIGAÇÃO
control system;4/9/2026, 05:30 PM;GZL14;06/04/2026;40;Tabaco;COMPLETO;100;6,96;21;35;14;
control system;4/9/2026, 05:31 PM;7I02C;06/04/2026;51;Algodão;COMPLETO;70;8,64;927;946;19;
control system;4/9/2026, 05:32 PM;MCNYP;06/04/2026;55;Algodão;COMPLETO;70;9,26;90;110;20;
control system;4/9/2026, 05:33 PM;FJFT8;06/04/2026;63;Algodão;COMPLETO;40;8,85;684;705;21;
control system;4/9/2026, 05:34 PM;2XD8Q;06/04/2026;64;Algodão;COMPLETO;50;10,9;102;124;22;
control system;4/9/2026, 05:35 PM;FCL0E;06/04/2026;65;Algodão;COMPLETO;70;10,39;765;785;20;
control system;4/9/2026, 05:36 PM;62C0J;06/04/2026;68;Algodão;COMPLETO;50;9,6;1391;1412;21;
control system;4/9/2026, 05:37 PM;V5GSY;06/04/2026;69;Algodão;COMPLETO;50;9,2;102,3;129,4;27,1;
control system;4/9/2026, 05:39 PM;KQD91;06/04/2026;71;Soja;ABC;50;9,7;94,25;105,2;11;
control system;4/9/2026, 05:40 PM;BOILT;06/04/2026;71;Crotalária;D;50;9,7;105,2;108,6;3,4;
control system;4/9/2026, 05:41 PM;1Y3J7;06/04/2026;72;Algodão;COMPLETO;100;6,12;412;424;12;FERTIRRIGAÇÃO
control system;4/9/2026, 05:43 PM;P0O1B;07/04/2026;15;Algodão;COMPLETO;70;10,54;188;210;22;
control system;4/9/2026, 05:45 PM;9B9XJ;07/04/2026;22;Algodão;COMPLETO;70;10,3;813;831;18;
control system;4/9/2026, 05:48 PM;UHPVR;07/04/2026;24;Algodão;COMPLETO;38;16,58;58;94;36;2 GIRO A 70%
control system;4/9/2026, 05:49 PM;H4Z6A;07/04/2026;26;Algodão;COMPLETO;70;8,14;259;279;20;
control system;4/9/2026, 05:50 PM;FKIZM;07/04/2026;29;Cacau;D;100;5,14;2796;2798;2;
control system;4/9/2026, 05:51 PM;C1W1T;07/04/2026;32;Cacau;BC;100;5,7;1220;1227;7;
control system;4/9/2026, 05:52 PM;BOEIM;07/04/2026;33;Algodão;COMPLETO;65;9,23;0;21;21;
control system;4/9/2026, 05:52 PM;QHCT5;07/04/2026;34;Algodão;COMPLETO;70;9,6;1190;1210;20;
control system;4/9/2026, 05:56 PM;A9GJA;07/04/2026;38;Tabaco;COMPLETO;40;20,13;135;161;26;FERTI + IRRIGAÇÃO A 100%
control system;4/9/2026, 05:57 PM;DULAH;07/04/2026;40;Tabaco;COMPLETO;100;6,96;35;49;14;
control system;4/9/2026, 05:58 PM;FEHSX;07/04/2026;42;Algodão;COMPLETO;60;9,6;1100;1120;20;
control system;4/9/2026, 05:59 PM;RHZHF;07/04/2026;43;Algodão;COMPLETO;70;9,7;2049;2070;21;
control system;4/9/2026, 06:00 PM;QJYOJ;07/04/2026;49;Algodão;COMPLETO;70;9,6;891;911;20;
control system;4/9/2026, 06:01 PM;6SS0Z;07/04/2026;57;Algodão;COMPLETO;70;8,4;238;259;21;
control system;4/9/2026, 06:02 PM;4NKQ6;07/04/2026;59;Algodão;COMPLETO;70;7,4;327;347;20;
control system;4/9/2026, 06:02 PM;PAKNP;07/04/2026;60;Algodão;COMPLETO;70;9,69;625;646;21;
control system;4/9/2026, 06:03 PM;7WVXS;07/04/2026;61;Algodão;COMPLETO;70;8,7;1104;1125;21;
control system;4/9/2026, 06:04 PM;U8XBG;07/04/2026;62;Algodão;COMPLETO;70;7,97;177,5;199,3;21,8;
control system;4/9/2026, 06:05 PM;RMGSE;07/04/2026;67;Algodão;COMPLETO;50;10;402;423;21;
control system;4/9/2026, 06:42 PM;XXMPQ;08/04/2026;3;Tabaco;COMPLETO;100;6,3;66;80;14;FERTIRRIGAÇÃO
control system;4/9/2026, 06:43 PM;W2BVB;08/04/2026;10;Preparo;COMPLETO;55;11,45;2016;2020;4;TESTE ALCIONE
control system;4/9/2026, 06:44 PM;P2HS4;08/04/2026;18;Soja;COMPLETO;100;6,51;727;742;15;
control system;4/9/2026, 06:45 PM;92AA8;08/04/2026;19;Algodão;COMPLETO;70;8,21;512;533;21;
control system;4/9/2026, 06:53 PM;87KA7;08/04/2026;25;Cacau;COMPLETO;100;5,8;1916;1928;12;
control system;4/9/2026, 06:54 PM;7YC4Z;08/04/2026;27;Cacau;COMPLETO;100;5,34;2119;2131;12;
control system;4/9/2026, 06:56 PM;9VFE5;08/04/2026;32;Cacau;COMPLETO;100;5,7;1227;1241;14;
control system;4/9/2026, 06:58 PM;R9ATX;08/04/2026;40;Tabaco;COMPLETO;100;6,96;49;63;14;
control system;4/9/2026, 06:59 PM;0PNB7;08/04/2026;47;Algodão;COMPLETO;70;10,6;1475;1501;26;
control system;4/9/2026, 07:01 PM;JI4Z7;08/04/2026;56;Algodão;COMPLETO;75;8,24;98;118;20;
control system;4/9/2026, 07:01 PM;8DR58;08/04/2026;66;Algodão;COMPLETO;60;9,33;510;530;20;
control system;4/9/2026, 07:03 PM;QNZT2;08/04/2026;70;Algodão;COMPLETO;70;9,17;256;277;21;
control system;4/9/2026, 07:05 PM;AIS8M;08/04/2026;73;Algodão;COMPLETO;75;9,01;1150;1171;21;
control system;4/9/2026, 07:06 PM;DWUL4;08/04/2026;74;Soja;1/2-PIVO;80;8,45;562,3;571;8,7;
control system;4/9/2026, 07:08 PM;YFEDK;09/04/2026;73;Algodão;COMPLETO;75;9,01;1171;1193;22;
control system;4/11/2026, 01:13 AM;KZ5CV;07/04/2026;108;Algodão;1/2-PIVO;55;9,71;1377,8;1401,3;23,5;1/2 PIVO
control system;4/11/2026, 01:14 AM;OVEX8;07/04/2026;109;Algodão;1/2-PIVO;55;10,6;896,1;918,6;22,5;1/2 PIVO
control system;4/11/2026, 01:15 AM;T6I2J;07/04/2026;110;Algodão;1/2-PIVO;55;10;1289,8;1312,6;22,8;1/2 PIVO
control system;4/11/2026, 01:17 AM;1KG3X;07/04/2026;118;Tabaco;COMPLETO;100;6,44;256,2;270,9;14,7;FERTI
control system;4/11/2026, 01:18 AM;ZTUUZ;07/04/2026;119;Tabaco;COMPLETO;100;6,58;313,4;328;14,6;FERTI
control system;4/11/2026, 01:19 AM;7LI0J;07/04/2026;120;Tabaco;COMPLETO;100;6,51;180,1;194,3;14,2;A+B+C+D
control system;4/11/2026, 01:20 AM;QUDQE;07/04/2026;124;Tabaco;COMPLETO;100;5,88;408,7;423,2;14,5;A+B+C+D
control system;4/11/2026, 01:21 AM;UUSQU;08/04/2026;102;Algodão;COMPLETO;70;7,97;197,5;216,4;18,9;
control system;4/11/2026, 01:21 AM;OYW3Q;08/04/2026;104;Algodão;COMPLETO;70;7,07;2632,9;2649,3;16,4;
control system;4/11/2026, 01:23 AM;MUEVE;08/04/2026;108;Algodão;COMPLETO;55;9,71;1401,3;1412;10,7;1/2 PIVO
control system;4/11/2026, 01:33 AM;O3TJA;08/04/2026;109;Tabaco;1/2-PIVO;55;10,6;918,6;928,7;10,1;1/2 PIVO
control system;4/11/2026, 01:34 AM;9OB70;08/04/2026;115;Algodão;COMPLETO;70;9,2;232,5;252,07;19,6;
control system;4/11/2026, 01:34 AM;JZT5E;08/04/2026;121;Tabaco;COMPLETO;100;6,37;202;213;11;
control system;4/11/2026, 01:35 AM;Y6EMX;08/04/2026;124;Tabaco;C;100;5,88;423,2;426,8;3,6;FERTI QC
control system;4/11/2026, 01:37 AM;BILGX;08/04/2026;132;Algodão;COMPLETO;85;9,14;126,8;144,5;17,7;
control system;4/13/2026, 10:42 PM;TAMV8;09/04/2026;101;Algodão;1/2-PIVO;55;10,15;2622;2634,4;12,4;
control system;4/13/2026, 10:44 PM;8ER3R;09/04/2026;103;Algodão;1/2-PIVO;55;9,38;1390,3;1401,2;10,9;
control system;4/13/2026, 10:45 PM;9O5U1;09/04/2026;106;Algodão;1/2-PIVO;55;9,71;1875,9;1886,9;11;
control system;4/13/2026, 10:45 PM;DC1VI;09/04/2026;112;Algodão;COMPLETO;70;9,1;96,8;117,1;20,3;
control system;4/13/2026, 10:46 PM;39XG8;09/04/2026;113;Algodão;COMPLETO;70;9,1;903,7;924,3;20,6;
control system;4/13/2026, 10:47 PM;3OGWI;09/04/2026;120;Tabaco;COMPLETO;100;6,51;194,3;208,5;14,2;FERTI
control system;4/13/2026, 10:48 PM;N4NVM;09/04/2026;124;Tabaco;C;100;5,88;426,8;430,5;3,7;FERTI QC
control system;4/13/2026, 10:52 PM;BRT6M;08/04/2026;129;Gergelim;1/2-PIVO;100;5,35;823,9;829,8;5,9;1/2 PIVO
control system;4/13/2026, 10:53 PM;U00YB;09/04/2026;129;Gergelim;COMPLETO;100;5,35;829,8;842,1;12,3;
control system;4/13/2026, 10:59 PM;1PLO1;10/04/2026;101;Algodão;1/2-PIVO;55;10,15;2634,4;2644,5;10,1;1/2 PIVO
control system;4/13/2026, 10:59 PM;TJV05;10/04/2026;103;Algodão;1/2-PIVO;55;9,38;1401,2;1411,1;9,9;1/2 PIVO
control system;4/13/2026, 11:00 PM;2WTFT;10/04/2026;106;Algodão;1/2-PIVO;55;9,71;1886,9;1897,3;10,4;1/2 PIVO
control system;4/13/2026, 11:00 PM;M5DSR;10/04/2026;110;Algodão;1/2-PIVO;55;10;1312,6;1323,2;10,6;1/2 PIVO
control system;4/13/2026, 11:03 PM;6YN21;10/04/2026;118;Tabaco;COMPLETO;100;6,44;270,9;285,9;15;
control system;4/13/2026, 11:04 PM;Q6KJG;10/04/2026;121;Tabaco;ABD;70;9,1;213;224;11;ABD
control system;4/13/2026, 11:06 PM;X3DJY;11/04/2026;114;Algodão;COMPLETO;50;11,88;73,3;99,3;26;
control system;4/13/2026, 11:07 PM;97QSJ;11/04/2026;118;Tabaco;COMPLETO;100;6,44;285,9;300,5;14,6;
control system;4/13/2026, 11:07 PM;8YLNK;11/04/2026;122;Algodão;COMPLETO;70;9;2187;2207,5;20,5;
control system;4/13/2026, 11:08 PM;KBEK9;11/04/2026;123;Algodão;COMPLETO;70;9,7;2614,9;2635,1;20,2;
control system;4/13/2026, 11:12 PM;TSL8G;11/04/2026;131;Algodão;COMPLETO;85;9,02;85,4;103,3;17,9;
control system;4/13/2026, 11:13 PM;RFZT5;12/04/2026;102;Algodão;COMPLETO;60;9,3;216,4;235,5;19,1;
control system;4/13/2026, 11:14 PM;0ZQBQ;12/04/2026;104;Algodão;COMPLETO;60;8,25;2649,3;2668,4;19,1;
control system;4/13/2026, 11:14 PM;QEBLO;12/04/2026;106;Algodão;COMPLETO;70;7,63;1897,3;1913,8;16,5;
control system;4/13/2026, 11:15 PM;TTBY9;12/04/2026;109;Algodão;COMPLETO;60;9,72;928,7;948,3;19,6;
control system;4/13/2026, 11:15 PM;MMPOE;12/04/2026;112;Algodão;COMPLETO;70;9,1;117,1;137,5;20,4;
control system;4/13/2026, 11:15 PM;WEEIB;12/04/2026;115;Algodão;COMPLETO;70;9,2;252,07;273,4;21,3;
control system;4/13/2026, 11:16 PM;5GA1I;12/04/2026;119;Tabaco;COMPLETO;100;6,58;328;342,5;14,5;
control system;4/13/2026, 11:16 PM;DX2FN;12/04/2026;120;Tabaco;COMPLETO;100;6,51;208,5;222,6;14,1;
control system;4/13/2026, 11:17 PM;XZE40;12/04/2026;129;Gergelim;COMPLETO;75;7,13;842,1;866,1;24;
control system;4/14/2026, 05:24 PM;JH8FN;09/04/2026;2;Algodão;COMPLETO;100;5,3;576;589;13;
control system;4/14/2026, 05:34 PM;66X37;09/04/2026;4;Tabaco;COMPLETO;46;8,52;265;283;18;2 GIRO A 80%
control system;4/14/2026, 05:34 PM;GGBW8;09/04/2026;9;Preparo;1/2-PIVO;60;9,1;0;3;3;TESTE ALCIONE
control system;4/14/2026, 05:39 PM;PU5BQ;09/04/2026;27;Cacau;COMPLETO;100;5,34;2131;2143;12;
control system;4/14/2026, 05:44 PM;X8A3H;09/04/2026;29;Cacau;COMPLETO;50;10,28;2798;2818;20;FERTI + IRRIGAÇÃO A 100%
control system;4/14/2026, 05:44 PM;QQ39G;09/04/2026;30;Algodão;COMPLETO;70;8,57;510;531;21;
control system;4/14/2026, 05:45 PM;NY6T8;09/04/2026;31;Algodão;COMPLETO;70;8,83;273;294;21;
control system;4/14/2026, 05:49 PM;8GFPX;09/04/2026;32;Cacau;COMPLETO;100;5,7;1241;1255;14;FERTIRRIGAÇÃO
control system;4/14/2026, 05:50 PM;F1FF3;09/04/2026;35;Algodão;COMPLETO;70;8,31;44;65;21;
control system;4/14/2026, 05:53 PM;8CKJ6;09/04/2026;36;Tabaco;COMPLETO;70;7,2;22;44;22;
control system;4/14/2026, 05:55 PM;JVKGN;09/04/2026;40;Tabaco;COMPLETO;100;6,96;63;77;14;FERTIRRIGAÇÃO
control system;4/14/2026, 05:55 PM;SU4FT;09/04/2026;48;Algodão;COMPLETO;70;9,71;63;89;26;
control system;4/14/2026, 05:56 PM;LHHPH;09/04/2026;53;Algodão;COMPLETO;50;9,26;505;525;20;
control system;4/14/2026, 05:57 PM;N92D2;09/04/2026;54;Algodão;COMPLETO;60;9,67;1177;1199;22;
control system;4/14/2026, 05:57 PM;51KAU;09/04/2026;63;Algodão;COMPLETO;55;6,44;705;719;14;
control system;4/14/2026, 05:58 PM;1X71K;09/04/2026;64;Algodão;COMPLETO;80;6,81;124;138;14;
control system;4/14/2026, 06:58 PM;1G9BN;10/04/2026;3;Tabaco;COMPLETO;100;6,3;80;94;14;
control system;4/14/2026, 07:01 PM;LGW2C;10/04/2026;4;Tabaco;COMPLETO;46;8,52;283;303;20;2 GIRO A 80%
control system;4/14/2026, 07:02 PM;XKW6V;10/04/2026;20;Algodão;COMPLETO;70;9,77;1203;1225;22;
control system;4/14/2026, 07:05 PM;ZWGBH;10/04/2026;22;Algodão;1/2-PIVO;70;10,3;831;842;11;
control system;4/14/2026, 07:06 PM;3XYGC;10/04/2026;24;Algodão;COMPLETO;70;9;94;114;20;
control system;4/14/2026, 07:07 PM;SMUWS;10/04/2026;36;Tabaco;COMPLETO;100;7,2;44;58;14;
control system;4/14/2026, 07:08 PM;ZM0RA;10/04/2026;39;Algodão;COMPLETO;100;5,58;157;169;12;FERTIRRIGAÇÃO
control system;4/14/2026, 07:10 PM;UYZUP;10/04/2026;38;Tabaco;COMPLETO;100;8,05;161;174;13;
control system;4/14/2026, 07:13 PM;7HZ4V;10/04/2026;40;Tabaco;COMPLETO;53;13,13;77;105;28;FERTI A 100% + IRRIGAÇÃO
control system;4/14/2026, 07:14 PM;70ZSE;10/04/2026;41;Algodão;COMPLETO;70;9,2;64;77;13;
control system;4/14/2026, 07:15 PM;JPHP3;10/04/2026;69;Algodão;1/2-PIVO;50;9,2;129,4;139,9;10,5;
control system;4/14/2026, 07:24 PM;4JRVE;11/04/2026;25;Cacau;ABC;100;5,8;1928;1937;9;
control system;4/14/2026, 07:25 PM;ZWDQL;11/04/2026;26;Algodão;COMPLETO;65;8,77;279;300;21;
control system;4/14/2026, 07:27 PM;PU4O5;11/04/2026;27;Cacau;COMPLETO;100;5,34;2143;2155;12;
control system;4/14/2026, 07:29 PM;K77RZ;11/04/2026;29;Cacau;D;100;5,14;2818;2821;3;
control system;4/14/2026, 07:29 PM;FEAIF;11/04/2026;30;Algodão;COMPLETO;70;8,57;531;552;21;
control system;4/14/2026, 07:30 PM;KYRP7;11/04/2026;32;Cacau;COMPLETO;100;5,7;1255;1269;14;
control system;4/14/2026, 07:31 PM;74A76;11/04/2026;36;Tabaco;COMPLETO;100;7,2;58;74;16;
control system;4/14/2026, 07:34 PM;ZBMPL;11/04/2026;37;Tabaco;COMPLETO;46;19,65;1489;1514;25;2 GIRO A 100%
control system;4/14/2026, 07:34 PM;KKUJV;11/04/2026;40;Tabaco;COMPLETO;100;6,96;105;119;14;
control system;4/14/2026, 07:35 PM;JFXKR;11/04/2026;42;Algodão;COMPLETO;50;11,52;1120;1145;25;
control system;4/14/2026, 07:36 PM;QWV8N;11/04/2026;43;Algodão;COMPLETO;60;11,32;2070;2094;24;
control system;4/14/2026, 07:36 PM;46DAF;11/04/2026;49;Algodão;COMPLETO;65;10,34;911;932;21;
control system;4/14/2026, 09:02 PM;42DS6;13/04/2026;105;Algodão;COMPLETO;60;8,6;189,4;208,4;19;
control system;4/14/2026, 09:03 PM;JA4SR;13/04/2026;110;Algodão;COMPLETO;60;9,17;1323,2;1342,6;19,4;
control system;4/14/2026, 09:04 PM;YE467;13/04/2026;113;Algodão;COMPLETO;70;9,1;924,3;945,1;20,8;
control system;4/14/2026, 09:06 PM;SC5H0;13/04/2026;118;Tabaco;COMPLETO;100;6,44;300,5;314,9;14,4;FERTI
control system;4/15/2026, 10:34 PM;TTPVF;14/04/2026;101;Algodão;COMPLETO;70;7,97;2644,5;2662,2;17,7;
control system;4/15/2026, 10:35 PM;HBHJE;14/04/2026;103;Algodão;COMPLETO;70;7,37;1411,1;1427,8;16,7;
control system;4/15/2026, 10:37 PM;028VP;14/04/2026;117;Algodão;1/2-PIVO;65;8,72;585,2;596,2;11;1/2 PIVO
control system;4/15/2026, 10:38 PM;EK7A8;14/04/2026;119;Tabaco;COMPLETO;100;6,58;342,5;356,9;14,4;
control system;4/15/2026, 10:40 PM;OD051;14/04/2026;119;Tabaco;COMPLETO;100;6,58;342,5;356,2;13,7;FERTI
control system;4/15/2026, 10:41 PM;1NMUU;14/04/2026;129;Gergelim;COMPLETO;100;5,35;866,1;878,7;12,6;
control system;4/15/2026, 10:42 PM;CT7XA;14/04/2026;131;Algodão;COMPLETO;90;8,52;103,3;120,2;16,9;
control system;4/15/2026, 10:43 PM;I4DOW;14/04/2026;132;Algodão;COMPLETO;95;8,18;144,5;160,5;16;
control system;4/16/2026, 05:12 PM;AV2DX;12/04/2026;4;Tabaco;COMPLETO;50;7,84;303;321;18;
control system;4/16/2026, 05:13 PM;D8A32;12/04/2026;5;Tabaco;COMPLETO;100;5,52;2074;2088;14;
control system;4/16/2026, 05:14 PM;MRAZF;12/04/2026;21;Algodão;COMPLETO;70;7,81;374;395;21;
control system;4/16/2026, 05:15 PM;G5AK5;12/04/2026;25;Cacau;COMPLETO;100;5,8;1937;1949;12;
control system;4/16/2026, 05:20 PM;12QR2;12/04/2026;27;Cacau;COMPLETO;100;5,34;2155;2167;12;
control system;4/16/2026, 05:20 PM;36NQT;12/04/2026;27;Cacau;A;100;5,34;2167;2169;2;
control system;4/16/2026, 05:21 PM;XQ7P5;12/04/2026;29;Cacau;COMPLETO;100;5,14;2821;2831;10;
control system;4/16/2026, 05:22 PM;LM6RY;12/04/2026;31;Algodão;COMPLETO;70;8,83;294;315;21;
control system;4/16/2026, 05:22 PM;22YM3;12/04/2026;32;Cacau;COMPLETO;100;5,7;1269;1283;14;
control system;4/16/2026, 05:23 PM;TR6T7;12/04/2026;33;Algodão;COMPLETO;65;9,23;27;48;21;
control system;4/16/2026, 05:24 PM;HOQPL;12/04/2026;34;Algodão;COMPLETO;70;9,6;1210;1230;20;
control system;4/16/2026, 05:24 PM;SC4VF;12/04/2026;35;Algodão;COMPLETO;70;8,31;65;89;24;
control system;4/16/2026, 05:25 PM;S9GSE;12/04/2026;36;Tabaco;COMPLETO;100;7,2;74;90;16;
control system;4/16/2026, 05:27 PM;Y9R5L;12/04/2026;40;Tabaco;COMPLETO;100;6,96;119;133;14;
control system;4/16/2026, 05:28 PM;I80M1;12/04/2026;44;Milho;COMPLETO;75;9,68;38;53;15;
control system;4/16/2026, 05:32 PM;7OF03;12/04/2026;53;Algodão;COMPLETO;50;9,26;525;548;23;
control system;4/16/2026, 05:33 PM;C925T;12/04/2026;54;Algodão;COMPLETO;60;9,67;1199;1221;22;
control system;4/17/2026, 11:33 AM;OVP57;13/04/2026;15;Algodão;COMPLETO;70;10,54;210;235;25;
control system;4/17/2026, 11:34 AM;IZ798;13/04/2026;16;Algodão;COMPLETO;70;10,27;119;140;21;
control system;4/17/2026, 11:36 AM;EIQS2;13/04/2026;20;Algodão;COMPLETO;70;9,77;1225;1252;27;
control system;4/17/2026, 11:36 AM;U0JNX;13/04/2026;22;Algodão;COMPLETO;70;10,3;842;863;21;
control system;4/17/2026, 11:38 AM;Z7A4S;13/04/2026;24;Algodão;COMPLETO;70;9;114;134;20;
control system;4/17/2026, 11:38 AM;QG4FP;13/04/2026;25;Cacau;ABC;100;5,8;1949;1958;9;
control system;4/17/2026, 11:40 AM;IQOYC;13/04/2026;26;Algodão;COMPLETO;100;5,7;300;313;13;FERTIRRIGAÇÃO
control system;4/17/2026, 11:40 AM;VXAQQ;13/04/2026;27;Cacau;ACD;100;5,34;2169;2178;9;
control system;4/17/2026, 11:41 AM;A7MO1;13/04/2026;29;Cacau;D;100;5,14;2831;2834;3;
control system;4/17/2026, 11:44 AM;3MRJ0;13/04/2026;36;Tabaco;COMPLETO;100;7,2;90;104;14;
control system;4/17/2026, 11:45 AM;QO4GO;13/04/2026;38;Tabaco;COMPLETO;100;8,05;174;188;14;
control system;4/17/2026, 11:45 AM;K3G3Q;13/04/2026;40;Tabaco;COMPLETO;100;6,96;133;147;14;
control system;4/17/2026, 11:47 AM;ULBA8;13/04/2026;48;Algodão;COMPLETO;75;9,07;89;111;22;
control system;4/17/2026, 11:48 AM;E5H8W;13/04/2026;54;Algodão;COMPLETO;100;5,8;1221;1235;14;FERTIRRIGAÇÃO
control system;4/17/2026, 11:48 AM;YUXSO;13/04/2026;55;Algodão;COMPLETO;70;9,26;110;130;20;
control system;4/17/2026, 11:49 AM;WTQVC;13/04/2026;68;Algodão;COMPLETO;100;4,8;1412;1422;10;FERTIRRIGAÇÃO
control system;4/17/2026, 11:49 AM;GSLCH;13/04/2026;73;Algodão;COMPLETO;75;9,01;1193;1214;21;
control system;4/17/2026, 11:57 AM;VRZ82;14/04/2026;2;Algodão;COMPLETO;70;7,57;589;607;18;
control system;4/17/2026, 11:59 AM;J7G37;14/04/2026;5;Tabaco;COMPLETO;100;5,52;2088;2101;13;
control system;4/17/2026, 12:05 PM;LYIMK;14/04/2026;6;Algodão;COMPLETO;70;8,31;57;78;21;
control system;4/17/2026, 12:05 PM;XXS2Q;14/04/2026;13;Preparo;1/2-PIVO;55;7,78;0;2;2;
control system;4/17/2026, 12:06 PM;10I9C;14/04/2026;19;Algodão;COMPLETO;70;8,21;533;554;21;
control system;4/17/2026, 12:07 PM;2HPD1;14/04/2026;25;Cacau;COMPLETO;100;5,8;1958;1970;12;
control system;4/17/2026, 12:13 PM;LEQIT;14/04/2026;27;Cacau;COMPLETO;100;5,34;2178;2191;13;
control system;4/17/2026, 12:15 PM;36T48;14/04/2026;29;Cacau;COMPLETO;100;5,14;2834;2844;10;
control system;4/17/2026, 12:17 PM;SA6BZ;14/04/2026;36;Tabaco;COMPLETO;100;7,2;104;118;14;
control system;4/17/2026, 12:18 PM;PYUPX;14/04/2026;40;Tabaco;COMPLETO;100;6,96;147;161;14;
control system;4/17/2026, 12:20 PM;GQ8GI;14/04/2026;53;Algodão;COMPLETO;100;4,63;548;553;5;FERTIRRIGAÇÃO
control system;4/17/2026, 12:20 PM;55CT2;14/04/2026;56;Algodão;COMPLETO;75;8,24;118;138;20;
control system;4/17/2026, 12:21 PM;MPANI;14/04/2026;57;Algodão;COMPLETO;70;8,4;259;280;21;
control system;4/17/2026, 12:22 PM;9GOHK;14/04/2026;59;Algodão;COMPLETO;70;7,4;347;367;20;
control system;4/17/2026, 12:25 PM;PM7N6;14/04/2026;63;Algodão;COMPLETO;35;10,11;719;741;22;2 GIRO A 70%
control system;4/17/2026, 12:27 PM;W6UFF;14/04/2026;64;Algodão;COMPLETO;70;7,79;138;154;16;
control system;4/17/2026, 12:28 PM;TWZQ2;14/04/2026;65;Algodão;COMPLETO;80;9,09;785;804;19;
control system;4/17/2026, 12:29 PM;NW2FK;14/04/2026;70;Algodão;COMPLETO;80;8,02;277;298;21;
control system;4/17/2026, 12:40 PM;9BGU5;15/04/2026;3;Tabaco;COMPLETO;100;6,3;94;109;15;FERTIRRIGAÇÃO
control system;4/17/2026, 12:41 PM;1ZA80;15/04/2026;5;Tabaco;COMPLETO;100;5,52;2101;2115;14;
control system;4/17/2026, 12:42 PM;14BLF;15/04/2026;14;Preparo;1/2-PIVO;60;9,6;0;3;3;TESTE ALCIONE
control system;4/17/2026, 12:52 PM;9P5VW;15/04/2026;26;Algodão;COMPLETO;70;8,14;313;334;21;
control system;4/17/2026, 12:55 PM;QJ9FR;15/04/2026;27;Cacau;ACD;100;5,34;2191;2200;9;
control system;4/17/2026, 12:56 PM;6GNPJ;15/04/2026;30;Algodão;COMPLETO;70;8,57;552;573;21;
control system;4/17/2026, 12:56 PM;0N4DN;15/04/2026;31;Algodão;COMPLETO;70;8,83;315;336;21;
control system;4/17/2026, 12:57 PM;HMPBE;15/04/2026;32;Cacau;COMPLETO;32;17,81;1283;1297;14;FERTIRRIGAÇÃO
control system;4/17/2026, 12:59 PM;TN9V9;15/04/2026;36;Tabaco;COMPLETO;100;7,2;118;132;14;
control system;4/17/2026, 01:00 PM;RBETN;15/04/2026;40;Tabaco;COMPLETO;100;6,96;161;175;14;
control system;4/17/2026, 01:01 PM;1EM4Y;15/04/2026;41;Algodão;COMPLETO;70;9,2;77;92;15;
control system;4/17/2026, 01:02 PM;9O3R2;15/04/2026;42;Algodão;COMPLETO;70;8,23;1145;1162;17;
control system;4/17/2026, 01:02 PM;Y5V9Y;15/04/2026;44;Milho;COMPLETO;100;7,26;53;63;10;
control system;4/17/2026, 01:04 PM;24VDE;15/04/2026;47;Algodão;COMPLETO;100;7,42;1501;1517;16;FERTIRRIGAÇÃO
control system;4/17/2026, 01:05 PM;YG70F;15/04/2026;60;Algodão;COMPLETO;70;9,69;646;667;21;
control system;4/17/2026, 01:05 PM;8SLL6;15/04/2026;61;Algodão;COMPLETO;70;8,7;1125;1146;21;
control system;4/17/2026, 01:06 PM;6H2YI;15/04/2026;62;Algodão;COMPLETO;70;7,97;199,3;223,4;24,1;
control system;4/17/2026, 01:06 PM;Y4TFO;15/04/2026;66;Algodão;COMPLETO;60;9,33;530;550;20;
control system;4/17/2026, 01:07 PM;T5JJC;15/04/2026;67;Algodão;COMPLETO;50;10;423;444;21;
control system;4/17/2026, 01:09 PM;9EPGM;15/04/2026;71;Soja;ABC;70;6,93;108,6;116,1;7,5;
control system;4/17/2026, 07:36 PM;6I562;15/04/2026;107;Algodão;A;50;9,36;196,3;208;11,7;1/2 PIVO
control system;4/17/2026, 07:38 PM;NCNQ5;15/04/2026;114;Algodão;A;60;9,9;99,3;109,8;10,5;1/2 PIVO
control system;4/17/2026, 07:40 PM;G11D3;15/04/2026;117;Algodão;B;65;8,72;596,2;606,8;10,6;1/2 PIVO
control system;4/17/2026, 07:41 PM;QNMB9;15/04/2026;118;Tabaco;COMPLETO;100;6,44;314,9;329,3;14,4;FERTI
control system;4/17/2026, 07:42 PM;ZWGCY;15/04/2026;121;Tabaco;ABD;100;6,37;224;235,3;11,3;
control system;4/17/2026, 07:48 PM;59USS;15/04/2026;122;Algodão;COMPLETO;70;9;2207,5;2228;20,5;
control system;4/17/2026, 07:50 PM;01RK6;15/04/2026;123;Algodão;COMPLETO;70;9,7;2635,1;2655,4;20,3;
control system;4/17/2026, 07:51 PM;TILEV;15/04/2026;124;Tabaco;C;100;5,88;430,5;434,1;3,6;C
control system;4/17/2026, 07:53 PM;7FMO1;15/04/2026;129;Gergelim;COMPLETO;100;5,35;878,7;889,7;11;
control system;4/21/2026, 04:56 PM;EVIJF;16/04/2026;5;Tabaco;COMPLETO;50;11,04;2115;2145;30;2 GIRO A 100%
control system;4/21/2026, 04:57 PM;ZBRF3;16/04/2026;16;Algodão;COMPLETO;70;10,27;140;161;21;
control system;4/21/2026, 04:58 PM;P6483;16/04/2026;19;Algodão;COMPLETO;70;8,21;554;575;21;
control system;4/21/2026, 04:58 PM;TC3D4;16/04/2026;21;Algodão;COMPLETO;70;7,81;395;416;21;
control system;4/21/2026, 04:59 PM;5YGV4;16/04/2026;20;Algodão;COMPLETO;70;9,77;1252;1273;21;
control system;4/21/2026, 05:00 PM;WQTG8;16/04/2026;22;Algodão;COMPLETO;70;10,3;863;885;22;
control system;4/21/2026, 05:01 PM;GTY8A;16/04/2026;24;Algodão;COMPLETO;70;9;134;157;23;
control system;4/21/2026, 05:01 PM;0IYBA;16/04/2026;25;Cacau;COMPLETO;100;5,8;1970;1982;12;
control system;4/21/2026, 05:02 PM;M90A6;16/04/2026;27;Cacau;COMPLETO;100;5,34;2200;2210;10;
control system;4/21/2026, 05:03 PM;388RN;16/04/2026;29;Cacau;COMPLETO;100;5,14;2844;2854;10;
control system;4/21/2026, 05:06 PM;WTFJD;16/04/2026;31;Algodão;COMPLETO;100;6,18;336;351;15;FERTIRRIGAÇÃO
control system;4/21/2026, 05:08 PM;IXMOK;16/04/2026;38;Tabaco;COMPLETO;100;8,05;188;202;14;FERTIRRIGAÇÃO
control system;4/21/2026, 05:09 PM;ZYTLP;16/04/2026;36;Tabaco;COMPLETO;100;7,2;132;147;15;
control system;4/21/2026, 05:10 PM;4WO7E;16/04/2026;40;Tabaco;COMPLETO;100;6,96;175;189;14;
control system;4/21/2026, 05:11 PM;YR1JE;16/04/2026;43;Algodão;COMPLETO;70;9,7;2094;2115;21;
control system;4/21/2026, 05:12 PM;KVWKT;16/04/2026;48;Algodão;COMPLETO;75;9,07;111;132;21;
control system;4/21/2026, 05:12 PM;3X4UR;16/04/2026;49;Algodão;COMPLETO;70;9,6;932;952;20;
control system;4/21/2026, 05:12 PM;2CTPX;16/04/2026;51;Algodão;COMPLETO;65;9,31;946;966;20;
control system;4/21/2026, 05:23 PM;6X5VP;16/04/2026;58;Algodão;COMPLETO;70;9,34;943;967,1;24,1;
control system;4/21/2026, 05:24 PM;WV2IR;16/04/2026;69;Algodão;COMPLETO;70;6,57;139,9;163,4;23,5;
control system;4/21/2026, 05:25 PM;RZSM5;16/04/2026;70;Algodão;COMPLETO;70;9,17;298;319;21;
control system;4/21/2026, 09:30 PM;F27DW;16/04/2026;106;Algodão;A;50;10,68;1913,8;1925,3;11,5;1/2 PIVO
control system;4/21/2026, 09:30 PM;HPF1D;16/04/2026;112;Algodão;COMPLETO;70;9,1;137,5;157,8;20,3;
control system;4/21/2026, 09:32 PM;RU0LC;16/04/2026;113;Algodão;A;65;9,8;945,1;956,3;11,2;1/2 PIVO
control system;4/21/2026, 09:36 PM;ORWSJ;16/04/2026;114;Algodão;B;60;9,9;109,8;120;10,2;1/2 PIVO
control system;4/21/2026, 09:37 PM;IJYNV;16/04/2026;115;Algodão;COMPLETO;100;6,44;273,4;287,8;14,4;FERTI
control system;4/21/2026, 09:39 PM;YAD3E;16/04/2026;116;Algodão;COMPLETO;70;9,2;48,2;68,6;20,4;
control system;4/21/2026, 09:40 PM;ATPMD;16/04/2026;121;Tabaco;D;100;6,37;235,3;239,3;4;FERTI QD
control system;4/21/2026, 09:40 PM;8B4KM;16/04/2026;124;Tabaco;ABD;100;5,88;434,1;444,9;10,8;
control system;4/21/2026, 09:42 PM;4K9O7;16/04/2026;129;Gergelim;COMPLETO;100;5,35;889,7;913,4;23,7;2 GIROS A 100%
control system;4/22/2026, 12:26 PM;XVXR3;17/04/2026;2;Algodão;COMPLETO;70;7,57;607;625;18;
control system;4/22/2026, 12:26 PM;77B3Z;17/04/2026;4;Tabaco;COMPLETO;65;6,03;321;336;15;
control system;4/22/2026, 12:28 PM;DOZLF;17/04/2026;5;Tabaco;COMPLETO;100;5,52;2145;2160;15;
control system;4/22/2026, 12:29 PM;PHPKJ;17/04/2026;6;Algodão;COMPLETO;70;8,31;78;99;21;
control system;4/22/2026, 12:30 PM;YVVTI;17/04/2026;12;Preparo;1/2-PIVO;60;10,5;0;3;3;TESTE ALCIONE
control system;4/22/2026, 12:31 PM;F26BN;17/04/2026;23;Preparo;COMPLETO;70;7,54;0;21;21;
control system;4/22/2026, 12:31 PM;O9CZ7;17/04/2026;26;Algodão;COMPLETO;70;8,14;334;354;20;
control system;4/22/2026, 12:32 PM;GKM8P;17/04/2026;27;Cacau;COMPLETO;100;5,34;2210;2222;12;
control system;4/22/2026, 12:34 PM;0L6QK;17/04/2026;29;Cacau;D;100;5,14;2854;2857;3;
control system;4/22/2026, 12:34 PM;SCXKS;17/04/2026;32;Cacau;COMPLETO;100;5,7;1297;1311;14;
control system;4/22/2026, 12:36 PM;XQJ2H;17/04/2026;35;Algodão;COMPLETO;70;8,31;89;112;23;
control system;4/22/2026, 12:40 PM;PBNJB;17/04/2026;36;Tabaco;COMPLETO;50;14,4;147;177;30;2 GIRO A 100%
control system;4/22/2026, 12:41 PM;GR6YL;17/04/2026;40;Tabaco;COMPLETO;100;6,96;189;203;14;
control system;4/22/2026, 12:42 PM;SGL61;17/04/2026;44;Milho;COMPLETO;100;7,26;63;76;13;
control system;4/22/2026, 12:42 PM;K8AXG;17/04/2026;53;Algodão;COMPLETO;60;7,72;553;569;16;
control system;4/22/2026, 12:43 PM;D9URR;17/04/2026;54;Algodão;COMPLETO;70;8,29;1235;1254;19;
control system;4/22/2026, 12:43 PM;7XR24;17/04/2026;55;Algodão;COMPLETO;70;9,26;130;150;20;
control system;4/22/2026, 12:44 PM;TNQ8C;17/04/2026;56;Algodão;COMPLETO;70;8,83;138;159;21;
control system;4/22/2026, 12:44 PM;BR5XH;17/04/2026;68;Algodão;COMPLETO;60;8;1422;1440;18;
control system;4/22/2026, 12:45 PM;FQQMI;17/04/2026;73;Algodão;COMPLETO;75;9,01;1214;1234;20;
control system;4/22/2026, 12:52 PM;PGI1A;18/04/2026;3;Tabaco;COMPLETO;50;12,6;109;139;30;
control system;4/22/2026, 12:56 PM;I9CV3;18/04/2026;5;Tabaco;COMPLETO;50;11,04;2160;2190;30;
control system;4/22/2026, 12:57 PM;ZN0EU;18/04/2026;8;Preparo;COMPLETO;70;9,4;3;24;21;
control system;4/22/2026, 01:02 PM;RGBC1;18/04/2026;15;Algodão;COMPLETO;47;15,7;235;275;40;70% + 1/2
control system;4/22/2026, 01:04 PM;JWWTH;18/04/2026;17;Algodão;COMPLETO;70;9;84;104;20;
control system;4/22/2026, 01:05 PM;7OL3M;18/04/2026;19;Algodão;COMPLETO;70;8,21;575;596;21;
control system;4/22/2026, 01:05 PM;QPI5N;18/04/2026;25;Cacau;COMPLETO;100;5,8;1982;1994;12;
control system;4/22/2026, 01:07 PM;VHU51;18/04/2026;27;Cacau;COMPLETO;100;5,34;2222;2234;12;
control system;4/22/2026, 01:07 PM;O2G6U;18/04/2026;29;Cacau;COMPLETO;100;5,14;2857;2867;10;
control system;4/22/2026, 01:08 PM;BP21V;18/04/2026;30;Algodão;COMPLETO;80;7,5;573;591;18;
control system;4/22/2026, 01:09 PM;X5SD9;18/04/2026;32;Algodão;COMPLETO;100;5,7;1311;1325;14;
control system;4/22/2026, 01:10 PM;KTT7C;18/04/2026;36;Tabaco;COMPLETO;100;7,2;177;192;15;FERTIRRIGAÇÃO
control system;4/22/2026, 01:10 PM;KGPLD;18/04/2026;37;Tabaco;COMPLETO;100;9,04;1514;1526;12;
control system;4/22/2026, 01:11 PM;XMXNQ;18/04/2026;39;Algodão;COMPLETO;60;9,3;169;189;20;
control system;4/22/2026, 01:11 PM;C1GX1;18/04/2026;40;Tabaco;COMPLETO;100;6,96;203;217;14;
control system;4/22/2026, 01:12 PM;6R5QL;18/04/2026;44;Milho;COMPLETO;100;7,26;76;88;12;
control system;4/22/2026, 01:12 PM;NLC4C;18/04/2026;57;Algodão;COMPLETO;100;5,88;280;294;14;
control system;4/22/2026, 01:13 PM;K1G37;18/04/2026;59;Algodão;COMPLETO;100;5,18;367;381;14;
control system;4/22/2026, 01:15 PM;XWH4T;18/04/2026;63;Algodão;COMPLETO;35;10,11;741;761;20;
control system;4/22/2026, 01:17 PM;B04VQ;18/04/2026;64;Algodão;COMPLETO;50;10,9;154;176;22;
control system;4/22/2026, 01:18 PM;FVLBS;18/04/2026;65;Algodão;COMPLETO;70;10,39;804;822;18;
control system;4/22/2026, 01:19 PM;FO2DY;18/04/2026;69;Algodão;COMPLETO;100;4,6;163,4;177,4;14;
control system;4/22/2026, 01:19 PM;V9TR1;18/04/2026;70;Algodão;COMPLETO;70;9,17;319;340;21;
control system;4/22/2026, 01:20 PM;4D6VF;18/04/2026;71;Soja;ABC;70;6,93;116,1;123,6;7,5;
control system;4/22/2026, 01:21 PM;8HFPS;18/04/2026;71;Crotalária;D;70;6,93;123,6;125,9;2,3;
control system;4/22/2026, 05:10 PM;PAGZX;19/04/2026;1;Algodão;COMPLETO;70;7,79;1514;1533;19;
control system;4/22/2026, 05:10 PM;704VX;19/04/2026;2;Algodão;COMPLETO;70;7,57;625;643;18;
control system;4/22/2026, 05:13 PM;YVGXF;19/04/2026;4;Tabaco;COMPLETO;65;6,03;336;350;14;
control system;4/22/2026, 05:15 PM;N8K9T;19/04/2026;5;Tabaco;COMPLETO;100;5,52;2190;2204;14;
control system;4/22/2026, 05:16 PM;C0DJN;19/04/2026;21;Algodão;COMPLETO;70;7,81;416;437;21;
control system;4/22/2026, 05:17 PM;4DJZW;19/04/2026;24;Algodão;COMPLETO;70;9;157;177;20;
control system;4/22/2026, 05:19 PM;CYZAN;19/04/2026;27;Cacau;A;100;5,34;2234;2236;2;
control system;4/22/2026, 05:20 PM;F0ZEC;19/04/2026;29;Cacau;C;100;5,14;2867;2869;2;
control system;4/22/2026, 05:21 PM;DBZ4G;19/04/2026;31;Algodão;COMPLETO;70;8,83;351;372;21;
control system;4/22/2026, 05:24 PM;7FLH2;19/04/2026;36;Tabaco;COMPLETO;100;7,2;192;207;15;
control system;4/22/2026, 05:24 PM;1ODAE;19/04/2026;38;Tabaco;COMPLETO;85;9,47;202;218;16;
control system;4/22/2026, 05:25 PM;Q18E2;19/04/2026;40;Tabaco;COMPLETO;100;6,96;217;231;14;
control system;4/22/2026, 05:26 PM;HWAB1;19/04/2026;41;Algodão;COMPLETO;70;9,2;92;104;12;
control system;4/22/2026, 05:27 PM;3CZTH;19/04/2026;42;Algodão;COMPLETO;70;8,23;1162;1179;17;
control system;4/22/2026, 05:28 PM;YZMMJ;19/04/2026;43;Algodão;COMPLETO;70;9,7;2115;2136;21;
control system;4/22/2026, 05:30 PM;MO81G;19/04/2026;44;Milho;COMPLETO;100;7,26;88;100;12;
control system;4/22/2026, 05:30 PM;1S9FR;19/04/2026;47;Algodão;COMPLETO;70;10,6;1517;1538;21;
control system;4/22/2026, 05:31 PM;HFVGR;19/04/2026;48;Algodão;COMPLETO;70;9,71;132;154;22;
control system;4/22/2026, 05:31 PM;QMI8F;19/04/2026;49;Algodão;COMPLETO;70;9,6;952;972;20;
control system;4/22/2026, 05:32 PM;3CPDP;19/04/2026;51;Algodão;COMPLETO;70;8,64;966;985;19;
control system;4/22/2026, 05:33 PM;LV08H;19/04/2026;58;Algodão;COMPLETO;70;9,34;967,1;991;23,9;
control system;4/22/2026, 05:34 PM;B34MH;19/04/2026;60;Algodão;COMPLETO;70;9,69;667;688;21;
control system;4/22/2026, 05:35 PM;WIX54;19/04/2026;61;Algodão;COMPLETO;70;8,7;1146;1167;21;
control system;4/22/2026, 05:35 PM;T61G7;19/04/2026;62;Algodão;COMPLETO;70;7,97;223,4;244,6;21,2;
control system;4/22/2026, 05:42 PM;BD6V0;20/04/2026;5;Tabaco;COMPLETO;100;5,52;2204;2219;15;
control system;4/22/2026, 05:43 PM;N7F78;20/04/2026;6;Algodão;COMPLETO;70;8,31;99;120;21;
control system;4/22/2026, 05:45 PM;2MK88;20/04/2026;7;Tabaco;COMPLETO;80;6,9;54;70;16;
control system;4/22/2026, 05:45 PM;556KA;20/04/2026;8;Preparo;COMPLETO;70;9,4;24;45;21;
control system;4/22/2026, 05:47 PM;IJD7B;20/04/2026;10;Preparo;COMPLETO;70;9;2020;2042;22;
control system;4/22/2026, 05:47 PM;TJ2MO;20/04/2026;16;Algodão;COMPLETO;70;10,27;161;182;21;
control system;4/22/2026, 05:49 PM;SG14V;20/04/2026;20;Algodão;COMPLETO;70;9,77;1273;1301;28;
control system;4/22/2026, 05:49 PM;91HGO;20/04/2026;22;Algodão;COMPLETO;70;10,3;885;905;20;
control system;4/22/2026, 05:51 PM;AT3GJ;20/04/2026;23;Preparo;COMPLETO;100;5,28;21;36;15;
control system;4/22/2026, 05:52 PM;30FFE;20/04/2026;25;Cacau;COMPLETO;100;5,8;1994;2006;12;
control system;4/22/2026, 05:52 PM;J5RZ9;20/04/2026;26;Algodão;COMPLETO;70;8,14;354;374;20;
control system;4/22/2026, 05:53 PM;UF97B;20/04/2026;27;Cacau;COMPLETO;100;5,34;2236;2248;12;
control system;4/22/2026, 05:53 PM;IVS91;20/04/2026;29;Cacau;COMPLETO;100;5,14;2869;2879;10;
control system;4/22/2026, 05:54 PM;JWQMD;20/04/2026;32;Cacau;COMPLETO;100;5,7;1325;1339;14;
control system;4/22/2026, 05:54 PM;NOLAG;20/04/2026;35;Algodão;COMPLETO;70;8,31;112;135;23;
control system;4/22/2026, 05:56 PM;EH25D;20/04/2026;36;Tabaco;COMPLETO;100;7,2;207;222;15;
control system;4/22/2026, 05:57 PM;08M0P;20/04/2026;40;Tabaco;COMPLETO;100;6,96;231;246;15;
control system;4/22/2026, 05:58 PM;63XDF;20/04/2026;44;Milho;COMPLETO;100;7,26;100;113;13;
control system;4/22/2026, 05:59 PM;SOBWW;20/04/2026;55;Algodão;COMPLETO;55;11,78;150;168;18;
control system;4/22/2026, 06:00 PM;2NVB9;20/04/2026;54;Algodão;COMPLETO;60;9,67;1254;1276;22;
control system;4/22/2026, 06:00 PM;QUIOY;20/04/2026;55;Algodão;COMPLETO;70;9,26;168;188;20;
control system;4/22/2026, 06:01 PM;GR7HG;20/04/2026;56;Algodão;COMPLETO;70;8,83;159;181;22;
control system;4/22/2026, 06:02 PM;THQYM;20/04/2026;71;Soja;ABC;70;6,93;125,9;133,4;7,5;
control system;4/22/2026, 06:02 PM;KYPWZ;20/04/2026;72;Algodão;COMPLETO;65;9,42;424;443;19;
control system;4/22/2026, 09:31 PM;C4GTD;17/04/2026;105;Algodão;COMPLETO;100;5,16;209,4;223;13,6;
control system;4/22/2026, 09:32 PM;O9M5W;17/04/2026;106;Algodão;B;50;10,68;1925,3;1936,8;11,5;1/2 PIVO
control system;4/22/2026, 09:34 PM;PE19R;17/04/2026;107;Algodão;B;100;4,68;208;214,6;6,6;1/2 PIVO
control system;4/22/2026, 09:35 PM;ORCTO;17/04/2026;108;Algodão;COMPLETO;100;5,34;1412;1424,4;12,4;
control system;4/22/2026, 09:36 PM;U0RM3;17/04/2026;113;Algodão;B;65;9,8;956,3;967,3;11;1/2 PIVO
control system;4/22/2026, 09:38 PM;SUTDD;17/04/2026;122;Algodão;A;70;9;2228;2238,3;10,3;1/2 PIVO
control system;4/22/2026, 09:38 PM;8GNV8;17/04/2026;123;Algodão;A;70;9,7;2655,4;2665,3;9,9;1/2 PIVO
control system;4/22/2026, 09:39 PM;Q696Q;17/04/2026;125;Milheto;COMPLETO;100;4,5;501,5;513,8;12,3;
control system;4/22/2026, 09:45 PM;H86XP;15/04/2026;127;Gergelim;COMPLETO;100;4,82;291,6;306;14,4;1/2 PIVO+1/2 PIVO
control system;4/22/2026, 09:46 PM;ZICOU;17/04/2026;127;Gergelim;1/2-PIVO;100;4,82;306;312,4;6,4;1/2 PIVO
control system;4/22/2026, 09:47 PM;AKBOG;17/04/2026;129;Gergelim;COMPLETO;100;5,35;913,4;924,4;11;
control system;4/22/2026, 09:50 PM;GD6DB;17/04/2026;133;Milheto;COMPLETO;100;5,15;365,6;377,9;12,3;
control system;4/23/2026, 09:40 PM;ODNZL;18/04/2026;101;Algodão;COMPLETO;70;7,97;2662,2;2679,8;17,6;DURANTE O DIA
control system;4/23/2026, 09:43 PM;UUVM1;18/04/2026;103;Algodão;COMPLETO;70;7,37;1427,8;1444,1;16,3;DURANTE O DIA
control system;4/23/2026, 09:44 PM;8GN3Z;18/04/2026;107;Algodão;B;70;6,69;214,6;220,7;6,1;
control system;4/23/2026, 09:45 PM;YGVES;18/04/2026;114;Algodão;COMPLETO;70;8,49;120;137,8;17,8;
control system;4/23/2026, 09:45 PM;NUWY2;18/04/2026;119;Tabaco;COMPLETO;90;7,31;356,2;372,8;16,6;
control system;4/23/2026, 09:51 PM;QBNWZ;14/04/2026;120;Tabaco;COMPLETO;100;6,51;222,6;237;14,4;FERTI
control system;4/23/2026, 09:52 PM;5CYPY;18/04/2026;120;Tabaco;COMPLETO;100;6,51;237;251,3;14,3;
control system;4/23/2026, 09:53 PM;BUJ4M;18/04/2026;121;Tabaco;COMPLETO;80;7,96;239,3;252,6;13,3;
control system;4/23/2026, 09:54 PM;OP0I3;18/04/2026;122;Algodão;B;70;9;2238,3;2248,3;10;
control system;4/23/2026, 09:55 PM;L0GQC;18/04/2026;123;Algodão;B;70;9,7;2665,3;2676;10,7;
control system;4/23/2026, 09:56 PM;G8D05;18/04/2026;131;Algodão;COMPLETO;75;10,23;120,2;136,3;16,1;
control system;4/23/2026, 09:56 PM;J8TJY;18/04/2026;132;Algodão;COMPLETO;75;10,36;160,5;176,9;16,4;
control system;4/24/2026, 07:25 PM;TFDWI;19/04/2026;112;Algodão;COMPLETO;70;9,1;157,8;177,4;19,6;
control system;4/24/2026, 07:26 PM;HU5UL;19/04/2026;116;Algodão;COMPLETO;70;9,2;68,6;84,5;15,9;
control system;4/24/2026, 07:27 PM;GHFU2;19/04/2026;117;Algodão;COMPLETO;70;8,1;606,8;627,1;20,3;
control system;4/24/2026, 07:28 PM;MRJIC;19/04/2026;118;Tabaco;COMPLETO;100;6,44;329,3;343,6;14,3;
control system;4/24/2026, 07:28 PM;VR93M;19/04/2026;124;Tabaco;COMPLETO;100;5,88;444,9;458,4;13,5;
control system;4/24/2026, 07:29 PM;BD09L;19/04/2026;125;Milheto;COMPLETO;100;4,5;513,8;526,3;12,5;
control system;4/24/2026, 07:30 PM;YFUJN;19/04/2026;127;Gergelim;COMPLETO;100;4,82;312,4;324,9;12,5;1/2+1/2
control system;4/24/2026, 07:31 PM;24MUK;19/04/2026;129;Gergelim;COMPLETO;100;5,35;924,4;936;11,6;
control system;4/24/2026, 07:32 PM;20OG3;19/04/2026;133;Milheto;COMPLETO;100;5,15;377,9;389,8;11,9;
control system;4/24/2026, 07:34 PM;D7ZMI;20/04/2026;102;Algodão;COMPLETO;70;7,97;235,5;251,8;16,3;
control system;4/24/2026, 07:36 PM;GD7KB;20/04/2026;104;Algodão;COMPLETO;70;7,07;2668,4;2684,9;16,5;
control system;4/24/2026, 07:37 PM;BWMDJ;20/04/2026;106;Algodão;COMPLETO;70;7,63;1936,8;1953,5;16,7;
control system;4/24/2026, 07:38 PM;ZRDAY;20/04/2026;113;Algodão;COMPLETO;70;9,1;967,3;987,7;20,4;
control system;4/24/2026, 07:39 PM;XL1X3;20/04/2026;120;Tabaco;COMPLETO;100;6,51;251,3;266,4;15,1;
control system;4/24/2026, 07:39 PM;XX5M9;20/04/2026;121;Tabaco;COMPLETO;100;6,37;252,6;263,8;11,2;
control system;4/24/2026, 07:40 PM;M1ZNI;20/04/2026;125;Milheto;COMPLETO;100;4,5;526,3;538;11,7;
control system;4/24/2026, 07:41 PM;AR6VG;20/04/2026;133;Milheto;COMPLETO;100;5,15;389,8;401,8;12;
control system;4/24/2026, 07:47 PM;PVDFH;21/04/2026;105;Algodão;COMPLETO;100;5,16;223;234,7;11,7;era 60% mas soltaram a 100%
control system;4/24/2026, 07:49 PM;IJY2L;21/04/2026;108;Algodão;COMPLETO;60;8,9;1424,4;1443,9;19,5;
control system;4/24/2026, 07:50 PM;JV8W3;21/04/2026;109;Algodão;COMPLETO;60;9,72;948,3;967;18,7;
control system;4/24/2026, 07:51 PM;AB60O;21/04/2026;110;Algodão;COMPLETO;60;9,17;1342,6;1361,9;19,3;
control system;4/24/2026, 07:52 PM;02IFE;21/04/2026;115;Algodão;COMPLETO;80;8,05;287,8;305,6;17,8;
control system;4/24/2026, 07:52 PM;3SQS5;21/04/2026;119;Tabaco;COMPLETO;90;7,31;372,8;388,8;16;
control system;4/24/2026, 07:53 PM;YIGDI;21/04/2026;120;Tabaco;COMPLETO;100;6,51;266,4;279,7;13,3;FERTI
control system;4/24/2026, 07:54 PM;JS7LV;21/04/2026;127;Gergelim;COMPLETO;100;4,82;324,9;336,4;11,5;
control system;4/24/2026, 07:55 PM;E94H9;21/04/2026;129;Gergelim;COMPLETO;100;5,35;936;947,8;11,8;
control system;4/24/2026, 07:57 PM;GGDAD;22/04/2026;101;Algodão;COMPLETO;50;11,16;2679,8;2704,7;24,9;
control system;4/24/2026, 07:58 PM;D7XZ7;22/04/2026;103;Algodão;COMPLETO;50;10,32;1444,1;1467;22,9;
control system;4/24/2026, 07:58 PM;64WQ0;22/04/2026;106;Algodão;COMPLETO;60;8,9;1953,5;1973;19,5;
control system;4/24/2026, 07:59 PM;D3PRA;22/04/2026;112;Algodão;COMPLETO;70;9,1;177,4;198,7;21,3;
control system;4/24/2026, 07:59 PM;9XKAJ;22/04/2026;113;Algodão;COMPLETO;70;9,1;987,7;1008,6;20,9;
control system;4/24/2026, 08:00 PM;GCMDW;22/04/2026;116;Algodão;COMPLETO;70;9,2;84,5;109,9;25,4;
control system;4/24/2026, 08:01 PM;2LB7M;22/04/2026;117;Algodão;COMPLETO;70;8,1;627,1;647,3;20,2;
control system;4/24/2026, 08:02 PM;BRV56;22/04/2026;118;Tabaco;COMPLETO;100;6,44;343,6;358,1;14,5;
control system;4/24/2026, 08:12 PM;ZLLM5;22/04/2026;121;Tabaco;D;100;6,37;263,8;267,4;3,6;D
control system;4/24/2026, 08:13 PM;SBBAC;22/04/2026;127;Gergelim;COMPLETO;80;6,03;336,4;359,1;22,7;
control system;4/24/2026, 08:16 PM;H464K;22/04/2026;130;Milheto;COMPLETO;75;7,68;232,3;252,9;20,6;
control system;4/27/2026, 04:50 PM;A7E30;21/04/2026;2;Algodão;COMPLETO;70;7,57;643;661;18;
control system;4/27/2026, 04:54 PM;6COMX;21/04/2026;3;Tabaco;COMPLETO;75;8,4;139;159;20;
control system;4/27/2026, 04:55 PM;K78W2;21/04/2026;4;Tabaco;COMPLETO;65;6,03;350;365;15;
control system;4/27/2026, 05:01 PM;S9V9Q;21/04/2026;5;Tabaco;COMPLETO;100;5,52;2219;2234;15;
control system;4/27/2026, 05:02 PM;OSNNH;21/04/2026;7;Tabaco;COMPLETO;100;5,52;70;83;13;
control system;4/27/2026, 05:03 PM;5GASG;21/04/2026;15;Algodão;COMPLETO;70;10,54;275;296;21;
control system;4/27/2026, 05:04 PM;Q5TC0;21/04/2026;17;Algodão;COMPLETO;70;9;104;124;20;
control system;4/27/2026, 05:04 PM;XG507;21/04/2026;19;Algodão;COMPLETO;70;8,21;596;617;21;
control system;4/27/2026, 05:06 PM;KKE8I;21/04/2026;27;Cacau;COMPLETO;100;5,34;2248;2260;12;
control system;4/27/2026, 05:07 PM;RZSEB;21/04/2026;29;Cacau;D;100;5,14;2879;2882;3;
control system;4/27/2026, 05:09 PM;Z88NI;21/04/2026;29;Cacau;COMPLETO;100;5,14;2882;2892;10;FERTIRRIGAÇÃO
control system;4/27/2026, 05:10 PM;GYY2Q;21/04/2026;30;Algodão;COMPLETO;70;8,57;591;612;21;
control system;4/27/2026, 05:11 PM;CEC78;21/04/2026;33;Algodão;COMPLETO;70;8,57;48;69;21;
control system;4/27/2026, 05:11 PM;6S3F1;21/04/2026;34;Algodão;COMPLETO;70;9,6;1230;1250;20;
control system;4/27/2026, 05:15 PM;A31XW;21/04/2026;36;Tabaco;COMPLETO;100;7,2;222;238;16;
control system;4/27/2026, 05:16 PM;SA5KG;21/04/2026;39;Algodão;COMPLETO;70;7,97;189;206;17;
control system;4/27/2026, 05:17 PM;I0GBT;21/04/2026;43;Algodão;COMPLETO;100;6,79;2136;2150;14;FERTIRRIGAÇÃO
control system;4/27/2026, 05:18 PM;QSQ0X;21/04/2026;44;Milho;COMPLETO;100;7,26;113;123;10;
control system;4/27/2026, 05:22 PM;U1DAK;21/04/2026;63;Algodão;COMPLETO;35;10,11;761;776;15;
control system;4/27/2026, 05:23 PM;5X8EB;21/04/2026;64;Algodão;COMPLETO;50;10,9;176;198;22;
control system;4/27/2026, 05:25 PM;EEWP0;21/04/2026;65;Algodão;COMPLETO;70;10,39;822;840;18;
control system;4/27/2026, 05:25 PM;LUIJ5;21/04/2026;66;Algodão;COMPLETO;70;8;550;567;17;
control system;4/27/2026, 05:26 PM;8XKGF;21/04/2026;67;Algodão;COMPLETO;60;8,33;444;462;18;
control system;4/27/2026, 05:26 PM;C1AAJ;21/04/2026;68;Algodão;COMPLETO;50;9,6;1440;1461;21;
control system;4/27/2026, 05:27 PM;N6XCW;21/04/2026;69;Algodão;COMPLETO;50;9,2;177,4;201,3;23,9;
control system;4/27/2026, 05:27 PM;62T63;21/04/2026;73;Algodão;COMPLETO;75;9,01;1234;1256;22;
control system;4/27/2026, 05:31 PM;10B3N;22/04/2026;2;Algodão;COMPLETO;100;5,3;661;675;14;FERTIRRIGAÇÃO
control system;4/27/2026, 05:33 PM;CILSZ;22/04/2026;4;Tabaco;COMPLETO;100;3,92;365;374;9;FERTIRRIGAÇÃO
control system;4/27/2026, 05:34 PM;CA0IR;22/04/2026;5;Tabaco;COMPLETO;70;7,89;2234;2254;20;
control system;4/27/2026, 05:35 PM;H0RAM;22/04/2026;6;Algodão;COMPLETO;70;8,31;120;141;21;
control system;4/27/2026, 05:35 PM;2DEWN;22/04/2026;7;Tabaco;COMPLETO;100;5,52;83;96;13;
control system;4/27/2026, 05:37 PM;B9LCS;22/04/2026;8;Tabaco;COMPLETO;70;9,4;45;66;21;
control system;4/27/2026, 05:38 PM;BCMKA;22/04/2026;21;Algodão;COMPLETO;70;7,81;437;458;21;
control system;4/27/2026, 05:39 PM;OUJVU;22/04/2026;24;Algodão;COMPLETO;70;9;177;199;22;
control system;4/27/2026, 05:39 PM;QGE7L;22/04/2026;25;Cacau;COMPLETO;80;7,25;2006;2020;14;
control system;4/27/2026, 05:40 PM;CSE2K;22/04/2026;27;Cacau;COMPLETO;80;6,67;2260;2274;14;
control system;4/27/2026, 05:41 PM;ZZXYB;22/04/2026;28;Preparo;COMPLETO;70;9,54;132;152;20;
control system;4/27/2026, 05:42 PM;UA2F5;22/04/2026;31;Algodão;COMPLETO;70;8,83;372;393;21;
control system;4/27/2026, 05:44 PM;4AUSH;22/04/2026;32;Cacau;COMPLETO;80;7,13;1339;1356;17;
control system;4/27/2026, 05:50 PM;J4I0B;22/04/2026;37;Tabaco;COMPLETO;50;18,08;1526;1548;22;2 GIRO A 100%
control system;4/27/2026, 05:51 PM;WCIQL;22/04/2026;38;Tabaco;COMPLETO;85;9,47;218;234;16;
control system;4/27/2026, 05:52 PM;UEWU7;22/04/2026;40;Tabaco;1/2-PIVO;70;9,94;246;249;3;TESTE ALCIONE
control system;4/27/2026, 05:54 PM;MAU59;22/04/2026;41;Algodão;COMPLETO;70;9,2;104;119;15;
control system;4/27/2026, 05:55 PM;VT866;22/04/2026;42;Algodão;COMPLETO;60;9,6;1179;1199;20;
control system;4/27/2026, 05:58 PM;OTY8G;22/04/2026;44;Milho;COMPLETO;50;14,52;123;143;20;2 GIRO A 100%
control system;4/27/2026, 05:59 PM;FJ0RN;22/04/2026;47;Algodão;COMPLETO;80;9,27;1538;1560;22;
control system;4/27/2026, 06:00 PM;LUHLM;22/04/2026;51;Algodão;COMPLETO;70;8,64;985;1004;19;
control system;4/27/2026, 06:01 PM;UDG6S;22/04/2026;53;Algodão;COMPLETO;70;6,61;569;583;14;
control system;4/27/2026, 06:01 PM;6TEJE;22/04/2026;54;Algodão;COMPLETO;80;7,25;1276;1292;16;
control system;4/27/2026, 06:02 PM;J2FMI;22/04/2026;55;Algodão;COMPLETO;70;9,26;188;208;20;
control system;4/27/2026, 06:03 PM;NMI6W;22/04/2026;58;Algodão;COMPLETO;80;8,17;991;1009;18;
control system;4/27/2026, 06:04 PM;FZG3C;22/04/2026;71;Soja;ABC;70;6,93;133,4;140,9;7,5;
control system;4/27/2026, 06:05 PM;TD3Y2;22/04/2026;71;Crotalária;A;70;6,93;140,9;143,2;2,3;
control system;4/27/2026, 06:12 PM;OS696;23/04/2026;5;Tabaco;COMPLETO;100;5,52;2254;2270;16;
control system;4/27/2026, 06:13 PM;IZMNR;23/04/2026;7;Tabaco;COMPLETO;100;5,52;96;109;13;
control system;4/27/2026, 06:15 PM;1PSE0;23/04/2026;11;Preparo;COMPLETO;50;11,04;279;306;27;
control system;4/27/2026, 06:17 PM;7PIAC;23/04/2026;12;Preparo;COMPLETO;50;12,6;3;36;33;
control system;4/27/2026, 06:18 PM;RED1G;23/04/2026;25;Cacau;COMPLETO;100;5,8;2020;2032;12;
control system;4/27/2026, 06:22 PM;I151H;23/04/2026;27;Cacau;AD;100;5,34;2274;2286;12;BATE E VOLTA
control system;4/27/2026, 06:23 PM;GPPVQ;23/04/2026;29;Cacau;D;100;5,14;2892;2898;6;
control system;4/27/2026, 06:24 PM;106IP;23/04/2026;36;Tabaco;1/2-PIVO;70;10,29;238;241;3;TESTE ALCIONE
control system;4/27/2026, 06:26 PM;TCUNK;23/04/2026;44;Milho;COMPLETO;100;7,26;143;154;11;
control system;4/27/2026, 06:53 PM;PM6PL;24/04/2026;2;Algodão;COMPLETO;70;7,57;675;699;24;
control system;4/27/2026, 06:57 PM;F0ZV0;24/04/2026;3;Tabaco;COMPLETO;75;8,4;159;187;28;
control system;4/27/2026, 06:58 PM;QHSL6;24/04/2026;4;Tabaco;COMPLETO;55;7,13;374;392;18;
control system;4/27/2026, 06:59 PM;SBRR9;24/04/2026;5;Tabaco;COMPLETO;100;5,52;2270;2285;15;
control system;4/27/2026, 07:00 PM;DURNG;24/04/2026;16;Algodão;COMPLETO;70;10,27;182;203;21;
control system;4/27/2026, 07:00 PM;HGIU4;24/04/2026;20;Algodão;COMPLETO;70;9,77;1301;1322;21;
control system;4/27/2026, 07:01 PM;V7B43;24/04/2026;22;Algodão;COMPLETO;70;10,3;905;927;22;
control system;4/27/2026, 07:02 PM;XPTL6;24/04/2026;25;Cacau;COMPLETO;100;5,8;2032;2044;12;
control system;4/27/2026, 07:03 PM;G15H0;24/04/2026;26;Algodão;COMPLETO;70;8,14;374;394;20;
control system;4/27/2026, 07:04 PM;0DRDI;24/04/2026;27;Cacau;AD;100;5,34;2286;2292;6;
control system;4/27/2026, 07:05 PM;L6QMJ;24/04/2026;29;Cacau;D;100;5,14;2898;2900;2;
control system;4/27/2026, 07:07 PM;LL3SO;24/04/2026;32;Cacau;COMPLETO;100;5,7;1356;1370;14;FERTIRRIGAÇÃO
control system;4/27/2026, 07:09 PM;SGURK;24/04/2026;35;Algodão;COMPLETO;75;7,76;135;157;22;
control system;4/27/2026, 07:11 PM;CJ13X;24/04/2026;36;Tabaco;COMPLETO;100;7,2;241;256;15;
control system;4/27/2026, 07:14 PM;9NXNO;24/04/2026;38;Tabaco;AB;100;8,05;234;241;7;
control system;4/27/2026, 07:17 PM;3OFLZ;24/04/2026;39;Algodão;COMPLETO;70;7,97;206;223;17;
control system;4/27/2026, 07:18 PM;1255A;24/04/2026;42;Algodão;COMPLETO;60;9,6;1199;1219;20;
control system;4/27/2026, 07:19 PM;PN2D5;24/04/2026;44;Milho;COMPLETO;100;7,26;154;165;11;
control system;4/27/2026, 07:20 PM;ZIUHA;24/04/2026;51;Algodão;COMPLETO;70;8,64;1004;1023;19;
control system;4/27/2026, 07:21 PM;1ILCN;24/04/2026;55;Algodão;COMPLETO;70;9,26;208;228;20;
control system;4/27/2026, 07:22 PM;F90GR;24/04/2026;71;Soja;ABC;70;6,93;143,2;150,7;7,5;
control system;4/27/2026, 07:23 PM;A1JRG;24/04/2026;71;Crotalária;D;70;6,93;150,7;154;3,3;
control system;4/27/2026, 07:24 PM;OD3TT;24/04/2026;72;Algodão;COMPLETO;65;9,42;443;462;19;
control system;4/27/2026, 09:09 PM;0DM3I;23/04/2026;122;Algodão;COMPLETO;70;9;2248,3;2268,6;20,3;
control system;4/27/2026, 09:15 PM;8NJCY;23/04/2026;123;Algodão;COMPLETO;70;9,7;2676;2696,4;20,4;
control system;4/27/2026, 09:15 PM;RG0MA;23/04/2026;131;Algodão;COMPLETO;100;7,67;136,3;151,1;14,8;
control system;4/27/2026, 09:16 PM;XVR4X;23/04/2026;132;Algodão;COMPLETO;100;7,77;176,9;188,1;11,2;
control system;4/27/2026, 09:17 PM;XDHL3;24/04/2026;106;Algodão;COMPLETO;70;7,63;1973;1989,4;16,4;
control system;4/27/2026, 09:18 PM;WEFMZ;24/04/2026;113;Algodão;COMPLETO;70;9,1;1008,6;1029,2;20,6;
control system;4/27/2026, 09:19 PM;V11AV;24/04/2026;116;Algodão;COMPLETO;70;9,2;109,9;129,7;19,8;
control system;4/27/2026, 09:20 PM;NA55Z;24/04/2026;119;Tabaco;COMPLETO;90;7,31;388,8;404,8;16;
control system;4/27/2026, 09:21 PM;95TBQ;24/04/2026;120;Tabaco;COMPLETO;90;7,23;279,7;295,6;15,9;
control system;4/27/2026, 09:22 PM;5M52P;24/04/2026;121;Tabaco;ABD;100;6,37;267,4;280,3;12,9;FERTI
control system;4/27/2026, 09:22 PM;JJPVV;24/04/2026;127;Gergelim;COMPLETO;100;4,82;359,1;371,5;12,4;
control system;4/27/2026, 09:23 PM;0JS2K;24/04/2026;130;Milheto;COMPLETO;100;5,76;252,9;268,3;15,4;
control system;4/27/2026, 09:25 PM;IWPZQ;25/04/2026;101;Algodão;COMPLETO;70;7,97;2704,7;2722,3;17,6;
control system;4/27/2026, 09:26 PM;ZA8AW;25/04/2026;103;Algodão;COMPLETO;70;7,37;1467;1486,2;19,2;
control system;4/27/2026, 09:26 PM;SUPQ5;25/04/2026;112;Algodão;COMPLETO;70;9,1;198,7;219,1;20,4;
control system;4/27/2026, 09:27 PM;SEML0;25/04/2026;114;Algodão;COMPLETO;70;8,49;137,8;155,8;18;
control system;4/27/2026, 09:27 PM;LYLD7;25/04/2026;117;Algodão;COMPLETO;100;5,67;647,3;661,6;14,3;
control system;4/27/2026, 09:28 PM;CFR61;25/04/2026;118;Tabaco;COMPLETO;100;6,44;358,1;372,7;14,6;
control system;4/27/2026, 09:29 PM;Y54BT;25/04/2026;124;Tabaco;CD;100;5,88;458,4;467;8,6;
control system;4/27/2026, 09:30 PM;ENCCG;25/04/2026;125;Milheto;COMPLETO;70;6,43;538;557,1;19,1;
control system;4/27/2026, 09:30 PM;GEJ9S;25/04/2026;130;Milheto;COMPLETO;70;8,23;268,3;284;15,7;
control system;4/27/2026, 09:34 PM;7DYAQ;25/04/2026;133;Milheto;COMPLETO;70;7,36;191,9;210,1;18,2;
control system;4/28/2026, 04:55 PM;XAVHM;25/04/2026;2;Algodão;COMPLETO;50;10,6;699;722;23;
control system;4/28/2026, 04:59 PM;9TM59;25/04/2026;5;Tabaco;COMPLETO;100;5,52;2285;2300;15;
control system;4/28/2026, 05:00 PM;KX7M2;25/04/2026;6;Algodão;COMPLETO;60;9,7;141;165;24;
control system;4/28/2026, 05:00 PM;BNF2N;25/04/2026;7;Tabaco;COMPLETO;100;5,52;109;122;13;
control system;4/28/2026, 05:01 PM;KP0R2;25/04/2026;11;Preparo;COMPLETO;90;6,13;306;320;14;
control system;4/28/2026, 05:03 PM;6JP4C;25/04/2026;15;Algodão;COMPLETO;70;10,54;296;321;25;
control system;4/28/2026, 05:04 PM;4RMXO;25/04/2026;17;Algodão;COMPLETO;70;9;124;146;22;
control system;4/28/2026, 05:04 PM;9ZZY5;25/04/2026;19;Algodão;COMPLETO;70;8,21;617;638;21;
control system;4/28/2026, 05:06 PM;EK000;25/04/2026;27;Cacau;COMPLETO;100;5,34;2292;2304;12;
control system;4/28/2026, 05:07 PM;8QW4O;25/04/2026;31;Algodão;COMPLETO;70;8,83;393;414;21;
control system;4/28/2026, 05:12 PM;MGG96;25/04/2026;37;Tabaco;COMPLETO;100;9,04;1548;1558;10;
control system;4/28/2026, 05:12 PM;C1AD5;25/04/2026;40;Tabaco;COMPLETO;100;6,96;249;263;14;
control system;4/28/2026, 05:15 PM;S2GNR;25/04/2026;43;Algodão;COMPLETO;70;9,7;2150;2171;21;
control system;4/28/2026, 05:15 PM;WJ5TP;25/04/2026;47;Algodão;COMPLETO;75;9,89;1560;1582;22;
control system;4/28/2026, 05:16 PM;Y9FBW;25/04/2026;49;Algodão;COMPLETO;65;10,34;972;993;21;
control system;4/28/2026, 05:17 PM;0FNY2;25/04/2026;53;Algodão;COMPLETO;60;7,72;583;599;16;
control system;4/28/2026, 05:17 PM;9IRK6;25/04/2026;54;Algodão;COMPLETO;70;8,29;1292;1311;19;
control system;4/28/2026, 05:18 PM;RMR40;25/04/2026;56;Algodão;COMPLETO;75;8,24;181;196;15;
control system;4/28/2026, 05:22 PM;JDYQK;25/04/2026;58;Algodão;COMPLETO;70;9,34;1009;1040;31;
control system;4/28/2026, 05:24 PM;AISMZ;25/04/2026;63;Algodão;COMPLETO;35;10,11;776;797;21;
control system;4/28/2026, 05:25 PM;TVXAU;25/04/2026;64;Algodão;COMPLETO;50;10,9;198;220;22;
control system;4/28/2026, 05:26 PM;90HI8;25/04/2026;65;Algodão;COMPLETO;70;10,39;840;862;22;
control system;4/28/2026, 05:28 PM;BEWIL;25/04/2026;69;Algodão;COMPLETO;50;9,2;201,3;222,5;21,2;
control system;4/28/2026, 06:37 PM;JVFNS;26/04/2026;1;Algodão;COMPLETO;60;9,08;1533;1556;23;
control system;4/28/2026, 06:38 PM;38C0K;26/04/2026;3;Tabaco;COMPLETO;70;9;187;205;18;
control system;4/28/2026, 06:38 PM;K6MLT;26/04/2026;4;Tabaco;COMPLETO;40;9,8;392;416;24;
control system;4/28/2026, 06:39 PM;WRZXN;26/04/2026;5;Tabaco;COMPLETO;100;5,52;2300;2315;15;
control system;4/28/2026, 06:41 PM;OHDQY;26/04/2026;7;Tabaco;COMPLETO;100;5,52;122;135;13;
control system;4/28/2026, 06:41 PM;IVAH5;26/04/2026;9;Preparo;COMPLETO;60;9,1;3;27;24;
control system;4/28/2026, 06:42 PM;T3HQN;26/04/2026;10;Preparo;COMPLETO;65;9,69;2042;2063;21;
control system;4/28/2026, 06:42 PM;1YVEZ;26/04/2026;12;Preparo;COMPLETO;70;9;36;57;21;
control system;4/28/2026, 06:43 PM;3H3GG;26/04/2026;21;Algodão;COMPLETO;70;7,81;458;479;21;
control system;4/28/2026, 06:44 PM;X017Y;26/04/2026;22;Algodão;COMPLETO;70;10,3;927;943;16;
control system;4/28/2026, 06:45 PM;M48A2;26/04/2026;24;Algodão;COMPLETO;70;9;199;214;15;
control system;4/28/2026, 06:47 PM;QSR6I;26/04/2026;25;Cacau;COMPLETO;100;5,8;2044;2056;12;
control system;4/28/2026, 06:48 PM;MMT4U;26/04/2026;26;Algodão;COMPLETO;70;8,14;394;414;20;
control system;4/28/2026, 06:50 PM;UZH87;26/04/2026;27;Cacau;COMPLETO;100;5,34;2304;2316;12;
control system;4/28/2026, 06:57 PM;WH1G4;25/04/2026;29;Cacau;COMPLETO;80;6,42;2900;2913;13;
control system;4/28/2026, 06:58 PM;ZCN03;26/04/2026;29;Cacau;D;100;5,14;2913;2915;2;
control system;4/28/2026, 06:59 PM;RYNOZ;26/04/2026;30;Algodão;COMPLETO;70;8,57;612;633;21;
control system;4/28/2026, 07:00 PM;Q714G;26/04/2026;33;Algodão;COMPLETO;70;8,57;69;94;25;
control system;4/28/2026, 07:02 PM;GZAOU;26/04/2026;34;Algodão;COMPLETO;70;9,6;1250;1270;20;
control system;4/28/2026, 07:04 PM;EYG79;26/04/2026;35;Algodão;COMPLETO;70;8,31;157;180;23;
control system;4/28/2026, 07:05 PM;IKKE1;26/04/2026;39;Algodão;COMPLETO;60;9,3;223;243;20;
control system;4/28/2026, 07:05 PM;KJ7EU;26/04/2026;44;Milho;COMPLETO;100;7,26;165;176;11;
control system;4/28/2026, 07:08 PM;BYQIP;26/04/2026;48;Algodão;COMPLETO;65;10,46;154;178;24;
control system;4/28/2026, 07:08 PM;8NYWF;26/04/2026;55;Algodão;COMPLETO;70;9,26;228;248;20;
control system;4/28/2026, 07:09 PM;PUPKS;26/04/2026;57;Algodão;COMPLETO;70;8,4;294;315;21;
control system;4/28/2026, 07:09 PM;GEP3W;26/04/2026;59;Algodão;COMPLETO;70;7,4;381;401;20;
control system;4/28/2026, 07:10 PM;LLP2D;26/04/2026;60;Algodão;COMPLETO;70;9,69;688;709;21;
control system;4/28/2026, 07:10 PM;0XB1Y;26/04/2026;62;Algodão;COMPLETO;70;7,97;244,6;267,4;22,8;
control system;4/28/2026, 07:11 PM;EODD8;26/04/2026;66;Algodão;COMPLETO;70;8;567;584;17;
control system;4/28/2026, 07:12 PM;VY8HI;26/04/2026;67;Algodão;COMPLETO;70;7,14;462;477;15;
control system;4/28/2026, 07:12 PM;2QR41;26/04/2026;70;Algodão;COMPLETO;70;9,17;340;361;21;
control system;4/28/2026, 07:13 PM;V51VP;26/04/2026;72;Algodão;COMPLETO;70;8,74;462;480;18;
control system;4/28/2026, 07:14 PM;WTJH1;26/04/2026;73;Algodão;COMPLETO;70;9,66;1256;1280;24;
control system;4/30/2026, 12:38 PM;IE40J;27/04/2026;2;Algodão;COMPLETO;70;7,57;722;742;20;
control system;4/30/2026, 12:40 PM;JL8KN;27/04/2026;5;Tabaco;COMPLETO;100;5,52;2315;2330;15;
control system;4/30/2026, 12:41 PM;7VJ0E;27/04/2026;6;Algodão;COMPLETO;70;8,31;165;186;21;
control system;4/30/2026, 12:43 PM;9K47G;27/04/2026;7;Tabaco;COMPLETO;100;5,52;135;148;13;
control system;4/30/2026, 12:44 PM;XEZC0;27/04/2026;8;Tabaco;COMPLETO;70;9,4;66;87;21;
control system;4/30/2026, 12:45 PM;6OTR6;27/04/2026;15;Algodão;COMPLETO;70;10,54;321;346;25;
control system;4/30/2026, 12:45 PM;11BN0;27/04/2026;16;Algodão;COMPLETO;70;10,27;203;224;21;
control system;4/30/2026, 12:46 PM;OFQ8O;27/04/2026;17;Algodão;COMPLETO;70;9;146;168;22;
control system;4/30/2026, 12:46 PM;KHSFX;27/04/2026;19;Algodão;COMPLETO;70;8,21;638;659;21;
control system;4/30/2026, 12:52 PM;2PBGC;27/04/2026;27;Cacau;A;70;7,63;2316;2320;4;
control system;4/30/2026, 12:55 PM;L0U3S;27/04/2026;29;Cacau;D;100;5,14;2915;2917;2;
control system;4/30/2026, 12:57 PM;IUW79;27/04/2026;36;Tabaco;COMPLETO;100;7,2;256;270;14;
control system;4/30/2026, 01:01 PM;G8BSM;27/04/2026;37;Tabaco;COMPLETO;100;9,04;1558;1570;12;
control system;4/30/2026, 01:02 PM;H14DU;27/04/2026;38;Tabaco;COMPLETO;90;8,94;241;255;14;
control system;4/30/2026, 01:03 PM;JBV60;27/04/2026;41;Algodão;COMPLETO;70;9,2;119;133;14;
control system;4/30/2026, 01:12 PM;69IH0;27/04/2026;42;Algodão;COMPLETO;41;14,05;1219;1248;29;FERTI A 100% + UM A 70%
control system;4/30/2026, 01:14 PM;5AIIZ;27/04/2026;47;Algodão;COMPLETO;50;14,84;1582;1611;29;FERTI + UMA A 100%
control system;4/30/2026, 01:16 PM;DLAC9;27/04/2026;49;Algodão;COMPLETO;70;9,6;993;1013;20;
control system;4/30/2026, 01:17 PM;PTMFL;27/04/2026;51;Algodão;COMPLETO;70;8,64;1023;1042;19;
control system;4/30/2026, 01:17 PM;T80EB;27/04/2026;54;Algodão;COMPLETO;70;8,29;1311;1330;19;
control system;4/30/2026, 01:18 PM;UPKO3;27/04/2026;61;Algodão;COMPLETO;70;8,7;1167;1188;21;
control system;4/30/2026, 01:19 PM;BX1NI;27/04/2026;63;Algodão;COMPLETO;100;3,54;797;804;7;FERTIRRIGAÇÃO
control system;4/30/2026, 09:25 PM;IFPR1;26/04/2026;104;Algodão;COMPLETO;60;8,25;2684,9;2703,9;19;
control system;4/30/2026, 09:25 PM;LRKLS;26/04/2026;105;Algodão;COMPLETO;60;8,6;234,7;254;19,3;
control system;4/30/2026, 09:26 PM;Y6HT9;26/04/2026;108;Algodão;COMPLETO;60;8,9;1443,9;1463;19,1;
control system;4/30/2026, 09:26 PM;RI1QA;26/04/2026;109;Algodão;COMPLETO;60;9,72;967;986,5;19,5;
control system;4/30/2026, 09:27 PM;XN532;26/04/2026;110;Algodão;COMPLETO;60;9,17;1361,9;1383,9;22;
control system;4/30/2026, 09:27 PM;QVA3K;26/04/2026;115;Algodão;COMPLETO;70;9,2;305,6;325,9;20,3;
control system;4/30/2026, 09:28 PM;Q7F67;26/04/2026;120;Tabaco;COMPLETO;80;8,14;295,6;313,1;17,5;
control system;4/30/2026, 09:29 PM;3T832;26/04/2026;124;Tabaco;A;100;5,88;467;470;3;
control system;4/30/2026, 09:29 PM;WN123;26/04/2026;127;Gergelim;COMPLETO;70;6,89;371,5;391;19,5;
control system;4/30/2026, 09:31 PM;01PP6;27/04/2026;102;Algodão;COMPLETO;100;5,58;251,8;263;11,2;FERTI
control system;4/30/2026, 09:32 PM;GDYV3;27/04/2026;106;Algodão;COMPLETO;60;8,9;1989,4;2008,8;19,4;
control system;4/30/2026, 09:33 PM;AY21Y;27/04/2026;113;Algodão;COMPLETO;70;9,1;1029,2;1047,9;18,7;
control system;4/30/2026, 09:36 PM;TAGXF;27/04/2026;116;Algodão;1/2-PIVO;70;9,2;129,7;139,7;10;FEZ MEIO PIVO, MAS NAO ANOTARAM
control system;4/30/2026, 09:37 PM;5DAQT;27/04/2026;121;Tabaco;ABD;75;8,49;280,3;295,4;15,1;
control system;4/30/2026, 09:38 PM;B2S9E;27/04/2026;122;Algodão;COMPLETO;70;9;2268,6;2289;20,4;
control system;4/30/2026, 09:40 PM;9NCX3;27/04/2026;123;Algodão;COMPLETO;70;9,7;2696,4;2718,2;21,8;
control system;4/30/2026, 09:40 PM;4G6YO;27/04/2026;131;Algodão;COMPLETO;55;13,95;151,1;177,4;26,3;
control system;4/30/2026, 09:41 PM;KS44T;27/04/2026;132;Algodão;COMPLETO;55;14,13;188,1;214,5;26,4;
control system;4/30/2026, 09:42 PM;Q7WQ0;28/04/2026;101;Algodão;COMPLETO;60;9,3;2722,3;2742,4;20,1;
control system;4/30/2026, 09:42 PM;88DLU;28/04/2026;103;Algodão;COMPLETO;60;8,6;1486,2;1505,3;19,1;
control system;4/30/2026, 09:43 PM;LD1VM;28/04/2026;112;Algodão;COMPLETO;70;9,1;219,1;240;20,9;
control system;4/30/2026, 09:44 PM;JI8E3;28/04/2026;113;Algodão;COMPLETO;70;9,1;1047,9;1050,8;2,9;CANCELOU
control system;4/30/2026, 09:44 PM;6D3LB;28/04/2026;114;Algodão;COMPLETO;65;9,14;155,8;174,9;19,1;
control system;4/30/2026, 09:45 PM;L6PAK;28/04/2026;118;Tabaco;COMPLETO;100;6,44;372,7;387,1;14,4;
control system;4/30/2026, 09:45 PM;0GBQ3;28/04/2026;130;Milheto;COMPLETO;80;7,2;284;301,6;17,6;
control system;5/1/2026, 11:48 AM;5S2QE;28/04/2026;3;Tabaco;COMPLETO;50;12,6;205;232;27;FERTI + UMA 100%
control system;5/1/2026, 11:49 AM;V3X7O;28/04/2026;4;Tabaco;COMPLETO;40;9,8;416;439;23;
control system;5/1/2026, 11:51 AM;P9DSP;28/04/2026;5;Tabaco;COMPLETO;100;5,52;2330;2347;17;
control system;5/1/2026, 11:52 AM;TD6Q2;28/04/2026;7;Tabaco;COMPLETO;100;5,52;148;161;13;
control system;5/1/2026, 11:53 AM;9V8F2;28/04/2026;8;Tabaco;COMPLETO;50;13,16;87;108;21;
control system;5/1/2026, 11:54 AM;0T4MA;28/04/2026;11;Preparo;COMPLETO;50;11,04;320;346;26;
control system;5/1/2026, 11:54 AM;GR4RW;28/04/2026;18;Preparo;COMPLETO;70;9,3;742;764;22;
control system;5/1/2026, 11:55 AM;NMF9V;28/04/2026;22;Algodão;COMPLETO;90;8,01;943;958;15;
control system;5/1/2026, 11:56 AM;92O0V;28/04/2026;25;Cacau;COMPLETO;90;6,44;2056;2069;13;
control system;5/1/2026, 11:56 AM;K3PYM;28/04/2026;27;Cacau;COMPLETO;80;6,67;2320;2334;14;
control system;5/1/2026, 11:58 AM;V7767;28/04/2026;29;Cacau;COMPLETO;80;6,42;2917;2928;11;
control system;5/1/2026, 11:59 AM;6GRRX;28/04/2026;30;Algodão;COMPLETO;70;8,57;633;654;21;
control system;5/1/2026, 11:59 AM;MJ5JD;28/04/2026;35;Algodão;COMPLETO;70;8,31;180;203;23;
control system;5/1/2026, 12:01 PM;CI8QU;28/04/2026;38;Tabaco;COMPLETO;80;10,06;255;272;17;
control system;5/1/2026, 12:01 PM;ELEH6;28/04/2026;39;Algodão;COMPLETO;100;5,58;243;255;12;
control system;5/1/2026, 12:05 PM;81TD8;28/04/2026;40;Tabaco;COMPLETO;44;15,82;263;295;32;IRRIGAÇÃO A 80% + FERTI A 100%
control system;5/1/2026, 12:08 PM;6T0N9;28/04/2026;41;Algodão;COMPLETO;70;9,2;133;148;15;
control system;5/1/2026, 12:08 PM;W21F9;28/04/2026;43;Algodão;COMPLETO;70;9,7;2171;2192;21;
control system;5/1/2026, 12:10 PM;G64S1;28/04/2026;44;Milho;COMPLETO;100;7,26;176;186;10;
control system;5/1/2026, 12:11 PM;PJUPW;28/04/2026;48;Algodão;COMPLETO;70;9,71;178;205;27;
control system;5/1/2026, 12:12 PM;Z17K8;28/04/2026;53;Algodão;COMPLETO;70;6,61;599;613;14;
control system;5/1/2026, 12:12 PM;28EYA;28/04/2026;56;Algodão;COMPLETO;70;8,83;196;217;21;
control system;5/1/2026, 12:14 PM;DA2TS;28/04/2026;58;Algodão;COMPLETO;70;9,34;1040;1066,4;26,4;
control system;5/1/2026, 12:19 PM;LAT0L;28/04/2026;69;Algodão;COMPLETO;50;9,2;222,5;244,2;21,7;
control system;5/1/2026, 12:20 PM;BADGV;28/04/2026;70;Algodão;COMPLETO;100;6,42;361;376;15;FERTIRRIGAÇÃO
control system;5/1/2026, 01:08 PM;B229Z;29/04/2026;2;Algodão;1/2-PIVO;70;7,57;742;750;8;
control system;5/1/2026, 01:09 PM;ZOGW9;29/04/2026;5;Tabaco;COMPLETO;100;5,52;2347;2365;18;FERTIRRIGAÇÃO
control system;5/1/2026, 01:10 PM;YZYGP;29/04/2026;6;Algodão;COMPLETO;70;8,31;186;207;21;
control system;5/1/2026, 01:10 PM;45LQ6;29/04/2026;7;Tabaco;COMPLETO;100;5,52;161;174;13;
control system;5/1/2026, 01:13 PM;DWV7U;29/04/2026;8;Tabaco;COMPLETO;100;6,58;108;121;13;
control system;5/1/2026, 01:13 PM;T33GR;29/04/2026;13;Preparo;COMPLETO;50;8,56;2;22;20;
control system;5/1/2026, 01:14 PM;INPNK;29/04/2026;16;Algodão;COMPLETO;70;10,27;224;245;21;
control system;5/1/2026, 01:14 PM;LTWO0;29/04/2026;21;Algodão;COMPLETO;70;7,81;479;500;21;
control system;5/1/2026, 01:15 PM;ENYKC;29/04/2026;26;Algodão;COMPLETO;70;8,14;414;434;20;
control system;5/1/2026, 01:15 PM;RH7QL;29/04/2026;27;Cacau;A;100;5,34;2334;2337;3;
control system;5/1/2026, 01:16 PM;BL4MV;29/04/2026;29;Cacau;D;100;5,14;2928;2931;3;
control system;5/1/2026, 01:19 PM;RHFYS;29/04/2026;37;Tabaco;COMPLETO;50;18,08;1570;1590;20;IRRIGAÇÃO + FERTI
control system;5/1/2026, 01:19 PM;NR2DJ;29/04/2026;39;Algodão;COMPLETO;100;5,58;255;267;12;
control system;5/1/2026, 01:21 PM;UYXEC;29/04/2026;42;Algodão;COMPLETO;70;8,23;1248;1265;17;
control system;5/1/2026, 01:22 PM;6P2IV;29/04/2026;44;Milho;COMPLETO;80;9,07;186;199;13;
control system;5/1/2026, 01:24 PM;4WB8Z;29/04/2026;47;Algodão;COMPLETO;70;10,6;1611;1632;21;
control system;5/1/2026, 01:25 PM;W7B60;29/04/2026;49;Algodão;COMPLETO;70;9,6;1013;1033;20;
control system;5/1/2026, 01:25 PM;CIRS0;29/04/2026;55;Algodão;COMPLETO;70;9,26;248;268;20;
control system;5/1/2026, 01:26 PM;4B7RI;29/04/2026;57;Algodão;COMPLETO;70;8,4;315;336;21;
control system;5/1/2026, 01:26 PM;Y2KZ0;29/04/2026;58;Algodão;COMPLETO;100;6,54;1066,4;1083,3;16,9;
control system;5/1/2026, 01:30 PM;W7IYX;29/04/2026;59;Algodão;COMPLETO;70;7,4;401;421;20;
control system;5/1/2026, 01:31 PM;AAX9W;29/04/2026;60;Algodão;COMPLETO;100;6,78;709;724;15;FERTIRRIGAÇÃO
control system;5/1/2026, 01:32 PM;YRG14;29/04/2026;62;Algodão;COMPLETO;70;7,97;267,4;286,3;18,9;
control system;5/1/2026, 01:32 PM;SSVTI;29/04/2026;64;Algodão;COMPLETO;50;10,9;220;242;22;
control system;5/1/2026, 01:33 PM;UAJ7P;29/04/2026;65;Algodão;COMPLETO;70;10,39;862;885;23;
control system;5/1/2026, 01:34 PM;5IZO0;29/04/2026;72;Algodão;COMPLETO;70;8,74;480;498;18;
control system;5/1/2026, 07:13 PM;WD89U;29/04/2026;106;Algodão;COMPLETO;70;7,63;2008,8;2025,4;16,6;
control system;5/1/2026, 07:14 PM;I6TUZ;29/04/2026;107;Algodão;COMPLETO;60;7,8;220,7;243,1;22,4;
control system;5/1/2026, 07:16 PM;249OP;29/04/2026;117;Algodão;COMPLETO;70;8,1;661,6;683,2;21,6;
control system;5/1/2026, 07:20 PM;UI0P3;29/04/2026;124;Tabaco;CD;100;5,88;470;474,3;4,3;
control system;5/1/2026, 07:20 PM;JBNDV;29/04/2026;127;Gergelim;COMPLETO;100;4,82;391;401,5;10,5;
control system;5/1/2026, 07:22 PM;1Y09R;30/04/2026;108;Algodão;COMPLETO;60;8,9;1463;1482,4;19,4;
control system;5/1/2026, 07:23 PM;RHF6L;30/04/2026;109;Algodão;COMPLETO;60;9,72;986,5;1005,6;19,1;
control system;5/1/2026, 07:23 PM;WECT5;30/04/2026;113;Algodão;COMPLETO;70;9,1;1050,8;1072,1;21,3;
control system;5/1/2026, 07:24 PM;BJJVO;30/04/2026;116;Algodão;COMPLETO;70;9,2;139,7;160;20,3;
control system;5/1/2026, 07:25 PM;QYMFR;30/04/2026;120;Tabaco;COMPLETO;100;6,51;313,1;328,7;15,6;FERTI
control system;5/1/2026, 07:26 PM;LT42A;30/04/2026;121;Tabaco;ABD;75;8,49;295,4;309,8;14,4;
control system;5/1/2026, 07:27 PM;715NL;30/04/2026;124;Tabaco;C;100;5,88;474,3;478,3;4;
control system;5/5/2026, 09:29 PM;82S2A;01/05/2026;102;Algodão;COMPLETO;100;5,58;263;275,3;11,7;FERTI
control system;5/5/2026, 09:30 PM;FL49Z;01/05/2026;106;Algodão;COMPLETO;55;9,71;2025,4;2046,5;21,1;
control system;5/5/2026, 09:31 PM;OG7H3;01/05/2026;112;Algodão;COMPLETO;60;10,62;240;263,8;23,8;
control system;5/5/2026, 09:32 PM;2KE02;01/05/2026;114;Algodão;COMPLETO;60;9,9;174,9;195,9;21;
control system;5/5/2026, 09:37 PM;UVY77;01/05/2026;131;Algodão;COMPLETO;50;15,34;177,4;207,6;30,2;
control system;5/5/2026, 09:38 PM;0KWBM;01/05/2026;132;Algodão;COMPLETO;50;15,54;214,5;245,5;31;
control system;5/5/2026, 09:40 PM;FCZEQ;02/05/2026;101;Algodão;COMPLETO;60;9,3;2742,4;2763,6;21,2;
control system;5/5/2026, 09:41 PM;22M91;02/05/2026;103;Algodão;COMPLETO;60;8,6;1505,3;1524,4;19,1;
control system;5/5/2026, 09:42 PM;I7QSD;02/05/2026;105;Algodão;COMPLETO;60;8,6;254;273,6;19,6;
control system;5/5/2026, 09:42 PM;7A5AP;02/05/2026;107;Algodão;COMPLETO;60;7,8;243,1;262,2;19,1;
control system;5/5/2026, 09:43 PM;9ANWC;02/05/2026;115;Algodão;COMPLETO;70;9,2;325,9;346,2;20,3;
control system;5/5/2026, 09:43 PM;D1JZY;02/05/2026;122;Algodão;COMPLETO;60;10,5;2289;2313,4;24,4;
control system;5/5/2026, 09:44 PM;QOC5F;02/05/2026;123;Algodão;COMPLETO;61;11,13;2718,2;2741,7;23,5;
control system;5/5/2026, 09:45 PM;IGRL6;02/05/2026;129;Gergelim;COMPLETO;80;6,69;947,8;962,7;14,9;
control system;5/6/2026, 03:21 AM;PLM05;03/05/2026;104;Algodão;COMPLETO;60;8,25;2703,9;2723;19,1;
control system;5/6/2026, 03:23 AM;TNFF8;03/05/2026;106;Algodão;COMPLETO;60;8,9;2046,5;2065,6;19,1;
control system;5/6/2026, 03:24 AM;CI6NR;03/05/2026;110;Algodão;COMPLETO;60;9,17;1383,9;1403,3;19,4;
control system;5/6/2026, 03:26 AM;LVIPQ;03/05/2026;119;Tabaco;COMPLETO;100;6,58;404,8;419,3;14,5;
control system;5/6/2026, 03:27 AM;0M5BD;03/05/2026;120;Tabaco;COMPLETO;100;6,51;328,7;343;14,3;
control system;5/6/2026, 03:27 AM;R5RJV;03/05/2026;121;Tabaco;ABD;100;6,37;309,8;319,6;9,8;
control system;5/6/2026, 03:29 AM;JWQTT;03/05/2026;124;Tabaco;ABC;100;5,88;478,3;489,4;11,1;
control system;5/6/2026, 03:30 AM;IU8JI;03/05/2026;127;Tabaco;COMPLETO;90;5,36;401,5;415,2;13,7;
control system;5/6/2026, 03:34 AM;YY2JJ;04/05/2026;108;Algodão;COMPLETO;60;8,9;1482,4;1501,6;19,2;
control system;5/6/2026, 03:36 AM;Y3O3B;04/05/2026;112;Algodão;COMPLETO;60;10,62;263,8;284,7;20,9;
control system;5/6/2026, 03:38 AM;ANDV6;04/05/2026;113;Algodão;COMPLETO;60;10,62;1072,1;1096;23,9;
control system;5/6/2026, 03:40 AM;UU2M7;04/05/2026;114;Algodão;COMPLETO;60;9,9;195,9;216,8;20,9;
control system;5/6/2026, 03:43 AM;E58VX;04/05/2026;116;Algodão;COMPLETO;70;9,2;160;180,7;20,7;
control system;5/6/2026, 03:43 AM;RNQKN;04/05/2026;117;Algodão;COMPLETO;70;8,1;683,2;703,5;20,3;
control system;5/6/2026, 03:45 AM;0YEKW;04/05/2026;118;Tabaco;COMPLETO;100;6,44;387,1;401,6;14,5;
control system;5/6/2026, 11:17 AM;TDBZR;30/04/2026;7;Tabaco;COMPLETO;100;5,52;174;187;13;
control system;5/6/2026, 11:19 AM;WD3NA;30/04/2026;8;Tabaco;COMPLETO;100;6,58;121;135;14;
control system;5/6/2026, 11:19 AM;XVRCZ;30/04/2026;15;Algodão;COMPLETO;70;10,54;346;369;23;
control system;5/6/2026, 11:25 AM;JYQOI;30/04/2026;17;Algodão;COMPLETO;70;9;168;192;24;
control system;5/6/2026, 11:26 AM;Z170J;30/04/2026;20;Algodão;COMPLETO;70;9,77;1322;1344;22;
control system;5/6/2026, 11:29 AM;3A2B8;30/04/2026;22;Algodão;COMPLETO;70;10,3;958;975;17;
control system;5/6/2026, 11:30 AM;0NDG5;30/04/2026;23;Preparo;COMPLETO;70;7,54;36;57;21;
control system;5/6/2026, 11:34 AM;ZUCUX;30/04/2026;24;Algodão;COMPLETO;70;9;214;239;25;
control system;5/6/2026, 11:36 AM;GSK90;30/04/2026;25;Cacau;COMPLETO;100;5,8;2069;2081;12;FERTIRRIGAÇÃO
control system;5/6/2026, 11:36 AM;EMBGR;30/04/2026;27;Cacau;COMPLETO;80;6,67;2337;2351;14;
control system;5/6/2026, 11:38 AM;OXNFY;30/04/2026;29;Cacau;COMPLETO;80;6,42;2931;2943;12;
control system;5/6/2026, 11:40 AM;1RQIT;30/04/2026;31;Algodão;COMPLETO;70;8,83;414;435;21;
control system;5/6/2026, 11:46 AM;GVWLJ;30/04/2026;36;Tabaco;COMPLETO;100;7,2;270;288;18;FERTIRRIGAÇÃO
control system;5/6/2026, 11:47 AM;CH8UZ;30/04/2026;38;Tabaco;COMPLETO;90;8,94;272;286;14;
control system;5/6/2026, 11:47 AM;M73UT;30/04/2026;46;Preparo;1/2-PIVO;65;10,25;288;291;3;TESTE ALCIONE
control system;5/6/2026, 11:51 AM;3U4AL;30/04/2026;48;Algodão;COMPLETO;70;9,71;205;231;26;
control system;5/6/2026, 11:52 AM;123QK;30/04/2026;51;Algodão;COMPLETO;70;8,64;1042;1061;19;
control system;5/6/2026, 11:54 AM;K6L3A;30/04/2026;55;Algodão;COMPLETO;90;7,2;268;282;14;
control system;5/6/2026, 11:55 AM;H0YWK;30/04/2026;61;Algodão;COMPLETO;70;8,7;1188;1209;21;
control system;5/6/2026, 11:56 AM;10N5Q;30/04/2026;64;Algodão;COMPLETO;100;5,45;242;253;11;FERTIRRIGAÇÃO
control system;5/6/2026, 11:57 AM;AFZA6;30/04/2026;68;Algodão;COMPLETO;60;8;1461;1479;18;
control system;5/6/2026, 12:01 PM;ZO0EG;30/04/2026;69;Algodão;COMPLETO;70;6,57;244,2;261,2;17;
control system;5/6/2026, 12:02 PM;1N1L6;30/04/2026;72;Algodão;COMPLETO;70;8,74;498;516;18;
control system;5/6/2026, 12:05 PM;2EXND;30/04/2026;73;Algodão;COMPLETO;70;9,66;1280;1303;23;
control system;5/6/2026, 12:12 PM;E7Q9W;01/05/2026;4;Tabaco;COMPLETO;31;12,65;439;472;33;FERTI A 100% + IRRIGAÇÃO A 45%
control system;5/6/2026, 12:13 PM;0FU72;01/05/2026;7;Tabaco;COMPLETO;100;5,52;187;201;14;FERTIRRIGAÇÃO
control system;5/6/2026, 12:14 PM;R1V4H;01/05/2026;8;Tabaco;COMPLETO;100;6,58;135;149;14;
control system;5/6/2026, 12:15 PM;J7X6A;01/05/2026;13;Preparo;COMPLETO;50;8,56;22;42;20;
control system;5/6/2026, 12:16 PM;V3GRP;01/05/2026;27;Cacau;COMPLETO;100;5,34;2351;2363;12;
control system;5/6/2026, 12:19 PM;0PQ9U;01/05/2026;29;Cacau;COMPLETO;50;10,28;2943;2959;16;2 GIRO A 100%
control system;5/6/2026, 12:20 PM;PUSII;01/05/2026;30;Algodão;COMPLETO;70;8,57;654;675;21;
control system;5/6/2026, 12:21 PM;CW6F8;01/05/2026;32;Cacau;COMPLETO;100;5,7;1370;1384;14;
control system;5/6/2026, 12:23 PM;GZHFO;01/05/2026;35;Algodão;COMPLETO;70;8,31;203;226;23;
control system;5/6/2026, 12:24 PM;BEXBN;01/05/2026;39;Algodão;COMPLETO;70;7,97;267;284;17;
control system;5/6/2026, 12:25 PM;OS9BK;01/05/2026;40;Tabaco;COMPLETO;100;6,96;295;309;14;
control system;5/6/2026, 12:27 PM;8DF6T;01/05/2026;41;Algodão;COMPLETO;70;9,2;148;160;12;
control system;5/6/2026, 12:28 PM;ARHS9;01/05/2026;42;Algodão;COMPLETO;70;8,23;1265;1282;17;
control system;5/6/2026, 12:28 PM;A4JFS;01/05/2026;43;Algodão;COMPLETO;70;9,7;2192;2213;21;
control system;5/6/2026, 12:29 PM;NK2CY;01/05/2026;53;Algodão;COMPLETO;70;6,61;613;627;14;
control system;5/6/2026, 12:30 PM;YK5LH;01/05/2026;54;Algodão;COMPLETO;70;8,29;1330;1349;19;
control system;5/6/2026, 12:32 PM;PP3JU;01/05/2026;63;Algodão;COMPLETO;40;8,85;804;822;18;
control system;5/6/2026, 12:34 PM;EIBIJ;01/05/2026;64;Algodão;COMPLETO;100;5,45;253;264;11;
control system;5/6/2026, 12:37 PM;JN65Z;01/05/2026;65;Algodão;COMPLETO;70;10,39;885;906;21;
control system;5/6/2026, 12:38 PM;6PHKO;01/05/2026;71;Crotalária;D;70;6,93;154;156;2;
control system;5/6/2026, 04:44 PM;ING34;02/05/2026;2;Algodão;COMPLETO;60;8,83;750;771;21;
control system;5/6/2026, 04:46 PM;1VXQ5;02/05/2026;3;Tabaco;COMPLETO;70;9;232;252;20;
control system;5/6/2026, 04:47 PM;KUKGN;02/05/2026;5;Tabaco;COMPLETO;100;5,52;2365;2379;14;
control system;5/6/2026, 04:47 PM;0QAYM;02/05/2026;6;Algodão;COMPLETO;70;8,31;207;228;21;
control system;5/6/2026, 04:48 PM;WTQ6V;02/05/2026;7;Tabaco;COMPLETO;100;5,52;201;215;14;
control system;5/6/2026, 04:53 PM;9RFOY;02/05/2026;8;Tabaco;COMPLETO;100;6,58;149;163;14;
control system;5/6/2026, 05:00 PM;JRFNT;02/05/2026;14;Preparo;COMPLETO;50;11,52;3;33;30;
control system;5/6/2026, 05:00 PM;4HSYL;02/05/2026;16;Algodão;COMPLETO;70;10,27;245;266;21;
control system;5/6/2026, 05:01 PM;RIR6E;02/05/2026;19;Algodão;COMPLETO;70;8,21;659;680;21;
control system;5/6/2026, 05:01 PM;LIRQO;02/05/2026;21;Algodão;COMPLETO;70;7,81;500;521;21;
control system;5/6/2026, 05:02 PM;HZ8LW;02/05/2026;25;Cacau;COMPLETO;100;5,8;2081;2093;12;
control system;5/6/2026, 05:04 PM;NDUG9;02/05/2026;27;Cacau;COMPLETO;100;5,34;2363;2374;11;
control system;5/6/2026, 05:04 PM;N8HAB;02/05/2026;33;Algodão;COMPLETO;60;10;94;118;24;
control system;5/6/2026, 05:05 PM;LRPM9;02/05/2026;34;Algodão;COMPLETO;60;11,2;1270;1293;23;
control system;5/6/2026, 05:08 PM;MPH1Y;02/05/2026;37;Tabaco;COMPLETO;95;9,52;1590;1605;15;
control system;5/6/2026, 05:09 PM;TBKMN;02/05/2026;38;Tabaco;COMPLETO;80;10,06;286;302;16;
control system;5/6/2026, 05:15 PM;VGCT9;02/05/2026;47;Algodão;COMPLETO;70;10,6;1632;1662;30;
control system;5/6/2026, 05:17 PM;G6Z0O;02/05/2026;58;Algodão;COMPLETO;70;9,34;1083,3;1103,8;20,5;
control system;5/6/2026, 05:18 PM;34VNB;02/05/2026;60;Algodão;COMPLETO;70;9,69;724;745;21;
control system;5/6/2026, 05:18 PM;PNA6D;02/05/2026;62;Algodão;COMPLETO;70;7,97;286,3;307,1;20,8;
control system;5/6/2026, 05:19 PM;7L3L9;02/05/2026;66;Algodão;COMPLETO;70;8;584;601;17;
control system;5/6/2026, 05:20 PM;UR4N3;02/05/2026;67;Algodão;COMPLETO;70;7,14;477;492;15;
control system;5/6/2026, 05:21 PM;D5B93;02/05/2026;70;Algodão;COMPLETO;70;9,17;376;397;21;
control system;5/6/2026, 05:22 PM;N7CL1;02/05/2026;72;Algodão;COMPLETO;70;8,74;516;534;18;
control system;5/6/2026, 05:28 PM;4L54U;02/05/2026;74;Preparo;COMPLETO;74;9,14;0;23;23;
control system;5/6/2026, 05:30 PM;DU7TW;03/05/2026;1;Algodão;COMPLETO;60;9,08;1556;1579;23;
control system;5/6/2026, 05:31 PM;1NR34;03/05/2026;4;Tabaco;COMPLETO;55;7,13;472;488;16;
control system;5/6/2026, 05:43 PM;0I0JG;03/05/2026;8;Tabaco;COMPLETO;100;6,58;163;177;14;
control system;5/6/2026, 05:48 PM;QH72F;03/05/2026;9;Tabaco;COMPLETO;60;9,1;27;49;22;
control system;5/6/2026, 05:50 PM;LUVP3;03/05/2026;13;Preparo;COMPLETO;46;9,3;42;64;22;
control system;5/6/2026, 05:50 PM;TAC1I;03/05/2026;20;Algodão;COMPLETO;70;9,77;1344;1366;22;
control system;5/6/2026, 05:51 PM;N4DAE;03/05/2026;22;Algodão;COMPLETO;70;10,3;975;992;17;
control system;5/6/2026, 05:52 PM;41PUO;03/05/2026;24;Algodão;COMPLETO;70;9;239;260;21;
control system;5/6/2026, 05:55 PM;TUIWD;03/05/2026;26;Algodão;COMPLETO;70;8,14;434;454;20;
control system;5/6/2026, 05:56 PM;PQOQQ;03/05/2026;29;Cacau;COMPLETO;100;5,14;2959;2969;10;
control system;5/6/2026, 05:57 PM;OIVGR;03/05/2026;31;Algodão;COMPLETO;70;8,83;435;456;21;
control system;5/6/2026, 06:00 PM;5QV3B;03/05/2026;35;Algodão;COMPLETO;95;6,13;226;244;18;
control system;5/6/2026, 06:01 PM;1CDQU;03/05/2026;36;Tabaco;COMPLETO;90;8;288;304;16;
control system;5/6/2026, 06:02 PM;DINL4;03/05/2026;44;Milho;COMPLETO;95;7,64;199;210;11;
control system;5/6/2026, 06:03 PM;KU0ZK;03/05/2026;49;Algodão;COMPLETO;70;9,6;1033;1053;20;
control system;5/6/2026, 06:03 PM;2ZKV7;03/05/2026;51;Algodão;COMPLETO;70;8,64;1061;1080;19;
control system;5/6/2026, 06:04 PM;871T0;03/05/2026;57;Algodão;COMPLETO;70;8,4;336;357;21;
control system;5/6/2026, 06:04 PM;SWGB8;03/05/2026;59;Algodão;COMPLETO;70;7,4;421;441;20;
control system;5/6/2026, 06:05 PM;B3D3N;03/05/2026;61;Algodão;COMPLETO;70;8,7;1209;1230;21;
control system;5/6/2026, 06:06 PM;0ZFEN;03/05/2026;68;Algodão;COMPLETO;50;9,6;1479;1500;21;
control system;5/6/2026, 06:06 PM;WIKGO;03/05/2026;73;Algodão;COMPLETO;70;9,66;1303;1325;22;
control system;5/7/2026, 06:49 PM;XM9DA;04/05/2026;3;Tabaco;COMPLETO;70;9;252;276;24;
control system;5/7/2026, 06:50 PM;YBQ51;04/05/2026;7;Tabaco;COMPLETO;100;5,52;215;228;13;
control system;5/7/2026, 06:51 PM;36SKI;04/05/2026;8;Tabaco;COMPLETO;100;6,58;177;191;14;
control system;5/7/2026, 06:52 PM;7EXD1;04/05/2026;9;Tabaco;COMPLETO;70;7,8;49;69;20;
control system;5/7/2026, 06:53 PM;ZZ00S;04/05/2026;11;Preparo;COMPLETO;50;11,04;346;372;26;
control system;5/7/2026, 06:54 PM;2OVDU;04/05/2026;12;Preparo;COMPLETO;70;9;57;78;21;
control system;5/7/2026, 06:54 PM;5WZUC;04/05/2026;15;Algodão;COMPLETO;70;10,54;369;392;23;
control system;5/7/2026, 06:55 PM;6HP4C;04/05/2026;17;Algodão;COMPLETO;70;9;192;216;24;
control system;5/7/2026, 06:56 PM;M9LTI;04/05/2026;25;Cacau;COMPLETO;100;5,8;2093;2105;12;
control system;5/7/2026, 06:57 PM;UYQU7;04/05/2026;27;Cacau;COMPLETO;100;5,34;2374;2385;11;
control system;5/7/2026, 06:58 PM;8490W;04/05/2026;29;Cacau;COMPLETO;100;5,14;2969;2979;10;
control system;5/7/2026, 06:58 PM;21FHF;04/05/2026;30;Algodão;COMPLETO;70;8,57;675;696;21;
control system;5/7/2026, 07:01 PM;LT6LJ;04/05/2026;37;Tabaco;COMPLETO;95;9,52;1605;1620;15;
control system;5/7/2026, 07:01 PM;583M0;04/05/2026;38;Tabaco;COMPLETO;85;9,47;302;318;16;
control system;5/7/2026, 07:02 PM;O2XGJ;04/05/2026;39;Algodão;COMPLETO;70;7,97;284;301;17;
control system;5/7/2026, 07:03 PM;YBX05;04/05/2026;40;Tabaco;COMPLETO;100;6,96;309;323;14;
control system;5/7/2026, 07:04 PM;ZO7YG;04/05/2026;41;Algodão;COMPLETO;70;9,2;160;173;13;
control system;5/7/2026, 07:05 PM;4VVXK;04/05/2026;42;Algodão;COMPLETO;70;8,23;1282;1299;17;
control system;5/7/2026, 07:05 PM;6L1N8;04/05/2026;43;Algodão;COMPLETO;70;9,7;2213;2234;21;
control system;5/7/2026, 07:07 PM;DRC7U;04/05/2026;48;Algodão;COMPLETO;60;11,33;231;259;28;
control system;5/7/2026, 07:07 PM;J9TGB;04/05/2026;53;Algodão;COMPLETO;50;9,26;627;646;19;
control system;5/7/2026, 07:10 PM;357FY;04/05/2026;64;Algodão;COMPLETO;50;10,9;264;286;22;
control system;5/7/2026, 07:10 PM;H7SNX;04/05/2026;69;Algodão;COMPLETO;50;9,2;261,2;287;25,8;
control system;5/7/2026, 07:12 PM;787Z4;04/05/2026;54;Algodão;COMPLETO;65;8,92;1349;1369;20;
control system;5/7/2026, 09:16 PM;OL30S;05/05/2026;101;Algodão;COMPLETO;60;9,3;2763,6;2784,3;20,7;
control system;5/7/2026, 09:17 PM;Q3LO3;05/05/2026;102;Algodão;COMPLETO;60;9,3;275,3;294,5;19,2;
control system;5/7/2026, 09:18 PM;I5CPB;05/05/2026;103;Algodão;COMPLETO;60;8,6;1524,4;1543,5;19,1;
control system;5/7/2026, 09:19 PM;WEYS3;05/05/2026;104;Algodão;COMPLETO;100;4,95;2723;2735;12;
control system;5/7/2026, 09:20 PM;EO0EA;05/05/2026;107;Algodão;COMPLETO;70;6,69;262,2;279,6;17,4;
control system;5/7/2026, 09:20 PM;FUQGP;05/05/2026;109;Algodão;COMPLETO;70;8,33;1005,6;1022,9;17,3;
control system;5/7/2026, 09:21 PM;BA56T;05/05/2026;115;Algodão;COMPLETO;70;9,2;346,2;366,6;20,4;
control system;5/7/2026, 09:21 PM;PHS3A;05/05/2026;116;Algodão;COMPLETO;100;6,44;180,7;195,3;14,6;
control system;5/7/2026, 09:22 PM;EG03H;05/05/2026;123;Algodão;COMPLETO;100;6,79;2741,7;2756,5;14,8;
control system;5/8/2026, 04:35 PM;0SUPY;05/05/2026;2;Algodão;COMPLETO;70;7,57;771;788;17;
control system;5/8/2026, 04:36 PM;MOO39;05/05/2026;3;Tabaco;COMPLETO;100;6,3;276;290;14;FERTIRRIGAÇÃO
control system;5/8/2026, 04:37 PM;31Q0V;05/05/2026;4;Tabaco;COMPLETO;40;9,8;488;510;22;
control system;5/8/2026, 04:37 PM;K922R;05/05/2026;5;Tabaco;COMPLETO;100;5,52;2379;2394;15;
control system;5/8/2026, 04:41 PM;WAO5R;05/05/2026;6;Algodão;COMPLETO;41;14,2;228;263;35;FERTI A 100% + IRRIGAÇÃO A 70%
control system;5/8/2026, 04:42 PM;A4AF4;05/05/2026;8;Tabaco;COMPLETO;100;6,58;191;205;14;
control system;5/8/2026, 04:44 PM;XVTDO;05/05/2026;9;Tabaco;COMPLETO;90;6,07;69;83;14;
control system;5/8/2026, 04:44 PM;842U7;05/05/2026;16;Algodão;COMPLETO;70;10,27;266;287;21;
control system;5/8/2026, 04:45 PM;K4SJB;05/05/2026;19;Algodão;COMPLETO;70;8,21;680;701;21;
control system;5/8/2026, 04:45 PM;DVM76;05/05/2026;21;Algodão;COMPLETO;70;7,81;521;542;21;
control system;5/8/2026, 04:46 PM;HADIS;05/05/2026;27;Cacau;COMPLETO;100;5,34;2385;2397;12;
control system;5/8/2026, 04:48 PM;QFVQD;05/05/2026;31;Algodão;COMPLETO;70;8,83;456;477;21;
control system;5/8/2026, 04:49 PM;E7EWJ;05/05/2026;35;Algodão;COMPLETO;65;8,95;244;268;24;
control system;5/8/2026, 04:50 PM;EY6WD;05/05/2026;44;Milho;COMPLETO;90;8,07;210;221;11;
control system;5/8/2026, 04:53 PM;V7KQI;05/05/2026;47;Algodão;COMPLETO;75;9,89;1662;1689;27;
control system;5/8/2026, 04:54 PM;M6820;05/05/2026;55;Algodão;COMPLETO;70;9,26;282;302;20;
control system;5/8/2026, 04:56 PM;WUHF6;05/05/2026;60;Algodão;COMPLETO;70;9,69;745;766;21;
control system;5/8/2026, 04:58 PM;P6MF9;05/05/2026;62;Algodão;COMPLETO;70;7,97;307,1;328,6;21,5;
control system;5/8/2026, 04:59 PM;HW6NV;05/05/2026;63;Algodão;COMPLETO;35;10,11;822;842;20;
control system;5/8/2026, 04:59 PM;FQDWZ;05/05/2026;65;Algodão;COMPLETO;70;10,39;906;928;22;
control system;5/8/2026, 05:02 PM;Y3YZS;05/05/2026;66;Algodão;COMPLETO;100;5,6;601;613;12;FERTIRRIGAÇÃO
control system;5/8/2026, 05:03 PM;SK0P4;05/05/2026;71;Crotalária;COMPLETO;70;6,93;156;158;2;
control system;5/8/2026, 05:03 PM;KE5AO;05/05/2026;73;Algodão;COMPLETO;70;9,66;1325;1346;21;
control system;5/12/2026, 04:51 AM;BVCSL;06/05/2026;105;Algodão;COMPLETO;70;7,37;273,6;290,1;16,5;
control system;5/12/2026, 04:53 AM;4IY10;06/05/2026;106;Algodão;COMPLETO;70;7,63;2065,6;2082,4;16,8;
control system;5/12/2026, 04:54 AM;2VVCA;06/05/2026;116;Algodão;COMPLETO;100;6,44;195,3;209,7;14,4;
control system;5/12/2026, 04:54 AM;GLPAM;06/05/2026;117;Algodão;COMPLETO;70;8,1;703,5;723,7;20,2;
control system;5/12/2026, 04:55 AM;GJM80;06/05/2026;122;Algodão;COMPLETO;100;6,3;2313,4;2329,4;16;
control system;5/12/2026, 04:56 AM;98PRJ;06/05/2026;129;Gergelim;COMPLETO;90;5,94;962,7;975,6;12,9;
control system;5/12/2026, 04:56 AM;OCT8W;06/05/2026;131;Algodão;COMPLETO;70;10,96;207,6;224,6;17;
control system;5/12/2026, 04:57 AM;ACFJV;06/05/2026;132;Algodão;COMPLETO;70;11,1;245,5;262,4;16,9;
control system;5/12/2026, 04:58 AM;IJ4YU;07/05/2026;112;Algodão;COMPLETO;60;10,62;284,7;311,5;26,8;
control system;5/12/2026, 04:59 AM;PXVM7;07/05/2026;113;Algodão;COMPLETO;100;6,37;1096;1118,5;22,5;FERTIRRIGAÇÃO
control system;5/12/2026, 05:00 AM;460OJ;07/05/2026;114;Algodão;COMPLETO;60;9,9;216,8;237,7;20,9;
control system;5/12/2026, 05:00 AM;UJPTM;07/05/2026;116;Algodão;COMPLETO;70;9,2;209,7;230,4;20,7;
control system;5/12/2026, 05:05 AM;5YRVS;07/05/2026;119;Tabaco;COMPLETO;100;6,58;419,3;426,5;7,2;OBS ERA PRA SER COMPLETO,MAS IRRIGOU SO MEIO PIVO E NAO COLOCOU QUAL FOI.
control system;5/12/2026, 05:05 AM;EET9Z;07/05/2026;120;Tabaco;COMPLETO;100;6,51;343;357,5;14,5;
control system;5/12/2026, 05:06 AM;PYDKN;07/05/2026;123;Algodão;COMPLETO;70;9,7;2756,5;2776,9;20,4;
control system;5/12/2026, 05:07 AM;XBKB4;07/05/2026;131;Algodão;COMPLETO;100;7,67;224,6;236,8;12,2;FERTIRRIGAÇÃO
control system;5/12/2026, 05:09 AM;CZ1D3;08/05/2026;101;Algodão;COMPLETO;55;10,15;2784,3;2806,9;22,6;
control system;5/12/2026, 05:09 AM;VZEC6;08/05/2026;103;Algodão;COMPLETO;55;9,38;1543,5;1564,4;20,9;
control system;5/12/2026, 05:10 AM;61A7H;08/05/2026;108;Algodão;COMPLETO;60;8,9;1501,6;1521;19,4;
control system;5/12/2026, 05:10 AM;53CZX;08/05/2026;116;Algodão;COMPLETO;100;6,44;230,4;244,7;14,3;
control system;5/12/2026, 05:11 AM;IR7OM;08/05/2026;118;Tabaco;COMPLETO;100;6,44;401,6;416,5;14,9;
control system;5/12/2026, 05:11 AM;LOC6B;08/05/2026;122;Algodão;COMPLETO;70;9;2329,4;2349,6;20,2;
control system;5/12/2026, 05:12 AM;2LCOL;08/05/2026;127;Gergelim;COMPLETO;80;6,03;415,2;429,4;14,2;
control system;5/12/2026, 05:13 AM;9KSVS;08/05/2026;130;Milheto;COMPLETO;80;7,2;301,6;321,6;20;
control system;5/12/2026, 05:14 AM;YMYAI;09/05/2026;102;Algodão;COMPLETO;60;9,3;294,5;313,5;19;
control system;5/12/2026, 05:14 AM;H08HB;09/05/2026;104;Algodão;COMPLETO;60;8,25;2735;2754;19;
control system;5/12/2026, 05:15 AM;0LP3Y;09/05/2026;107;Algodão;COMPLETO;60;7,8;279,6;298,6;19;
control system;5/12/2026, 05:15 AM;PCYAB;09/05/2026;110;Algodão;COMPLETO;60;9,17;1403,3;1423,6;20,3;
control system;5/12/2026, 05:16 AM;P3E7K;09/05/2026;116;Algodão;COMPLETO;100;6,44;244,7;259,2;14,5;
control system;5/12/2026, 05:16 AM;0IYCP;09/05/2026;117;Algodão;COMPLETO;70;8,1;723,7;744,3;20,6;
control system;5/12/2026, 05:17 AM;1OGTB;09/05/2026;121;Tabaco;ABD;100;6,37;319,6;331,5;11,9;
control system;5/12/2026, 05:17 AM;F2LN0;09/05/2026;132;Algodão;COMPLETO;70;11,1;262,4;280,7;18,3;
control system;5/12/2026, 11:52 AM;LOZWT;06/05/2026;1;Algodão;COMPLETO;100;5,45;1579;1593;14;FERTIRRIGAÇÃO
control system;5/12/2026, 11:54 AM;K14SW;06/05/2026;8;Tabaco;COMPLETO;100;6,58;0;15;15;
control system;5/12/2026, 11:57 AM;BU0DB;06/05/2026;9;Tabaco;COMPLETO;100;5,46;83;97;14;
control system;5/12/2026, 11:59 AM;8KC5S;06/05/2026;15;Algodão;1/2-PIVO;100;7,38;392;401;9;FERTIRRIGAÇÃO
control system;5/12/2026, 11:59 AM;WP54G;06/05/2026;18;Preparo;COMPLETO;70;9,3;764;786;22;
control system;5/12/2026, 12:00 PM;5NCDR;06/05/2026;20;Algodão;COMPLETO;70;9,77;1366;1387;21;
control system;5/12/2026, 12:02 PM;ACGUY;06/05/2026;22;Algodão;COMPLETO;70;10,3;992;1008;16;
control system;5/12/2026, 12:02 PM;YP1HW;06/05/2026;24;Algodão;COMPLETO;70;9;260;280;20;
control system;5/12/2026, 12:04 PM;I4STJ;06/05/2026;26;Algodão;COMPLETO;70;8,14;454;473;19;
control system;5/12/2026, 12:06 PM;Z25U8;06/05/2026;27;Cacau;COMPLETO;100;5,34;2397;2409;12;
control system;5/12/2026, 12:07 PM;M0446;06/05/2026;32;Cacau;COMPLETO;100;5,7;1384;1398;14;
control system;5/12/2026, 12:10 PM;RPIXE;06/05/2026;36;Tabaco;COMPLETO;90;8;304;320;16;
control system;5/12/2026, 12:14 PM;JEQCI;06/05/2026;37;Tabaco;COMPLETO;95;9,52;1620;1631;11;
control system;5/12/2026, 12:15 PM;IREXC;06/05/2026;40;Tabaco;AB;100;6,96;323;330;7;
control system;5/12/2026, 12:16 PM;PIAOI;06/05/2026;40;Tabaco;CD;85;8,19;330;338;8;
control system;5/12/2026, 12:17 PM;NKXBJ;06/05/2026;49;Algodão;COMPLETO;70;9,6;1053;1073;20;
control system;5/12/2026, 12:18 PM;M7GOV;06/05/2026;51;Algodão;COMPLETO;70;8,64;1080;1099;19;
control system;5/12/2026, 12:18 PM;ZLO3W;06/05/2026;53;Algodão;COMPLETO;100;4,63;646;656;10;
control system;5/12/2026, 12:19 PM;IASM4;06/05/2026;55;Algodão;COMPLETO;70;9,26;302;322;20;
control system;5/12/2026, 12:20 PM;FZHM9;06/05/2026;57;Algodão;COMPLETO;100;5,88;357;371;14;
control system;5/12/2026, 12:20 PM;00VX0;06/05/2026;59;Algodão;COMPLETO;100;5,18;441;455;14;
control system;5/12/2026, 04:38 PM;E53MQ;07/05/2026;2;Algodão;COMPLETO;70;7,57;788;807;19;
control system;5/12/2026, 04:43 PM;EP6OI;07/05/2026;3;Tabaco;COMPLETO;70;9;290;311;21;
control system;5/12/2026, 04:47 PM;DGWV5;07/05/2026;4;Tabaco;COMPLETO;100;3,92;510;520;10;FERTIRRIGAÇÃO
control system;5/12/2026, 04:52 PM;DVJEK;07/05/2026;6;Algodão;COMPLETO;70;8,31;263;284;21;
control system;5/12/2026, 04:59 PM;AZ26Q;07/05/2026;7;Tabaco;COMPLETO;100;5,52;228;242;14;FERTIRRIGAÇÃO
control system;5/12/2026, 05:05 PM;4II24;07/05/2026;8;Tabaco;COMPLETO;100;6,58;15;30;15;
control system;5/12/2026, 05:16 PM;MRMFQ;07/05/2026;9;Tabaco;COMPLETO;45;12,13;97;126;29;2 GIRO A 90%
control system;5/12/2026, 05:21 PM;XNL6K;07/05/2026;10;Tabaco;COMPLETO;60;10,5;2063;2086;23;
control system;5/12/2026, 05:22 PM;GD771;07/05/2026;23;Preparo;COMPLETO;60;8,8;57;82;25;
control system;5/12/2026, 05:23 PM;NQYWP;07/05/2026;25;Cacau;COMPLETO;100;5,8;2105;2117;12;
control system;5/12/2026, 05:29 PM;ZIIOC;07/05/2026;27;Cacau;COMPLETO;100;5,34;2409;2421;12;
control system;5/12/2026, 05:38 PM;WEZ50;07/05/2026;29;Cacau;COMPLETO;100;5,14;2979;2989;10;
control system;5/12/2026, 05:39 PM;BWXBK;07/05/2026;30;Algodão;COMPLETO;70;8,57;696;717;21;
control system;5/12/2026, 05:40 PM;COMJL;07/05/2026;31;Algodão;COMPLETO;70;8,83;477;498;21;
control system;5/12/2026, 05:41 PM;CH3G1;07/05/2026;39;Algodão;COMPLETO;70;7,97;301;318;17;
control system;5/12/2026, 05:42 PM;JC11J;07/05/2026;41;Algodão;COMPLETO;70;9,2;173;186;13;
control system;5/12/2026, 05:42 PM;ZK5LV;07/05/2026;72;Algodão;COMPLETO;70;8,74;534;551;17;
control system;5/12/2026, 05:44 PM;VUSPC;07/05/2026;44;Milho;COMPLETO;90;8,07;221;236;15;
control system;5/12/2026, 05:45 PM;2B327;07/05/2026;48;Algodão;COMPLETO;70;9,71;259;282;23;
control system;5/12/2026, 05:46 PM;IQAJC;07/05/2026;54;Algodão;COMPLETO;65;8,92;1369;1389;20;
control system;5/12/2026, 05:46 PM;5H52K;07/05/2026;56;Algodão;COMPLETO;70;8,83;217;239;22;
control system;5/12/2026, 05:47 PM;B26WT;07/05/2026;58;Algodão;COMPLETO;70;9,34;1103,8;1124,3;20,5;
control system;5/12/2026, 05:49 PM;K8KZG;07/05/2026;61;Algodão;COMPLETO;70;8,7;1230;1251;21;
control system;5/12/2026, 05:51 PM;HWKM8;07/05/2026;67;Algodão;COMPLETO;50;10;492;513;21;IRRIGAÇÃO + FERTI
control system;5/12/2026, 05:51 PM;2QQWK;07/05/2026;69;Algodão;COMPLETO;70;6,57;287;303,5;16,5;
control system;5/12/2026, 05:52 PM;94YN8;07/05/2026;70;Algodão;COMPLETO;70;9,17;397;418;21;
control system;5/12/2026, 05:54 PM;W6IKX;07/05/2026;74;Preparo;COMPLETO;60;11,27;23;46;23;
control system;5/12/2026, 06:23 PM;QJGDI;08/05/2026;2;Algodão;COMPLETO;100;5,3;807;820;13;FERTIRRIGAÇÃO
control system;5/12/2026, 06:25 PM;HYTT8;08/05/2026;4;Tabaco;COMPLETO;100;3,92;520;530;10;
control system;5/12/2026, 06:26 PM;0PTVM;08/05/2026;5;Tabaco;COMPLETO;100;5,52;2394;2408;14;
control system;5/12/2026, 06:28 PM;ONQEN;08/05/2026;8;Tabaco;COMPLETO;100;6,58;30;45;15;FERTIRRIGAÇÃO
control system;5/12/2026, 06:29 PM;VYEI4;08/05/2026;9;Tabaco;COMPLETO;90;6,07;126;140;14;
control system;5/12/2026, 06:31 PM;XN8VU;08/05/2026;10;Tabaco;COMPLETO;80;7,87;2086;2103;17;
control system;5/12/2026, 06:32 PM;UDWF0;08/05/2026;14;Preparo;COMPLETO;40;14,4;33;70;37;
control system;5/12/2026, 06:33 PM;4J31Q;08/05/2026;17;Algodão;COMPLETO;70;9;216;237;21;
control system;5/12/2026, 06:33 PM;707AT;08/05/2026;19;Algodão;COMPLETO;70;8,21;701;722;21;
control system;5/12/2026, 06:34 PM;EM8DQ;08/05/2026;21;Algodão;COMPLETO;70;7,81;542;563;21;
control system;5/12/2026, 06:35 PM;YEY8A;08/05/2026;32;Cacau;COMPLETO;100;5,7;1398;1412;14;
control system;5/12/2026, 06:37 PM;KJ37V;08/05/2026;35;Algodão;COMPLETO;70;8,31;268;292;24;
control system;5/12/2026, 06:41 PM;Z0MTO;08/05/2026;37;Tabaco;COMPLETO;100;9,04;1631;1642;11;FERTIRRIGAÇÃO
control system;5/12/2026, 06:47 PM;9MQPH;08/05/2026;38;Tabaco;COMPLETO;85;9,47;318;334;16;
control system;5/12/2026, 06:49 PM;64SSD;08/05/2026;40;Tabaco;COMPLETO;85;8,19;338;356;18;
control system;5/12/2026, 06:52 PM;8CT53;08/05/2026;47;Algodão;COMPLETO;70;10,6;1689;1716;27;
control system;5/12/2026, 06:52 PM;8MVMQ;08/05/2026;53;Algodão;COMPLETO;100;4,63;656;666;10;
control system;5/12/2026, 06:53 PM;WCEY5;08/05/2026;55;Algodão;COMPLETO;70;9,26;322;342;20;
control system;5/12/2026, 07:03 PM;MRAQ7;08/05/2026;62;Algodão;COMPLETO;70;7,97;328,6;349,1;20,5;
control system;5/12/2026, 07:06 PM;1TSQN;08/05/2026;63;Algodão;COMPLETO;35;10,11;842;876;34;
control system;5/12/2026, 07:08 PM;Y3MQ8;08/05/2026;64;Algodão;COMPLETO;50;10,9;286;308;22;
control system;5/12/2026, 07:09 PM;9SI04;08/05/2026;65;Algodão;COMPLETO;70;10,39;928;950;22;
control system;5/12/2026, 07:09 PM;W309I;08/05/2026;68;Algodão;COMPLETO;50;9,6;1500;1521;21;
control system;5/12/2026, 07:10 PM;AILU7;08/05/2026;72;Algodão;COMPLETO;70;8,74;551;569;18;
control system;5/12/2026, 07:12 PM;D5OXE;08/05/2026;73;Algodão;COMPLETO;70;9,66;1346;1372;26;
control system;5/14/2026, 10:35 AM;THYB5;09/05/2026;6;Algodão;COMPLETO;70;8,31;284;301;17;
control system;5/14/2026, 10:36 AM;JLE3C;09/05/2026;8;Tabaco;COMPLETO;100;6,58;45;59;14;
control system;5/14/2026, 10:38 AM;G8BTT;09/05/2026;9;Tabaco;COMPLETO;100;5,46;140;154;14;
control system;5/14/2026, 10:39 AM;50KEZ;09/05/2026;15;Algodão;COMPLETO;70;10,54;401;423;22;
control system;5/14/2026, 10:40 AM;X8JHH;09/05/2026;16;Algodão;COMPLETO;70;10,27;287;308;21;
control system;5/14/2026, 10:41 AM;KHUV2;09/05/2026;20;Algodão;COMPLETO;70;9,77;1387;1410;23;
control system;5/14/2026, 10:42 AM;7EM3F;09/05/2026;22;Algodão;COMPLETO;70;10,3;1008;1023;15;
control system;5/14/2026, 10:43 AM;YRUWA;09/05/2026;24;Algodão;COMPLETO;70;9;280;300;20;
control system;5/14/2026, 10:44 AM;IAM3L;09/05/2026;26;Algodão;COMPLETO;70;8,14;473;493;20;
control system;5/14/2026, 10:48 AM;WO0W6;09/05/2026;27;Cacau;COMPLETO;100;5,34;2421;2433;12;
control system;5/14/2026, 10:49 AM;FA08U;09/05/2026;29;Cacau;COMPLETO;100;5,14;2989;2999;10;
control system;5/14/2026, 10:50 AM;JSHTQ;09/05/2026;33;Algodão;COMPLETO;65;9,23;118;140;22;
control system;5/14/2026, 10:51 AM;5RC89;09/05/2026;34;Algodão;COMPLETO;65;10,34;1293;1314;21;
control system;5/14/2026, 10:51 AM;PVWRC;09/05/2026;38;Tabaco;COMPLETO;100;8,05;334;347;13;
control system;5/14/2026, 10:56 AM;V0U38;09/05/2026;41;Algodão;COMPLETO;70;9,2;186;200;14;
control system;5/14/2026, 10:58 AM;ZFA1R;09/05/2026;44;Milho;COMPLETO;80;9,07;236;248;12;
control system;5/14/2026, 10:59 AM;HIEGM;09/05/2026;49;Algodão;COMPLETO;60;11,2;1073;1096;23;
control system;5/14/2026, 10:59 AM;HXQGN;09/05/2026;51;Algodão;COMPLETO;65;9,31;1099;1119;20;
control system;5/14/2026, 11:00 AM;NOFLP;09/05/2026;54;Algodão;COMPLETO;65;8,92;1389;1409;20;
control system;5/14/2026, 11:00 AM;NCDG1;09/05/2026;57;Algodão;COMPLETO;70;8,4;371;392;21;
control system;5/14/2026, 11:03 AM;FX2N6;09/05/2026;58;Algodão;COMPLETO;70;9,34;1124,3;1144,8;20,5;
control system;5/14/2026, 11:04 AM;BEQBQ;09/05/2026;59;Algodão;COMPLETO;70;7,4;455;475;20;
control system;5/14/2026, 11:04 AM;O1LS6;09/05/2026;60;Algodão;COMPLETO;70;9,69;766;787;21;
control system;5/14/2026, 11:05 AM;DZOMH;09/05/2026;61;Algodão;COMPLETO;70;8,7;1251;1272;21;
control system;5/14/2026, 11:12 AM;3K8DT;10/05/2026;2;Algodão;COMPLETO;60;8,83;820;840;20;
control system;5/14/2026, 11:14 AM;DOJ1C;10/05/2026;3;Tabaco;COMPLETO;100;6,3;311;325;14;
control system;5/14/2026, 11:19 AM;BQJZO;10/05/2026;4;Tabaco;COMPLETO;100;3,92;530;539;9;
control system;5/14/2026, 11:20 AM;FJ1MT;10/05/2026;7;Tabaco;COMPLETO;100;5,52;242;255;13;
control system;5/14/2026, 11:21 AM;9NZLA;10/05/2026;8;Tabaco;COMPLETO;100;6,58;59;73;14;
control system;5/14/2026, 11:22 AM;BVD0M;10/05/2026;9;Tabaco;COMPLETO;90;6,07;154;167;13;
control system;5/14/2026, 11:27 AM;EXUC0;10/05/2026;10;Tabaco;COMPLETO;70;9;2103;2128;25;
control system;5/14/2026, 11:27 AM;5BY1T;10/05/2026;13;Preparo;COMPLETO;50;8,56;64;84;20;
control system;5/14/2026, 11:28 AM;DCFBT;10/05/2026;18;Preparo;COMPLETO;60;10,85;786;809;23;
control system;5/14/2026, 11:29 AM;0X6LW;10/05/2026;25;Cacau;COMPLETO;100;5,8;2117;2129;12;
control system;5/14/2026, 11:32 AM;Z87PR;10/05/2026;27;Cacau;AB;100;5,34;2433;2439;6;
control system;5/14/2026, 11:33 AM;GR957;10/05/2026;29;Cacau;D;100;5,14;2999;3001;2;
control system;5/14/2026, 11:34 AM;UQYVN;10/05/2026;35;Algodão;COMPLETO;75;7,76;292;314;22;
control system;5/14/2026, 11:35 AM;1DTP4;10/05/2026;36;Tabaco;COMPLETO;90;8;320;336;16;
control system;5/14/2026, 11:36 AM;N89WI;10/05/2026;37;Tabaco;COMPLETO;90;10,04;1642;1653;11;
control system;5/14/2026, 11:37 AM;KRDQF;10/05/2026;38;Tabaco;COMPLETO;90;8,94;347;360;13;
control system;5/14/2026, 11:38 AM;83I9E;10/05/2026;39;Algodão;COMPLETO;70;7,97;318;335;17;
control system;5/14/2026, 11:39 AM;HOG1G;10/05/2026;40;Tabaco;COMPLETO;90;7,73;356;372;16;
control system;5/14/2026, 11:40 AM;ZQUWU;10/05/2026;42;Algodão;COMPLETO;70;8,23;1299;1316;17;
control system;5/14/2026, 11:42 AM;8OI7Z;10/05/2026;44;Milho;COMPLETO;70;10,37;248;262;14;
control system;5/14/2026, 11:45 AM;2NBZ0;10/05/2026;48;Algodão;COMPLETO;47;14,47;282;310;28;1 GIRO A 70% + 1/2
control system;5/14/2026, 11:46 AM;WQNYZ;10/05/2026;53;Algodão;COMPLETO;60;7,72;666;682;16;
control system;5/14/2026, 11:47 AM;05LTA;10/05/2026;56;Algodão;COMPLETO;70;8,83;239;261;22;
control system;5/14/2026, 11:48 AM;XDWWG;10/05/2026;66;Algodão;COMPLETO;60;9,33;613;633;20;
control system;5/14/2026, 11:49 AM;YDIVR;10/05/2026;69;Algodão;COMPLETO;50;9,2;303,5;325,7;22,2;
control system;5/14/2026, 11:49 AM;ACIAT;10/05/2026;73;Algodão;COMPLETO;100;6,76;1372;1388;16;
control system;5/14/2026, 11:50 AM;9J23Z;10/05/2026;74;Preparo;COMPLETO;60;11,27;46;69;23;
control system;5/14/2026, 04:41 PM;HKTJ3;11/05/2026;1;Algodão;COMPLETO;60;9,08;1593;1616;23;
control system;5/14/2026, 04:44 PM;UO41Y;11/05/2026;3;Tabaco;COMPLETO;100;6,3;325;339;14;FERTIRRIGAÇÃO
control system;5/14/2026, 04:45 PM;S369K;11/05/2026;5;Tabaco;COMPLETO;100;5,52;2408;2423;15;
control system;5/14/2026, 04:48 PM;Y8TG0;11/05/2026;9;Tabaco;COMPLETO;100;5,46;167;181;14;
control system;5/14/2026, 04:49 PM;FO40R;11/05/2026;10;Tabaco;COMPLETO;85;7,41;2128;2144;16;
control system;5/14/2026, 04:50 PM;KBW7B;11/05/2026;19;Algodão;COMPLETO;100;5,75;722;737;15;FERTIRRIGAÇÃO
control system;5/14/2026, 04:51 PM;FYQLJ;11/05/2026;23;Preparo;COMPLETO;60;8,8;82;107;25;
control system;5/14/2026, 04:53 PM;ISD8J;11/05/2026;27;Cacau;COMPLETO;80;6,67;2439;2454;15;
control system;5/14/2026, 04:54 PM;NCUXP;11/05/2026;29;Cacau;D;100;5,14;3001;3004;3;
control system;5/14/2026, 04:55 PM;F3MI4;11/05/2026;30;Algodão;COMPLETO;60;10;717;742;25;
control system;5/14/2026, 04:55 PM;XWA0D;11/05/2026;31;Algodão;COMPLETO;60;10,3;498;523;25;
control system;5/14/2026, 04:56 PM;S5A12;11/05/2026;32;Cacau;COMPLETO;80;7,13;1412;1429;17;
control system;5/14/2026, 04:59 PM;R9XL7;11/05/2026;37;Tabaco;COMPLETO;95;9,52;1653;1663;10;
control system;5/14/2026, 05:05 PM;KLS1G;11/05/2026;38;Tabaco;COMPLETO;100;8,05;360;373;13;FERTIRRIGAÇÃO
control system;5/14/2026, 05:07 PM;YKAF1;11/05/2026;43;Algodão;COMPLETO;70;9,7;2234;2255;21;
control system;5/14/2026, 05:08 PM;K6X3P;11/05/2026;44;Milho;COMPLETO;100;7,26;262;271;9;
control system;5/14/2026, 05:09 PM;U35BJ;11/05/2026;47;Algodão;COMPLETO;75;9,89;1716;1739;23;
control system;5/14/2026, 05:10 PM;T3Q5F;11/05/2026;55;Algodão;COMPLETO;70;9,26;342;362;20;
control system;5/14/2026, 05:15 PM;U1DI0;11/05/2026;63;Algodão;COMPLETO;35;10,11;876;906;30;
control system;5/14/2026, 05:15 PM;EAQGE;11/05/2026;64;Algodão;COMPLETO;55;9,91;308;328;20;
control system;5/14/2026, 05:19 PM;WLNQG;11/05/2026;65;Algodão;COMPLETO;70;10,39;950;971;21;
control system;5/14/2026, 05:20 PM;6MMIC;11/05/2026;67;Algodão;COMPLETO;50;10;513;534;21;
control system;5/14/2026, 05:22 PM;KKU9S;11/05/2026;72;Algodão;COMPLETO;65;9,42;569;588;19;
control system;5/15/2026, 11:24 AM;NFGBI;12/05/2026;4;Tabaco;COMPLETO;30;13,07;539;569;30;2 GIRO A 60%
control system;5/15/2026, 11:30 AM;9W22E;12/05/2026;9;Tabaco;COMPLETO;45;12,13;181;209;28;2 GIRO A 90%
control system;5/15/2026, 11:40 AM;R8BHH;12/05/2026;10;Tabaco;COMPLETO;80;7,87;87;103;16;
control system;5/15/2026, 11:45 AM;D1L7R;12/05/2026;38;Tabaco;COMPLETO;100;8,05;373;386;13;FERTIRRIGAÇÃO
control system;5/15/2026, 11:48 AM;EKNA1;12/05/2026;41;Algodão;COMPLETO;70;9,2;200;210;10;
control system;5/15/2026, 11:54 AM;Q7517;12/05/2026;44;Milho;COMPLETO;100;7,26;271;280;9;FERTIRRIGAÇÃO
control system;5/15/2026, 11:55 AM;B0XS3;12/05/2026;49;Algodão;COMPLETO;70;9,6;1096;1116;20;
control system;5/15/2026, 11:55 AM;D76A8;12/05/2026;51;Algodão;COMPLETO;70;8,64;1119;1138;19;
control system;5/15/2026, 11:56 AM;BK3KT;12/05/2026;53;Algodão;COMPLETO;60;7,72;682;698;16;
control system;5/15/2026, 11:57 AM;JG6XP;12/05/2026;55;Algodão;COMPLETO;100;6,48;362;376;14;FERTIRRIGAÇÃO
control system;5/15/2026, 11:58 AM;YTRWQ;12/05/2026;58;Algodão;COMPLETO;70;9,34;1144,8;1165,3;20,5;
control system;5/15/2026, 11:59 AM;LIA3K;12/05/2026;61;Algodão;COMPLETO;70;8,7;1272;1293;21;
control system;5/15/2026, 12:00 PM;O7GCL;12/05/2026;62;Algodão;COMPLETO;70;7,97;349,1;370,7;21,6;
control system;5/15/2026, 12:01 PM;SJDYW;12/05/2026;70;Algodão;COMPLETO;70;9,17;418;439;21;
control system;5/15/2026, 04:59 PM;GD4AC;13/05/2026;3;Tabaco;COMPLETO;50;12,6;339;367;28;FERTI + IRRIGAÇÃO A100%
control system;5/15/2026, 05:04 PM;KUJBT;13/05/2026;4;Tabaco;COMPLETO;30;13,07;569;595;26;2 GIRO A 60%
control system;5/15/2026, 05:05 PM;HZY6X;13/05/2026;7;Tabaco;COMPLETO;100;5,52;255;268;13;
control system;5/15/2026, 05:06 PM;X39LX;13/05/2026;9;Tabaco;COMPLETO;100;5,46;209;222;13;
control system;5/15/2026, 05:12 PM;XDUNF;13/05/2026;8;Tabaco;COMPLETO;100;6,58;73;87;14;FERTIRRIGAÇÃO
control system;5/15/2026, 05:14 PM;26U7E;13/05/2026;10;Tabaco;COMPLETO;90;7;103;117;14;
control system;5/15/2026, 05:14 PM;TQ0X9;13/05/2026;15;Algodão;COMPLETO;70;10,54;423;447;24;
control system;5/15/2026, 05:15 PM;GLTT4;13/05/2026;17;Algodão;COMPLETO;70;9;237;257;20;
control system;5/15/2026, 05:16 PM;2KZ2D;13/05/2026;21;Algodão;COMPLETO;70;7,81;563;584;21;
control system;5/15/2026, 05:16 PM;WSFLN;13/05/2026;25;Cacau;COMPLETO;100;5,8;2129;2141;12;
control system;5/15/2026, 05:19 PM;O5KY7;13/05/2026;27;Cacau;COMPLETO;100;5,34;2454;2464;10;
control system;5/15/2026, 05:20 PM;JINY6;13/05/2026;29;Cacau;COMPLETO;100;5,14;3004;3014;10;
control system;5/15/2026, 05:21 PM;V5UW7;13/05/2026;32;Cacau;COMPLETO;100;5,7;1429;1443;14;
control system;5/15/2026, 05:21 PM;1DCKO;13/05/2026;35;Algodão;COMPLETO;70;8,31;314;337;23;
control system;5/15/2026, 05:23 PM;S2NN1;13/05/2026;36;Tabaco;COMPLETO;85;8,47;336;353;17;
control system;5/15/2026, 05:24 PM;S77TZ;13/05/2026;37;Tabaco;COMPLETO;100;9,04;1663;1673;10;FERTIRRIGAÇÃO
control system;5/15/2026, 05:26 PM;I1PKS;13/05/2026;40;Tabaco;COMPLETO;85;8,19;372;388;16;
control system;5/15/2026, 05:27 PM;3L208;13/05/2026;42;Algodão;COMPLETO;70;8,23;1316;1333;17;
control system;5/15/2026, 05:27 PM;337Z2;13/05/2026;48;Algodão;COMPLETO;70;9,71;310;331;21;
control system;5/15/2026, 05:28 PM;YILXU;13/05/2026;56;Algodão;COMPLETO;70;8,83;261;282;21;
control system;5/15/2026, 05:36 PM;EIOQT;13/05/2026;69;Algodão;COMPLETO;50;9,2;325,7;346,7;21;
control system;5/15/2026, 05:37 PM;9NFYP;13/05/2026;73;Algodão;COMPLETO;100;6,76;1388;1403;15;
control system;5/15/2026, 05:56 PM;ZOFNF;13/05/2026;71;Crotalária;D;50;9,7;158;161;3;
control system;5/15/2026, 05:57 PM;OYCV2;13/05/2026;71;Preparo;ABC;50;9,7;161;172;11;
control system;5/15/2026, 07:27 PM;MA510;10/05/2026;105;Algodão;COMPLETO;70;7,37;290,1;306,9;16,8;
control system;5/15/2026, 07:28 PM;ZCX99;10/05/2026;106;Algodão;COMPLETO;60;8,9;2082,4;2101,5;19,1;
control system;5/15/2026, 07:30 PM;SL14F;10/05/2026;109;Algodão;COMPLETO;60;9,72;1022,9;1042;19,1;
control system;5/15/2026, 07:35 PM;9RF8Q;10/05/2026;112;Algodão;COMPLETO;70;9,1;311,5;332,1;20,6;
control system;5/15/2026, 07:36 PM;Q24BF;10/05/2026;114;Algodão;COMPLETO;65;9,14;237,7;256,9;19,2;
control system;5/15/2026, 07:37 PM;HQQP7;10/05/2026;119;Tabaco;COMPLETO;100;6,58;426,5;440;13,5;
control system;5/15/2026, 07:38 PM;2JEBR;10/05/2026;123;Algodão;COMPLETO;70;9,7;2776,9;2797,3;20,4;
control system;5/15/2026, 07:39 PM;FCXV5;10/05/2026;124;Tabaco;BC;100;5,88;489,4;496;6,6;
control system;5/15/2026, 07:40 PM;AJ6NR;10/05/2026;129;Gergelim;COMPLETO;70;7,64;975,6;985,8;10,2;
control system;5/15/2026, 07:41 PM;PWEXN;11/05/2026;101;Algodão;COMPLETO;65;8,58;2806,9;2825,9;19;
control system;5/15/2026, 07:42 PM;3HYSE;11/05/2026;103;Algodão;COMPLETO;55;9,38;1564,4;1585,3;20,9;
control system;5/15/2026, 07:43 PM;8W5F0;11/05/2026;108;Algodão;COMPLETO;60;8,9;1521;1540;19;
control system;5/15/2026, 07:47 PM;3P02A;11/05/2026;113;Algodão;COMPLETO;70;9,1;1118,5;1139;20,5;
control system;5/15/2026, 07:48 PM;09XGQ;11/05/2026;116;Algodão;COMPLETO;70;9,2;259,2;279,9;20,7;
control system;5/15/2026, 07:49 PM;9G9N3;11/05/2026;120;Tabaco;COMPLETO;100;6,51;357,5;372,6;15,1;
control system;5/15/2026, 07:49 PM;MRPJC;11/05/2026;122;Algodão;COMPLETO;70;9;2349,6;2369,9;20,3;
control system;5/15/2026, 07:51 PM;64UJD;11/05/2026;131;Algodão;COMPLETO;70;10,96;236,8;252,9;16,1;
control system;5/15/2026, 07:52 PM;8XYM1;11/05/2026;132;Algodão;COMPLETO;100;7,77;280,7;291,7;11;FERTI
control system;5/15/2026, 08:13 PM;QE174;12/05/2026;102;Algodão;COMPLETO;60;9,3;313,5;333;19,5;
control system;5/15/2026, 08:13 PM;33U1U;12/05/2026;112;Algodão;COMPLETO;70;9,1;332,1;352,8;20,7;
control system;5/15/2026, 08:18 PM;8RWVZ;12/05/2026;114;Algodão;COMPLETO;70;8,49;256,9;274,9;18;
control system;5/15/2026, 08:18 PM;W2PBD;12/05/2026;116;Algodão;COMPLETO;100;6,44;279,9;294,5;14,6;
control system;5/15/2026, 08:19 PM;19AAN;12/05/2026;117;Algodão;COMPLETO;100;5,67;744,3;758,9;14,6;FERTI
control system;5/15/2026, 08:20 PM;8SB26;12/05/2026;118;Tabaco;COMPLETO;100;6,44;416,5;430,8;14,3;
control system;5/15/2026, 08:20 PM;EKDF5;12/05/2026;119;Tabaco;A;100;6,58;440;444,5;4,5;
control system;5/15/2026, 08:21 PM;6OHGG;12/05/2026;127;Gergelim;COMPLETO;90;5,36;429,4;444,3;14,9;
control system;5/15/2026, 08:21 PM;2E347;12/05/2026;129;Gergelim;COMPLETO;90;5,94;985,8;1003;17,2;
control system;5/15/2026, 08:45 PM;GDT6B;13/05/2026;115;Algodão;COMPLETO;70;9,2;366,6;408,5;41,9;2 GIROS
control system;5/15/2026, 08:45 PM;KPZ5J;13/05/2026;113;Algodão;COMPLETO;70;9,1;1139;1159,7;20,7;
control system;5/15/2026, 08:46 PM;OSTSK;13/05/2026;116;Algodão;COMPLETO;100;6,44;294,5;309,2;14,7;FERTI
control system;5/15/2026, 08:47 PM;O1NTW;13/05/2026;122;Algodão;COMPLETO;70;9;2369,9;2390,2;20,3;
control system;5/15/2026, 08:47 PM;J4SVY;13/05/2026;123;Algodão;COMPLETO;70;9,7;2797,3;2817,6;20,3;
control system;5/15/2026, 08:48 PM;HK9XT;13/05/2026;130;Milheto;COMPLETO;70;8,23;321,6;342,6;21;
control system;5/15/2026, 08:49 PM;AW6PZ;14/05/2026;101;Algodão;COMPLETO;60;9,3;2825,9;2846,6;20,7;
control system;5/15/2026, 08:49 PM;HZE56;14/05/2026;103;Algodão;COMPLETO;60;8,6;1585,3;1604,5;19,2;
control system;5/15/2026, 08:50 PM;AGE0J;14/05/2026;106;Algodão;COMPLETO;60;8,9;2101,5;2120,8;19,3;
control system;5/15/2026, 08:50 PM;DMLAT;14/05/2026;109;Algodão;COMPLETO;70;8,33;1042;1058,5;16,5;
control system;5/15/2026, 08:51 PM;CN38O;14/05/2026;110;Algodão;COMPLETO;70;7,86;1423,6;1440,3;16,7;
control system;5/15/2026, 08:52 PM;RB25G;14/05/2026;124;Tabaco;C;100;5,88;496;500,4;4,4;
control system;5/15/2026, 08:53 PM;Q26PQ;14/05/2026;131;Algodão;COMPLETO;70;10,96;252,9;270;17,1;
control system;5/18/2026, 07:20 PM;IFV6P;14/05/2026;2;Algodão;COMPLETO;70;7,57;840;858;18;
control system;5/18/2026, 07:21 PM;7KW6B;14/05/2026;4;Tabaco;COMPLETO;100;3,92;595;604;9;FERTIRRIGAÇÃO
control system;5/18/2026, 07:24 PM;26KA8;14/05/2026;5;Tabaco;COMPLETO;100;5,52;2423;2437;14;
control system;5/18/2026, 07:25 PM;H63N1;14/05/2026;6;Algodão;COMPLETO;70;8,31;301;322;21;
control system;5/18/2026, 07:27 PM;91SH2;14/05/2026;9;Tabaco;COMPLETO;100;5,46;222;236;14;FERTIRRIGAÇÃO
control system;5/18/2026, 07:28 PM;ZAK9Z;14/05/2026;10;Tabaco;COMPLETO;90;7;117;131;14;
control system;5/18/2026, 07:31 PM;84K1A;14/05/2026;11;Tabaco;COMPLETO;85;6,49;0;17;17;
control system;5/18/2026, 07:32 PM;YM5MI;14/05/2026;12;Tabaco;COMPLETO;90;7;78;90;12;
control system;5/18/2026, 07:33 PM;13M4R;14/05/2026;19;Algodão;COMPLETO;70;8,21;737;758;21;
control system;5/18/2026, 07:33 PM;OA820;14/05/2026;26;Algodão;COMPLETO;70;8,14;493;513;20;
control system;5/18/2026, 07:38 PM;E1N3Q;14/05/2026;27;Cacau;COMPLETO;100;5,34;2464;2476;12;
control system;5/18/2026, 07:40 PM;Q0AEC;14/05/2026;36;Tabaco;COMPLETO;90;8;353;370;17;
control system;5/18/2026, 07:44 PM;56PLS;14/05/2026;41;Algodão;COMPLETO;70;9,2;210;223;13;
control system;5/18/2026, 07:44 PM;KY1VM;14/05/2026;43;Algodão;COMPLETO;70;9,7;2255;2276;21;
control system;5/18/2026, 07:47 PM;92ZAD;14/05/2026;44;Milho;COMPLETO;90;8,07;0;11;11;
control system;5/18/2026, 07:48 PM;CMSAB;14/05/2026;47;Algodão;COMPLETO;70;10,6;1739;1762;23;
control system;5/18/2026, 07:48 PM;RPYVX;14/05/2026;49;Algodão;COMPLETO;70;9,6;1116;1136;20;
control system;5/18/2026, 07:49 PM;76XLD;14/05/2026;58;Algodão;COMPLETO;70;9,34;1165,3;1186;20,7;
control system;5/18/2026, 07:49 PM;RS2ET;14/05/2026;63;Algodão;COMPLETO;60;5,9;906;918;12;
control system;5/18/2026, 07:50 PM;M9E9K;14/05/2026;64;Algodão;COMPLETO;50;10,9;328;350;22;
control system;5/18/2026, 07:51 PM;KXRCF;14/05/2026;65;Algodão;COMPLETO;70;10,39;971;998;27;
control system;5/18/2026, 07:52 PM;WF15D;14/05/2026;68;Algodão;COMPLETO;50;9,6;1521;1542;21;
control system;5/18/2026, 07:53 PM;FKNCR;14/05/2026;72;Algodão;COMPLETO;70;8,74;588;606;18;
control system;5/19/2026, 06:14 AM;S3D8K;15/05/2026;112;Algodão;COMPLETO;60;10,62;352,8;374,6;21,8;
control system;5/19/2026, 06:14 AM;ZLTKU;15/05/2026;114;Algodão;COMPLETO;60;9,9;274,9;295,9;21;
control system;5/19/2026, 06:15 AM;Z18AZ;15/05/2026;115;Algodão;COMPLETO;100;6,44;408,5;422,9;14,4;FERTI
control system;5/19/2026, 06:16 AM;XB4PX;15/05/2026;116;Algodão;COMPLETO;70;9,2;309,2;323,6;14,4;ALGODÃO/MILHO
control system;5/19/2026, 06:17 AM;DW38I;15/05/2026;117;Algodão;COMPLETO;70;8,1;758,9;779,2;20,3;
control system;5/19/2026, 06:17 AM;7GZU2;15/05/2026;120;Tabaco;COMPLETO;100;6,51;372,6;387,1;14,5;
control system;5/19/2026, 06:18 AM;C9QXR;15/05/2026;122;Algodão;COMPLETO;70;9;2390,2;2410,7;20,5;
control system;5/19/2026, 06:18 AM;FU27C;15/05/2026;123;Algodão;COMPLETO;70;9,7;2817,6;2837,9;20,3;
control system;5/19/2026, 06:19 AM;D88OV;15/05/2026;125;Milheto;COMPLETO;70;6,43;557,1;577,4;20,3;
control system;5/19/2026, 06:20 AM;9ASK2;15/05/2026;132;Algodão;COMPLETO;70;11,1;291,7;309,9;18,2;
control system;5/19/2026, 06:20 AM;OEQIB;15/05/2026;133;Milheto;COMPLETO;70;7,36;210,1;230,4;20,3;
control system;5/19/2026, 06:21 AM;02Z6Q;16/05/2026;104;Algodão;COMPLETO;60;8,25;2754;2773,1;19,1;
control system;5/19/2026, 06:21 AM;H8KMF;16/05/2026;105;Algodão;COMPLETO;60;8,6;306,9;326,6;19,7;
control system;5/19/2026, 06:22 AM;MZ1JA;16/05/2026;107;Algodão;COMPLETO;60;7,8;298,6;317,9;19,3;
control system;5/19/2026, 06:22 AM;O79ZM;16/05/2026;108;Algodão;COMPLETO;60;8,9;1540;1559,4;19,4;
control system;5/19/2026, 06:23 AM;1DKTY;16/05/2026;113;Algodão;COMPLETO;70;9,1;1159,7;1180;20,3;
control system;5/19/2026, 06:24 AM;NQ457;16/05/2026;118;Tabaco;COMPLETO;100;6,44;430,8;445,2;14,4;
control system;5/19/2026, 06:25 AM;JRN85;16/05/2026;119;Tabaco;COMPLETO;100;6,58;444,5;455;10,5;RESTANTE CANCELADO
control system;5/19/2026, 06:25 AM;X1PH3;16/05/2026;127;Gergelim;COMPLETO;80;6,03;444,3;458,6;14,3;
control system;5/19/2026, 06:26 AM;N9FGJ;16/05/2026;129;Gergelim;COMPLETO;80;6,69;1003;1017,7;14,7;
control system;5/19/2026, 05:08 PM;RX8PU;15/05/2026;8;Tabaco;COMPLETO;100;6,58;87;107;20;IRRIGAÇÃO + FERTI A 100%
control system;5/19/2026, 05:10 PM;6Y0MQ;15/05/2026;9;Tabaco;COMPLETO;100;5,46;236;250;14;
control system;5/19/2026, 05:14 PM;EH7CB;15/05/2026;10;Tabaco;COMPLETO;50;12,6;131;159;28;2 GIRO A 100%
control system;5/19/2026, 05:16 PM;419SW;15/05/2026;14;Tabaco;COMPLETO;40;14,4;350;387;37;
control system;5/19/2026, 05:16 PM;X2IC2;15/05/2026;16;Algodão;COMPLETO;70;10,27;308;329;21;
control system;5/19/2026, 05:17 PM;USW7V;15/05/2026;20;Algodão;COMPLETO;70;9,77;1410;1431;21;
control system;5/19/2026, 05:18 PM;576OK;15/05/2026;22;Algodão;COMPLETO;70;10,3;1023;1044;21;
control system;5/19/2026, 05:19 PM;A8XE7;15/05/2026;24;Algodão;COMPLETO;70;9;300;322;22;
control system;5/19/2026, 05:20 PM;D93U0;15/05/2026;25;Cacau;COMPLETO;80;7,25;2141;2155;14;
control system;5/19/2026, 05:26 PM;1MZO5;15/05/2026;27;Cacau;COMPLETO;100;5,34;2476;2488;12;FERTIRRIGAÇÃO
control system;5/19/2026, 05:27 PM;YGTCR;15/05/2026;29;Cacau;COMPLETO;80;6,42;3014;3026;12;
control system;5/19/2026, 05:28 PM;4ZY8L;15/05/2026;31;Algodão;COMPLETO;70;8,83;523;544;21;
control system;5/19/2026, 05:30 PM;AIBPL;15/05/2026;38;Tabaco;COMPLETO;80;10,06;22;38;16;
control system;5/19/2026, 05:31 PM;WIG0R;15/05/2026;39;Algodão;COMPLETO;60;9,3;335;355;20;
control system;5/19/2026, 05:32 PM;XEG97;15/05/2026;42;Algodão;COMPLETO;70;8,23;1333;1350;17;
control system;5/19/2026, 05:32 PM;YNE3Q;15/05/2026;51;Algodão;COMPLETO;70;8,64;1138;1157;19;
control system;5/19/2026, 05:34 PM;0CSXM;15/05/2026;53;Algodão;COMPLETO;70;6,61;698;712;14;
control system;5/19/2026, 05:34 PM;URY3C;15/05/2026;55;Algodão;COMPLETO;70;9,26;376;396;20;
control system;5/19/2026, 05:37 PM;JNGZX;15/05/2026;56;Algodão;COMPLETO;70;8,83;282;304;22;
control system;5/19/2026, 05:39 PM;UH95S;15/05/2026;57;Algodão;COMPLETO;60;9,8;392;416;24;
control system;5/19/2026, 05:40 PM;2SX7C;15/05/2026;59;Algodão;COMPLETO;60;8,63;475;499;24;
control system;5/19/2026, 05:40 PM;NU8GE;15/05/2026;60;Algodão;COMPLETO;70;9,69;787;808;21;
control system;5/19/2026, 05:41 PM;OT06Y;15/05/2026;66;Algodão;COMPLETO;70;8;633;650;17;
control system;5/19/2026, 05:44 PM;PQQJJ;15/05/2026;69;Algodão;COMPLETO;50;9,2;346,7;366,7;20;
control system;5/19/2026, 05:44 PM;39LJC;15/05/2026;72;Algodão;COMPLETO;100;6,12;606;618;12;
control system;5/19/2026, 05:52 PM;UPEW5;16/05/2026;3;Tabaco;COMPLETO;80;7,87;367;383;16;
control system;5/19/2026, 05:52 PM;8750Y;16/05/2026;6;Algodão;COMPLETO;70;8,31;322;343;21;
control system;5/19/2026, 05:56 PM;TQ2PH;16/05/2026;9;Tabaco;COMPLETO;100;5,46;250;265;15;
control system;5/19/2026, 05:57 PM;DMCH2;16/05/2026;10;Tabaco;COMPLETO;100;6,3;159;173;14;
control system;5/19/2026, 05:59 PM;GW8G5;16/05/2026;11;Tabaco;COMPLETO;80;6,9;17;34;17;
control system;5/19/2026, 06:00 PM;D1I3K;16/05/2026;15;Algodão;COMPLETO;70;10,54;447;470;23;
control system;5/19/2026, 06:00 PM;JU12P;16/05/2026;17;Algodão;COMPLETO;70;9;257;278;21;
control system;5/19/2026, 06:01 PM;G6MFP;16/05/2026;21;Algodão;COMPLETO;70;7,81;584;605;21;
control system;5/19/2026, 06:02 PM;0FGDH;16/05/2026;25;Cacau;COMPLETO;80;7,25;2155;2169;14;
control system;5/19/2026, 06:02 PM;MDZHP;16/05/2026;26;Algodão;COMPLETO;71;8,03;513;532;19;
control system;5/19/2026, 06:03 PM;EF0L0;16/05/2026;27;Cacau;AB;100;5,34;2488;2494;6;
control system;5/19/2026, 06:09 PM;5NU91;16/05/2026;29;Cacau;D;100;5,14;3026;3029;3;
control system;5/19/2026, 06:10 PM;P9LGT;16/05/2026;32;Cacau;COMPLETO;80;7,13;1443;1459;16;
control system;5/19/2026, 06:11 PM;58GZI;16/05/2026;35;Algodão;COMPLETO;75;7,76;337;358;21;
control system;5/19/2026, 06:15 PM;GSM8I;16/05/2026;36;Tabaco;COMPLETO;100;7,2;370;387;17;
control system;5/19/2026, 06:19 PM;PZAG0;16/05/2026;40;Tabaco;COMPLETO;80;8,7;572;590;18;
control system;5/19/2026, 06:20 PM;5QPQK;16/05/2026;41;Algodão;COMPLETO;70;9,2;223;236;13;
control system;5/19/2026, 06:22 PM;73NY8;16/05/2026;48;Algodão;1/2-PIVO;70;9,71;331;339;8;
control system;5/19/2026, 06:22 PM;R89OJ;16/05/2026;54;Algodão;COMPLETO;65;8,92;1409;1429;20;
control system;5/19/2026, 06:23 PM;AIJE4;16/05/2026;58;Algodão;COMPLETO;70;9,34;1186;1207;21;
control system;5/19/2026, 06:24 PM;36M1S;16/05/2026;61;Algodão;COMPLETO;70;8,7;1293;1314;21;
control system;5/19/2026, 06:24 PM;MANJN;16/05/2026;62;Algodão;COMPLETO;70;7,97;370,7;392,6;21,9;
control system;5/19/2026, 06:25 PM;1UOA8;16/05/2026;63;Algodão;COMPLETO;35;10,11;918;938;20;
control system;5/19/2026, 06:25 PM;E6AGD;16/05/2026;64;Algodão;COMPLETO;55;9,91;350;370;20;
control system;5/19/2026, 06:26 PM;R3U2B;16/05/2026;67;Algodão;COMPLETO;50;10;534;554;20;
control system;5/19/2026, 06:26 PM;T58K8;16/05/2026;70;Algodão;COMPLETO;70;9,17;439;460;21;
control system;5/19/2026, 06:27 PM;USXN8;16/05/2026;73;Algodão;COMPLETO;70;9,66;1403;1425;22;
control system;5/19/2026, 06:35 PM;NPEO1;17/05/2026;2;Algodão;COMPLETO;60;8,83;858;878;20;
control system;5/19/2026, 06:35 PM;ANR5D;17/05/2026;4;Tabaco;COMPLETO;50;7,84;604;623;19;
control system;5/19/2026, 06:37 PM;WY0BZ;17/05/2026;5;Tabaco;COMPLETO;100;5,52;2437;2452;15;
control system;5/19/2026, 06:38 PM;IO9JI;17/05/2026;7;Tabaco;COMPLETO;100;5,52;40;53;13;
control system;5/19/2026, 06:39 PM;VUGAZ;17/05/2026;8;Tabaco;COMPLETO;100;6,58;107;122;15;
control system;5/19/2026, 06:40 PM;VHTJC;17/05/2026;9;Tabaco;COMPLETO;100;5,46;265;279;14;
control system;5/19/2026, 06:42 PM;T0UDL;17/05/2026;10;Tabaco;COMPLETO;100;6,3;173;187;14;
control system;5/19/2026, 06:43 PM;2JYID;17/05/2026;11;Tabaco;COMPLETO;80;6,9;34;51;17;
control system;5/19/2026, 06:43 PM;OWII2;17/05/2026;16;Algodão;COMPLETO;70;10,27;329;350;21;
control system;5/19/2026, 06:44 PM;XWU7J;17/05/2026;20;Algodão;COMPLETO;70;9,77;1431;1453;22;
control system;5/19/2026, 06:45 PM;IWQGS;17/05/2026;22;Algodão;COMPLETO;70;10,3;1044;1065;21;
control system;5/19/2026, 06:46 PM;K9CDS;17/05/2026;23;Preparo;COMPLETO;60;8,8;370;395;25;
control system;5/19/2026, 06:48 PM;2CSVS;17/05/2026;27;Cacau;COMPLETO;100;5,34;2494;2504;10;
control system;5/19/2026, 06:50 PM;XCB3I;17/05/2026;29;Cacau;D;100;5,14;3029;3031;2;
control system;5/19/2026, 06:51 PM;HDKJ4;17/05/2026;32;Cacau;COMPLETO;80;7,13;1459;1475;16;
control system;5/19/2026, 06:53 PM;ZXIXZ;17/05/2026;36;Tabaco;COMPLETO;100;7,2;387;403;16;
control system;5/19/2026, 06:54 PM;GT4CD;17/05/2026;37;Tabaco;COMPLETO;100;9,04;1673;1683;10;
control system;5/19/2026, 06:55 PM;KIBEW;17/05/2026;38;Tabaco;COMPLETO;95;8,47;38;51;13;
control system;5/19/2026, 06:55 PM;J8NY4;17/05/2026;39;Algodão;COMPLETO;70;7,97;355;372;17;
control system;5/19/2026, 06:56 PM;XDZCX;17/05/2026;42;Algodão;COMPLETO;70;8,23;1350;1367;17;
control system;5/19/2026, 06:57 PM;07HZ7;17/05/2026;43;Algodão;COMPLETO;60;11,32;2276;2300;24;
control system;5/19/2026, 06:59 PM;J394K;17/05/2026;44;Milho;COMPLETO;70;10,37;11;24;13;
control system;5/19/2026, 06:59 PM;ND2FI;17/05/2026;49;Algodão;COMPLETO;70;9,6;1136;1156;20;
control system;5/19/2026, 07:00 PM;31TS3;17/05/2026;51;Algodão;COMPLETO;70;8,64;1157;1176;19;
control system;5/19/2026, 07:02 PM;YGQTU;17/05/2026;53;Algodão;COMPLETO;70;6,61;712;726;14;
control system;5/19/2026, 07:02 PM;WW18N;17/05/2026;56;Algodão;COMPLETO;70;8,83;304;325;21;
control system;5/19/2026, 07:03 PM;QXSYW;17/05/2026;68;Algodão;COMPLETO;50;9,6;1542;1563;21;
control system;5/19/2026, 07:04 PM;L6RAO;17/05/2026;69;Algodão;COMPLETO;50;9,2;366,7;387,9;21,2;
control system;5/19/2026, 07:05 PM;0393C;17/05/2026;72;Algodão;COMPLETO;65;9,42;618;637;19;
control system;5/20/2026, 12:11 PM;62UPE;18/05/2026;1;Algodão;COMPLETO;60;9,08;1616;1639;23;
control system;5/20/2026, 12:13 PM;4UKWO;18/05/2026;3;Tabaco;COMPLETO;100;6,3;383;398;15;FERTIRRIGAÇÃO
control system;5/20/2026, 12:13 PM;CAPAU;18/05/2026;6;Algodão;COMPLETO;70;8,31;343;364;21;
control system;5/20/2026, 12:15 PM;RRB91;18/05/2026;9;Tabaco;COMPLETO;100;5,46;279;293;14;
control system;5/20/2026, 12:17 PM;ONZAJ;18/05/2026;10;Tabaco;COMPLETO;100;6,3;187;201;14;
control system;5/20/2026, 12:19 PM;DBKSL;18/05/2026;11;Tabaco;COMPLETO;70;7,89;51;69;18;
control system;5/20/2026, 12:19 PM;GLJZI;18/05/2026;15;Algodão;COMPLETO;70;10,54;470;491;21;
control system;5/20/2026, 12:19 PM;FSK7L;18/05/2026;17;Algodão;COMPLETO;70;9;278;299;21;
control system;5/20/2026, 12:20 PM;XUPUZ;18/05/2026;19;Algodão;COMPLETO;70;8,21;758;779;21;
control system;5/20/2026, 12:21 PM;7VJIH;18/05/2026;25;Cacau;COMPLETO;80;7,25;2169;2183;14;
control system;5/20/2026, 12:29 PM;Y92AD;18/05/2026;33;Algodão;COMPLETO;40;15;140;177;37;1 GIRO COMPLETO + 1/2 A 60%
control system;5/20/2026, 12:29 PM;ZQ5FU;18/05/2026;35;Algodão;COMPLETO;70;8,31;358;381;23;
control system;5/20/2026, 12:31 PM;NZKKK;18/05/2026;40;Tabaco;COMPLETO;100;6,96;590;607;17;FERTIRRIGAÇÃO
control system;5/20/2026, 12:32 PM;W3WK3;18/05/2026;41;Algodão;COMPLETO;70;9,2;236;249;13;
control system;5/20/2026, 12:33 PM;ES2SF;18/05/2026;44;Milho;COMPLETO;100;7,26;24;34;10;FERTIRRIGAÇÃO
control system;5/20/2026, 12:38 PM;ZGF85;18/05/2026;46;Preparo;COMPLETO;50;13,32;1649;1678;29;
control system;5/20/2026, 12:39 PM;4YSUN;18/05/2026;54;Algodão;COMPLETO;100;5,8;1429;1442;13;FERTIRRIGAÇÃO
control system;5/20/2026, 12:40 PM;34C67;18/05/2026;58;Algodão;COMPLETO;70;9,34;1207;1227,1;20,1;
control system;5/20/2026, 12:40 PM;Z6JMN;18/05/2026;64;Algodão;COMPLETO;50;10,9;370;392;22;
control system;5/20/2026, 12:42 PM;AX73C;18/05/2026;65;Algodão;COMPLETO;70;10,39;998;1020;22;
control system;5/21/2026, 05:29 AM;ZTEZQ;17/05/2026;101;Algodão;COMPLETO;60;9,3;2846,6;2866,3;19,7;
control system;5/21/2026, 05:30 AM;NH2NV;17/05/2026;102;Algodão;COMPLETO;60;9,3;333;352;19;
control system;5/21/2026, 05:31 AM;FMFHC;17/05/2026;103;Algodão;COMPLETO;60;8,6;1604,5;1623,7;19,2;
control system;5/21/2026, 05:31 AM;EOF87;17/05/2026;106;Algodão;COMPLETO;60;8,9;2120,8;2139,9;19,1;
control system;5/21/2026, 05:33 AM;ZGF6O;17/05/2026;115;Algodão;COMPLETO;70;9,2;422,9;443,3;20,4;
control system;5/21/2026, 05:34 AM;LCBXO;17/05/2026;116;Algodão;COMPLETO;100;6,44;323,6;338,2;14,6;MILHO/ALGODÃO
control system;5/21/2026, 05:35 AM;EG8XI;17/05/2026;122;Algodão;COMPLETO;65;9,69;2410,7;2432,6;21,9;
control system;5/21/2026, 05:35 AM;LJD5H;17/05/2026;123;Algodão;COMPLETO;65;10,45;2837,9;2859,9;22;
control system;5/21/2026, 05:36 AM;QM7I2;17/05/2026;124;Tabaco;C;100;5,88;500,4;503,9;3,5;
control system;5/21/2026, 05:36 AM;KQGK9;17/05/2026;131;Algodão;COMPLETO;75;10,23;270;283,9;13,9;
control system;5/21/2026, 05:37 AM;BMVAL;18/05/2026;109;Algodão;COMPLETO;60;9,72;1058,5;1078;19,5;
control system;5/21/2026, 05:38 AM;QEPMU;18/05/2026;110;Algodão;COMPLETO;60;9,17;1440,3;1459,7;19,4;
control system;5/21/2026, 05:39 AM;VNFOX;18/05/2026;112;Algodão;COMPLETO;65;9,8;374,6;396,6;22;
control system;5/21/2026, 05:39 AM;DJKKY;18/05/2026;113;Algodão;COMPLETO;65;9,8;1180;1202,2;22,2;
control system;5/21/2026, 05:40 AM;NIFU3;18/05/2026;114;Algodão;COMPLETO;60;9,9;295,9;316,6;20,7;
control system;5/21/2026, 05:40 AM;16DWD;18/05/2026;117;Algodão;COMPLETO;70;8,1;779,2;799,7;20,5;
control system;5/21/2026, 05:41 AM;VB6TL;18/05/2026;132;Algodão;COMPLETO;60;12,95;309,9;327,6;17,7;
control system;5/21/2026, 05:42 AM;ZL7XU;19/05/2026;104;Algodão;COMPLETO;70;7,07;2773,1;2789,6;16,5;
control system;5/21/2026, 05:42 AM;7DVUC;19/05/2026;120;Tabaco;COMPLETO;100;6,51;387,1;402,8;15,7;
control system;5/21/2026, 05:43 AM;3CZNB;19/05/2026;127;Gergelim;COMPLETO;90;5,36;458,6;471,5;12,9;
control system;5/21/2026, 05:43 AM;IMJ1D;19/05/2026;129;Gergelim;COMPLETO;90;5,94;1017,7;1031,4;13,7;
control system;5/21/2026, 05:44 AM;P7MIK;19/05/2026;130;Milheto;COMPLETO;70;8,23;342,6;363,7;21,1;
control system;5/22/2026, 07:14 PM;OAUHQ;20/05/2026;101;Algodão;COMPLETO;60;9,3;2867,3;2887;19,7;
control system;5/22/2026, 07:15 PM;4,48E+04;20/05/2026;103;Algodão;COMPLETO;60;8,6;1623,7;1642,8;19,1;
control system;5/22/2026, 07:15 PM;7J1X8;20/05/2026;106;Algodão;COMPLETO;60;8,9;2139,9;2159,1;19,2;
control system;5/22/2026, 07:16 PM;04Z5Y;20/05/2026;115;Algodão;COMPLETO;70;9,2;443,3;463,3;20;
control system;5/22/2026, 07:17 PM;SK0GQ;20/05/2026;118;Tabaco;COMPLETO;100;6,44;445,2;459,5;14,3;
control system;5/22/2026, 07:18 PM;SOJEC;20/05/2026;122;Algodão;COMPLETO;70;9;2432,6;2452,8;20,2;
control system;5/22/2026, 07:19 PM;XYI7W;20/05/2026;123;Algodão;COMPLETO;70;9,7;2859,9;2880,3;20,4;
control system;5/22/2026, 07:19 PM;GMFLQ;20/05/2026;125;Milheto;COMPLETO;70;6,43;577,4;594;16,6;
control system;5/22/2026, 07:20 PM;4GA7M;20/05/2026;133;Milheto;COMPLETO;70;7,36;230,4;247,1;16,7;
control system;5/22/2026, 07:20 PM;9VFRM;21/05/2026;108;Algodão;COMPLETO;60;8,9;1559,4;1588,2;28,8;
control system;5/22/2026, 07:21 PM;6T2SN;21/05/2026;109;Algodão;COMPLETO;60;9,72;1078;1097,4;19,4;
control system;5/22/2026, 07:22 PM;R423O;21/05/2026;110;Algodão;COMPLETO;60;9,17;1459,7;1479,4;19,7;
control system;5/22/2026, 07:22 PM;7DEGO;21/05/2026;113;Algodão;COMPLETO;80;7,96;1202,2;1226,1;23,9;
control system;5/22/2026, 07:23 PM;CL1QZ;21/05/2026;116;Algodão;COMPLETO;70;9,2;338,2;359;20,8;milho/algodão
control system;5/22/2026, 07:24 PM;8IOMG;21/05/2026;117;Algodão;COMPLETO;70;8,1;799,7;820,1;20,4;
control system;5/22/2026, 07:26 PM;R59E7;21/05/2026;121;Tabaco;BD;100;6,37;331,5;339,4;7,9;
control system;5/26/2026, 04:38 PM;ESA08;21/05/2026;119;Preparo;1/2-PIVO;70;9,4;455;465;10;
control system;5/26/2026, 04:43 PM;3TFGQ;22/05/2026;102;Algodão;COMPLETO;60;9,3;352;371,2;19,2;
control system;5/26/2026, 04:46 PM;M6871;22/05/2026;105;Algodão;COMPLETO;60;8,6;326,6;346;19,4;
control system;5/26/2026, 04:47 PM;R4DSX;22/05/2026;107;Algodão;COMPLETO;60;7,8;317,9;337,1;19,2;
control system;5/26/2026, 04:49 PM;VYPUQ;22/05/2026;112;Algodão;COMPLETO;60;10,62;396,6;420,5;23,9;
control system;5/26/2026, 04:50 PM;WVS99;22/05/2026;114;Algodão;COMPLETO;60;9,9;316,6;337,4;20,8;
control system;5/26/2026, 04:54 PM;DRCFR;22/05/2026;131;Algodão;COMPLETO;55;13,95;283,9;304,2;20,3;
control system;5/26/2026, 04:55 PM;YG23I;22/05/2026;132;Algodão;COMPLETO;55;14,13;327,6;348;20,4;
control system;5/26/2026, 05:29 PM;SMQKN;23/05/2026;103;Algodão;COMPLETO;60;8,6;1642,8;1662;19,2;
control system;5/26/2026, 05:32 PM;WGTA9;19/05/2026;2;Algodão;COMPLETO;70;7,57;878;899;21;
control system;5/26/2026, 05:33 PM;Z65K1;19/05/2026;5;Tabaco;COMPLETO;85;6,49;2452;2470;18;
control system;5/26/2026, 05:35 PM;MVBJH;23/05/2026;104;Algodão;COMPLETO;60;8,25;2789,6;2808,8;19,2;
control system;5/26/2026, 05:38 PM;O5NGY;23/05/2026;106;Algodão;COMPLETO;55;9,71;2159,1;2180;20,9;
control system;5/26/2026, 05:47 PM;BIG1L;19/05/2026;10;Tabaco;COMPLETO;50;12,6;201;227;26;IRRIGAÇÃO + FERTI 100%
control system;5/26/2026, 05:48 PM;ATG1A;23/05/2026;118;Tabaco;COMPLETO;100;6,44;459,5;473,1;13,6;
control system;5/26/2026, 05:48 PM;EMAPT;23/05/2026;120;Tabaco;COMPLETO;90;7,23;402,8;418,8;16;
control system;5/26/2026, 05:49 PM;O40VZ;23/05/2026;121;Tabaco;D;100;6,37;339,4;343;3,6;
control system;5/26/2026, 05:50 PM;HXLI2;23/05/2026;122;Algodão;COMPLETO;65;9,69;2452,8;2475,1;22,3;
control system;5/26/2026, 05:51 PM;VMMMV;19/05/2026;11;Tabaco;COMPLETO;90;6,13;69;83;14;
control system;5/26/2026, 05:54 PM;TLRV3;19/05/2026;20;Algodão;COMPLETO;70;9,77;1453;1474;21;
control system;5/26/2026, 05:54 PM;2VNE0;19/05/2026;21;Algodão;COMPLETO;70;7,81;605;626;21;
control system;5/26/2026, 05:56 PM;FGQXZ;19/05/2026;22;Algodão;1/2-PIVO;70;10,3;1065;1077;12;
control system;5/26/2026, 05:57 PM;S1Y6C;23/05/2026;123;Algodão;COMPLETO;65;10,45;2880,3;2902,4;22,1;
control system;5/26/2026, 05:58 PM;GUT1T;19/05/2026;27;Cacau;COMPLETO;100;5,34;2504;2516;12;
control system;5/26/2026, 05:59 PM;QF3ZW;19/05/2026;29;Cacau;D;40;12,85;3031;3037;6;BATE VOLTA A 80%
control system;5/26/2026, 06:00 PM;AZBP0;19/05/2026;36;Tabaco;COMPLETO;90;8;403;419;16;
control system;5/26/2026, 06:01 PM;1UR9M;19/05/2026;38;Tabaco;COMPLETO;100;8,05;51;61;10;
control system;5/26/2026, 06:04 PM;Q1FDS;19/05/2026;38;Tabaco;COMPLETO;100;8,05;61;74;13;FERTIRRIGAÇÃO
control system;5/26/2026, 06:05 PM;DCO73;19/05/2026;42;Algodão;COMPLETO;70;8,23;1367;1384;17;
control system;5/26/2026, 06:05 PM;FKY52;19/05/2026;43;Algodão;COMPLETO;70;9,7;2300;2321;21;
control system;5/26/2026, 06:06 PM;FAJNV;19/05/2026;51;Algodão;COMPLETO;100;6,05;1176;1189;13;FERTIRRIGAÇÃO
control system;5/26/2026, 06:07 PM;JNKS9;19/05/2026;55;Algodão;COMPLETO;70;9,26;396;416;20;
control system;5/26/2026, 06:07 PM;P1YWN;19/05/2026;60;Algodão;COMPLETO;70;9,69;808;829;21;
control system;5/26/2026, 06:08 PM;9HJTD;19/05/2026;61;Algodão;COMPLETO;70;8,7;1314;1335;21;
control system;5/26/2026, 06:08 PM;ZXSFM;19/05/2026;62;Algodão;COMPLETO;70;7,97;392,6;412,1;19,5;
control system;5/26/2026, 06:09 PM;PSBJC;19/05/2026;63;Algodão;COMPLETO;35;10,11;938;958;20;
control system;5/26/2026, 06:09 PM;KBMRF;19/05/2026;66;Algodão;COMPLETO;60;9,33;650;670;20;
control system;5/26/2026, 06:10 PM;W6JG6;19/05/2026;71;Milheto;ABC;80;6,06;172;178;6;
control system;5/26/2026, 06:11 PM;QLKEP;19/05/2026;73;Algodão;COMPLETO;70;9,66;1425;1447;22;
control system;5/26/2026, 06:59 PM;CPXZ4;20/05/2026;3;Tabaco;COMPLETO;67;9,4;398;417;19;FERTI + IRRIGAÇÃO A 100%
control system;5/26/2026, 06:59 PM;8LJWV;20/05/2026;4;Tabaco;COMPLETO;55;7,13;623;640;17;
control system;5/26/2026, 07:02 PM;EOW67;20/05/2026;7;Tabaco;COMPLETO;100;5,52;53;67;14;
control system;5/26/2026, 07:08 PM;6YKVK;20/05/2026;8;Tabaco;COMPLETO;100;6,58;122;135;13;
control system;5/26/2026, 07:15 PM;WGR21;20/05/2026;10;Tabaco;COMPLETO;100;6,3;227;240;13;
control system;5/26/2026, 07:18 PM;P0UG4;20/05/2026;11;Tabaco;COMPLETO;90;6,13;83;96;13;
control system;5/26/2026, 07:19 PM;2XPC9;20/05/2026;15;Algodão;COMPLETO;70;10,54;491;513;22;
control system;5/26/2026, 07:19 PM;HHGL4;20/05/2026;17;Algodão;COMPLETO;70;9;299;319;20;
control system;5/26/2026, 07:21 PM;0YNP2;20/05/2026;35;Algodão;COMPLETO;75;7,76;381;402;21;
control system;5/26/2026, 07:21 PM;Z4YEP;20/05/2026;36;Tabaco;COMPLETO;70;10,29;419;439;20;
control system;5/26/2026, 07:22 PM;X44T2;20/05/2026;37;Tabaco;COMPLETO;100;9,04;1683;1693;10;FERTIRRIGAÇÃO
control system;5/26/2026, 07:27 PM;Y6RVQ;20/05/2026;38;Tabaco;COMPLETO;90;8,94;74;87;13;FERTIRRIGAÇÃO
control system;5/26/2026, 07:27 PM;PBGKS;20/05/2026;39;Algodão;COMPLETO;70;7,97;372;389;17;
control system;5/26/2026, 07:30 PM;QEBSR;20/05/2026;44;Milho;COMPLETO;90;8,07;34;45;11;
control system;5/26/2026, 07:30 PM;86L3N;20/05/2026;46;Preparo;COMPLETO;50;13,32;1678;1708;30;
control system;5/26/2026, 07:34 PM;3OQ68;20/05/2026;47;Algodão;COMPLETO;70;10,6;1762;1788;26;
control system;5/26/2026, 07:35 PM;826A8;20/05/2026;53;Algodão;COMPLETO;70;6,61;726;740;14;
control system;5/26/2026, 07:35 PM;3AAJU;20/05/2026;56;Algodão;COMPLETO;70;8,83;325;348;23;
control system;5/26/2026, 07:36 PM;BAX3E;20/05/2026;64;Algodão;COMPLETO;50;10,9;392;414;22;
control system;5/26/2026, 07:39 PM;ODTWB;20/05/2026;65;Algodão;COMPLETO;70;10,39;1020;1042;22;
control system;5/26/2026, 07:39 PM;ZFRWT;20/05/2026;68;Algodão;COMPLETO;50;9,6;1563;1584;21;
control system;5/26/2026, 07:42 PM;4ZBHQ;20/05/2026;69;Algodão;COMPLETO;50;9,2;387,9;411,2;23,3;
control system;5/26/2026, 07:42 PM;4ADS2;20/05/2026;72;Algodão;COMPLETO;70;8,74;637;655;18;
control system;5/27/2026, 05:19 PM;GM69B;21/05/2026;4;Tabaco;COMPLETO;60;6,53;640;657;17;
control system;5/27/2026, 05:19 PM;M5V4K;21/05/2026;5;Tabaco;COMPLETO;80;6,9;2470;2488;18;
control system;5/27/2026, 05:21 PM;G4IUG;21/05/2026;6;Algodão;COMPLETO;40;14,55;364;401;37;
control system;5/27/2026, 05:22 PM;XDKGS;21/05/2026;10;Tabaco;COMPLETO;100;6,3;240;253;13;
control system;5/27/2026, 05:24 PM;1FKZN;21/05/2026;11;Tabaco;COMPLETO;100;5,52;96;109;13;
control system;5/27/2026, 05:25 PM;1VWR2;21/05/2026;21;Algodão;COMPLETO;70;7,81;626;647;21;
control system;5/27/2026, 05:27 PM;K0WEQ;21/05/2026;37;Tabaco;COMPLETO;100;9,04;1693;1703;10;
control system;5/27/2026, 05:27 PM;QCXYF;21/05/2026;38;Tabaco;COMPLETO;100;8,05;87;101;14;
control system;5/27/2026, 05:32 PM;RBNQ5;21/05/2026;40;Tabaco;COMPLETO;100;6,96;607;621;14;FERTIRRIGAÇÃO
control system;5/27/2026, 05:32 PM;R11M7;21/05/2026;41;Algodão;COMPLETO;60;10,73;249;264;15;
control system;5/27/2026, 05:33 PM;0RQP9;21/05/2026;42;Algodão;COMPLETO;60;9,6;1384;1404;20;
control system;5/27/2026, 05:34 PM;GOZ10;21/05/2026;43;Algodão;COMPLETO;65;10,45;2321;2343;22;
control system;5/27/2026, 05:34 PM;H98SX;21/05/2026;49;Algodão;COMPLETO;70;9,6;1156;1176;20;
control system;5/27/2026, 05:35 PM;J7OFJ;21/05/2026;51;Algodão;COMPLETO;40;15,12;1189;1222;33;
control system;5/27/2026, 05:35 PM;URR1R;21/05/2026;53;Algodão;COMPLETO;70;6,61;740;754;14;
control system;5/27/2026, 05:36 PM;JD39V;21/05/2026;54;Algodão;COMPLETO;60;9,67;1442;1464;22;
control system;5/27/2026, 05:38 PM;KRQ1A;21/05/2026;58;Algodão;COMPLETO;60;10,9;1227,1;1251;23,9;
control system;5/27/2026, 05:39 PM;KIJ6P;21/05/2026;67;Algodão;COMPLETO;50;10;554;575;21;
control system;5/27/2026, 05:39 PM;I9AI0;21/05/2026;70;Algodão;COMPLETO;70;9,17;460;481;21;
control system;5/27/2026, 05:53 PM;8FFHH;22/05/2026;3;Tabaco;COMPLETO;70;9;417;441;24;
control system;5/27/2026, 06:06 PM;3PFLE;19/05/2026;9;Tabaco;COMPLETO;100;5,46;293;307;14;
control system;5/27/2026, 06:07 PM;CD03M;20/05/2026;9;Tabaco;COMPLETO;100;5,46;307;321;14;FERTIRRIGAÇÃO
control system;5/27/2026, 06:08 PM;PYC4D;22/05/2026;9;Tabaco;COMPLETO;100;5,46;321;335;14;
control system;5/27/2026, 06:12 PM;QGI33;22/05/2026;10;Tabaco;COMPLETO;100;6,3;253;266;13;
control system;5/27/2026, 06:13 PM;HUY4D;22/05/2026;11;Tabaco;COMPLETO;100;5,52;109;122;13;
control system;5/27/2026, 06:13 PM;EFVIG;22/05/2026;12;Tabaco;COMPLETO;70;9;90;111;21;
control system;5/27/2026, 06:15 PM;58H76;22/05/2026;18;Milho;COMPLETO;70;9,3;809;830;21;
control system;5/27/2026, 06:15 PM;ZLO46;22/05/2026;19;Algodão;COMPLETO;70;8,21;779;800;21;
control system;5/27/2026, 06:16 PM;Y17U3;22/05/2026;20;Algodão;COMPLETO;70;9,77;1474;1498;24;
control system;5/27/2026, 06:17 PM;RJA9X;22/05/2026;24;Algodão;COMPLETO;70;9;322;343;21;
control system;5/27/2026, 06:18 PM;6B474;22/05/2026;25;Cacau;D;100;5,8;2183;2186;3;
control system;5/27/2026, 06:18 PM;RYH9C;22/05/2026;26;Algodão;COMPLETO;70;8,14;532;552;20;
control system;5/27/2026, 06:19 PM;GR21F;22/05/2026;27;Cacau;COMPLETO;80;6,67;2516;2530;14;
control system;5/27/2026, 06:19 PM;SID11;22/05/2026;31;Algodão;COMPLETO;70;8,83;544;565;21;
control system;5/27/2026, 06:25 PM;OVZ7V;22/05/2026;36;Tabaco;COMPLETO;90;8;439;456;17;
control system;5/27/2026, 06:29 PM;E3IQ6;22/05/2026;40;Tabaco;COMPLETO;100;6,96;621;638;17;FERTIRRIGAÇÃO
control system;5/27/2026, 06:33 PM;UC13H;22/05/2026;44;Milho;COMPLETO;100;7,26;45;51;6;FERTIRRIGAÇÃO
control system;5/27/2026, 06:34 PM;GGJGN;22/05/2026;37;Tabaco;COMPLETO;100;9,04;1703;1713;10;FERTIRRIGAÇÃO
control system;5/27/2026, 06:42 PM;2RHNG;22/05/2026;47;Algodão;COMPLETO;70;10,6;1788;1814;26;
control system;5/27/2026, 06:43 PM;WJ3YG;22/05/2026;55;Algodão;COMPLETO;70;9,26;416;436;20;
control system;5/27/2026, 06:45 PM;BBTSU;22/05/2026;57;Algodão;COMPLETO;70;8,4;416;437;21;
control system;5/27/2026, 06:46 PM;0ANMH;22/05/2026;59;Algodão;COMPLETO;70;7,4;499;519;20;
control system;5/27/2026, 06:46 PM;LGNI0;22/05/2026;61;Algodão;COMPLETO;70;8,7;1335;1356;21;
control system;5/27/2026, 06:47 PM;GZX3O;22/05/2026;62;Algodão;COMPLETO;70;7,97;412,1;435,3;23,2;
control system;5/27/2026, 06:47 PM;03OJW;22/05/2026;64;Algodão;COMPLETO;50;10,9;414;436;22;
control system;5/27/2026, 06:48 PM;NYBBH;22/05/2026;65;Algodão;COMPLETO;70;10,39;1042;1065;23;
control system;5/27/2026, 06:49 PM;0TX1K;22/05/2026;68;Algodão;COMPLETO;50;9,6;1584;1605;21;
control system;5/27/2026, 06:53 PM;6OZRV;22/05/2026;69;Algodão;COMPLETO;50;9,2;411,2;434,7;23,5;
control system;5/27/2026, 06:54 PM;7GZA2;22/05/2026;71;Milheto;ABC;80;6,06;178;184;6;
control system;5/27/2026, 07:25 PM;W37AA;23/05/2026;2;Algodão;COMPLETO;70;7,57;899;917;18;
control system;5/27/2026, 07:41 PM;GI6EI;23/05/2026;5;Tabaco;COMPLETO;80;6,9;2488;2505;17;
control system;5/27/2026, 07:43 PM;0R5SP;23/05/2026;7;Tabaco;COMPLETO;90;6,13;67;83;16;
control system;5/27/2026, 07:46 PM;JDRQZ;23/05/2026;8;Tabaco;COMPLETO;85;7,74;135;152;17;
control system;5/27/2026, 07:52 PM;RMSJ3;23/05/2026;10;Tabaco;COMPLETO;100;6,3;266;279;13;
control system;5/27/2026, 07:54 PM;SV0GL;23/05/2026;11;Tabaco;COMPLETO;100;5,52;122;135;13;
control system;5/27/2026, 07:56 PM;4YTEB;23/05/2026;12;Tabaco;COMPLETO;60;10,5;111;135;24;
control system;5/27/2026, 07:59 PM;LD8ZG;23/05/2026;22;Algodão;COMPLETO;70;10,3;1077;1093;16;
control system;5/28/2026, 10:32 AM;5LRSX;24/05/2026;109;Algodão;COMPLETO;60;9,72;1097,4;1116,6;19,2;
control system;5/28/2026, 10:33 AM;LIUHW;24/05/2026;110;Algodão;COMPLETO;50;11;1479,4;1503,1;23,7;
control system;5/28/2026, 10:34 AM;4DZN7;24/05/2026;113;Algodão;COMPLETO;70;9,1;1226,1;1246,6;20,5;
control system;5/28/2026, 10:36 AM;LVLXR;24/05/2026;116;Algodão;COMPLETO;70;9,2;359;379;20;ALGODÃO/MILHO GRAOS
control system;5/28/2026, 10:37 AM;AQ80W;24/05/2026;117;Algodão;COMPLETO;70;8,1;820,1;840,5;20,4;
control system;5/28/2026, 10:38 AM;28H1H;24/05/2026;127;Gergelim;COMPLETO;55;8,76;471,5;492,2;20,7;
control system;5/28/2026, 10:38 AM;ZRYGG;24/05/2026;129;Gergelim;COMPLETO;55;9,73;1031,4;1052,6;21,2;
control system;5/28/2026, 10:45 AM;9QARS;25/05/2026;101;Algodão;COMPLETO;60;9,3;2887;2908,8;21,8;
control system;5/28/2026, 10:46 AM;IQEPS;25/05/2026;108;Algodão;COMPLETO;60;8,9;1588,2;1607,6;19,4;
control system;5/28/2026, 10:47 AM;RZNXA;25/05/2026;112;Algodão;COMPLETO;65;9,8;420,5;442,6;22,1;
control system;5/28/2026, 10:47 AM;MOPBW;25/05/2026;114;Algodão;COMPLETO;65;9,14;337,4;356,8;19,4;
control system;5/28/2026, 10:48 AM;4422W;25/05/2026;122;Algodão;COMPLETO;70;9;2475,1;2495,5;20,4;
control system;5/28/2026, 10:49 AM;41Q6D;25/05/2026;123;Algodão;COMPLETO;70;9,7;2902,4;2922,7;20,3;
control system;5/28/2026, 10:50 AM;HET9S;25/05/2026;131;Algodão;COMPLETO;70;10,96;304,2;320,3;16,1;
control system;5/28/2026, 10:51 AM;IJEXS;26/05/2026;103;Algodão;COMPLETO;50;10,32;1662;1685;23;
control system;5/28/2026, 10:52 AM;BGM9X;26/05/2026;106;Algodão;COMPLETO;55;9,71;2180;2200,9;20,9;
control system;5/28/2026, 10:53 AM;Z0N23;26/05/2026;115;Algodão;COMPLETO;70;9,2;463,3;483,9;20,6;
control system;5/28/2026, 10:53 AM;IQC4K;26/05/2026;116;Algodão;COMPLETO;70;9,2;379;400,1;21,1;ALGODÃO/MILHO GRÃOS
control system;5/28/2026, 10:54 AM;V6ERW;26/05/2026;117;Algodão;COMPLETO;70;8,1;840,5;860,8;20,3;
control system;5/28/2026, 10:56 AM;N0Z7N;26/05/2026;119;Preparo;COMPLETO;70;9,4;465;486,3;21,3;
control system;5/28/2026, 10:58 AM;GJLUB;26/05/2026;132;Algodão;COMPLETO;70;11,1;348;365,5;17,5;
control system;5/28/2026, 11:00 AM;WSKKL;27/05/2026;105;Algodão;COMPLETO;70;7,37;346;362,6;16,6;
control system;5/28/2026, 11:00 AM;0V1Z1;27/05/2026;107;Algodão;COMPLETO;70;6,69;337,1;353,5;16,4;
control system;5/28/2026, 11:02 AM;MHF2V;27/05/2026;113;Algodão;COMPLETO;70;9,1;1246,6;1267,4;20,8;
control system;5/28/2026, 11:06 AM;R4HBA;27/05/2026;118;Tabaco;AD;100;6,44;473,1;481,4;8,3;
control system;5/28/2026, 11:07 AM;2KBMM;27/05/2026;120;Tabaco;CD;100;6,51;418,8;426,7;7,9;
control system;5/28/2026, 11:08 AM;T34SZ;27/05/2026;121;Tabaco;D;100;6,37;343;346,8;3,8;
control system;5/28/2026, 11:08 AM;WF31C;27/05/2026;127;Gergelim;COMPLETO;90;5,36;492,2;504,9;12,7;
control system;5/28/2026, 11:08 AM;J6EOH;27/05/2026;129;Gergelim;COMPLETO;90;5,94;1052,6;1065,6;13;
control system;5/28/2026, 12:32 PM;PDUFT;23/05/2026;23;Preparo;COMPLETO;50;10,56;395;425;30;
control system;5/28/2026, 12:33 PM;PE8JK;23/05/2026;30;Algodão;COMPLETO;50;12;742;772;30;
control system;5/28/2026, 12:34 PM;7GC9I;23/05/2026;34;Algodão;COMPLETO;70;9,6;1314;1334;20;
control system;5/28/2026, 12:36 PM;998JO;23/05/2026;37;Tabaco;COMPLETO;100;9,04;1713;1723;10;
control system;5/28/2026, 12:36 PM;15W81;23/05/2026;39;Algodão;COMPLETO;60;9,3;389;409;20;
control system;5/28/2026, 12:37 PM;W4D3A;23/05/2026;40;Tabaco;COMPLETO;100;6,96;638;652;14;
control system;5/28/2026, 12:38 PM;BDB8U;23/05/2026;41;Algodão;COMPLETO;70;9,2;264;279;15;
control system;5/28/2026, 12:38 PM;CH0XV;23/05/2026;42;Algodão;COMPLETO;55;10,47;1404;1426;22;
control system;5/28/2026, 12:43 PM;S2JX6;23/05/2026;48;Algodão;COMPLETO;65;10,46;339;364;25;
control system;5/28/2026, 12:43 PM;C4WFY;23/05/2026;49;Algodão;COMPLETO;65;10,34;1176;1197;21;
control system;5/28/2026, 12:44 PM;B36U2;23/05/2026;54;Algodão;COMPLETO;60;9,67;1464;1486;22;
control system;5/28/2026, 12:46 PM;8AP88;23/05/2026;56;Algodão;COMPLETO;70;8,83;348;371;23;
control system;5/28/2026, 12:47 PM;3GRCH;23/05/2026;58;Algodão;COMPLETO;70;9,34;1251;1271;20;
control system;5/28/2026, 12:48 PM;Q69MH;23/05/2026;63;Algodão;COMPLETO;60;5,9;958;970;12;
control system;5/28/2026, 12:48 PM;4HAIC;23/05/2026;66;Algodão;COMPLETO;60;9,33;670;690;20;
control system;5/28/2026, 12:49 PM;EY9O6;23/05/2026;73;Algodão;COMPLETO;75;9,01;1447;1467;20;
control system;5/28/2026, 12:53 PM;UAC36;24/05/2026;3;Tabaco;COMPLETO;85;7,41;441;457;16;
control system;5/28/2026, 12:54 PM;DGF5I;24/05/2026;6;Algodão;COMPLETO;60;9,7;401;425;24;
control system;5/28/2026, 12:57 PM;ZACJ7;24/05/2026;10;Tabaco;COMPLETO;100;6,3;279;292;13;
control system;5/28/2026, 01:23 PM;RRZB4;24/05/2026;12;Tabaco;COMPLETO;60;10,5;135;159;24;
control system;5/28/2026, 01:23 PM;ASXG7;24/05/2026;13;Preparo;COMPLETO;50;8,56;84;104;20;
control system;5/28/2026, 01:24 PM;SGYIN;24/05/2026;15;Algodão;COMPLETO;60;12,3;513;539;26;
control system;5/28/2026, 01:29 PM;4U6V0;24/05/2026;17;Algodão;COMPLETO;60;10,5;319;342;23;
control system;5/28/2026, 01:30 PM;VPTGW;24/05/2026;21;Algodão;COMPLETO;60;9,12;647;672;25;
control system;5/28/2026, 01:33 PM;YEX84;24/05/2026;23;Preparo;COMPLETO;50;10,56;425;453;28;
control system;5/28/2026, 01:34 PM;H9EVG;24/05/2026;25;Cacau;COMPLETO;80;7,25;2186;2200;14;
control system;5/28/2026, 01:35 PM;TPIS5;24/05/2026;27;Cacau;COMPLETO;80;6,67;2530;2544;14;
control system;5/28/2026, 01:48 PM;CVJD2;24/05/2026;29;Cacau;COMPLETO;80;6,42;3037;3047;10;
control system;5/28/2026, 01:49 PM;LKCQH;24/05/2026;32;Cacau;COMPLETO;100;5,7;1475;1489;14;
control system;5/28/2026, 01:57 PM;39FII;24/05/2026;36;Tabaco;COMPLETO;90;8;456;473;17;
control system;5/28/2026, 01:59 PM;J3S23;24/05/2026;38;Tabaco;COMPLETO;90;8,94;101;117;16;
control system;5/28/2026, 01:59 PM;4M4T5;24/05/2026;43;Algodão;COMPLETO;70;9,7;2343;2364;21;
control system;5/28/2026, 02:00 PM;K0IVF;24/05/2026;44;Milho;COMPLETO;60;12,1;51;67;16;
control system;5/28/2026, 02:02 PM;OPDRB;24/05/2026;47;Algodão;COMPLETO;70;10,6;1814;1841;27;
control system;5/28/2026, 02:02 PM;12Z09;24/05/2026;51;Algodão;COMPLETO;61;9,92;1222;1244;22;
control system;5/28/2026, 02:03 PM;PGEKT;24/05/2026;53;Algodão;COMPLETO;50;9,26;754;773;19;
control system;5/28/2026, 02:03 PM;AC55M;24/05/2026;55;Algodão;COMPLETO;70;9,26;436;456;20;
control system;5/28/2026, 02:04 PM;FN57P;24/05/2026;64;Algodão;COMPLETO;50;10,9;436;458;22;
control system;5/28/2026, 02:04 PM;Z3FNQ;24/05/2026;65;Algodão;COMPLETO;70;10,39;1065;1087;22;
control system;5/28/2026, 02:05 PM;LRNHV;24/05/2026;69;Algodão;COMPLETO;50;9,2;434,7;457,3;22,6;
control system;5/28/2026, 02:06 PM;H7J8A;24/05/2026;70;Algodão;COMPLETO;70;9,17;481;502;21;
control system;5/28/2026, 05:07 PM;ZEWRF;22/05/2026;4;Tabaco;COMPLETO;100;3,92;657;667;10;
control system;5/28/2026, 05:07 PM;BG799;23/05/2026;4;Tabaco;COMPLETO;55;7,13;667;684;17;
control system;5/28/2026, 05:09 PM;XSW7R;25/05/2026;4;Tabaco;COMPLETO;55;7,13;684;701;17;
control system;5/28/2026, 05:10 PM;Q8U15;25/05/2026;5;Tabaco;COMPLETO;75;7,36;2505;2526;21;
control system;5/28/2026, 05:11 PM;JVIM3;25/05/2026;7;Tabaco;COMPLETO;90;6,13;83;98;15;
control system;5/28/2026, 05:12 PM;RZ6YU;25/05/2026;9;Tabaco;COMPLETO;100;5,46;335;349;14;
control system;5/28/2026, 05:18 PM;V0648;25/05/2026;14;Tabaco;COMPLETO;70;8,23;387;404;17;
control system;5/28/2026, 05:19 PM;6J35Z;25/05/2026;19;Algodão;COMPLETO;70;8,21;800;821;21;
control system;5/28/2026, 05:21 PM;BPHEL;25/05/2026;20;Algodão;COMPLETO;70;9,77;1498;1517;19;
control system;5/28/2026, 05:21 PM;0IAND;25/05/2026;25;Cacau;D;100;5,8;2200;2203;3;
control system;5/28/2026, 05:22 PM;UU0GP;25/05/2026;26;Algodão;COMPLETO;70;8,14;552;572;20;
control system;5/28/2026, 05:22 PM;4C2ZR;25/05/2026;28;Preparo;COMPLETO;70;9,54;152;172;20;
control system;5/28/2026, 05:23 PM;0CJAG;25/05/2026;30;Algodão;COMPLETO;70;8,57;772;793;21;
control system;5/28/2026, 05:23 PM;3740R;25/05/2026;33;Algodão;COMPLETO;70;8,57;177;197;20;
control system;5/28/2026, 05:25 PM;OPCCK;25/05/2026;37;Tabaco;COMPLETO;100;9,04;1723;1733;10;
control system;5/28/2026, 05:27 PM;KCKFZ;25/05/2026;40;Tabaco;COMPLETO;85;8,19;652;668;16;
control system;5/28/2026, 05:29 PM;63OPW;25/05/2026;48;Algodão;COMPLETO;70;9,71;364;387;23;
control system;5/28/2026, 05:36 PM;AD0FL;25/05/2026;52;Preparo;COMPLETO;60;11,6;0;25;25;
control system;5/28/2026, 05:38 PM;KQ37X;25/05/2026;58;Algodão;COMPLETO;70;9,34;1271;1292,2;21,2;
control system;5/28/2026, 05:39 PM;JSKAG;25/05/2026;60;Algodão;COMPLETO;70;9,69;829;850;21;
control system;5/28/2026, 05:39 PM;X9AIA;25/05/2026;61;Algodão;COMPLETO;70;8,7;1356;1377;21;
control system;5/28/2026, 05:39 PM;VBD0L;25/05/2026;62;Algodão;COMPLETO;70;7,97;435,3;459,6;24,3;
control system;5/28/2026, 05:40 PM;MSPH5;25/05/2026;68;Algodão;COMPLETO;50;9,6;1605;1626;21;
control system;5/28/2026, 05:41 PM;FFGTI;25/05/2026;73;Algodão;COMPLETO;70;9,66;1467;1489;22;
control system;5/28/2026, 05:41 PM;DEF8A;25/05/2026;74;Milho;COMPLETO;100;6,76;69;83;14;
control system;5/29/2026, 10:07 AM;09GHC;22/05/2026;35;Algodão;COMPLETO;75;7,76;402;422;20;
control system;5/29/2026, 10:09 AM;FCOFR;24/05/2026;35;Algodão;COMPLETO;75;7,76;422;445;23;
control system;5/29/2026, 12:03 PM;Q7ZCU;28/05/2026;101;Algodão;COMPLETO;60;9,3;2908,8;2929,5;20,7;
control system;5/29/2026, 12:04 PM;SOTJC;28/05/2026;102;Algodão;COMPLETO;60;9,3;371,2;390,3;19,1;
control system;5/29/2026, 12:04 PM;04AKT;28/05/2026;104;Algodão;COMPLETO;60;8,25;2808,8;2828,1;19,3;
control system;5/29/2026, 12:05 PM;05POS;28/05/2026;112;Algodão;COMPLETO;70;9,1;442,6;463,1;20,5;
control system;5/29/2026, 12:06 PM;JCBFO;28/05/2026;114;Algodão;COMPLETO;70;8,49;356,8;374,6;17,8;
control system;5/29/2026, 12:07 PM;O227W;28/05/2026;122;Algodão;COMPLETO;70;9;2495,5;2516,3;20,8;
control system;5/29/2026, 12:07 PM;Q9UBT;28/05/2026;123;Algodão;COMPLETO;70;9,7;2922,7;2943,6;20,9;
control system;5/29/2026, 12:17 PM;Y2OEV;28/05/2026;124;Preparo;C;50;11,76;503,9;511,4;7,5;
control system;5/29/2026, 12:56 PM;9F0CI;26/05/2026;2;Algodão;COMPLETO;60;8,83;917;939;22;
control system;5/29/2026, 12:59 PM;8WRCV;26/05/2026;3;Tabaco;COMPLETO;90;7;457;473;16;
control system;5/29/2026, 12:59 PM;PTZS6;26/05/2026;6;Algodão;COMPLETO;55;10,58;425;452;27;
control system;5/29/2026, 01:00 PM;BBEE0;26/05/2026;8;Tabaco;COMPLETO;95;6,93;152;169;17;
control system;5/29/2026, 01:06 PM;XDPW6;26/05/2026;10;Tabaco;COMPLETO;50;12,6;292;318;26;FERTI + IRRIGAÇÃO 100%
control system;5/29/2026, 01:16 PM;6TMJW;24/05/2026;11;Tabaco;COMPLETO;100;5,52;135;148;13;
control system;5/29/2026, 01:18 PM;26RBW;25/05/2026;11;Tabaco;COMPLETO;100;5,52;148;161;13;
control system;5/29/2026, 01:19 PM;X244F;26/05/2026;11;Tabaco;COMPLETO;100;5,52;161;174;13;
control system;5/29/2026, 01:24 PM;6Q2AM;26/05/2026;12;Tabaco;COMPLETO;80;7,87;159;176;17;
control system;5/29/2026, 01:26 PM;86RJY;26/05/2026;15;Algodão;COMPLETO;70;10,54;539;559;20;
control system;5/29/2026, 01:27 PM;K6WOE;26/05/2026;27;Cacau;COMPLETO;80;6,67;2544;2558;14;
control system;5/29/2026, 01:41 PM;09M5T;26/05/2026;36;Tabaco;COMPLETO;100;7,2;473;487;14;FERTIRRIGAÇÃO
control system;5/29/2026, 01:41 PM;8M0U4;26/05/2026;38;Tabaco;COMPLETO;85;9,47;117;134;17;
control system;5/29/2026, 01:42 PM;K5UGQ;26/05/2026;39;Algodão;COMPLETO;55;10,15;409;431;22;
control system;5/29/2026, 01:42 PM;GC8TN;26/05/2026;41;Algodão;COMPLETO;70;9,2;279;294;15;
control system;5/29/2026, 01:43 PM;VT68Z;26/05/2026;42;Algodão;COMPLETO;55;10,47;1426;1448;22;
control system;5/29/2026, 01:43 PM;TIL13;26/05/2026;44;Milho;COMPLETO;70;10,37;67;81;14;
control system;5/29/2026, 01:48 PM;JMONE;26/05/2026;47;Algodão;COMPLETO;70;10,6;1841;1867;26;
control system;5/29/2026, 01:49 PM;M5S5E;26/05/2026;49;Algodão;COMPLETO;70;9,6;1197;1217;20;
control system;5/29/2026, 01:52 PM;Y70IY;26/05/2026;56;Algodão;COMPLETO;70;8,83;371;394;23;
control system;5/29/2026, 01:52 PM;36XP1;26/05/2026;63;Algodão;COMPLETO;35;10,11;970;990;20;
control system;5/29/2026, 01:53 PM;SHPBU;26/05/2026;64;Algodão;COMPLETO;50;10,9;458;480;22;
control system;5/29/2026, 01:56 PM;WUJH7;26/05/2026;65;Algodão;COMPLETO;70;10,39;1087;1107;20;
control system;5/29/2026, 01:57 PM;BHJM6;26/05/2026;74;Milho;COMPLETO;100;6,76;83;97;14;FERTIRRIGAÇÃO
control system;6/1/2026, 05:20 PM;28KDC;29/05/2026;103;Algodão;COMPLETO;60;8,6;1685;1704,1;19,1;
control system;6/1/2026, 05:21 PM;GZI0D;29/05/2026;106;Algodão;COMPLETO;60;8,9;2200,9;2220,1;19,2;
control system;6/1/2026, 05:22 PM;RADB1;27/05/2026;4;Tabaco;COMPLETO;55;7,13;701;718;17;
control system;6/1/2026, 05:22 PM;CXM4G;29/05/2026;113;Algodão;COMPLETO;70;9,1;1267,4;1287,9;20,5;
control system;6/1/2026, 05:24 PM;GJGJ1;29/05/2026;116;Algodão;COMPLETO;70;9,2;400,1;420,7;20,6;ALGODÃO/MILHO
control system;6/1/2026, 05:25 PM;8GOI8;27/05/2026;5;Tabaco;COMPLETO;100;5,52;2526;2541;15;
control system;6/1/2026, 05:25 PM;SJ8KU;29/05/2026;117;Algodão;COMPLETO;70;8,1;860,8;881,7;20,9;
control system;6/1/2026, 05:26 PM;JQZYL;27/05/2026;7;Tabaco;COMPLETO;90;6,13;98;113;15;
control system;6/1/2026, 05:26 PM;NYQWV;29/05/2026;118;Tabaco;B;100;6,44;481,4;485;3,6;
control system;6/1/2026, 05:27 PM;SR3OL;29/05/2026;120;Tabaco;AB;100;6,51;426,7;433,6;6,9;
control system;6/1/2026, 05:28 PM;YZZKP;30/05/2026;101;Algodão;COMPLETO;60;9,3;2929,5;2950,1;20,6;
control system;6/1/2026, 05:29 PM;AXZCO;30/05/2026;118;Tabaco;COMPLETO;70;9,2;485;490,3;5,3;
control system;6/1/2026, 05:30 PM;7ZZJO;30/05/2026;122;Algodão;COMPLETO;70;9;2516,3;2537;20,7;
control system;6/1/2026, 05:30 PM;8Z1WT;30/05/2026;123;Algodão;COMPLETO;70;9,7;2943,6;2964,1;20,5;
control system;6/1/2026, 05:31 PM;SQRFU;27/05/2026;11;Tabaco;COMPLETO;50;11,04;174;198;24;FERTI + IRRIGAÇÃO A 100%
control system;6/1/2026, 05:31 PM;CZHLU;30/05/2026;130;Milheto;COMPLETO;50;11,52;363,7;392,1;28,4;
control system;6/1/2026, 05:34 PM;KGROH;27/05/2026;12;Tabaco;COMPLETO;85;7,41;176;190;14;
control system;6/1/2026, 05:39 PM;DAKQN;27/05/2026;13;Tabaco;COMPLETO;30;14,27;104;137;33;2 GIRO A 60%
control system;6/1/2026, 05:42 PM;PWDRR;27/05/2026;17;Algodão;COMPLETO;70;9;342;362;20;
control system;6/1/2026, 05:43 PM;QO8PD;27/05/2026;19;Algodão;COMPLETO;70;8,21;821;842;21;
control system;6/1/2026, 05:44 PM;QPQOP;27/05/2026;20;Algodão;COMPLETO;100;6,84;1517;1536;19;
control system;6/1/2026, 05:46 PM;9WJ82;27/05/2026;22;Algodão;COMPLETO;70;10,3;1093;1108;15;
control system;6/1/2026, 05:46 PM;I197I;27/05/2026;25;Cacau;COMPLETO;100;5,8;2203;2215;12;
control system;6/1/2026, 05:48 PM;VRMG9;27/05/2026;26;Algodão;COMPLETO;70;8,14;572;596;24;
control system;6/1/2026, 05:53 PM;HY4AV;27/05/2026;29;Cacau;COMPLETO;50;10,28;3047;3069;22;2 GIRO A 100%
control system;6/1/2026, 05:54 PM;QLSXV;27/05/2026;32;Cacau;COMPLETO;100;5,7;1489;1503;14;
control system;6/1/2026, 05:55 PM;G8DXX;27/05/2026;35;Algodão;COMPLETO;75;7,76;445;466;21;
control system;6/1/2026, 05:56 PM;77FXZ;27/05/2026;37;Tabaco;COMPLETO;100;9,04;1733;1743;10;
control system;6/1/2026, 06:01 PM;CUVSK;27/05/2026;46;Preparo;COMPLETO;70;9,51;1708;1732;24;
control system;6/1/2026, 06:03 PM;ETUO0;27/05/2026;48;Algodão;COMPLETO;70;9,71;387;411;24;
control system;6/1/2026, 06:04 PM;2D8AA;27/05/2026;52;Preparo;COMPLETO;70;9,94;25;46;21;
control system;6/1/2026, 06:05 PM;V6OY4;27/05/2026;53;Algodão;COMPLETO;50;9,26;773;792;19;
control system;6/1/2026, 06:05 PM;NAPKZ;27/05/2026;54;Algodão;COMPLETO;60;9,67;1486;1508;22;
control system;6/1/2026, 06:06 PM;W9CDN;27/05/2026;55;Algodão;COMPLETO;70;9,26;456;476;20;
control system;6/1/2026, 06:06 PM;MUYGJ;27/05/2026;58;Algodão;COMPLETO;70;9,34;1292,2;1312,7;20,5;
control system;6/1/2026, 06:07 PM;0O5QV;27/05/2026;69;Algodão;COMPLETO;50;9,2;457,3;479,9;22,6;
control system;6/1/2026, 06:07 PM;ENUSS;27/05/2026;72;Algodão;COMPLETO;70;8,74;655;673;18;
control system;6/1/2026, 06:13 PM;CH98F;28/05/2026;1;Algodão;COMPLETO;70;7,79;1639;1658;19;
control system;6/1/2026, 06:15 PM;XF001;28/05/2026;2;Algodão;COMPLETO;70;7,57;939;963;24;
control system;6/1/2026, 06:16 PM;9J10F;28/05/2026;3;Tabaco;COMPLETO;85;7,41;473;491;18;
control system;6/1/2026, 06:18 PM;FYP7P;28/05/2026;5;Tabaco;COMPLETO;100;5,52;2541;2555;14;FERTIRRIGAÇÃO
control system;6/1/2026, 06:22 PM;APTE7;28/05/2026;11;Tabaco;COMPLETO;100;5,52;198;210;12;
control system;6/1/2026, 06:24 PM;T59JB;28/05/2026;12;Tabaco;COMPLETO;100;6,3;190;203;13;
control system;6/1/2026, 06:25 PM;VTP6J;28/05/2026;15;Algodão;COMPLETO;70;10,54;559;583;24;
control system;6/1/2026, 06:26 PM;ICDEG;28/05/2026;21;Algodão;COMPLETO;70;7,81;672;693;21;
control system;6/1/2026, 06:27 PM;8R3SD;28/05/2026;31;Algodão;COMPLETO;70;8,83;565;586;21;
control system;6/1/2026, 06:32 PM;B8H7L;28/05/2026;36;Tabaco;COMPLETO;100;7,2;487;504;17;FERTIRRIGAÇÃO
control system;6/1/2026, 06:36 PM;WVQMP;27/05/2026;40;Tabaco;COMPLETO;100;6,96;668;682;14;
control system;6/1/2026, 06:38 PM;2,68E+04;28/05/2026;40;Tabaco;COMPLETO;100;6,96;0;15;15;FERTIRRIGAÇÃO
control system;6/1/2026, 06:40 PM;O3XQQ;28/05/2026;43;Algodão;COMPLETO;70;9,7;2364;2385;21;
control system;6/1/2026, 06:45 PM;ONNYE;28/05/2026;44;Milho;COMPLETO;70;10,37;81;95;14;
control system;6/1/2026, 06:45 PM;SBRZD;28/05/2026;49;Algodão;COMPLETO;70;9,6;1217;1237;20;
control system;6/1/2026, 06:46 PM;JIL22;28/05/2026;51;Algodão;COMPLETO;60;10,08;1244;1266;22;
control system;6/1/2026, 06:46 PM;YQF1B;28/05/2026;61;Algodão;COMPLETO;70;8,7;1377;1398;21;
control system;6/1/2026, 06:47 PM;SNCAH;28/05/2026;62;Algodão;COMPLETO;70;7,97;459,6;482,9;23,3;
control system;6/1/2026, 06:47 PM;OKV86;28/05/2026;63;Algodão;COMPLETO;35;10,11;990;1010;20;
control system;6/1/2026, 06:48 PM;GA10Q;28/05/2026;64;Algodão;COMPLETO;50;10,9;480;502;22;
control system;6/1/2026, 06:49 PM;T0LOW;28/05/2026;65;Algodão;COMPLETO;50;14,54;1107;1137;30;
control system;6/1/2026, 06:49 PM;4VL2F;28/05/2026;68;Algodão;COMPLETO;50;9,6;1626;1647;21;
control system;6/1/2026, 06:50 PM;MAQ7M;28/05/2026;74;Milho;COMPLETO;100;6,76;97;111;14;
control system;6/2/2026, 04:55 PM;SR48M;29/05/2026;4;Tabaco;COMPLETO;60;6,53;718;734;16;
control system;6/2/2026, 04:56 PM;VAMWP;29/05/2026;6;Algodão;COMPLETO;85;6,85;452;469;17;
control system;6/2/2026, 04:57 PM;OJO6K;29/05/2026;7;Tabaco;COMPLETO;90;6,13;113;127;14;
control system;6/2/2026, 04:59 PM;7FBZB;29/05/2026;8;Tabaco;COMPLETO;95;6,93;169;185;16;
control system;6/2/2026, 05:02 PM;NRC5A;29/05/2026;9;Tabaco;COMPLETO;90;6,07;349;363;14;
control system;6/2/2026, 05:04 PM;TR3RI;29/05/2026;10;Tabaco;COMPLETO;100;6,3;318;333;15;
control system;6/2/2026, 05:11 PM;MK57R;29/05/2026;11;Tabaco;COMPLETO;100;5,52;210;223;13;
control system;6/2/2026, 05:15 PM;L2VBE;29/05/2026;12;Tabaco;COMPLETO;50;12,6;203;231;28;2 GIRO A 100%
control system;6/2/2026, 05:16 PM;JHHK3;29/05/2026;13;Tabaco;COMPLETO;60;7,13;137;153;16;
control system;6/2/2026, 05:17 PM;OS7V1;29/05/2026;16;Algodão;COMPLETO;70;10,27;350;371;21;
control system;6/2/2026, 05:21 PM;LRBDR;29/05/2026;25;Cacau;COMPLETO;80;7,25;2215;2229;14;
control system;6/2/2026, 05:22 PM;9GR7Y;29/05/2026;27;Cacau;COMPLETO;100;5,34;2558;2570;12;
control system;6/2/2026, 05:24 PM;8PYBY;29/05/2026;24;Algodão;COMPLETO;70;9;343;363;20;
control system;6/2/2026, 05:30 PM;555UL;29/05/2026;29;Cacau;COMPLETO;80;6,42;3069;3080;11;
control system;6/2/2026, 05:31 PM;B3NJW;29/05/2026;36;Tabaco;COMPLETO;100;7,2;504;519;15;
control system;6/2/2026, 05:32 PM;EZYKP;29/05/2026;38;Tabaco;COMPLETO;100;8,05;134;148;14;FERTIRRIGAÇÃO
control system;6/2/2026, 05:32 PM;IT9JE;29/05/2026;39;Algodão;COMPLETO;70;7,97;431;448;17;
control system;6/2/2026, 05:33 PM;V2X3C;29/05/2026;41;Algodão;COMPLETO;70;9,2;294;309;15;
control system;6/2/2026, 05:34 PM;DC1ID;29/05/2026;42;Algodão;COMPLETO;70;8,23;1448;1465;17;
control system;6/2/2026, 05:35 PM;S8NES;29/05/2026;44;Milho;COMPLETO;80;9,07;95;107;12;
control system;6/2/2026, 05:39 PM;C3FSO;29/05/2026;47;Algodão;COMPLETO;70;10,6;1867;1890;23;
control system;6/2/2026, 05:40 PM;QCLNY;29/05/2026;51;Algodão;COMPLETO;70;8,64;1266;1285;19;
control system;6/2/2026, 05:40 PM;GOLQQ;29/05/2026;56;Algodão;COMPLETO;70;8,83;394;416;22;
control system;6/2/2026, 05:41 PM;UVI8F;29/05/2026;74;Milho;COMPLETO;100;6,76;111;125;14;
control system;6/2/2026, 05:48 PM;4K5W2;30/05/2026;5;Tabaco;COMPLETO;90;6,13;2555;2573;18;
control system;6/2/2026, 05:49 PM;JS6ST;30/05/2026;10;Tabaco;COMPLETO;100;6,3;333;348;15;
control system;6/2/2026, 05:52 PM;TSFXT;30/05/2026;11;Tabaco;COMPLETO;100;5,52;223;236;13;
control system;6/2/2026, 05:54 PM;817UV;30/05/2026;12;Tabaco;COMPLETO;100;6,3;231;245;14;
control system;6/2/2026, 05:58 PM;EWGIC;30/05/2026;13;Tabaco;COMPLETO;90;4,76;153;165;12;
control system;6/2/2026, 05:59 PM;OKAGL;30/05/2026;16;Algodão;COMPLETO;70;10,27;371;392;21;
control system;6/2/2026, 06:00 PM;HHYW8;30/05/2026;19;Algodão;COMPLETO;70;8,21;842;863;21;
control system;6/2/2026, 06:01 PM;7NWH8;30/05/2026;22;Algodão;COMPLETO;70;10,3;1108;1124;16;
control system;6/2/2026, 06:02 PM;UXD1N;30/05/2026;24;Algodão;1/2-PIVO;70;9;363;370;7;
control system;6/2/2026, 06:04 PM;DS176;30/05/2026;25;Cacau;D;100;5,8;2229;2232;3;
control system;6/2/2026, 06:06 PM;QQFN5;30/05/2026;27;Cacau;COMPLETO;100;5,34;2570;2582;12;
control system;6/2/2026, 06:07 PM;0ZE7F;30/05/2026;32;Cacau;COMPLETO;100;5,7;1503;1517;14;
control system;6/2/2026, 06:08 PM;0XWCT;30/05/2026;37;Tabaco;COMPLETO;100;9,04;1743;1753;10;
control system;6/2/2026, 06:09 PM;S7AIP;30/05/2026;40;Tabaco;COMPLETO;100;6,96;15;31;16;
control system;6/2/2026, 06:10 PM;TN0FQ;30/05/2026;53;Algodão;COMPLETO;60;7,72;792;808;16;
control system;6/2/2026, 06:13 PM;9U3N0;31/05/2026;108;Algodão;COMPLETO;70;7,63;1607,1;1625,9;18,8;
control system;6/2/2026, 06:13 PM;W2OEY;30/05/2026;48;Algodão;COMPLETO;70;9,71;411;434;23;
control system;6/2/2026, 06:13 PM;BPXTI;31/05/2026;110;Algodão;COMPLETO;70;7,86;1503,1;1519,9;16,8;
control system;6/2/2026, 06:14 PM;CMX4I;30/05/2026;54;Algodão;COMPLETO;70;8,29;1508;1527;19;
control system;6/2/2026, 06:14 PM;7IYPH;30/05/2026;55;Algodão;COMPLETO;70;9,26;476;496;20;
control system;6/2/2026, 06:14 PM;DVA92;30/05/2026;58;Algodão;COMPLETO;70;9,34;1312,7;1333;20,3;
control system;6/2/2026, 06:20 PM;JH75L;30/05/2026;69;Algodão;COMPLETO;50;9,2;479,9;501,6;21,7;
control system;6/2/2026, 06:25 PM;2Z5CJ;31/05/2026;121;Preparo;COMPLETO;60;10,62;346,8;370,7;23,9;
control system;6/2/2026, 06:25 PM;0ACHM;30/05/2026;72;Algodão;COMPLETO;70;8,74;673;691;18;
control system;6/2/2026, 06:26 PM;TR7TX;30/05/2026;74;Milho;COMPLETO;100;6,76;125;139;14;
control system;6/2/2026, 06:26 PM;TGHM2;31/05/2026;131;Algodão;COMPLETO;70;10,96;320,3;336,4;16,1;
control system;6/2/2026, 06:27 PM;TT8WU;31/05/2026;132;Algodão;COMPLETO;70;11,1;365,5;382,8;17,3;
control system;6/2/2026, 06:29 PM;TUYZF;01/06/2026;106;Algodão;COMPLETO;70;7,63;2220,1;2236,5;16,4;
control system;6/2/2026, 06:29 PM;CVZ4W;01/06/2026;113;Algodão;COMPLETO;70;9,1;1287,9;1308,4;20,5;
control system;6/2/2026, 06:30 PM;9QHQB;01/06/2026;116;Algodão;COMPLETO;70;9,2;420,7;441,5;20,8;ALGODÃO/MILHO
control system;6/2/2026, 06:31 PM;ELPH1;01/06/2026;117;Algodão;COMPLETO;70;8,1;881,7;902;20,3;
control system;6/2/2026, 06:32 PM;Y23KP;01/06/2026;120;Tabaco;COMPLETO;100;6,51;433,6;447,8;14,2;
control system;6/2/2026, 06:36 PM;26NYW;01/06/2026;125;Milho Semente;COMPLETO;50;9;594;616,9;22,9;
control system;6/2/2026, 06:53 PM;H0SHS;01/06/2026;130;Milheto;COMPLETO;100;5,76;392,1;406,4;14,3;
control system;6/3/2026, 11:16 AM;7URSB;31/05/2026;2;Algodão;COMPLETO;70;7,57;963;986;23;
control system;6/3/2026, 11:18 AM;UWBFP;31/05/2026;3;Tabaco;COMPLETO;85;7,41;491;508;17;
control system;6/3/2026, 11:18 AM;RRQR3;31/05/2026;6;Algodão;COMPLETO;100;5,82;469;483;14;
control system;6/3/2026, 11:19 AM;U17B8;31/05/2026;7;Tabaco;COMPLETO;70;7,89;127;145;18;
control system;6/3/2026, 11:21 AM;Z7LEO;31/05/2026;11;Tabaco;COMPLETO;100;5,52;236;249;13;
control system;6/3/2026, 11:22 AM;92N0D;31/05/2026;12;Tabaco;COMPLETO;100;6,3;245;259;14;
control system;6/3/2026, 11:25 AM;A7Z9W;31/05/2026;13;Tabaco;COMPLETO;52;8,23;165;181;16;
control system;6/3/2026, 11:28 AM;XUEBC;31/05/2026;17;Algodão;COMPLETO;70;9;362;382;20;
control system;6/3/2026, 11:30 AM;XY4T7;31/05/2026;18;Milho;COMPLETO;100;6,51;830;845;15;
control system;6/3/2026, 11:30 AM;JVL8D;31/05/2026;21;Algodão;COMPLETO;70;7,81;693;714;21;
control system;6/3/2026, 11:32 AM;KPB2Y;31/05/2026;23;Preparo;COMPLETO;70;7,54;453;473;20;
control system;6/3/2026, 11:34 AM;N9GH5;31/05/2026;26;Algodão;COMPLETO;70;8,14;596;618;22;
control system;6/3/2026, 11:42 AM;EU20I;31/05/2026;29;Cacau;COMPLETO;80;6,42;3080;3094;14;
control system;6/3/2026, 11:43 AM;8J143;31/05/2026;35;Algodão;COMPLETO;70;8,31;466;488;22;
control system;6/3/2026, 11:44 AM;V8R0C;31/05/2026;36;Tabaco;COMPLETO;100;7,2;519;534;15;
control system;6/3/2026, 11:45 AM;ZT1OH;31/05/2026;39;Algodão;COMPLETO;70;7,97;448;465;17;
control system;6/3/2026, 11:45 AM;IACH7;31/05/2026;43;Algodão;COMPLETO;70;9,7;2385;2406;21;
control system;6/3/2026, 11:46 AM;26YJF;31/05/2026;46;Preparo;COMPLETO;70;9,51;1732;1756;24;
control system;6/3/2026, 11:47 AM;AFWJP;31/05/2026;49;Algodão;COMPLETO;70;9,6;1237;1257;20;
control system;6/3/2026, 11:47 AM;GDKDA;31/05/2026;63;Algodão;COMPLETO;50;7,08;1010;1024;14;
control system;6/3/2026, 11:48 AM;08F4D;31/05/2026;64;Algodão;COMPLETO;50;10,9;502;524;22;
control system;6/3/2026, 11:52 AM;IVR61;31/05/2026;65;Algodão;COMPLETO;70;10,39;1137;1156;19;
control system;6/3/2026, 11:53 AM;2OOAH;31/05/2026;70;Algodão;COMPLETO;70;9,17;502;523;21;
control system;6/3/2026, 11:54 AM;272M6;31/05/2026;74;Milho;COMPLETO;100;6,76;139;153;14;
control system;6/3/2026, 12:15 PM;Z2SG8;01/06/2026;4;Tabaco;COMPLETO;60;6,53;734;750;16;
control system;6/3/2026, 12:16 PM;T54Y1;01/06/2026;5;Tabaco;COMPLETO;100;5,52;2573;2587;14;FERTIRRIGAÇÃO
control system;6/3/2026, 12:17 PM;PAF8R;01/06/2026;8;Tabaco;COMPLETO;100;6,58;185;198;13;
control system;6/3/2026, 12:18 PM;4MYUF;01/06/2026;9;Tabaco;COMPLETO;100;5,46;363;380;17;FERTIRRIGAÇÃO
control system;6/3/2026, 12:19 PM;IL8TZ;01/06/2026;10;Tabaco;COMPLETO;100;6,3;348;363;15;
control system;6/3/2026, 12:22 PM;VM14A;01/06/2026;12;Tabaco;COMPLETO;100;6,3;259;273;14;
control system;6/3/2026, 12:26 PM;NEPU4;01/06/2026;13;Tabaco;COMPLETO;43;9,95;181;206;25;2 GIRO A 85%
control system;6/3/2026, 12:30 PM;R9BA4;01/06/2026;15;Algodão;COMPLETO;70;10,54;583;606;23;
control system;6/3/2026, 12:32 PM;0CHAN;01/06/2026;18;Milho;COMPLETO;100;6,51;845;860;15;
control system;6/3/2026, 12:33 PM;VGXCD;01/06/2026;25;Cacau;COMPLETO;100;5,8;2232;2244;12;
control system;6/3/2026, 12:35 PM;6BVNT;01/06/2026;27;Cacau;COMPLETO;80;6,67;2582;2596;14;
control system;6/3/2026, 12:36 PM;Q71EB;01/06/2026;29;Cacau;COMPLETO;100;5,14;3094;3105;11;
control system;6/3/2026, 12:37 PM;1A0YW;01/06/2026;32;Cacau;COMPLETO;100;5,7;1517;1531;14;
control system;6/3/2026, 12:40 PM;GSY0C;01/06/2026;38;Tabaco;COMPLETO;80;10,06;148;168;20;
control system;6/3/2026, 12:45 PM;3ET7M;01/06/2026;40;Tabaco;COMPLETO;100;6,96;31;45;14;FERTIRRIGAÇÃO
control system;6/3/2026, 12:46 PM;5ZLU0;01/06/2026;41;Algodão;COMPLETO;70;9,2;309;325;16;
control system;6/3/2026, 12:46 PM;99P8M;01/06/2026;42;Algodão;COMPLETO;70;8,23;1465;1482;17;
control system;6/3/2026, 12:47 PM;YZ0LC;01/06/2026;44;Milho;COMPLETO;60;12,1;107;122;15;
control system;6/3/2026, 12:48 PM;361A6;01/06/2026;47;Algodão;COMPLETO;70;10,6;1890;1913;23;
control system;6/3/2026, 12:48 PM;538PZ;01/06/2026;51;Algodão;COMPLETO;70;8,64;1285;1304;19;
control system;6/3/2026, 12:49 PM;X07HR;01/06/2026;68;Algodão;COMPLETO;50;9,6;1647;1668;21;
control system;6/3/2026, 12:50 PM;YBHCD;01/06/2026;72;Algodão;COMPLETO;70;8,74;691;709;18;
control system;6/3/2026, 06:06 PM;AV7UN;02/06/2026;109;Algodão;COMPLETO;70;8,33;1116,6;1132,1;15,5;
control system;6/3/2026, 06:06 PM;8LYAJ;02/06/2026;115;Algodão;COMPLETO;70;9,2;483,9;504,8;20,9;
control system;6/3/2026, 06:07 PM;08T0X;02/06/2026;122;Algodão;COMPLETO;70;9;2537;2557,8;20,8;
control system;6/3/2026, 06:08 PM;30T2T;02/06/2026;123;Algodão;COMPLETO;70;9,7;2964,1;2984,7;20,6;
control system;6/5/2026, 11:56 AM;JBPIH;02/06/2026;11;Tabaco;COMPLETO;100;5,52;249;263;14;
control system;6/5/2026, 12:00 PM;65OG5;02/06/2026;12;Tabaco;COMPLETO;50;12,6;273;299;26;2 GIRO A 100%
control system;6/5/2026, 12:04 PM;A7NGE;02/06/2026;13;Tabaco;COMPLETO;85;5,04;206;230;24;2 GIRO A 85%
control system;6/5/2026, 12:08 PM;VOIIQ;02/06/2026;14;Tabaco;COMPLETO;70;8,23;404;424;20;
control system;6/5/2026, 12:08 PM;SAMA0;02/06/2026;19;Algodão;COMPLETO;100;5,75;863;878;15;
control system;6/5/2026, 12:09 PM;8VZWB;02/06/2026;21;Algodão;COMPLETO;100;5,47;714;729;15;
control system;6/5/2026, 12:11 PM;AEVMA;02/06/2026;27;Cacau;COMPLETO;100;5,34;2596;2610;14;
control system;6/5/2026, 12:13 PM;Y59HH;02/06/2026;29;Cacau;D;100;5,14;3105;3108;3;
control system;6/5/2026, 12:14 PM;ZAALJ;02/06/2026;32;Cacau;COMPLETO;100;5,7;1531;1545;14;
control system;6/5/2026, 12:16 PM;OHP65;02/06/2026;36;Tabaco;COMPLETO;100;7,2;534;561;27;2 GIRO A 100%
control system;6/5/2026, 12:17 PM;51VB2;02/06/2026;39;Algodão;COMPLETO;70;7,97;465;482;17;
control system;6/5/2026, 12:18 PM;94PLM;02/06/2026;44;Milho;COMPLETO;100;7,26;122;132;10;FERTIRRIGAÇÃO
control system;6/5/2026, 12:21 PM;3SO16;02/06/2026;48;Algodão;COMPLETO;70;9,71;434;458;24;
control system;6/5/2026, 12:22 PM;N2P9X;02/06/2026;49;Algodão;COMPLETO;70;9,6;1257;1277;20;
control system;6/5/2026, 12:22 PM;XJIEF;02/06/2026;55;Algodão;COMPLETO;70;9,26;496;516;20;
control system;6/5/2026, 12:23 PM;QXB7D;02/06/2026;56;Algodão;COMPLETO;70;8,83;416;439;23;
control system;6/5/2026, 12:23 PM;5T44G;02/06/2026;58;Algodão;COMPLETO;70;9,34;1333;1353,5;20,5;
control system;6/5/2026, 12:24 PM;EIDD3;02/06/2026;63;Algodão;COMPLETO;35;10,11;1024;1044;20;
control system;6/5/2026, 12:24 PM;QHB5V;02/06/2026;64;Algodão;COMPLETO;50;10,9;524;546;22;
control system;6/5/2026, 12:28 PM;MR850;02/06/2026;69;Algodão;COMPLETO;70;6,57;501,6;527,3;25,7;
control system;6/5/2026, 12:31 PM;64LB5;03/06/2026;3;Tabaco;AB;90;7;508;516;8;
control system;6/5/2026, 12:32 PM;JCJ7Y;03/06/2026;5;Tabaco;COMPLETO;100;5,52;2587;2602;15;FERTIRRIGAÇÃO
control system;6/5/2026, 12:33 PM;40FK9;03/06/2026;6;Algodão;COMPLETO;70;8,31;424;445;21;
control system;6/5/2026, 12:36 PM;QBUA3;03/06/2026;12;Tabaco;COMPLETO;50;12,6;299;327;28;2 GIRO A 100%
control system;6/5/2026, 12:41 PM;0FUH8;03/06/2026;13;Tabaco;COMPLETO;85;5,04;230;256;26;2 GIRO A 85%
control system;6/5/2026, 12:47 PM;1I90K;03/06/2026;14;Tabaco;COMPLETO;80;7,2;424;440;16;
control system;6/5/2026, 12:51 PM;UC15N;03/06/2026;17;Algodão;COMPLETO;70;9;382;403;21;
control system;6/5/2026, 12:56 PM;9FE59;03/06/2026;18;Milho;COMPLETO;100;6,51;860;875;15;
control system;6/5/2026, 12:59 PM;1ETR0;03/06/2026;24;Algodão;COMPLETO;70;9;370;391;21;
control system;6/5/2026, 01:02 PM;WFFRJ;03/06/2026;25;Cacau;COMPLETO;100;5,8;2244;2256;12;FERTIRRIGAÇÃO
control system;6/5/2026, 01:03 PM;EP6SZ;03/06/2026;26;Algodão;COMPLETO;70;8,14;618;639;21;
control system;6/5/2026, 01:03 PM;SK8OF;03/06/2026;30;Algodão;COMPLETO;70;8,57;793;814;21;
control system;6/5/2026, 01:04 PM;YIU96;03/06/2026;31;Algodão;COMPLETO;70;8,83;586;607;21;
control system;6/5/2026, 01:06 PM;MTN33;03/06/2026;37;Tabaco;COMPLETO;100;9,04;402;412;10;FERTIRRIGAÇÃO MUDOU A PLACA
control system;6/5/2026, 01:07 PM;E78CO;03/06/2026;40;Tabaco;COMPLETO;90;7,73;45;56;11;
control system;6/5/2026, 01:07 PM;VKKHQ;03/06/2026;43;Algodão;COMPLETO;70;9,7;2406;2427;21;
control system;6/5/2026, 01:08 PM;O5ZPG;03/06/2026;51;Algodão;COMPLETO;70;8,64;1304;1323;19;
control system;6/5/2026, 01:08 PM;179AC;03/06/2026;52;Preparo;COMPLETO;50;13,92;46;76;30;
control system;6/5/2026, 01:09 PM;BMRQD;03/06/2026;53;Algodão;COMPLETO;50;9,26;808;827;19;
control system;6/5/2026, 01:09 PM;JGIRL;03/06/2026;54;Algodão;COMPLETO;60;9,67;1527;1549;22;
control system;6/5/2026, 01:10 PM;7GAHM;03/06/2026;58;Algodão;COMPLETO;100;6,54;1353,5;1368;14,5;FERTIRRIGAÇÃO
control system;6/5/2026, 01:10 PM;2E7F1;03/06/2026;68;Algodão;COMPLETO;50;9,6;1668;1689;21;
control system;6/5/2026, 01:11 PM;MOPYE;03/06/2026;71;Crotalária;D;70;6,93;184;186;2;
control system;6/5/2026, 01:12 PM;XGLBX;03/06/2026;71;Milheto;ABC;70;6,93;186;193;7;
control system;6/5/2026, 01:12 PM;E5DAX;03/06/2026;103;Algodão;COMPLETO;60;8,6;1704,1;1723,5;19,4;
control system;6/5/2026, 01:12 PM;IP83X;03/06/2026;74;Milho;COMPLETO;70;9,66;153;173;20;
control system;6/5/2026, 01:13 PM;YQ5YP;03/06/2026;112;Algodão;COMPLETO;50;12,74;463,1;491,8;28,7;
control system;6/5/2026, 01:15 PM;GCA98;03/06/2026;114;Algodão;COMPLETO;45;13,2;374,6;402,5;27,9;
control system;6/5/2026, 01:16 PM;K1CR6;03/06/2026;116;Algodão;COMPLETO;100;6,44;441,5;456;14,5;FERTI
control system;6/5/2026, 01:17 PM;RC742;03/06/2026;120;Tabaco;COMPLETO;100;6,51;447,8;461,9;14,1;
control system;6/5/2026, 01:19 PM;Z1MPD;03/06/2026;121;Preparo;1/2-PIVO;50;12,74;370,7;385,5;14,8;
control system;6/5/2026, 01:23 PM;FMGHA;03/06/2026;125;Milho Semente;1/2-PIVO;55;8,18;616,9;620,5;3,6;50º GRAUS TESTE
control system;6/5/2026, 01:24 PM;1K78F;03/06/2026;133;Milheto;1/2-PIVO;55;9,36;247,1;250,7;3,6;60º GRAUS TESTE
control system;6/5/2026, 01:26 PM;80QTO;04/06/2026;101;Algodão;COMPLETO;70;7,97;2950,1;2967,9;17,8;
control system;6/5/2026, 01:27 PM;UX8SC;04/06/2026;104;Algodão;COMPLETO;50;9,9;2828,1;2851,1;23;
control system;6/5/2026, 01:27 PM;A0Q7T;04/06/2026;113;Algodão;COMPLETO;70;9,1;1308,4;1329,2;20,8;
control system;6/5/2026, 01:36 PM;2CKP8;04/06/2026;124;Preparo;1/2-PIVO;50;11,76;511,4;525;13,6;
control system;6/5/2026, 01:36 PM;97W2Q;04/06/2026;125;Milho Semente;COMPLETO;50;9;620,5;643,6;23,1;
control system;6/5/2026, 01:37 PM;B2EKC;04/06/2026;127;Gergelim;COMPLETO;70;6,89;504,9;522,1;17,2;
control system;6/5/2026, 01:37 PM;DIXLS;04/06/2026;129;Gergelim;COMPLETO;70;7,64;1065,6;1083;17,4;
control system;6/5/2026, 01:40 PM;W4GCM;04/06/2026;130;Milho Semente;1/2-PIVO;100;5,76;406,4;415,7;9,3;
control system;6/5/2026, 04:46 PM;EQ21E;04/06/2026;2;Algodão;COMPLETO;100;5,3;986;999;13;
control system;6/5/2026, 04:47 PM;RRVS5;04/06/2026;8;Tabaco;COMPLETO;100;6,58;198;213;15;
control system;6/5/2026, 04:48 PM;7BYNI;04/06/2026;10;Tabaco;COMPLETO;100;6,3;363;377;14;FERTIRRIGAÇÃO
control system;6/5/2026, 04:50 PM;LV1NH;04/06/2026;12;Tabaco;COMPLETO;100;6,3;327;341;14;FERTIRRIGAÇÃO
control system;6/5/2026, 05:26 PM;WCF3P;04/06/2026;13;Tabaco;COMPLETO;85;5,04;256;268;12;
control system;6/5/2026, 05:28 PM;H2K2A;04/06/2026;14;Tabaco;COMPLETO;90;6,4;440;455;15;
control system;6/5/2026, 05:29 PM;JEQ2L;04/06/2026;15;Algodão;COMPLETO;70;10,54;606;630;24;
control system;6/5/2026, 05:29 PM;R4NOI;04/06/2026;16;Algodão;COMPLETO;70;10,27;392;413;21;
control system;6/5/2026, 05:33 PM;E0T5R;04/06/2026;18;Milho;COMPLETO;53;12,28;875;904;29;1 GIRO A 80% + 1/2
control system;6/5/2026, 05:34 PM;N9WHG;04/06/2026;21;Algodão;COMPLETO;70;7,81;729;750;21;
control system;6/5/2026, 05:35 PM;0XUAU;04/06/2026;27;Cacau;COMPLETO;100;5,34;2610;2623;13;
control system;6/5/2026, 05:35 PM;9ZHAG;04/06/2026;28;Preparo;COMPLETO;70;9,54;172;192;20;
control system;6/5/2026, 05:36 PM;6A558;04/06/2026;29;Cacau;COMPLETO;100;5,14;3108;3118;10;
control system;6/5/2026, 05:37 PM;4,57E+04;04/06/2026;35;Algodão;COMPLETO;70;8,31;488;510;22;
control system;6/5/2026, 05:37 PM;JUZZD;04/06/2026;32;Cacau;COMPLETO;100;5,7;1545;1559;14;
control system;6/5/2026, 05:38 PM;1QNZZ;04/06/2026;41;Algodão;COMPLETO;70;9,2;325;340;15;
control system;6/5/2026, 05:39 PM;F08FK;04/06/2026;42;Algodão;COMPLETO;70;8,23;1482;1499;17;
control system;6/5/2026, 05:40 PM;UFOA6;04/06/2026;59;Algodão;COMPLETO;70;7,4;519;539;20;
control system;6/5/2026, 05:41 PM;432CF;04/06/2026;69;Algodão;COMPLETO;50;9,2;527,3;554,1;26,8;
control system;6/5/2026, 05:41 PM;7DLYZ;04/06/2026;72;Algodão;COMPLETO;70;8,74;709;727;18;
control system;6/5/2026, 05:42 PM;DTYR9;04/06/2026;74;Milho;COMPLETO;100;6,76;173;187;14;
control system;6/8/2026, 07:36 PM;ZG07B;05/06/2026;110;Algodão;COMPLETO;70;7,86;1519,9;1536,7;16,8;
control system;6/8/2026, 07:37 PM;ACB0M;05/06/2026;115;Algodão;COMPLETO;70;9,2;504,8;525,4;20,6;
control system;6/8/2026, 07:38 PM;266R9;05/06/2026;117;Algodão;COMPLETO;70;8,1;902;922,7;20,7;
control system;6/8/2026, 07:38 PM;49EBE;05/06/2026;125;Milho Semente;COMPLETO;100;4,5;643,6;655,3;11,7;
control system;6/8/2026, 07:39 PM;0MB9A;05/06/2026;130;Milho Semente;COMPLETO;100;5,76;415,7;430,2;14,5;
control system;6/8/2026, 07:40 PM;UJ0FV;05/06/2026;131;Algodão;COMPLETO;50;15,34;336,4;359;22,6;
control system;6/8/2026, 07:42 PM;YJIZO;05/06/2026;132;Algodão;COMPLETO;50;15,54;382,8;406,7;23,9;
control system;6/8/2026, 07:45 PM;TTNOE;06/06/2026;103;Algodão;COMPLETO;60;8,6;1723,5;1742,7;19,2;
control system;6/8/2026, 07:46 PM;72HUE;06/06/2026;105;Algodão;COMPLETO;60;8,6;362,6;381,9;19,3;
control system;6/8/2026, 07:47 PM;X2NJC;06/06/2026;106;Algodão;COMPLETO;70;7,63;2236,5;2253,2;16,7;
control system;6/8/2026, 07:48 PM;26WUL;06/06/2026;116;Algodão;COMPLETO;70;9,2;456;477,2;21,2;ALGODÃO/MILHO
control system;6/8/2026, 07:49 PM;8G49O;06/06/2026;122;Algodão;COMPLETO;60;10,5;2557,8;2581,9;24,1;
control system;6/8/2026, 07:50 PM;A3KW6;06/06/2026;123;Algodão;COMPLETO;60;11,32;2984,7;3008,9;24,2;
control system;6/8/2026, 07:51 PM;HGT69;06/06/2026;130;Milho Semente;COMPLETO;100;5,76;430,2;444,7;14,5;
control system;6/8/2026, 08:05 PM;QDBVF;06/06/2026;133;Milho Semente;COMPLETO;50;10,3;250,7;274;23,3;
control system;6/9/2026, 05:28 PM;SJN3Q;07/06/2026;101;Algodão;COMPLETO;60;9,3;2967,9;2988,7;20,8;
control system;6/9/2026, 05:29 PM;4COZW;07/06/2026;108;Algodão;COMPLETO;60;8,9;1625,9;1645,2;19,3;
control system;6/9/2026, 05:32 PM;16SP8;07/06/2026;113;Algodão;COMPLETO;70;9,1;1329,2;1349,8;20,6;
control system;6/9/2026, 05:45 PM;PR921;07/06/2026;118;Preparo;COMPLETO;50;12,88;490,3;518,7;28,4;
control system;6/9/2026, 05:46 PM;DBRK8;07/06/2026;120;Tabaco;COMPLETO;100;6,51;461,9;477;15,1;
control system;6/9/2026, 05:47 PM;PUGRO;07/06/2026;125;Milho Semente;COMPLETO;100;4,5;655,3;667,2;11,9;
control system;6/9/2026, 05:52 PM;XHL9A;07/06/2026;128;Preparo;COMPLETO;70;9,09;451,3;473,6;22,3;
control system;6/9/2026, 05:53 PM;E0STQ;07/06/2026;130;Milho Semente;COMPLETO;100;5,76;444,7;459,1;14,4;
control system;6/10/2026, 07:23 PM;ISSKQ;08/06/2026;107;Algodão;COMPLETO;70;6,69;353,5;370;16,5;
control system;6/10/2026, 07:26 PM;27CFC;08/06/2026;112;Algodão;COMPLETO;60;10,62;491,8;515,8;24;
control system;6/10/2026, 07:27 PM;GN3D9;08/06/2026;114;Algodão;COMPLETO;70;8,49;402,5;421,3;18,8;
control system;6/10/2026, 07:29 PM;H309Q;08/06/2026;125;Milho Semente;COMPLETO;100;4,5;667,2;678,9;11,7;
control system;6/10/2026, 07:39 PM;Y4V2V;08/06/2026;126;Preparo;COMPLETO;70;9,5;1300,8;1321,6;20,8;
control system;6/10/2026, 07:41 PM;HIPQL;08/06/2026;127;Gergelim;COMPLETO;70;6,89;522,1;538,4;16,3;
control system;6/10/2026, 07:41 PM;IMVDX;08/06/2026;129;Gergelim;COMPLETO;70;7,64;1083;1099,4;16,4;
control system;6/10/2026, 07:42 PM;7L2JA;08/06/2026;133;Milho Semente;COMPLETO;100;5,15;274;285,1;11,1;
control system;6/11/2026, 02:00 PM;XO7SY;09/06/2026;103;Algodão;COMPLETO;100;5,16;1742,7;1761,8;19,1;
control system;6/11/2026, 02:01 PM;PMAVC;09/06/2026;106;Algodão;COMPLETO;60;8,9;2253,2;2272,3;19,1;
control system;6/11/2026, 02:02 PM;OJP9R;09/06/2026;116;Algodão;COMPLETO;70;9,2;477,2;498,6;21,4;ALGODÃO/MILHO
control system;6/11/2026, 02:03 PM;JKBPW;09/06/2026;117;Algodão;COMPLETO;70;8,1;922,7;943,2;20,5;
control system;6/11/2026, 02:04 PM;YCOAU;09/06/2026;122;Algodão;COMPLETO;70;9;2581,9;2602,3;20,4;
control system;6/11/2026, 02:04 PM;8CQQR;09/06/2026;123;Algodão;COMPLETO;70;9,7;3008,9;3029,3;20,4;
control system;6/11/2026, 02:07 PM;L6C6C;09/06/2026;125;Milho Semente;COMPLETO;100;4,5;678,9;696,8;17,9;1 GIRO E 1/2
control system;6/11/2026, 02:07 PM;HJ4J5;09/06/2026;130;Milho Semente;COMPLETO;100;5,76;459,1;473,6;14,5;
control system;6/12/2026, 03:17 AM;60J46;05/06/2026;5;Tabaco;COMPLETO;100;5,52;2602;2618;16;
control system;6/12/2026, 03:20 AM;KBW4W;05/06/2026;7;Tabaco;COMPLETO;100;5,52;145;158;13;
control system;6/12/2026, 03:22 AM;6WUAH;05/06/2026;9;Tabaco;COMPLETO;90;6,07;380;395;15;
control system;6/12/2026, 03:24 AM;UFG7G;05/06/2026;11;Tabaco;COMPLETO;100;5,52;263;276;13;FERTIIRRIGAÇÃO
control system;6/12/2026, 03:25 AM;QYRTK;05/06/2026;13;Tabaco;COMPLETO;85;5,04;268;280;12;
control system;6/12/2026, 03:27 AM;5X5IN;05/06/2026;14;Tabaco;COMPLETO;90;6,4;455;471;16;
control system;6/12/2026, 03:28 AM;NVTBB;05/06/2026;18;Milho;COMPLETO;90;7,23;904;923;19;
control system;6/12/2026, 03:30 AM;1HHRQ;05/06/2026;19;Algodão;COMPLETO;70;8,21;878;899;21;
control system;6/12/2026, 03:31 AM;MNPGC;05/06/2026;20;Algodão;COMPLETO;70;9,77;1536;1559;23;
control system;6/12/2026, 03:32 AM;YX6DR;05/06/2026;22;Algodão;COMPLETO;70;10,3;1124;1146;22;
control system;6/12/2026, 03:33 AM;AAX77;05/06/2026;24;Algodão;COMPLETO;70;9;391;414;23;
control system;6/12/2026, 03:34 AM;LRHTG;05/06/2026;25;Cacau;COMPLETO;80;7,25;2256;2270;14;
control system;6/12/2026, 03:36 AM;FO4M2;05/06/2026;30;Algodão;COMPLETO;70;8,57;814;836;22;
control system;6/12/2026, 03:37 AM;VWM5J;05/06/2026;31;Algodão;COMPLETO;70;8,83;607;629;22;
control system;6/12/2026, 03:40 AM;D2L7T;05/06/2026;39;Algodão;COMPLETO;70;7,97;482;499;17;
control system;6/12/2026, 03:43 AM;6SM49;05/06/2026;40;Tabaco;COMPLETO;100;6,96;56;71;15;FERTIIRRIGAÇÃO
control system;6/12/2026, 03:44 AM;9BSOZ;05/06/2026;43;Algodão;COMPLETO;70;9,7;2427;2448;21;
control system;6/12/2026, 03:47 AM;3NPGS;05/06/2026;46;Tabaco;COMPLETO;60;11,1;1756;1780;24;
control system;6/12/2026, 03:48 AM;AYXQG;05/06/2026;48;Algodão;COMPLETO;70;9,71;458;480;22;
control system;6/12/2026, 03:49 AM;4YUXY;05/06/2026;49;Algodão;COMPLETO;70;9,6;1277;1297;20;
control system;6/12/2026, 03:51 AM;GHA4J;05/06/2026;58;Algodão;COMPLETO;50;13,08;1368;1389;21;
control system;6/12/2026, 03:52 AM;LREYM;05/06/2026;61;Algodão;COMPLETO;70;8,7;1398;1420;22;
control system;6/12/2026, 03:53 AM;HFJDE;05/06/2026;62;Algodão;COMPLETO;70;7,97;482,9;504;21,1;
control system;6/12/2026, 03:54 AM;W6WRJ;05/06/2026;63;Algodão;COMPLETO;35;10,11;1044;1065;21;
control system;6/12/2026, 03:55 AM;UXNBR;05/06/2026;64;Algodão;COMPLETO;50;10,9;546;568;22;
control system;6/12/2026, 03:56 AM;W95XQ;05/06/2026;65;Algodão;COMPLETO;70;10,39;1156;1178;22;
control system;6/12/2026, 04:02 AM;IJEE5;06/06/2026;2;Algodão;COMPLETO;70;7,57;999;1015;16;
;;;;;;;;;;;;
;;;;;;;;;;;;
control system;6/12/2026, 04:05 AM;XVGOK;06/06/2026;3;Tabaco;COMPLETO;100;6,3;516;530;14;
control system;6/12/2026, 04:07 AM;6U1C9;06/06/2026;4;Tabaco;COMPLETO;60;6,53;750;765;15;
control system;6/12/2026, 04:09 AM;BNFY4;06/06/2026;12;Tabaco;COMPLETO;100;6,3;341;355;14;
control system;6/12/2026, 04:10 AM;ZO1Z7;06/06/2026;13;Tabaco;COMPLETO;85;5,04;280;291,5;11,5;
control system;6/12/2026, 04:11 AM;WHW28;06/06/2026;17;Algodão;COMPLETO;70;9;403;426;23;
control system;6/12/2026, 04:11 AM;DJGTG;06/06/2026;18;Milho;COMPLETO;80;8,14;923;941;18;
control system;6/12/2026, 04:13 AM;ZX8ET;06/06/2026;21;Algodão;COMPLETO;70;7,81;750;772;22;
control system;6/12/2026, 04:14 AM;5Y5JY;06/06/2026;27;Cacau;COMPLETO;100;5,34;2623;2636;13;
control system;6/12/2026, 04:18 AM;LEHTY;06/06/2026;29;Cacau;COMPLETO;100;5,14;3118;3128;10;
control system;6/12/2026, 04:19 AM;XOYSZ;06/06/2026;32;Cacau;COMPLETO;100;5,7;1559;1573;14;
control system;6/12/2026, 04:20 AM;IUSS9;06/06/2026;36;Tabaco;COMPLETO;100;7,2;561;576;15;
control system;6/12/2026, 04:22 AM;IAC6G;06/06/2026;41;Algodão;COMPLETO;70;9,2;340;355;15;
control system;6/12/2026, 04:23 AM;EZR7F;06/06/2026;44;Milho;COMPLETO;70;10,37;132;146;14;
control system;6/12/2026, 04:26 AM;HTX74;06/06/2026;51;Algodão;COMPLETO;70;8,64;1323;1342;19;
control system;6/12/2026, 04:27 AM;5FKQJ;06/06/2026;53;Algodão;COMPLETO;35;13,23;827;855;28;
control system;6/12/2026, 04:27 AM;07BNC;06/06/2026;54;Algodão;COMPLETO;70;8,29;1549;1568;19;
control system;6/12/2026, 04:28 AM;UAG7M;06/06/2026;55;Algodão;COMPLETO;70;9,26;516;536;20;
control system;6/12/2026, 04:29 AM;JAZX5;06/06/2026;71;Milheto;COMPLETO;100;4,85;193;200;7;
control system;6/12/2026, 04:30 AM;NQ7TJ;06/06/2026;72;Algodão;COMPLETO;70;8,74;727;745;18;
control system;6/12/2026, 04:31 AM;Q444F;06/06/2026;74;Milho;COMPLETO;80;8,45;187;205;18;
control system;6/12/2026, 04:49 AM;Y8HXX;07/06/2026;5;Tabaco;COMPLETO;100;5,52;2618;2632;14;
control system;6/12/2026, 04:49 AM;XJPD9;07/06/2026;6;Algodão;COMPLETO;60;9,7;445;470;25;
control system;6/12/2026, 04:50 AM;8DLD4;07/06/2026;7;Tabaco;COMPLETO;100;5,52;158;170;12;
control system;6/12/2026, 04:51 AM;HYX6K;07/06/2026;8;Tabaco;COMPLETO;70;9,4;213;234;21;
control system;6/12/2026, 04:52 AM;1EIRP;07/06/2026;13;Tabaco;COMPLETO;85;5,04;291,5;303;11,5;
control system;6/12/2026, 04:53 AM;MGE5R;07/06/2026;14;Tabaco;COMPLETO;100;5,76;471;483;12;
control system;6/12/2026, 04:54 AM;A62PG;07/06/2026;15;Algodão;COMPLETO;70;10,54;630;653;23;
control system;6/12/2026, 04:55 AM;OWEE0;07/06/2026;18;Milho;COMPLETO;70;9,3;941;961;20;
control system;6/12/2026, 04:55 AM;J3TNJ;07/06/2026;19;Algodão;COMPLETO;70;8,21;899;921;22;
control system;6/12/2026, 04:56 AM;K3TC6;07/06/2026;25;Cacau;COMPLETO;80;7,25;2270;2284;14;
control system;6/12/2026, 04:58 AM;EDFZY;07/06/2026;26;Algodão;COMPLETO;60;9,5;639;664;25;
control system;6/12/2026, 04:58 AM;AERK2;07/06/2026;35;Algodão;COMPLETO;70;8,31;510;533;23;
control system;6/12/2026, 05:00 AM;D6TA2;07/06/2026;37;Tabaco;COMPLETO;100;9,04;412;422;10;
control system;6/12/2026, 05:01 AM;1CZE6;07/06/2026;38;Tabaco;COMPLETO;100;8,05;168;181;13;
control system;6/12/2026, 05:02 AM;CPH0C;07/06/2026;42;Algodão;COMPLETO;70;8,23;1499;1517;18;
control system;6/12/2026, 05:03 AM;S801I;07/06/2026;43;Algodão;COMPLETO;70;9,7;2448;2469;21;
control system;6/12/2026, 05:04 AM;KQERH;07/06/2026;44;Milho;COMPLETO;70;10,37;146;160;14;
control system;6/12/2026, 05:05 AM;Q6OVC;07/06/2026;46;Tabaco;CD;60;11,1;1780;1792;12;
control system;6/12/2026, 05:07 AM;LBDFJ;07/06/2026;47;Algodão;COMPLETO;70;10,6;1913;1936;23;
control system;6/12/2026, 05:08 AM;HIK3Y;07/06/2026;48;Algodão;COMPLETO;70;9,71;480;502;22;
control system;6/12/2026, 05:11 AM;14D35;07/06/2026;49;Algodão;COMPLETO;70;9,6;1297;1317;20;
control system;6/12/2026, 05:13 AM;8UA74;07/06/2026;58;Algodão;COMPLETO;70;9,34;1389;1411;22;
control system;6/12/2026, 05:14 AM;MGPGT;07/06/2026;69;Algodão;COMPLETO;50;9,2;554,1;578,7;24,6;
control system;6/12/2026, 05:16 AM;YDRVZ;07/06/2026;70;Algodão;COMPLETO;60;10,7;523;548;25;
control system;6/12/2026, 05:17 AM;GOI1R;07/06/2026;74;Algodão;COMPLETO;70;9,66;205;225;20;
control system;6/12/2026, 05:23 AM;Z92JD;08/06/2026;10;Tabaco;COMPLETO;90;7;377;393;16;
control system;6/12/2026, 05:24 AM;PKNR2;08/06/2026;11;Tabaco;COMPLETO;100;5,52;276;291;15;
control system;6/12/2026, 05:26 AM;YFEU7;08/06/2026;13;Tabaco;COMPLETO;85;5,04;303;314;11;
control system;6/12/2026, 05:27 AM;7WC4Y;08/06/2026;14;Tabaco;ABD;100;5,76;483;494;11;
control system;6/12/2026, 05:29 AM;WVEOK;08/06/2026;17;Algodão;COMPLETO;70;9;426;446;20;
control system;6/12/2026, 05:31 AM;8UFKD;08/06/2026;18;Milho;COMPLETO;80;8,14;961;980;19;
control system;6/12/2026, 05:32 AM;DNHUE;08/06/2026;20;Algodão;COMPLETO;70;9,77;1559;1581;22;
;;;;;;;;;;;;
control system;6/12/2026, 05:36 AM;WVVDO;08/06/2026;27;Cacau;COMPLETO;90;5,93;2636;2649;13;
control system;6/12/2026, 05:36 AM;GQBXS;08/06/2026;29;Cacau;COMPLETO;70;7,34;3128;3138;10;
control system;6/12/2026, 05:37 AM;KEKSG;08/06/2026;31;Algodão;COMPLETO;70;8,83;629;651;22;
control system;6/12/2026, 05:38 AM;06JGB;08/06/2026;32;Cacau;COMPLETO;100;5,7;1573;1586,5;13,5;
control system;6/12/2026, 05:40 AM;QFRU1;08/06/2026;38;Tabaco;COMPLETO;100;8,05;181;194;13;FERTIIRRIGAÇÃO
control system;6/12/2026, 05:41 AM;G4BXX;08/06/2026;39;Algodão;COMPLETO;70;7,97;499;516,5;17,5;
control system;6/12/2026, 05:42 AM;RIDUN;08/06/2026;40;Tabaco;COMPLETO;100;6,96;71;85;14;
control system;6/12/2026, 05:43 AM;JT062;08/06/2026;41;Algodão;COMPLETO;70;9,2;355;370;15;
control system;6/12/2026, 05:44 AM;B9F6Y;08/06/2026;43;Algodão;COMPLETO;70;9,7;2469;2490;21;
control system;6/12/2026, 05:45 AM;S3B76;08/06/2026;51;Algodão;COMPLETO;70;8,64;1342;1361;19;
control system;6/12/2026, 05:46 AM;HVHGX;08/06/2026;53;Algodão;COMPLETO;70;6,61;855;869;14;
control system;6/12/2026, 05:48 AM;IQWRT;08/06/2026;54;Algodão;COMPLETO;70;8,29;1568;1587;19;
control system;6/12/2026, 05:49 AM;6BN4Q;08/06/2026;55;Algodão;COMPLETO;70;9,26;536;556;20;
control system;6/12/2026, 05:50 AM;1WXKK;08/06/2026;56;Algodão;COMPLETO;75;8,24;439;459;20;
control system;6/12/2026, 05:52 AM;LCZ7A;08/06/2026;63;Algodão;COMPLETO;40;8,85;1065;1083;18;
control system;6/12/2026, 05:53 AM;25P0O;08/06/2026;64;Algodão;COMPLETO;50;10,9;568;590;22;
control system;6/12/2026, 05:54 AM;KHZ9F;08/06/2026;65;Algodão;COMPLETO;70;10,39;1178;1200;22;
control system;6/12/2026, 05:55 AM;LF90I;08/06/2026;72;Algodão;COMPLETO;70;8,74;745;763;18;
control system;6/12/2026, 05:57 AM;REOE8;09/06/2026;2;Algodão;COMPLETO;70;7,57;1015;1033;18;
control system;6/12/2026, 05:59 AM;VZZII;09/06/2026;4;Tabaco;COMPLETO;80;4,9;765;777;12;
control system;6/12/2026, 06:01 AM;WYKMF;09/06/2026;6;Algodão;COMPLETO;70;8,31;470;491;21;
control system;6/12/2026, 06:02 AM;HGTZL;09/06/2026;7;Tabaco;COMPLETO;100;5,52;170;182;12;FERTIIRRIGAÇÃO
control system;6/12/2026, 06:04 AM;HV301;09/06/2026;9;Tabaco;COMPLETO;90;6,07;395;409;14;
control system;6/12/2026, 06:05 AM;ZD7OR;09/06/2026;12;Tabaco;COMPLETO;100;6,3;355;369;14;
control system;6/12/2026, 06:06 AM;XFH9E;09/06/2026;13;Tabaco;COMPLETO;85;5,04;314;325;11;
control system;6/12/2026, 06:07 AM;6OX2K;09/06/2026;14;Tabaco;COMPLETO;100;5,76;494;508;14;
control system;6/12/2026, 06:08 AM;D1EKL;09/06/2026;18;Milho;1/2-PIVO;60;10,85;980;992,5;12,5;
control system;6/12/2026, 06:09 AM;0M5YO;09/06/2026;22;Algodão;COMPLETO;100;7,21;1146;1161;15;
control system;6/12/2026, 06:11 AM;XDJJR;09/06/2026;23;Tabaco;COMPLETO;90;5,87;473;489,5;16,5;
control system;6/12/2026, 06:12 AM;T4M6C;09/06/2026;25;Cacau;COMPLETO;100;5,8;2284;2296;12;
control system;6/12/2026, 06:13 AM;IYKPO;09/06/2026;29;Cacau;COMPLETO;100;5,14;3138;3148;10;FERTIIRRIGAÇÃO
control system;6/12/2026, 06:14 AM;4,27E+04;09/06/2026;35;Algodão;COMPLETO;100;5,82;533;549;16;
control system;6/12/2026, 06:16 AM;NNYJW;09/06/2026;36;Tabaco;COMPLETO;100;7,2;576;591;15;FERTIIRRIGAÇÃO
control system;6/12/2026, 06:17 AM;ILABS;09/06/2026;44;Milho;COMPLETO;70;10,37;160;174;14;
control system;6/12/2026, 06:19 AM;XHYRK;09/06/2026;47;Algodão;COMPLETO;100;7,42;1936;1959;23;
control system;6/12/2026, 06:20 AM;CD322;09/06/2026;48;Algodão;COMPLETO;70;9,71;502;523;21;
control system;6/12/2026, 06:20 AM;960F7;09/06/2026;52;Preparo;COMPLETO;50;13,92;76;107;31;
control system;6/12/2026, 06:21 AM;UO2IC;09/06/2026;58;Algodão;COMPLETO;70;9,34;1411;1433;22;
control system;6/12/2026, 06:23 AM;JTEDV;09/06/2026;68;Algodão;COMPLETO;50;9,6;1689;1711;22;
control system;6/12/2026, 06:23 AM;46BB9;09/06/2026;69;Algodão;COMPLETO;50;9,2;578,7;601;22,3;
control system;6/12/2026, 06:24 AM;1889G;09/06/2026;71;Crotalária;COMPLETO;50;9,7;200;215;15;
control system;6/12/2026, 06:25 AM;19VO4;09/06/2026;72;Algodão;COMPLETO;65;9,42;763;783;20;
control system;6/12/2026, 06:31 AM;NGVS4;10/06/2026;5;Tabaco;COMPLETO;100;5,52;2632;2646;14;FERTIIRRIGAÇÃO
control system;6/12/2026, 06:32 AM;YPUII;10/06/2026;8;Tabaco;COMPLETO;100;6,58;234;248;14;FERTIIRRIGAÇÃO
control system;6/12/2026, 06:33 AM;E8REP;10/06/2026;13;Tabaco;COMPLETO;100;4,28;325;335;10;
control system;6/12/2026, 06:33 AM;YX0WR;10/06/2026;14;Tabaco;COMPLETO;100;5,76;508;522;14;
control system;6/12/2026, 06:34 AM;SQE36;10/06/2026;15;Algodão;COMPLETO;70;10,54;653;675;22;
control system;6/12/2026, 06:35 AM;R6M6U;10/06/2026;18;Milho;COMPLETO;70;9,3;992,5;1014;21,5;
control system;6/12/2026, 06:36 AM;LTRKD;10/06/2026;20;Algodão;COMPLETO;100;6,84;1581;1603;22;
control system;6/12/2026, 06:37 AM;2JJWF;10/06/2026;21;Algodão;COMPLETO;70;7,81;772;794;22;
control system;6/12/2026, 06:37 AM;DEORR;10/06/2026;22;Algodão;COMPLETO;70;10,3;1161;1183;22;
control system;6/12/2026, 06:38 AM;FYMZL;10/06/2026;23;Tabaco;ABD;75;7,04;489,5;504;14,5;
control system;6/12/2026, 06:39 AM;ICY1D;10/06/2026;26;Algodão;COMPLETO;70;8,14;664;686;22;
;;;;;;;;;;;;
control system;6/12/2026, 06:41 AM;1ZTVG;10/06/2026;27;Cacau;COMPLETO;80;6,67;2649;2663;14;
control system;6/12/2026, 06:42 AM;F53NF;10/06/2026;32;Cacau;COMPLETO;80;7,13;1586,5;1604;17,5;
control system;6/12/2026, 06:43 AM;EZC4A;10/06/2026;38;Tabaco;COMPLETO;100;8,05;194;207;13;FERTIIRRIGAÇÃO
control system;6/12/2026, 06:44 AM;SJD45;10/06/2026;39;Algodão;COMPLETO;70;7,97;516,5;534;17,5;
control system;6/12/2026, 06:45 AM;FXF66;10/06/2026;42;Algodão;COMPLETO;70;8,23;1517;1534,5;17,5;
control system;6/12/2026, 06:46 AM;E0BX3;10/06/2026;49;Algodão;COMPLETO;70;9,6;1317;1337;20;
control system;6/12/2026, 06:46 AM;G26R7;10/06/2026;51;Algodão;COMPLETO;70;8,64;1361;1380;19;
control system;6/12/2026, 06:47 AM;VILYA;10/06/2026;53;Algodão;COMPLETO;70;6,61;869;883;14;
;;;;;;;;;;;;
control system;6/12/2026, 06:51 AM;E87EY;10/06/2026;54;Algodão;COMPLETO;70;8,29;1587;1606;19;
control system;6/12/2026, 06:51 AM;NMG38;10/06/2026;55;Algodão;COMPLETO;70;9,26;556;576;20;
control system;6/12/2026, 06:53 AM;IFH4L;10/06/2026;71;Tabaco;COMPLETO;80;6,06;215;224;9;
control system;6/12/2026, 06:54 AM;RLR9F;10/06/2026;74;Milho;COMPLETO;75;9,01;225;244;19;
control system;6/12/2026, 11:48 AM;J5V83;10/06/2026;101;Algodão;COMPLETO;60;9,3;2988,7;3009,3;20,6;
control system;6/12/2026, 11:49 AM;XHKRQ;10/06/2026;109;Algodão;COMPLETO;60;9,72;1132,1;1152,2;20,1;
control system;6/12/2026, 11:49 AM;8SDKJ;10/06/2026;110;Algodão;COMPLETO;70;7,86;1536,7;1553,4;16,7;
control system;6/12/2026, 11:50 AM;N3PVV;10/06/2026;113;Algodão;COMPLETO;70;9,1;1349,8;1370,3;20,5;
control system;6/12/2026, 12:10 PM;K22OB;10/06/2026;121;Preparo;1/2-PIVO;50;12,74;385,5;394,3;8,8;SO 90º
control system;6/12/2026, 12:11 PM;80Y0X;10/06/2026;125;Milho Semente;COMPLETO;100;4,5;696,8;708,6;11,8;
control system;6/12/2026, 12:11 PM;I9IH1;10/06/2026;126;Preparo;COMPLETO;70;9,5;1321,6;1341,1;19,5;
control system;6/12/2026, 12:12 PM;JTB7B;10/06/2026;130;Milho Semente;COMPLETO;100;5,76;473,6;488,4;14,8;
control system;6/12/2026, 12:13 PM;K24TA;10/06/2026;133;Milho Semente;COMPLETO;100;5,15;285,1;296,9;11,8;
control system;6/15/2026, 04:56 PM;ITSUS;11/06/2026;116;Algodão;COMPLETO;70;9,2;498,6;519,2;20,6;ALGODÃO/MILHO
control system;6/15/2026, 04:57 PM;G485S;11/06/2026;117;Algodão;COMPLETO;70;8,1;943,2;964,8;21,6;
control system;6/15/2026, 04:58 PM;59MMJ;11/06/2026;122;Algodão;COMPLETO;70;9;2602,3;2622,8;20,5;
control system;6/15/2026, 04:59 PM;UC6RL;11/06/2026;123;Algodão;COMPLETO;70;9,7;3029,3;3049,9;20,6;
control system;6/15/2026, 04:59 PM;E2D3M;11/06/2026;125;Milho Semente;COMPLETO;100;4,5;708,6;720,3;11,7;
control system;6/15/2026, 05:00 PM;0PJKV;11/06/2026;128;Preparo;COMPLETO;70;9,09;473,6;493,4;19,8;
control system;6/15/2026, 05:00 PM;B79ZH;11/06/2026;130;Milho Semente;COMPLETO;100;5,76;488,4;502,6;14,2;
control system;6/15/2026, 05:02 PM;9T67E;11/06/2026;133;Milho Semente;COMPLETO;100;5,15;296,9;308,7;11,8;
control system;6/15/2026, 05:03 PM;3YSF3;12/06/2026;103;Algodão;COMPLETO;70;7,37;1761,8;1778,4;16,6;
control system;6/15/2026, 05:03 PM;QOT1Q;12/06/2026;106;Algodão;COMPLETO;70;7,63;2272,3;2288,8;16,5;
control system;6/15/2026, 05:04 PM;P6TIC;12/06/2026;108;Algodão;COMPLETO;70;7,63;1645,2;1662;16,8;
control system;6/15/2026, 05:05 PM;4YE1A;12/06/2026;112;Algodão;COMPLETO;60;10,62;515,8;539,5;23,7;
control system;6/15/2026, 05:06 PM;IF0DY;12/06/2026;114;Algodão;COMPLETO;60;9,9;421,3;442,2;20,9;
control system;6/15/2026, 05:06 PM;JR76F;12/06/2026;130;Milho Semente;COMPLETO;100;5,76;502,6;517;14,4;
control system;6/15/2026, 05:08 PM;KSKZ7;12/06/2026;133;Milho Semente;1/2-PIVO;100;5,15;308,7;314,6;5,9;
control system;6/15/2026, 05:09 PM;UAIQX;13/06/2026;101;Algodão;COMPLETO;70;7,97;3009,3;3027;17,7;
control system;6/15/2026, 05:10 PM;YWWKX;13/06/2026;120;Tabaco;COMPLETO;100;6,51;477;491,3;14,3;
control system;6/15/2026, 05:10 PM;B5MHC;13/06/2026;122;Algodão;COMPLETO;70;9;2622,8;2643,6;20,8;
control system;6/15/2026, 05:11 PM;JYGE3;13/06/2026;123;Algodão;COMPLETO;70;9,7;3049,9;3070,4;20,5;
control system;6/15/2026, 05:12 PM;EUQ92;13/06/2026;125;Milho Semente;COMPLETO;100;4,5;720,3;732;11,7;
control system;6/15/2026, 05:13 PM;FXTRD;13/06/2026;127;Gergelim;COMPLETO;70;6,89;538,4;554,6;16,2;
control system;6/15/2026, 05:14 PM;UNSMI;13/06/2026;128;Preparo;COMPLETO;70;9,09;493,4;513,1;19,7;
control system;6/15/2026, 05:15 PM;ECZKM;13/06/2026;129;Gergelim;COMPLETO;70;7,64;1099,4;1115,9;16,5;
control system;6/16/2026, 04:53 PM;VI0GJ;14/06/2026;105;Algodão;COMPLETO;70;7,37;381,9;398,5;16,6;
control system;6/16/2026, 04:56 PM;139H1;14/06/2026;106;Algodão;COMPLETO;70;7,63;2288,8;2305;16,2;
control system;6/16/2026, 05:12 PM;YO05J;14/06/2026;116;Algodão;COMPLETO;70;9,2;519,2;539,7;20,5;ALGODÃO/MILHO
control system;6/16/2026, 05:15 PM;ODH46;14/06/2026;125;Milho Semente;COMPLETO;70;6,43;732;748,6;16,6;
control system;6/16/2026, 05:17 PM;02SDG;14/06/2026;126;Preparo;COMPLETO;70;9,5;1341,1;1360,6;19,5;
control system;6/16/2026, 05:19 PM;058I2;14/06/2026;130;Milho Semente;COMPLETO;70;8,23;517;537,4;20,4;
control system;6/16/2026, 05:20 PM;9V7IB;14/06/2026;133;Milho Semente;COMPLETO;70;7,36;314,6;337,5;22,9;
control system;6/17/2026, 05:43 PM;TO6F6;15/06/2026;117;Algodão;COMPLETO;100;5,67;964,8;978,7;13,9;
control system;6/17/2026, 05:44 PM;481OV;15/06/2026;133;Milho Semente;COMPLETO;70;7,36;337,5;354,2;16,7;
control system;6/18/2026, 01:44 PM;NY2KD;16/06/2026;112;Algodão;COMPLETO;70;9,1;539,5;560;20,5;
control system;6/18/2026, 01:45 PM;Z3FRU;16/06/2026;118;Preparo;COMPLETO;50;12,88;518,7;533,2;14,5;1/2 PIVO
control system;6/18/2026, 01:47 PM;WITC5;16/06/2026;125;Milho Semente;COMPLETO;100;4,5;748,6;760,3;11,7;
control system;6/18/2026, 01:49 PM;N5LKT;16/06/2026;127;Gergelim;COMPLETO;60;8,03;554,6;573,6;19;
control system;6/18/2026, 01:50 PM;T9QTY;16/06/2026;129;Gergelim;COMPLETO;60;8,92;1115,9;1135;19,1;
control system;6/18/2026, 01:52 PM;GSKUA;16/06/2026;130;Milho Semente;COMPLETO;100;5,76;537,4;552,2;14,8;
control system;6/18/2026, 01:53 PM;TFINX;16/06/2026;133;Milho Semente;COMPLETO;100;5,15;354,2;366;11,8;
control system;6/19/2026, 03:34 AM;T7L56;11/06/2026;3;Tabaco;COMPLETO;100;6,3;530;544;14;
control system;6/19/2026, 03:34 AM;N7A5O;11/06/2026;4;Tabaco;COMPLETO;60;6,53;777;792;15;
control system;6/19/2026, 03:35 AM;AW6I0;11/06/2026;10;Tabaco;COMPLETO;90;7;393;407;14;
control system;6/19/2026, 03:36 AM;VQ8H6;11/06/2026;11;Tabaco;COMPLETO;100;5,52;291;304;13;
control system;6/19/2026, 03:39 AM;VBXAP;11/06/2026;13;Tabaco;COMPLETO;85;5,04;335;348;13;
control system;6/19/2026, 03:40 AM;YLFUH;11/06/2026;14;Tabaco;COMPLETO;100;5,76;522;536;14;FERTIIRRIGAÇÃO
control system;6/19/2026, 03:41 AM;SMI1B;11/06/2026;15;Algodão;COMPLETO;70;10,54;675;697;22;
control system;6/19/2026, 03:42 AM;3SLTC;11/06/2026;17;Algodão;COMPLETO;70;9;446;466;20;
control system;6/19/2026, 03:42 AM;SF49L;11/06/2026;18;Milho;COMPLETO;100;6,51;1014;1029;15;
control system;6/19/2026, 03:44 AM;MSZ13;11/06/2026;23;Tabaco;COMPLETO;100;5,28;504;518;14;
control system;6/19/2026, 03:47 AM;7T1YY;11/06/2026;25;Cacau;COMPLETO;100;5,8;2296;2308;12;
control system;6/19/2026, 03:48 AM;YEUZS;11/06/2026;29;Cacau;COMPLETO;80;6,42;3148;3160;12;
control system;6/19/2026, 03:49 AM;KA60E;11/06/2026;31;Algodão;COMPLETO;70;8,83;651;673;22;
control system;6/19/2026, 03:50 AM;1J70R;11/06/2026;40;Tabaco;COMPLETO;100;6,96;85;99;14;
control system;6/19/2026, 03:51 AM;WNS10;11/06/2026;44;Milho;COMPLETO;70;10,37;174;195;21;
control system;6/19/2026, 03:52 AM;3QJ3S;11/06/2026;47;Algodão;COMPLETO;70;10,6;1959;1982;23;
control system;6/19/2026, 03:53 AM;ILC83;11/06/2026;55;Algodão;COMPLETO;70;9,26;576;596;20;
control system;6/19/2026, 03:54 AM;CO7OZ;11/06/2026;56;Algodão;COMPLETO;70;8,83;459;480;21;
control system;6/19/2026, 03:55 AM;NDVDM;11/06/2026;63;Algodão;COMPLETO;35;10,11;1083;1104;21;
control system;6/19/2026, 03:56 AM;45WPK;11/06/2026;64;Algodão;COMPLETO;50;10,9;590;612;22;
control system;6/19/2026, 03:57 AM;B0SHG;11/06/2026;65;Algodão;COMPLETO;70;10,39;1200;1222;22;
control system;6/19/2026, 03:58 AM;34OCS;11/06/2026;68;Algodão;COMPLETO;50;9,6;1711;1733;22;
control system;6/19/2026, 03:59 AM;UOSSO;11/06/2026;72;Algodão;COMPLETO;70;8,74;783;801;18;
control system;6/19/2026, 04:01 AM;ZUXRL;12/06/2026;2;Algodão;COMPLETO;70;7,57;1033;1052;19;
control system;6/19/2026, 04:03 AM;0CR8A;12/06/2026;5;Tabaco;COMPLETO;100;5,52;2646;2660;14;
control system;6/19/2026, 04:04 AM;OTH80;12/06/2026;9;Tabaco;COMPLETO;90;6,07;409;423;14;
control system;6/19/2026, 04:05 AM;2VET9;12/06/2026;12;Tabaco;COMPLETO;100;6,3;369;383;14;FERTIIRRIGAÇÃO
control system;6/19/2026, 04:07 AM;DUOHJ;12/06/2026;14;Tabaco;COMPLETO;100;5,76;536;550;14;
control system;6/19/2026, 04:08 AM;YUUX9;12/06/2026;18;Milho;COMPLETO;100;6,51;1029;1044;15;
control system;6/19/2026, 04:09 AM;5P8IJ;12/06/2026;23;Tabaco;COMPLETO;100;5,28;518;532;14;
control system;6/19/2026, 04:10 AM;4ELHB;12/06/2026;27;Cacau;COMPLETO;80;6,67;2663;2678;15;
control system;6/19/2026, 04:11 AM;25HLR;12/06/2026;32;Cacau;COMPLETO;80;7,13;1604;1621;17;
control system;6/19/2026, 04:12 AM;6S1LK;12/06/2026;35;Algodão;COMPLETO;70;8,31;549;572;23;
control system;6/19/2026, 04:13 AM;O20JW;12/06/2026;36;Tabaco;COMPLETO;90;8;591;609;18;
control system;6/19/2026, 04:16 AM;MJF2X;12/06/2026;37;Tabaco;COMPLETO;100;9,04;422;432;10;
control system;6/19/2026, 04:17 AM;SL53U;12/06/2026;39;Algodão;COMPLETO;70;7,97;534;552;18;
control system;6/19/2026, 04:18 AM;1QSQZ;12/06/2026;46;Tabaco;COMPLETO;90;7,4;1792;1808;16;
control system;6/19/2026, 04:19 AM;F7H7S;12/06/2026;48;Algodão;COMPLETO;70;9,71;523;544;21;
control system;6/19/2026, 04:19 AM;WX16O;12/06/2026;49;Algodão;COMPLETO;70;9,6;1337;1357;20;
control system;6/19/2026, 04:21 AM;MG4TU;12/06/2026;51;Algodão;COMPLETO;70;8,64;1380;1399;19;
control system;6/19/2026, 04:21 AM;Y75VY;12/06/2026;58;Algodão;COMPLETO;70;9,34;1433;1455;22;
control system;6/19/2026, 04:26 AM;XTD51;13/06/2026;4;Tabaco;COMPLETO;60;6,53;792;807;15;
control system;6/19/2026, 04:27 AM;M7QIT;13/06/2026;5;Tabaco;COMPLETO;90;6,13;2660;2677;17;
control system;6/19/2026, 04:30 AM;8D34S;13/06/2026;7;Tabaco;COMPLETO;100;5,52;182;195;13;
control system;6/19/2026, 04:31 AM;8SPS6;13/06/2026;8;Tabaco;COMPLETO;100;6,58;248;262;14;
control system;6/19/2026, 04:32 AM;RNI6K;13/06/2026;13;Tabaco;COMPLETO;70;6,11;348;362;14;
control system;6/19/2026, 04:37 AM;X4LP3;13/06/2026;14;Tabaco;COMPLETO;100;5,76;550;564;14;
control system;6/19/2026, 04:39 AM;K788M;13/06/2026;16;Algodão;COMPLETO;70;10,27;413;435;22;
control system;6/19/2026, 04:40 AM;OMM77;13/06/2026;17;Algodão;COMPLETO;80;7,87;466;484;18;
control system;6/19/2026, 04:44 AM;94Y2H;13/06/2026;19;Algodão;COMPLETO;70;8,21;921;943;22;
control system;6/19/2026, 04:46 AM;QUA93;13/06/2026;21;Algodão;COMPLETO;70;7,81;794;815;21;
control system;6/19/2026, 04:48 AM;LM736;13/06/2026;23;Tabaco;COMPLETO;100;5,28;532;546;14;
control system;6/19/2026, 04:53 AM;YIFTX;13/06/2026;25;Algodão;COMPLETO;70;8,29;2308;2316;8;
control system;6/19/2026, 04:55 AM;EIFCK;13/06/2026;26;Algodão;COMPLETO;70;8,14;686;708;22;
control system;6/19/2026, 04:58 AM;W6QHG;13/06/2026;29;Cacau;COMPLETO;70;7,34;3160;3173;13;
control system;6/19/2026, 05:01 AM;PRP8S;13/06/2026;41;Algodão;COMPLETO;70;9,2;370;385;15;
control system;6/19/2026, 05:04 AM;PMTXL;13/06/2026;42;Algodão;COMPLETO;70;8,23;1534,5;1552;17,5;
control system;6/19/2026, 05:06 AM;F7HIB;13/06/2026;43;Algodão;COMPLETO;70;9,7;2490;2511;21;
control system;6/19/2026, 05:07 AM;VN7YE;13/06/2026;44;Milho;COMPLETO;44;16,5;195;209;14;
control system;6/19/2026, 05:09 AM;X2S4P;13/06/2026;46;Preparo;COMPLETO;70;9,51;1808;1829;21;
control system;6/19/2026, 05:10 AM;L0DN1;13/06/2026;55;Algodão;COMPLETO;70;9,26;596;616;20;
control system;6/19/2026, 05:11 AM;5NK9M;13/06/2026;72;Algodão;COMPLETO;100;6,12;801;814;13;
control system;6/20/2026, 05:28 AM;PPD1O;14/06/2026;2;Algodão;COMPLETO;70;7,57;1052;1070;18;
control system;6/20/2026, 05:29 AM;B1PIG;14/06/2026;6;Algodão;COMPLETO;60;9,7;491;516;25;
control system;6/20/2026, 05:30 AM;7HTZ5;14/06/2026;7;Tabaco;COMPLETO;100;5,52;195;208;13;
control system;6/20/2026, 05:31 AM;KZJ23;14/06/2026;10;Tabaco;COMPLETO;90;7;407;421;14;
control system;6/20/2026, 05:31 AM;2PHJ0;14/06/2026;11;Tabaco;COMPLETO;100;5,52;304;317;13;
control system;6/20/2026, 05:32 AM;P236F;14/06/2026;14;Tabaco;COMPLETO;100;5,76;564;578;14;
control system;6/20/2026, 05:33 AM;Z7HJ2;14/06/2026;18;Milho;COMPLETO;70;9,3;1044;1066;22;
control system;6/20/2026, 05:34 AM;NT72Q;14/06/2026;23;Tabaco;COMPLETO;100;5,28;546;560;14;
control system;6/20/2026, 05:34 AM;CFUW7;14/06/2026;24;Algodão;COMPLETO;70;9;414;436;22;
control system;6/20/2026, 05:35 AM;28XY3;14/06/2026;27;Cacau;COMPLETO;80;6,67;2678;2692;14;
control system;6/20/2026, 05:35 AM;XR2I8;14/06/2026;32;Cacau;COMPLETO;100;5,7;1621;1635;14;
control system;6/20/2026, 05:37 AM;17Q8C;14/06/2026;38;Tabaco;COMPLETO;100;8,05;207;220;13;
control system;6/20/2026, 05:38 AM;04Y24;14/06/2026;40;Tabaco;COMPLETO;100;6,96;99;113;14;
control system;6/20/2026, 05:39 AM;E1735;14/06/2026;46;Tabaco;COMPLETO;70;9,51;1829;1850;21;
control system;6/20/2026, 05:39 AM;2WISH;14/06/2026;47;Algodão;COMPLETO;70;10,6;1982;2005;23;
control system;6/20/2026, 05:40 AM;0867L;14/06/2026;48;Algodão;COMPLETO;70;9,71;544;565;21;
control system;6/20/2026, 05:40 AM;DPC2M;14/06/2026;49;Algodão;COMPLETO;70;9,6;1357;1377;20;
control system;6/20/2026, 05:41 AM;J9VN6;14/06/2026;58;Algodão;COMPLETO;70;9,34;1455;1477;22;
control system;6/20/2026, 05:42 AM;WVUV5;14/06/2026;63;Algodão;COMPLETO;70;5,06;1104;1115;11;
control system;6/20/2026, 05:43 AM;LS7W7;14/06/2026;64;Algodão;COMPLETO;70;7,79;612;628;16;
control system;6/20/2026, 05:43 AM;DFSQJ;14/06/2026;65;Algodão;COMPLETO;70;10,39;1222;1244;22;
control system;6/20/2026, 05:44 AM;J8KGX;14/06/2026;68;Algodão;COMPLETO;50;9,6;1733;1755;22;
control system;6/20/2026, 05:44 AM;N4NFC;14/06/2026;69;Algodão;COMPLETO;50;9,2;601;623;22;
control system;6/20/2026, 05:45 AM;NI87S;14/06/2026;71;Milheto;COMPLETO;70;6,93;224;234;10;
control system;6/20/2026, 05:49 AM;CCMSK;15/06/2026;5;Tabaco;COMPLETO;100;5,52;2677;2691;14;
control system;6/20/2026, 05:50 AM;ZDL3A;15/06/2026;7;Tabaco;COMPLETO;100;5,52;208;221;13;FERTIIRRIGAÇÃO
control system;6/20/2026, 05:51 AM;BJ033;15/06/2026;9;Tabaco;COMPLETO;90;6,07;423;437;14;
control system;6/20/2026, 05:51 AM;6EK3R;15/06/2026;12;Tabaco;COMPLETO;100;6,3;383;397;14;
control system;6/20/2026, 05:52 AM;0XWFU;15/06/2026;13;Tabaco;COMPLETO;100;4,28;362;372;10;
control system;6/20/2026, 05:54 AM;0QB8J;15/06/2026;14;Tabaco;COMPLETO;100;5,76;578;592;14;
control system;6/20/2026, 05:55 AM;LFIQH;15/06/2026;23;Tabaco;COMPLETO;100;5,28;560;574;14;
control system;6/20/2026, 05:55 AM;VHWVU;15/06/2026;25;Cacau;COMPLETO;80;7,25;2316;2330;14;
control system;6/20/2026, 05:56 AM;N5PGU;15/06/2026;29;Cacau;COMPLETO;80;6,42;3173;3185;12;
control system;6/20/2026, 05:57 AM;ZG1S4;15/06/2026;36;Tabaco;COMPLETO;100;7,2;609;623;14;
control system;6/20/2026, 05:58 AM;0WU7R;15/06/2026;52;Preparo;COMPLETO;70;9,94;107;129;22;
control system;6/23/2026, 01:59 PM;6IL9L;17/06/2026;101;Algodão;COMPLETO;70;7,97;3027;3044,8;17,8;
control system;6/23/2026, 02:00 PM;1ZVBF;17/06/2026;103;Algodão;COMPLETO;70;7,37;1778,4;1794,9;16,5;
control system;6/23/2026, 02:02 PM;S74Z6;17/06/2026;113;Algodão;COMPLETO;70;9,1;1370,3;1391,4;21,1;FERTI
control system;6/23/2026, 02:03 PM;GAXZ4;17/06/2026;114;Algodão;COMPLETO;70;8,49;442,2;460;17,8;
control system;6/23/2026, 02:04 PM;6YAAS;17/06/2026;116;Algodão;COMPLETO;70;9,2;539,7;560,2;20,5;ALGODÃO/MILHO
control system;6/23/2026, 02:16 PM;8YAMM;17/06/2026;122;Algodão;COMPLETO;70;9;2643,6;2664;20,4;
control system;6/23/2026, 02:17 PM;S29XC;17/06/2026;123;Algodão;COMPLETO;70;9,7;3070,4;3091,1;20,7;
control system;6/23/2026, 02:20 PM;9MSMW;17/06/2026;130;Milho Semente;COMPLETO;100;5,76;552,2;566,1;13,9;FERTI
control system;6/23/2026, 02:20 PM;2ZB9R;17/06/2026;133;Milho Semente;COMPLETO;100;5,15;366;377,8;11,8;
control system;6/23/2026, 02:39 PM;1D5QY;17/06/2026;120;Tabaco;D;100;6,51;491,3;494,9;3,6;85 GRAUS
control system;6/23/2026, 05:55 PM;6Z81Z;18/06/2026;106;Algodão;COMPLETO;70;7,63;2305;2321,5;16,5;
control system;6/23/2026, 05:56 PM;IW33N;18/06/2026;109;Algodão;COMPLETO;70;8,33;1152,2;1168,6;16,4;
control system;6/23/2026, 05:57 PM;ZWT2K;18/06/2026;117;Algodão;COMPLETO;70;8,1;978,7;999;20,3;
control system;6/23/2026, 05:59 PM;Z5D50;18/06/2026;118;Preparo;1/2-PIVO;50;12,88;533,2;536,5;3,3;CANCELADO
control system;6/23/2026, 06:00 PM;CBHCR;18/06/2026;125;Milho Semente;COMPLETO;100;4,5;760,3;772,3;12;
control system;6/23/2026, 06:00 PM;5YHNN;18/06/2026;127;Gergelim;COMPLETO;60;8,03;573,6;592,6;19;
control system;6/23/2026, 06:01 PM;ON8N2;18/06/2026;129;Gergelim;COMPLETO;60;8,92;1135;1154,2;19,2;
control system;6/23/2026, 06:02 PM;J9L3F;18/06/2026;130;Milho Semente;COMPLETO;100;5,76;566,1;580,6;14,5;
control system;6/23/2026, 06:04 PM;WZPAP;18/06/2026;133;Milho Semente;COMPLETO;100;5,15;377,8;391,2;13,4;
control system;6/23/2026, 06:12 PM;9BFD6;19/06/2026;120;Tabaco;AD;100;6,51;494,9;501;6,1;190 GRAUS
control system;6/23/2026, 06:13 PM;RX4DB;19/06/2026;125;Milho Semente;COMPLETO;100;4,5;772,3;785,2;12,9;
control system;6/23/2026, 06:14 PM;9YY52;19/06/2026;126;Preparo;COMPLETO;70;9,5;1360,6;1382,8;22,2;
control system;6/23/2026, 06:15 PM;JOTNJ;19/06/2026;128;Preparo;COMPLETO;70;9,09;513,1;536;22,9;
control system;6/23/2026, 06:15 PM;PO0MX;19/06/2026;130;Milho Semente;COMPLETO;100;5,76;580,6;594,9;14,3;
control system;6/23/2026, 07:04 PM;2U30W;20/06/2026;108;Algodão;COMPLETO;70;7,63;1662;1678,7;16,7;
control system;6/23/2026, 07:05 PM;CBT7H;20/06/2026;110;Algodão;COMPLETO;70;7,86;1553,4;1570,4;17;
control system;6/23/2026, 07:07 PM;DHTO9;20/06/2026;112;Algodão;COMPLETO;70;9,1;560;580;20;
control system;6/23/2026, 07:08 PM;GTVDC;20/06/2026;116;Algodão;COMPLETO;70;9,2;560,2;581;20,8;ALGODÃO/MILHO
control system;6/23/2026, 07:09 PM;Y88EV;20/06/2026;125;Milho Semente;COMPLETO;100;4,5;785,2;795,4;10,2;
control system;6/23/2026, 07:10 PM;XGDXU;20/06/2026;133;Milho Semente;COMPLETO;70;7,36;391,2;408,4;17,2;
control system;6/23/2026, 07:11 PM;GQWKV;21/06/2026;101;Algodão;COMPLETO;70;7,97;3044,8;3062,4;17,6;
control system;6/23/2026, 07:11 PM;1VNYX;21/06/2026;103;Algodão;COMPLETO;70;7,37;1794,9;1811,4;16,5;
control system;6/23/2026, 07:12 PM;MZVA3;21/06/2026;122;Algodão;COMPLETO;60;10,5;2664;2687,6;23,6;
control system;6/23/2026, 07:13 PM;APZ2Z;21/06/2026;123;Algodão;COMPLETO;60;11,32;3091,1;3114,8;23,7;
control system;6/23/2026, 07:13 PM;BO9HW;21/06/2026;127;Gergelim;COMPLETO;70;6,89;592,6;608,9;16,3;
control system;6/23/2026, 07:16 PM;5KAP2;21/06/2026;129;Gergelim;COMPLETO;70;7,64;1154,2;1170,9;16,7;
control system;6/23/2026, 07:17 PM;WR2DG;21/06/2026;133;Milho Semente;COMPLETO;100;5,15;408,4;420,5;12,1;
control system;6/23/2026, 07:19 PM;6YJ2H;22/06/2026;106;Algodão;COMPLETO;70;7,63;2321,5;2338;16,5;
control system;6/23/2026, 07:20 PM;RYT1P;22/06/2026;112;Algodão;COMPLETO;70;9,1;580;600,8;20,8;
control system;6/23/2026, 07:20 PM;T65Z2;22/06/2026;113;Algodão;COMPLETO;70;9,1;1391,4;1411,9;20,5;
control system;6/23/2026, 07:21 PM;FIAL5;22/06/2026;117;Algodão;COMPLETO;70;8,1;999;1020,1;21,1;
control system;6/23/2026, 07:22 PM;MCW28;22/06/2026;118;Preparo;COMPLETO;50;12,88;536,5;564,8;28,3;
control system;6/23/2026, 07:22 PM;26G9J;22/06/2026;120;Tabaco;B;100;6,51;501;505;4;
control system;6/23/2026, 07:23 PM;ZXRT0;22/06/2026;133;Milho Semente;COMPLETO;100;5,15;420,5;432,4;11,9;
control system;6/25/2026, 07:04 PM;Y3NIJ;23/06/2026;114;Algodão;COMPLETO;70;8,49;460;477,7;17,2;
control system;6/25/2026, 07:05 PM;FIBOY;23/06/2026;116;Algodão;COMPLETO;70;9,2;581;601,5;20,5;ALGODÃO/MILHO
control system;6/25/2026, 07:07 PM;GOXQG;23/06/2026;122;Algodão;COMPLETO;100;6,3;2687,6;2702,6;15;FERTI
control system;6/25/2026, 07:07 PM;TDVX5;23/06/2026;125;Milho Semente;COMPLETO;100;4,5;795,4;807,3;11,9;FERTI
control system;6/25/2026, 07:10 PM;O26AE;23/06/2026;127;Gergelim;COMPLETO;70;6,89;608,9;625,2;16,3;
control system;6/25/2026, 07:11 PM;0U8O2;23/06/2026;129;Gergelim;COMPLETO;70;7,64;1170,9;1187,4;16,5;
control system;6/25/2026, 07:12 PM;T0JPU;23/06/2026;130;Milho Semente;COMPLETO;70;8,23;594,9;615,3;20,4;
control system;6/26/2026, 03:02 AM;6RYNE;16/06/2026;2;Algodão;COMPLETO;70;7,57;1070;1088;18;
control system;6/26/2026, 03:02 AM;PNSR1;16/06/2026;3;Tabaco;COMPLETO;100;6,3;544;558;14;
control system;6/26/2026, 03:04 AM;9YPCG;16/06/2026;8;Tabaco;COMPLETO;100;6,58;262;277;15;FERTIIRRIGAÇÃO
control system;6/26/2026, 03:07 AM;UIT7T;16/06/2026;13;Tabaco;COMPLETO;100;4,28;372;383;11;FERTIIRRIGAÇÃO
control system;6/26/2026, 03:08 AM;GV7ZF;16/06/2026;14;Tabaco;COMPLETO;100;5,76;592;606;14;
control system;6/26/2026, 03:08 AM;BO6D4;16/06/2026;15;Algodão;COMPLETO;70;10,54;697;719;22;
control system;6/26/2026, 03:09 AM;BVT2C;16/06/2026;17;Algodão;COMPLETO;70;9;484;504;20;
control system;6/26/2026, 03:09 AM;YQ6LW;16/06/2026;19;Algodão;COMPLETO;70;8,21;943;965;22;
control system;6/26/2026, 03:10 AM;G2QDU;16/06/2026;21;Algodão;COMPLETO;70;7,81;815;837;22;
control system;6/26/2026, 03:10 AM;TBR33;16/06/2026;26;Algodão;COMPLETO;70;8,14;708;730;22;
control system;6/26/2026, 03:11 AM;OYYV3;16/06/2026;29;Cacau;COMPLETO;80;6,42;3185;3197;12;
control system;6/26/2026, 03:13 AM;9UQWG;16/06/2026;32;Cacau;COMPLETO;80;7,13;1635;1652;17;
control system;6/26/2026, 03:17 AM;JF9O1;16/06/2026;37;Tabaco;COMPLETO;100;9,04;432;443;11;
control system;6/26/2026, 03:19 AM;JHK94;16/06/2026;39;Algodão;COMPLETO;70;7,97;570;562;18;
control system;6/26/2026, 03:22 AM;VO4G4;16/06/2026;43;Algodão;COMPLETO;70;9,7;2511;2532;21;
control system;6/26/2026, 03:24 AM;OA6UV;16/06/2026;44;Milho;COMPLETO;70;10,37;209;223;14;
control system;6/26/2026, 03:25 AM;8XT21;16/06/2026;46;Tabaco;COMPLETO;70;9,51;1850;1871;21;
control system;6/26/2026, 03:26 AM;KD85E;16/06/2026;51;Algodão;COMPLETO;70;8,64;1399;1418;19;
control system;6/26/2026, 03:26 AM;R0POK;16/06/2026;53;Algodão;COMPLETO;35;13,23;883;912;29;
control system;6/26/2026, 03:27 AM;9PFIQ;16/06/2026;54;Algodão;COMPLETO;70;8,29;1606;1625;19;
control system;6/26/2026, 03:28 AM;LBZ9V;16/06/2026;55;Algodão;COMPLETO;70;9,26;616;636;20;
control system;6/26/2026, 03:29 AM;JZSN9;16/06/2026;56;Algodão;COMPLETO;70;8,83;480;501;21;
control system;6/26/2026, 03:30 AM;K5DH6;16/06/2026;58;Algodão;COMPLETO;70;9,34;1477;1499;22;
control system;6/26/2026, 03:31 AM;AWDCF;16/06/2026;68;Algodão;COMPLETO;50;9,6;1755;1777;22;
control system;6/26/2026, 03:31 AM;RXOS8;16/06/2026;72;Algodão;COMPLETO;70;8,74;814;832;18;
control system;6/26/2026, 03:35 AM;OPVYC;17/06/2026;5;Tabaco;COMPLETO;90;6,13;2691;2708;17;
control system;6/26/2026, 03:37 AM;XZ31Q;17/06/2026;7;Tabaco;COMPLETO;100;5,52;221;234;13;
control system;6/26/2026, 03:38 AM;3IEDG;17/06/2026;10;Tabaco;COMPLETO;100;6,3;421;434;13;
control system;6/26/2026, 03:39 AM;Z9K8Y;17/06/2026;11;Tabaco;COMPLETO;100;5,52;317;330;13;
control system;6/26/2026, 03:41 AM;5QQQC;17/06/2026;14;Tabaco;COMPLETO;100;5,76;606;620;14;
control system;6/26/2026, 03:42 AM;5E5GM;17/06/2026;16;Algodão;COMPLETO;70;10,27;435;457;22;
control system;6/26/2026, 03:43 AM;XOTSX;17/06/2026;22;Algodão;COMPLETO;70;10,3;1183;1205;22;
control system;6/26/2026, 03:43 AM;U8WH9;17/06/2026;23;Tabaco;COMPLETO;100;5,28;574;588;14;
control system;6/26/2026, 03:44 AM;GPWGX;17/06/2026;24;Algodão;COMPLETO;70;9;436;458;22;
control system;6/26/2026, 03:45 AM;3W7UJ;17/06/2026;25;Cacau;COMPLETO;80;7,25;2330;2344;14;
control system;6/26/2026, 03:46 AM;QDT9U;17/06/2026;27;Cacau;COMPLETO;80;6,67;2692;2706;14;
control system;6/26/2026, 03:47 AM;2FCFL;17/06/2026;29;Cacau;B;80;6,42;3197;3200;3;
control system;6/26/2026, 03:47 AM;DTSQ9;17/06/2026;35;Algodão;COMPLETO;70;8,31;572;594;22;
control system;6/26/2026, 03:48 AM;NDR7T;17/06/2026;41;Algodão;COMPLETO;70;9,2;385;400;15;
control system;6/26/2026, 03:49 AM;IXHRZ;17/06/2026;42;Algodão;COMPLETO;70;8,23;1552;1570;18;
control system;6/26/2026, 03:50 AM;T74X0;17/06/2026;44;Milho;COMPLETO;100;7,26;223;233;10;FERTIIRRIGAÇÃO
control system;6/26/2026, 03:50 AM;Y5H9M;17/06/2026;46;Algodão;COMPLETO;80;8,32;1871;1889;18;
control system;6/26/2026, 03:51 AM;97DWY;17/06/2026;47;Algodão;COMPLETO;70;10,6;2005;2028;23;
control system;6/26/2026, 03:52 AM;820Z1;17/06/2026;48;Algodão;COMPLETO;70;9,71;565;586;21;
control system;6/26/2026, 03:52 AM;9NOSM;17/06/2026;49;Algodão;COMPLETO;70;9,6;1377;1397;20;
control system;6/26/2026, 03:53 AM;KZ6K6;17/06/2026;65;Algodão;COMPLETO;70;10,39;1244;1266;22;
control system;6/26/2026, 03:54 AM;KJ3X0;17/06/2026;69;Algodão;COMPLETO;70;6,57;623;639;16;
control system;6/26/2026, 03:55 AM;H03DH;17/06/2026;74;Milho;COMPLETO;70;9,66;244;264;20;
control system;6/26/2026, 03:57 AM;K6ETJ;18/06/2026;6;Algodão;COMPLETO;70;8,31;516;537;21;
control system;6/26/2026, 03:58 AM;CB9AU;18/06/2026;9;Tabaco;COMPLETO;90;6,07;437;451;14;
control system;6/26/2026, 03:58 AM;0N8O5;18/06/2026;12;Tabaco;COMPLETO;100;6,3;397;411;14;
control system;6/26/2026, 03:59 AM;7ETX6;18/06/2026;13;Tabaco;COMPLETO;70;6,11;383;397;14;
control system;6/26/2026, 03:59 AM;A5HYD;18/06/2026;14;Tabaco;COMPLETO;100;5,76;620;634;14;
control system;6/26/2026, 04:00 AM;TJCZ0;18/06/2026;20;Algodão;COMPLETO;70;9,77;1603;1625;22;
control system;6/26/2026, 04:00 AM;OVOYA;18/06/2026;21;Algodão;COMPLETO;70;7,81;837;859;22;
control system;6/26/2026, 04:01 AM;ZD1DO;18/06/2026;23;Tabaco;COMPLETO;100;5,28;588;602;14;
control system;6/26/2026, 04:02 AM;SB90K;18/06/2026;29;Cacau;COMPLETO;100;5,14;3200;3210;10;
control system;6/26/2026, 04:03 AM;GTWSA;18/06/2026;32;Cacau;COMPLETO;100;5,7;1652;1666;14;
control system;6/26/2026, 04:04 AM;CWXWY;18/06/2026;36;Tabaco;COMPLETO;100;7,2;623;637;14;FERTIIRRIGAÇÃO
control system;6/26/2026, 04:05 AM;2GBO7;18/06/2026;38;Tabaco;COMPLETO;100;8,05;220;233;13;
control system;6/26/2026, 04:05 AM;ERMEH;18/06/2026;39;Algodão;COMPLETO;70;7,97;562;580;18;
control system;6/26/2026, 04:06 AM;5QQG9;18/06/2026;40;Algodão;COMPLETO;90;7,73;113;130;17;
control system;6/26/2026, 04:07 AM;64ZNE;18/06/2026;43;Algodão;COMPLETO;70;9,7;2532;2554;22;
control system;6/26/2026, 04:13 AM;IX9R2;18/06/2026;53;Algodão;COMPLETO;35;13,23;912;941;29;
control system;6/26/2026, 04:15 AM;REGRN;18/06/2026;54;Algodão;COMPLETO;70;8,29;1625;1644;19;
control system;6/26/2026, 04:16 AM;VP86T;18/06/2026;55;Algodão;COMPLETO;70;9,26;636;656;20;
control system;6/26/2026, 04:56 AM;XDZ3L;19/06/2026;5;Tabaco;COMPLETO;100;5,52;2708;2722;14;
control system;6/26/2026, 04:57 AM;P4G5S;19/06/2026;7;Tabaco;COMPLETO;100;5,52;234;247;13;
control system;6/26/2026, 04:58 AM;5,86E+04;19/06/2026;8;Tabaco;COMPLETO;100;6,58;277;291;14;
control system;6/26/2026, 04:59 AM;VDCDM;19/06/2026;13;Tabaco;COMPLETO;100;4,28;397;407;10;FERTIIRRIGAÇÃO
control system;6/26/2026, 05:00 AM;OR3PX;19/06/2026;14;Tabaco;COMPLETO;100;5,76;634;648;14;
control system;6/26/2026, 05:00 AM;4VBOS;19/06/2026;18;Milho;COMPLETO;70;9,3;1066;1088;22;
control system;6/26/2026, 05:02 AM;75QV0;19/06/2026;23;Tabaco;COMPLETO;100;5,28;602;616;14;
control system;6/26/2026, 05:03 AM;FFTWI;19/06/2026;25;Cacau;COMPLETO;100;5,8;2344;2356;12;FERTIIRRIGAÇÃO
control system;6/26/2026, 05:04 AM;58EPI;19/06/2026;29;Cacau;COMPLETO;100;5,14;3210;3220;10;
control system;6/26/2026, 05:05 AM;2OVS8;19/06/2026;44;Milho;COMPLETO;70;10,37;233;247;14;
control system;6/26/2026, 05:08 AM;Z690G;19/06/2026;46;Tabaco;COMPLETO;100;6,66;1889;1897;14,37;
control system;6/26/2026, 05:10 AM;GEWH9;19/06/2026;63;Algodão;COMPLETO;50;7,08;1115;1130;15;
control system;6/26/2026, 05:11 AM;BROFA;19/06/2026;64;Algodão;COMPLETO;50;10,9;628;650;22;
control system;6/26/2026, 05:17 AM;X54DJ;20/06/2026;6;Algodão;COMPLETO;70;8,31;537;558;21;
control system;6/26/2026, 05:17 AM;6FIIP;20/06/2026;9;Tabaco;COMPLETO;80;6,82;451;467;16;
control system;6/26/2026, 05:18 AM;1TKIR;20/06/2026;10;Tabaco;COMPLETO;90;7;434;448;14;
control system;6/26/2026, 05:19 AM;9HV0Y;20/06/2026;11;Tabaco;COMPLETO;100;5,52;330;343;13;
control system;6/26/2026, 05:21 AM;AHOK9;20/06/2026;14;Tabaco;COMPLETO;100;5,76;648;662;14;
control system;6/26/2026, 05:22 AM;AZDSO;20/06/2026;23;Tabaco;COMPLETO;100;5,28;616;630;14;
control system;6/26/2026, 05:24 AM;0AE4K;20/06/2026;27;Cacau;COMPLETO;100;5,34;2706;2718;12;
control system;6/26/2026, 05:25 AM;4KFUN;20/06/2026;29;Cacau;COMPLETO;80;6,42;3220;3232;12;
control system;6/26/2026, 05:27 AM;12BXW;20/06/2026;32;Cacau;COMPLETO;80;7,13;1666;1684;18;
control system;6/26/2026, 05:28 AM;N5W37;20/06/2026;39;Algodão;COMPLETO;70;7,97;580;598;18;
control system;6/26/2026, 05:29 AM;GROPB;20/06/2026;43;Algodão;COMPLETO;70;9,7;2554;2575;21;
control system;6/26/2026, 05:31 AM;4LW3T;20/06/2026;46;Preparo;COMPLETO;100;6,66;1897;1912;15;
control system;6/26/2026, 05:32 AM;K4GKR;20/06/2026;47;Algodão;COMPLETO;70;10,6;2028;2051;23;
control system;6/26/2026, 06:01 AM;TLICP;20/06/2026;58;Algodão;COMPLETO;70;9,34;1499;1521;22;
control system;6/27/2026, 04:45 AM;DB9MX;21/06/2026;3;Tabaco;COMPLETO;100;6,3;558;572;14;
control system;6/27/2026, 04:46 AM;AHUWX;21/06/2026;4;Tabaco;COMPLETO;70;5,6;807;820;13;
control system;6/27/2026, 04:47 AM;EENW4;21/06/2026;8;Tabaco;COMPLETO;100;6,58;291;305;14;
control system;6/27/2026, 04:47 AM;MLTMP;21/06/2026;12;Tabaco;COMPLETO;100;6,3;411;425;14;
control system;6/27/2026, 04:49 AM;LTORX;21/06/2026;14;Tabaco;C;100;5,76;676;680;4;
control system;6/27/2026, 04:50 AM;DV59M;21/06/2026;19;Algodão;COMPLETO;60;9,58;965;990;25;
control system;6/27/2026, 04:51 AM;EX6GO;21/06/2026;23;Tabaco;COMPLETO;100;5,28;630;644;14;
control system;6/27/2026, 04:53 AM;NVY0U;21/06/2026;25;Cacau;C;100;5,8;2356;2359;3;
control system;6/27/2026, 04:53 AM;P4JXB;21/06/2026;28;Mix;COMPLETO;70;9,54;192;212;20;
control system;6/27/2026, 04:55 AM;V53UM;21/06/2026;29;Cacau;BD;100;5,14;3232;3237;5;
control system;6/27/2026, 04:56 AM;PQ9TS;21/06/2026;37;Tabaco;COMPLETO;100;9,04;443;453;10;
control system;6/27/2026, 04:57 AM;H7TO1;21/06/2026;40;Tabaco;COMPLETO;100;6,96;130;145;15;
control system;6/27/2026, 04:58 AM;DI3QH;21/06/2026;46;Preparo;CD;100;6,66;1912;1918;6;
control system;6/27/2026, 04:59 AM;7VJKZ;21/06/2026;55;Algodão;COMPLETO;70;9,26;656;676;20;
control system;6/27/2026, 04:59 AM;M1UJ6;21/06/2026;65;Algodão;COMPLETO;70;10,39;1266;1288;22;
control system;6/27/2026, 05:00 AM;9DDBI;21/06/2026;68;Algodão;COMPLETO;50;9,6;1777;1799;22;
control system;6/27/2026, 05:03 AM;9DW54;21/06/2026;74;Milho;COMPLETO;70;9,66;264;284,2;20,2;
control system;6/27/2026, 05:04 AM;K8FYG;22/06/2026;5;Tabaco;COMPLETO;100;5,52;2722;2736;14;
control system;6/27/2026, 05:05 AM;XDBC0;22/06/2026;6;Algodão;COMPLETO;70;8,31;558;580;22;
control system;6/27/2026, 05:06 AM;70Z9J;22/06/2026;7;Tabaco;COMPLETO;80;6,9;247;264;17;
control system;6/27/2026, 05:07 AM;57J8V;22/06/2026;13;Tabaco;COMPLETO;70;6,11;407;421,2;14,2;
control system;6/27/2026, 05:07 AM;NV94F;22/06/2026;14;Tabaco;COMPLETO;100;5,76;680;694;14;
control system;6/27/2026, 05:08 AM;K9NCR;22/06/2026;18;Milho;COMPLETO;90;7,23;1088;1105;17;
control system;6/27/2026, 05:09 AM;1HEPF;22/06/2026;23;Tabaco;COMPLETO;100;5,28;644;658;14;
control system;6/27/2026, 05:09 AM;SCYCS;22/06/2026;27;Cacau;COMPLETO;100;5,34;2718;2730;12;
control system;6/27/2026, 05:10 AM;ZUIP6;22/06/2026;28;Mix;COMPLETO;70;9,54;212;232;20;
control system;6/27/2026, 05:11 AM;B7AWW;22/06/2026;29;Cacau;COMPLETO;100;5,14;3237;3247;10;
control system;6/27/2026, 05:11 AM;VCW32;22/06/2026;32;Cacau;COMPLETO;100;5,7;1684;1698;14;
control system;6/27/2026, 05:12 AM;O32AK;22/06/2026;35;Algodão;COMPLETO;70;8,31;594;616;22;
control system;6/27/2026, 05:13 AM;YTSR3;22/06/2026;36;Tabaco;COMPLETO;90;8;637;654;17;
control system;6/27/2026, 05:14 AM;OXDE3;22/06/2026;41;Algodão;COMPLETO;70;9,2;400;415,2;15,2;
control system;6/27/2026, 05:14 AM;ZB0JD;22/06/2026;44;Milho;COMPLETO;90;8,07;247;258;11;
control system;6/27/2026, 05:15 AM;N0OJ1;22/06/2026;46;Preparo;COMPLETO;100;6,66;1918;1932,3;14,3;
control system;6/27/2026, 05:15 AM;7SKM6;22/06/2026;47;Algodão;COMPLETO;70;10,6;2051;2074;23;
control system;6/27/2026, 05:16 AM;UV6E3;22/06/2026;51;Algodão;COMPLETO;70;8,64;1418;1437;19;
control system;6/27/2026, 05:16 AM;91LMW;22/06/2026;52;Tabaco;COMPLETO;70;9,94;129;151;22;
control system;6/27/2026, 05:17 AM;5HI20;22/06/2026;58;Algodão;COMPLETO;70;9,34;1521;1542,3;21,3;
control system;6/27/2026, 05:18 AM;C0M6F;22/06/2026;72;Algodão;COMPLETO;70;8,74;832;850,2;18,2;
control system;6/29/2026, 07:33 PM;P57QJ;24/06/2026;106;Algodão;COMPLETO;100;5,34;2338;2349,8;11,8;FERTI
control system;6/29/2026, 07:34 PM;IS31W;24/06/2026;113;Algodão;COMPLETO;70;9,1;1411,9;1432,4;20,5;
control system;6/29/2026, 07:35 PM;YZZXE;24/06/2026;117;Algodão;COMPLETO;70;8,1;1020,1;1040,6;20,5;
control system;6/29/2026, 07:38 PM;6DF66;24/06/2026;123;Algodão;COMPLETO;100;6,79;3114,8;3129;14,2;FERTI
control system;6/29/2026, 07:39 PM;GNS03;24/06/2026;133;Algodão;COMPLETO;100;5,15;432,4;444,5;12,1;FERTI
control system;6/29/2026, 07:43 PM;QZDGV;25/06/2026;116;Algodão;COMPLETO;70;9,2;601,5;622;20,5;
control system;6/29/2026, 07:45 PM;Z8DPO;25/06/2026;125;Milho Semente;COMPLETO;90;5;807,3;820,3;13;
control system;6/29/2026, 07:45 PM;MWR0K;25/06/2026;127;Gergelim;COMPLETO;70;6,89;625,2;642,3;17,1;
control system;6/29/2026, 07:48 PM;41SC1;25/06/2026;129;Gergelim;COMPLETO;70;7,64;1187,4;1204,6;17,2;
control system;6/29/2026, 07:50 PM;G4O6A;25/06/2026;130;Milho Semente;COMPLETO;100;5,76;615,3;629,7;14,4;FERTI
control system;6/29/2026, 07:53 PM;I0AKU;26/06/2026;101;Algodão;COMPLETO;70;7,97;3062,4;3080,1;17,7;
control system;6/29/2026, 07:58 PM;WPFLI;26/06/2026;103;Algodão;COMPLETO;70;7,37;1811,4;1827,8;16,4;
control system;6/29/2026, 07:59 PM;PM51Y;26/06/2026;105;Algodão;COMPLETO;100;5,16;398,5;410,5;12;
control system;6/29/2026, 08:00 PM;R4ADT;26/06/2026;107;Algodão;COMPLETO;100;4,68;370;381,5;11,5;
control system;6/29/2026, 08:01 PM;7T17O;26/06/2026;120;Preparo;COMPLETO;50;13,02;505;533;28;
control system;6/29/2026, 08:03 PM;N4X93;26/06/2026;133;Milho Semente;COMPLETO;100;5,15;444,5;456,4;11,9;
control system;6/30/2026, 07:29 PM;R5RPT;27/06/2026;106;Algodão;COMPLETO;70;7,63;2349,8;2366,3;16,5;
control system;6/30/2026, 07:30 PM;F5GTI;27/06/2026;113;Algodão;COMPLETO;70;9,1;1432,4;1452,9;20,5;
control system;6/30/2026, 07:30 PM;6VPQU;27/06/2026;122;Algodão;COMPLETO;70;9;2702,6;2723,2;20,6;
control system;6/30/2026, 07:31 PM;ZC7M4;27/06/2026;123;Algodão;COMPLETO;70;9,7;3129;3149,3;20,3;
control system;6/30/2026, 07:32 PM;ET2OI;27/06/2026;125;Milho Semente;COMPLETO;100;4,5;820,3;832;11,7;
control system;6/30/2026, 07:33 PM;SIC13;27/06/2026;133;Milho Semente;COMPLETO;100;5,15;456,4;468,3;11,9;
control system;6/30/2026, 07:34 PM;GMBDV;28/06/2026;114;Algodão;COMPLETO;70;8,49;477,7;495,7;18;
control system;6/30/2026, 07:34 PM;2I3DW;28/06/2026;116;Algodão;COMPLETO;60;10,73;622;646,3;24,3;ALGODÃO/MILHO
control system;6/30/2026, 07:37 PM;NJVMG;28/06/2026;127;Gergelim;COMPLETO;50;9,64;642,3;664,4;22,1;
control system;6/30/2026, 07:38 PM;HIRB0;28/06/2026;129;Gergelim;COMPLETO;50;10,7;1204,6;1227,1;22,5;
control system;6/30/2026, 07:40 PM;I9ZGM;28/06/2026;130;Milho Semente;COMPLETO;70;8,23;629,7;650,8;21,1;
control system;7/1/2026, 05:00 AM;IDBKT;23/06/2026;9;Tabaco;COMPLETO;100;5,46;467;480;13;FERTIIRRIGAÇÃO
control system;7/1/2026, 05:01 AM;8U4GZ;23/06/2026;10;Tabaco;COMPLETO;100;6,3;448;461;13;
control system;7/1/2026, 05:02 AM;JBHEL;23/06/2026;11;Tabaco;COMPLETO;100;5,52;343;356;13;
control system;7/1/2026, 05:03 AM;AR3H2;23/06/2026;14;Tabaco;COMPLETO;100;5,76;694;708;14;
control system;7/1/2026, 05:04 AM;KNRBQ;23/06/2026;15;Algodão;COMPLETO;70;10,54;719;741;22;
control system;7/1/2026, 05:04 AM;Z854L;23/06/2026;16;Algodão;COMPLETO;70;10,27;457;479;22;
control system;7/1/2026, 05:05 AM;WND0V;23/06/2026;23;Tabaco;COMPLETO;100;5,28;658;672;14;
control system;7/1/2026, 05:06 AM;ISX4I;23/06/2026;27;Cacau;COMPLETO;100;5,34;2730;2742;12;FERTIIRRIGAÇÃO
control system;7/1/2026, 05:07 AM;7UKXR;23/06/2026;28;Mix;COMPLETO;70;9,54;232;252;20;
control system;7/1/2026, 05:08 AM;V8S3S;23/06/2026;29;Cacau;BD;100;5,14;3247;3252;5;
control system;7/1/2026, 05:09 AM;TB73Z;23/06/2026;38;Tabaco;COMPLETO;100;8,05;233;246;13;
control system;7/1/2026, 05:09 AM;YPFBI;23/06/2026;43;Algodão;COMPLETO;70;9,7;2575;2596;21;
control system;7/1/2026, 05:10 AM;I7GXK;23/06/2026;46;Tabaco;COMPLETO;100;6,66;1932,3;1947;14,7;
control system;7/1/2026, 05:11 AM;YLLA0;23/06/2026;52;Tabaco;COMPLETO;70;9,94;151;173;22;
control system;7/1/2026, 05:12 AM;93YQ3;23/06/2026;55;Algodão;COMPLETO;70;9,26;676;696;20;
control system;7/1/2026, 05:14 AM;4AYKP;23/06/2026;69;Algodão;COMPLETO;50;9,2;639;661;22;
control system;7/1/2026, 05:15 AM;PQXC8;23/06/2026;74;Milho;COMPLETO;70;9,66;284,2;305;20,8;
control system;7/1/2026, 05:18 AM;5PN8M;24/06/2026;5;Tabaco;COMPLETO;100;5,52;2736;2750;14;
control system;7/1/2026, 05:19 AM;S99F0;24/06/2026;7;Tabaco;COMPLETO;100;5,52;264;276;12;
control system;7/1/2026, 05:21 AM;NAE5W;24/06/2026;8;Tabaco;COMPLETO;100;6,58;305;319;14;
control system;7/1/2026, 05:22 AM;UF295;24/06/2026;12;Tabaco;COMPLETO;100;6,3;425;439;14;
control system;7/1/2026, 05:23 AM;2IUUK;24/06/2026;14;Tabaco;COMPLETO;100;5,76;708;722;14;FERTIIRRIGAÇÃO
control system;7/1/2026, 05:23 AM;H6YE9;24/06/2026;23;Tabaco;COMPLETO;100;5,28;672;686;14;
control system;7/1/2026, 05:24 AM;DI9O3;24/06/2026;25;Cacau;COMPLETO;80;7,25;2359;2373;14;
control system;7/1/2026, 05:25 AM;S7Q97;24/06/2026;26;Algodão;COMPLETO;70;8,14;730;740;10;
control system;7/1/2026, 05:26 AM;OS3W0;24/06/2026;29;Cacau;COMPLETO;100;5,14;3252;3262;10;
control system;7/1/2026, 05:27 AM;DVVY6;24/06/2026;32;Cacau;COMPLETO;100;5,7;1698;1711,3;13,3;
control system;7/1/2026, 05:28 AM;NJ39V;24/06/2026;39;Algodão;COMPLETO;60;9,3;598;619;21;
control system;7/1/2026, 05:29 AM;JYRYE;24/06/2026;44;Milho;COMPLETO;90;8,07;258;269;11;FERTIIRRIGAÇÃO
control system;7/1/2026, 05:30 AM;5WQ0T;24/06/2026;46;Tabaco;COMPLETO;100;6,66;1947;1962;15;
control system;7/1/2026, 05:30 AM;FKVYL;24/06/2026;52;Tabaco;COMPLETO;70;9,94;173;195;22;
control system;7/1/2026, 05:31 AM;4G8L4;24/06/2026;58;Algodão;COMPLETO;100;6,54;1542,3;1558;15,7;FERTIIRRIGAÇÃO
control system;7/1/2026, 05:33 AM;MACNJ;24/06/2026;71;Milheto;COMPLETO;100;4,85;234;241;7;
control system;7/1/2026, 05:33 AM;T3U0Q;24/06/2026;72;Algodão;COMPLETO;70;8,74;850,2;868,2;18;
control system;7/1/2026, 05:34 AM;NIQZI;24/06/2026;74;Milho;COMPLETO;100;6,76;305;319;14;FERTIIRRIGAÇÃO
control system;7/1/2026, 05:36 AM;O70XP;25/06/2026;4;Tabaco;COMPLETO;100;3,92;820;830;10;
control system;7/1/2026, 05:38 AM;FNFAR;25/06/2026;7;Tabaco;COMPLETO;100;5,52;276;289;13;FERTIIRRIGAÇÃO
control system;7/1/2026, 05:38 AM;74BWK;25/06/2026;10;Tabaco;COMPLETO;100;6,3;461;474;13;
control system;7/1/2026, 05:40 AM;MXXCU;25/06/2026;11;Tabaco;COMPLETO;100;5,52;356;369;13;
control system;7/1/2026, 05:42 AM;HFVO2;25/06/2026;13;Tabaco;COMPLETO;100;4,28;421,2;431,2;10;
control system;7/1/2026, 05:43 AM;9Q1JS;25/06/2026;23;Tabaco;COMPLETO;100;5,28;686;700;14;
control system;7/1/2026, 05:45 AM;LQWAS;25/06/2026;36;Tabaco;COMPLETO;100;7,2;654;668;14;
control system;7/1/2026, 05:47 AM;L6QL3;25/06/2026;37;Tabaco;COMPLETO;100;9,04;453;463;10;
control system;7/1/2026, 05:48 AM;38ZTT;25/06/2026;44;Milho;COMPLETO;100;7,26;269;279;10;FERTIIRRIGAÇÃO
control system;7/1/2026, 05:49 AM;KKZR2;25/06/2026;46;Tabaco;COMPLETO;100;6,66;1962;1977;15;
control system;7/1/2026, 05:49 AM;OP88D;25/06/2026;52;Tabaco;COMPLETO;100;6,96;195;210;15;
control system;7/1/2026, 05:51 AM;F8DWA;25/06/2026;55;Algodão;COMPLETO;100;6,48;696;710;14;FERTIIRRIGAÇÃO
control system;7/1/2026, 05:54 AM;SC3QX;26/06/2026;5;Tabaco;COMPLETO;100;5,52;2750;2764;14;
control system;7/1/2026, 05:55 AM;SZPL2;26/06/2026;6;Algodão;COMPLETO;70;8,31;580;601;21;
control system;7/1/2026, 05:56 AM;Z03JW;26/06/2026;7;Tabaco;COMPLETO;100;5,52;289;302;13;
control system;7/1/2026, 05:57 AM;AGL37;26/06/2026;8;Tabaco;COMPLETO;100;6,58;319;333;14;FERTIIRRIGAÇÃO
control system;7/1/2026, 05:59 AM;AP650;26/06/2026;9;Tabaco;COMPLETO;90;6,07;480;494;14;
control system;7/1/2026, 06:00 AM;UCQI1;26/06/2026;11;Tabaco;COMPLETO;100;5,52;369;382;13;FERTIIRRIGAÇÃO
control system;7/1/2026, 06:02 AM;GXES4;26/06/2026;18;Milho;COMPLETO;100;6,51;1105;1120;15;
control system;7/1/2026, 06:03 AM;SW8IN;26/06/2026;23;Tabaco;COMPLETO;100;5,28;700;714;14;
control system;7/1/2026, 06:05 AM;3TB12;26/06/2026;35;Algodão;COMPLETO;70;8,31;616;638;22;
control system;7/1/2026, 06:07 AM;2SOBM;26/06/2026;41;Algodão;COMPLETO;100;6,44;415,2;430,2;15;
control system;7/1/2026, 06:08 AM;O7MZ8;26/06/2026;46;Tabaco;COMPLETO;100;6,66;1977;1992;15;
control system;7/1/2026, 06:09 AM;WV59V;26/06/2026;47;Algodão;COMPLETO;70;10,6;2074;2097;23;
control system;7/1/2026, 06:10 AM;Y0U4V;26/06/2026;52;Tabaco;COMPLETO;100;6,96;210;225;15;
control system;7/1/2026, 06:11 AM;EQZXE;26/06/2026;58;Algodão;COMPLETO;70;9,34;1558;1580;22;
control system;7/1/2026, 06:12 AM;YLWYY;26/06/2026;60;Preparo;COMPLETO;40;16,95;850;888;38;
control system;7/1/2026, 06:13 AM;8,48E+04;26/06/2026;63;Algodão;COMPLETO;50;7,08;1130;1145;15;
control system;7/1/2026, 06:13 AM;ULN8G;26/06/2026;64;Algodão;COMPLETO;50;10,9;650;672;22;
control system;7/1/2026, 06:16 AM;PU0QX;26/06/2026;65;Algodão;COMPLETO;50;14,54;1288;1319;31;
control system;7/1/2026, 06:17 AM;DLWI1;26/06/2026;72;Algodão;COMPLETO;70;8,74;868,2;887;18,8;
control system;7/1/2026, 06:22 AM;ORKVN;27/06/2026;2;Algodão;COMPLETO;70;7,57;1088;1106;18;
control system;7/1/2026, 06:24 AM;L23RB;27/06/2026;10;Tabaco;COMPLETO;100;6,3;474;487;13;
control system;7/1/2026, 06:26 AM;6ESUY;27/06/2026;11;Tabaco;COMPLETO;100;5,52;382;395;13;
control system;7/1/2026, 06:27 AM;SL2GW;27/06/2026;12;Tabaco;COMPLETO;100;6,3;439;453;14;
control system;7/1/2026, 06:28 AM;HECC6;27/06/2026;14;Tabaco;COMPLETO;100;5,76;722;736;14;
control system;7/1/2026, 06:29 AM;Q3YUM;27/06/2026;17;Algodão;COMPLETO;70;9;504;524;20;
control system;7/1/2026, 06:29 AM;SJIVK;27/06/2026;19;Algodão;COMPLETO;60;9,58;990;1015;25;
control system;7/1/2026, 06:30 AM;3H2ZN;27/06/2026;21;Algodão;COMPLETO;70;7,81;859;882;23;
control system;7/1/2026, 06:31 AM;4RDEF;27/06/2026;25;Cacau;COMPLETO;100;5,8;2373;2385;12;
control system;7/1/2026, 06:31 AM;UY9I5;27/06/2026;27;Cacau;COMPLETO;100;5,34;2742;2754;12;
control system;7/1/2026, 06:33 AM;HKJE5;27/06/2026;29;Cacau;COMPLETO;100;5,14;3262;3272;10;
control system;7/1/2026, 06:35 AM;TDG34;27/06/2026;32;Cacau;COMPLETO;100;5,7;1711,3;1725,3;14;
control system;7/1/2026, 06:36 AM;4ADDL;27/06/2026;36;Tabaco;COMPLETO;90;8;668;685;17;
control system;7/1/2026, 06:37 AM;E6AA7;27/06/2026;42;Algodão;COMPLETO;70;8,23;1570;1588;18;
control system;7/1/2026, 06:39 AM;BHO5S;27/06/2026;43;Algodão;COMPLETO;70;9,7;2596;2617;21;
control system;7/1/2026, 06:40 AM;DU3NN;27/06/2026;46;Tabaco;COMPLETO;100;6,66;1992;2006;14;
control system;7/1/2026, 06:41 AM;5073Z;27/06/2026;51;Algodão;COMPLETO;70;8,64;1437;1457;20;
control system;7/1/2026, 06:43 AM;31OB5;27/06/2026;52;Tabaco;COMPLETO;100;6,96;225;240;15;
control system;7/1/2026, 06:45 AM;K0ICX;27/06/2026;53;Algodão;COMPLETO;50;9,26;941;961;20;
control system;7/1/2026, 06:45 AM;OL2Z7;27/06/2026;54;Algodão;COMPLETO;70;8,29;1644;1663;19;
control system;7/1/2026, 06:46 AM;5YK42;27/06/2026;60;Algodão;COMPLETO;40;16,95;888;926;38;
control system;7/1/2026, 06:48 AM;X6B5F;27/06/2026;68;Algodão;1/2-PIVO;50;9,6;1799;1810,5;11,5;
control system;7/3/2026, 05:33 PM;BMGGU;29/07/2026;106;Algodão;COMPLETO;70;7,63;2366,3;2382,9;16,6;
control system;7/3/2026, 05:33 PM;KPCJN;29/07/2026;113;Algodão;COMPLETO;70;9,1;1452,9;1473,4;20,5;
control system;7/3/2026, 05:38 PM;FDLU8;27/07/2026;117;Algodão;COMPLETO;70;8,1;1040,6;1061,3;20,7;
control system;7/3/2026, 05:39 PM;S8JYR;29/07/2026;117;Algodão;COMPLETO;70;8,1;1061,3;1081,8;20,5;
control system;7/3/2026, 05:39 PM;QLQ7O;29/07/2026;122;Algodão;COMPLETO;70;9;2723,2;2743,9;20,7;
control system;7/3/2026, 05:40 PM;8OEJP;29/07/2026;123;Algodão;COMPLETO;70;9,7;3149,3;3169,7;20,4;
control system;7/3/2026, 05:40 PM;D1KOX;29/07/2026;125;Milho Semente;COMPLETO;70;6,43;832;848,6;16,6;
control system;7/3/2026, 05:42 PM;F1496;29/07/2026;133;Milho Semente;COMPLETO;70;7,36;468,3;485,3;17;
control system;7/4/2026, 05:35 AM;JNIGW;28/06/2026;3;Tabaco;COMPLETO;100;6,3;572;586;14;
control system;7/4/2026, 05:36 AM;XNFBW;28/06/2026;5;Tabaco;COMPLETO;90;6,13;2764;2781;17;
control system;7/4/2026, 05:37 AM;RZONQ;28/06/2026;7;Tabaco;COMPLETO;90;6,13;302;316;14;
control system;7/4/2026, 05:38 AM;JZF6D;28/06/2026;8;Tabaco;COMPLETO;100;6,58;333;350;17;
control system;7/4/2026, 05:39 AM;MJ225;28/06/2026;9;Tabaco;COMPLETO;90;6,07;494;508;14;
control system;7/4/2026, 05:40 AM;64FR8;28/06/2026;13;Tabaco;COMPLETO;70;6,11;431;445;14;
control system;7/4/2026, 05:41 AM;6OGBY;28/06/2026;20;Algodão;COMPLETO;70;9,77;1625;1647;22;
control system;7/4/2026, 05:42 AM;6M464;28/06/2026;22;Algodão;COMPLETO;70;10,3;1205;1227;22;
control system;7/4/2026, 05:43 AM;562SP;28/06/2026;23;Tabaco;COMPLETO;100;5,28;714;728;14;
control system;7/4/2026, 05:43 AM;5BFQN;28/06/2026;24;Algodão;COMPLETO;70;9;458;480;22;
control system;7/4/2026, 05:44 AM;5GCZR;28/06/2026;25;Cacau;B;100;5,8;2385;2388;3;
control system;7/4/2026, 05:45 AM;01FJC;28/06/2026;29;Cacau;D;100;5,14;3272;3275;3;
control system;7/4/2026, 05:46 AM;YJAUA;28/06/2026;39;Algodão;COMPLETO;70;7,97;619;637;18;
control system;7/4/2026, 05:46 AM;ODTRA;28/06/2026;40;Tabaco;COMPLETO;100;6,96;145;160;15;
control system;7/4/2026, 05:47 AM;JL5LG;28/06/2026;44;Milho;COMPLETO;100;7,26;279;289;10;
control system;7/4/2026, 05:48 AM;5JGQY;28/06/2026;45;Tabaco;COMPLETO;80;7,65;272;290;18;
control system;7/4/2026, 05:49 AM;24CPB;28/06/2026;46;Tabaco;COMPLETO;100;6,66;2006;2019;13;
control system;7/4/2026, 05:50 AM;7,85E+04;28/06/2026;52;Tabaco;COMPLETO;100;6,96;240;254;14;
control system;7/4/2026, 05:51 AM;09Q62;28/06/2026;74;Milho;COMPLETO;70;9,66;319;339;20;
control system;7/7/2026, 11:32 AM;OMZKR;29/06/2026;106;Algodão;COMPLETO;70;7,63;2366,3;2382,9;16,6;
control system;7/7/2026, 11:38 AM;ZFFVH;29/06/2026;113;Algodão;COMPLETO;70;9,1;1452,9;1473,4;20,5;
control system;7/7/2026, 11:39 AM;7YTEK;29/06/2026;117;Algodão;COMPLETO;70;8,1;1061,3;1081,8;20,5;
control system;7/7/2026, 11:40 AM;6OLUY;29/06/2026;122;Algodão;COMPLETO;70;9;2723,6;2743,9;20,3;
control system;7/7/2026, 11:40 AM;8KYX8;29/06/2026;123;Algodão;COMPLETO;70;9,7;3149;3169,7;20,7;
control system;7/7/2026, 11:41 AM;JPDFT;29/06/2026;125;Milho Semente;COMPLETO;70;6,43;832;848,6;16,6;
control system;7/7/2026, 11:42 AM;VQ7MP;29/06/2026;133;Milho Semente;COMPLETO;70;7,36;468,3;485,3;17;
control system;7/7/2026, 05:55 PM;2U6FA;30/06/2026;116;Algodão;COMPLETO;70;9,2;646,3;666,9;20,6;
control system;7/7/2026, 05:56 PM;YTJVG;30/06/2026;120;Preparo;COMPLETO;50;13,02;533;561,6;28,6;
control system;7/7/2026, 05:57 PM;KZBHH;30/06/2026;127;Gergelim;COMPLETO;70;6,89;664,4;680,7;16,3;
control system;7/7/2026, 05:58 PM;P15NL;30/06/2026;129;Gergelim;COMPLETO;70;7,64;1227,1;1243,6;16,5;
control system;7/7/2026, 05:59 PM;55JJ4;30/06/2026;130;Milho Semente;COMPLETO;80;7,2;650,8;668,8;18;
control system;7/7/2026, 06:15 PM;SJAAS;01/07/2026;106;Algodão;COMPLETO;70;7,63;2382,9;2399,3;16,4;
control system;7/7/2026, 06:16 PM;YGYHK;01/07/2026;113;Algodão;COMPLETO;70;9,1;1473,4;1493,9;20,5;
control system;7/7/2026, 06:21 PM;IQPEZ;01/07/2026;122;Algodão;COMPLETO;70;9;2743,9;2764,7;20,8;
control system;7/7/2026, 06:21 PM;HZZQY;01/07/2026;123;Algodão;COMPLETO;70;9,7;3169,7;3190;20,3;
control system;7/7/2026, 06:22 PM;TIOKK;01/07/2026;125;Milho Semente;COMPLETO;100;4,5;848,6;861;12,4;FERTI
control system;7/7/2026, 06:22 PM;OGGVR;01/07/2026;133;Milho Semente;COMPLETO;70;7,36;485,3;502;16,7;
control system;7/7/2026, 06:24 PM;LPYRW;02/07/2026;101;Algodão;COMPLETO;70;7,97;3080,1;3097,8;17,7;
control system;7/7/2026, 06:25 PM;DIL43;02/07/2026;103;Algodão;COMPLETO;70;7,37;1827,8;1844,2;16,4;
control system;7/7/2026, 06:26 PM;7MAGY;02/07/2026;116;Algodão;COMPLETO;70;9,2;666,9;687,4;20,5;
control system;7/7/2026, 06:27 PM;M9JUP;02/07/2026;127;Gergelim;COMPLETO;70;6,89;680,7;697;16,3;
control system;7/7/2026, 06:28 PM;8GOGU;02/07/2026;129;Gergelim;COMPLETO;70;7,64;1243,6;1259,6;16;
control system;7/7/2026, 06:29 PM;IH1LF;02/07/2026;130;Milho Semente;COMPLETO;100;5,76;668,8;694,2;25,4;FERTI+267 GRAUS
control system;7/7/2026, 06:31 PM;LSKW6;03/07/2026;104;Algodão;COMPLETO;100;4,95;2851,1;2862,8;11,7;
control system;7/7/2026, 06:32 PM;PIUME;03/07/2026;109;Algodão;COMPLETO;100;5,83;1168,6;1180,2;11,6;
control system;7/7/2026, 06:34 PM;JS5IR;03/07/2026;110;Algodão;COMPLETO;100;5,5;1570,4;1583,2;12,8;
control system;7/7/2026, 06:35 PM;HOWTT;03/07/2026;117;Algodão;COMPLETO;70;8,1;1081,8;1103,1;21,3;
control system;7/7/2026, 06:37 PM;1HKIZ;03/07/2026;125;Milho Semente;COMPLETO;100;4,5;861;873,5;12,5;
;;;;;;;;;;;;
;;;;;;;;;;; ;
