Data;Pivô;Causa;Tipo;Horas
"2023-08-22";"31";"Falta de Produto / Operacional";"Operacional";"1.8"
"2023-08-22";"41";"Falha de Alinhamento / Operacional";"Operacional";"2.5667"
"2023-08-22";"58";"Falha de Alinhamento / Operacional";"Operacional";"3.8667"
"2023-08-22";"71";"Bomba / Elétrico";"Elétrico";"5.05"
"2023-08-22";"124";"Motorredutor / Mecânico";"Mecânico";"3.9833"
"2023-08-23";"24";"Limpeza e Afeirição / Operacional";"Operacional";"0.8833"
"2023-08-23";"60";"Limpeza e Afeirição / Operacional";"Operacional";"2.1"
"2023-08-23";"61";"Plantio / Operacional";"Operacional";"1.3667"
"2023-08-23";"61";"Atraso da Eq. Irrigação / Operacional";"Operacional";"3.15"
"2023-08-23";"58";"Entupimento na Sucção / Operacional";"Operacional";"4"
"2023-08-23";"68";"Adubação  / Operacional";"Operacional";"9.85"
"2023-08-24";"26";"Tensão / Elétrico";"Elétrico";"4.9667"
"2023-08-24";"31";"Adubação  / Operacional";"Operacional";"4.2667"
"2023-08-24";"59";"Pulverização / Operacional";"Operacional";"4.5"
"2023-08-24";"67";"Falha de Alinhamento / Operacional";"Operacional";"3.8667"
"2023-08-24";"113";"Syngenta / Operacional";"Operacional";"1.0833"
"2023-08-24";"119";"Syngenta / Operacional";"Operacional";"5.4667"
"2023-08-25";"17";"Falha de Alinhamento / Operacional";"Operacional";"0.7833"
"2023-08-25";"41";"Falha de Alinhamento / Operacional";"Operacional";"0.6"
"2023-08-25";"113";"Syngenta / Operacional";"Operacional";"2.8333"
"2023-08-25";"117";"Falha de Alinhamento / Operacional";"Operacional";"0.7833"
"2023-08-25";"117";"Syngenta / Operacional";"Operacional";"4.4167"
"2023-08-28";"58";"Syngenta / Operacional";"Operacional";"5.4833"
"2023-08-28";"115";"Chuva  / Operacional";"Operacional";"2.6"
"2023-08-28";"129";"Bomba / Elétrico";"Elétrico";"7.5"
"2023-08-28";"41";"Rede Interna / Elétrico";"Elétrico";"4.4"
"2023-08-28";"52";"Rede Interna / Elétrico";"Elétrico";"4.4"
"2023-08-28";"58";"Rede Interna / Elétrico";"Elétrico";"4.4"
"2023-08-28";"59";"Rede Interna / Elétrico";"Elétrico";"4.4"
"2023-08-28";"61";"Rede Interna / Elétrico";"Elétrico";"4.4"
"2023-08-28";"67";"Rede Interna / Elétrico";"Elétrico";"4.4"
"2023-08-28";"71";"Rede Interna / Elétrico";"Elétrico";"4.4"
"2023-08-28";"72";"Rede Interna / Elétrico";"Elétrico";"4.4"
"2023-08-29";"41";"Rede Interna / Elétrico";"Elétrico";"14.8"
"2023-08-29";"52";"Rede Interna / Elétrico";"Elétrico";"14.8"
"2023-08-29";"58";"Rede Interna / Elétrico";"Elétrico";"14.8"
"2023-08-29";"59";"Rede Interna / Elétrico";"Elétrico";"14.8"
"2023-08-29";"60";"Rede Interna / Elétrico";"Elétrico";"14.8"
"2023-08-29";"61";"Rede Interna / Elétrico";"Elétrico";"14.8"
"2023-08-29";"62";"Rede Interna / Elétrico";"Elétrico";"14.8"
"2023-08-29";"67";"Rede Interna / Elétrico";"Elétrico";"14.8"
"2023-08-29";"68";"Rede Interna / Elétrico";"Elétrico";"14.8"
"2023-08-29";"71";"Rede Interna / Elétrico";"Elétrico";"14.8"
"2023-08-29";"72";"Rede Interna / Elétrico";"Elétrico";"14.8"
"2023-08-29";"2";"Falha de Alinhamento / Operacional";"Operacional";"0.8333"
"2023-08-29";"2";"Tensão / Elétrico";"Elétrico";"5.05"
"2023-08-29";"31";"Falta de Produto / Operacional";"Operacional";"3.4667"
"2023-08-30";"2";"Contator e Micro / Elétrico";"Elétrico";"8.6"
"2023-08-30";"31";"Syngenta / Operacional";"Operacional";"6.8667"
"2023-08-30";"46";"Rede Interna / Elétrico";"Elétrico";"0.5"
"2023-08-30";"57";"Rede Interna / Elétrico";"Elétrico";"0.5"
"2023-08-30";"58";"Rede Interna / Elétrico";"Elétrico";"0.5"
"2023-08-30";"59";"Rede Interna / Elétrico";"Elétrico";"0.5"
"2023-08-30";"61";"Rede Interna / Elétrico";"Elétrico";"0.5"
"2023-08-30";"60";"Rede Interna / Elétrico";"Elétrico";"0.5"
"2023-08-30";"62";"Rede Interna / Elétrico";"Elétrico";"0.5"
"2023-08-30";"67";"Rede Interna / Elétrico";"Elétrico";"0.5"
"2023-08-30";"72";"Rede Interna / Elétrico";"Elétrico";"0.5"
"2023-08-30";"46";"Falha de Alinhamento / Operacional";"Operacional";"5.8"
"2023-08-30";"57";"Rede Interna / Elétrico";"Elétrico";"2.95"
"2023-08-30";"58";"Rede Interna / Elétrico";"Elétrico";"2.95"
"2023-08-30";"59";"Rede Interna / Elétrico";"Elétrico";"2.95"
"2023-08-30";"61";"Rede Interna / Elétrico";"Elétrico";"2.95"
"2023-08-30";"60";"Rede Interna / Elétrico";"Elétrico";"2.95"
"2023-08-30";"62";"Rede Interna / Elétrico";"Elétrico";"2.95"
"2023-08-30";"67";"Rede Interna / Elétrico";"Elétrico";"2.95"
"2023-09-05";"37";"Falha de Alinhamento / Operacional";"Operacional";"5.1167"
"2023-09-05";"58";"Falha de Alinhamento / Operacional";"Operacional";"1.1167"
"2023-09-05";"46";"Desponte - Anti Brotante / Operacional";"Operacional";"6.9667"
"2023-09-06";"16";"Falha de Alinhamento / Operacional";"Operacional";"0.35"
"2023-09-06";"35";"Falha de Alinhamento / Operacional";"Operacional";"0.45"
"2023-09-06";"113";"Syngenta / Operacional";"Operacional";"7.7"
"2023-09-06";"117";"Falha de Alinhamento / Operacional";"Operacional";"1.2"
"2023-09-06";"119";"Falha de Alinhamento / Operacional";"Operacional";"0.3167"
"2023-09-06";"119";"Falha de Alinhamento / Operacional";"Operacional";"0.2333"
"2023-09-07";"23";"Limpeza e Afeirição / Operacional";"Operacional";"0.15"
"2023-09-07";"17";"Falha de Alinhamento / Operacional";"Operacional";"1.1"
"2023-09-07";"17";"Falha de Alinhamento / Operacional";"Operacional";"0.95"
"2023-09-07";"31";"Limpeza e Afeirição / Operacional";"Operacional";"0.15"
"2023-09-07";"58";"Preparo de Solo / Operacional";"Operacional";"0.25"
"2023-09-07";"70";"Parado Irrigando / Operacional";"";"0.6667"
"2023-09-07";"113";"Falha de Alinhamento / Operacional";"Operacional";"0.3167"
"2023-09-08";"31";"Limpeza e Afeirição / Operacional";"Operacional";"0.1"
"2023-09-08";"26";"Falha de Alinhamento / Operacional";"Operacional";"0.25"
"2023-09-08";"62";"Falha de Alinhamento / Operacional";"Operacional";"2.2833"
"2023-09-08";"113";"Syngenta / Operacional";"Operacional";"8.1"
"2023-09-08";"115";"Limpeza e Afeirição / Operacional";"Operacional";"0.2"
"2023-09-11";"17";"Falha de Alinhamento / Operacional";"Operacional";"1"
"2023-09-11";"23";"Limpeza e Afeirição / Operacional";"Operacional";"0.1"
"2023-09-12";"115";"Limpeza e Afeirição / Operacional";"Operacional";"0.0667"
"2023-09-12";"119";"Syngenta / Operacional";"Operacional";"5.3333"
"2023-09-12";"10";"Falha de Alinhamento / Operacional";"Operacional";"0.6167"
"2023-09-12";"10";"Falha de Alinhamento / Operacional";"Operacional";"5.1167"
"2023-09-13";"1";"Falha de Alinhamento / Operacional";"Operacional";"0.95"
"2023-09-13";"17";"Falha de Alinhamento / Operacional";"Operacional";"2.4667"
"2023-09-13";"46";"Limpeza e Afeirição / Operacional";"Operacional";"0.1"
"2023-09-13";"67";"Syngenta / Operacional";"Operacional";"0.6"
"2023-09-13";"41";"Syngenta / Operacional";"Operacional";"3.5167"
"2023-09-13";"18";"Preparo de Solo / Operacional";"Operacional";"8.3333"
"2023-09-13";"117";"Falha de Alinhamento / Operacional";"Operacional";"0.6333"
"2023-09-13";"23";"Adubação  / Operacional";"Operacional";"1.85"
"2023-09-14";"45";"Redutor / Mecânico";"Mecânico";"10.65"
"2023-09-14";"113";"Syngenta / Operacional";"Operacional";"5.8"
"2023-09-14";"58";"Syngenta / Operacional";"Operacional";"6.7833"
"2023-09-14";"60";"Syngenta / Operacional";"Operacional";"6.5"
"2023-09-14";"25";"Limpeza e Afeirição / Operacional";"Operacional";"1.4333"
"2023-09-14";"37";"Limpeza e Afeirição / Operacional";"Operacional";"0.0833"
"2023-09-14";"7";"Limpeza e Afeirição / Operacional";"Operacional";"0.8667"
"2023-09-14";"21";"Limpeza e Afeirição / Operacional";"Operacional";"0.7"
"2023-09-14";"35";"Limpeza e Afeirição / Operacional";"Operacional";"0.25"
"2023-09-14";"23";"Falta de Água / Operacional";"Operacional";"2.7333"
"2023-09-14";"25";"Configuração do Painel / Operacional";"Operacional";"0.5833"
"2023-09-15";"25";"Configuração do Painel / Operacional";"Operacional";"3.6833"
"2023-09-15";"28";"Falha de Alinhamento / Operacional";"Operacional";"2.8333"
"2023-09-15";"17";"Chuva  / Operacional";"Operacional";"1.7167"
"2023-09-15";"22";"Preparo de Solo / Operacional";"Operacional";"8.7"
"2023-09-15";"17";"Falha de Alinhamento / Operacional";"Operacional";"0.4"
"2023-09-15";"25";"Configuração do Painel / Operacional";"Operacional";"1.9333"
"2023-09-15";"58";"Syngenta / Operacional";"Operacional";"6.4833"
"2023-09-15";"62";"Limpeza e Afeirição / Operacional";"Operacional";"0.35"
"2023-09-15";"108";"Troca de Registro / Operacional";"Operacional";"0.25"
"2023-09-15";"119";"Troca de Registro / Operacional";"Operacional";"0.05"
"2023-09-18";"1";"Limpeza e Afeirição / Operacional";"Operacional";"0.2667"
"2023-09-18";"7";"Colheita Tabaco / Operacional";"Operacional";"5.3"
"2023-09-18";"14";"Falta de Água / Operacional";"Operacional";"4.5167"
"2023-09-18";"23";"Falta de Água / Operacional";"Operacional";"4.2333"
"2023-09-18";"41";"Falha de Alinhamento / Operacional";"Operacional";"0.4667"
"2023-09-18";"72";"Capina / Operacional";"Operacional";"1.4167"
"2023-09-18";"10";"Colheita Tabaco / Operacional";"Operacional";"12.3667"
"2023-09-19";"58";"Syngenta / Operacional";"Operacional";"9.7167"
"2023-09-19";"117";"Syngenta / Operacional";"Operacional";"9.3167"
"2023-09-19";"119";"Syngenta / Operacional";"Operacional";"9.6833"
"2023-09-19";"68";"Fun. Indisponível / Operacional";"Operacional";"6.35"
"2023-09-19";"67";"Fun. Indisponível / Operacional";"Operacional";"6.35"
"2023-09-19";"106";"Limpeza e Afeirição / Operacional";"Operacional";"0.3"
"2023-09-19";"1";"Adubação  / Operacional";"Operacional";"4.75"
"2023-09-19";"28";"Falha de Alinhamento / Operacional";"Operacional";"0.0833"
"2023-09-19";"17";"Falha de Alinhamento / Operacional";"Operacional";"0.7167"
"2023-09-19";"67";"Falha de Alinhamento / Operacional";"Operacional";"0.7333"
"2023-09-19";"68";"Falha de Alinhamento / Operacional";"Operacional";"0.45"
"2023-09-19";"68";"Baixa Pressão / Operacional";"Operacional";"0.8667"
"2023-09-19";"70";"Baixa Pressão / Operacional";"Operacional";"0.4333"
"2023-09-19";"68";"Baixa Pressão / Operacional";"Operacional";"0.4833"
"2023-09-20";"117";"Syngenta / Operacional";"Operacional";"7.4667"
"2023-09-20";"119";"Syngenta / Operacional";"Operacional";"7.4667"
"2023-09-20";"115";"Falha de Alinhamento / Operacional";"Operacional";"0.3167"
"2023-09-20";"1";"Limpeza e Afeirição / Operacional";"Operacional";"0.6"
"2023-09-20";"3";"Limpeza e Afeirição / Operacional";"Operacional";"0.3667"
"2023-09-20";"4";"Limpeza e Afeirição / Operacional";"Operacional";"0.35"
"2023-09-20";"31";"Configuração do Painel / Operacional";"Operacional";"0.25"
"2023-09-20";"31";"Configuração do Painel / Operacional";"Operacional";"0.7333"
"2023-09-20";"4";"Limpeza e Afeirição / Operacional";"Operacional";"0.5333"
"2023-09-20";"45";"Falha de Alinhamento / Operacional";"Operacional";"0.1333"
"2023-09-20";"57";"Falha de Alinhamento / Operacional";"Operacional";"2.3"
"2023-09-20";"68";"Falha de Alinhamento / Operacional";"Operacional";"1.5"
"2023-09-20";"56";"Falha de Alinhamento / Operacional";"Operacional";"1.1167"
"2023-09-20";"8";"Falha de Alinhamento / Operacional";"Operacional";"0.4667"
"2023-09-20";"113";"Pulverização / Operacional";"Operacional";"3.3833"
"2023-09-20";"117";"Falha de Alinhamento / Operacional";"Operacional";"0.15"
"2023-09-21";"117";"Syngenta / Operacional";"Operacional";"9.15"
"2023-09-21";"115";"Syngenta / Operacional";"Operacional";"8.9833"
"2023-09-21";"58";"Syngenta / Operacional";"Operacional";"9.1333"
"2023-09-21";"15";"Limpeza e Afeirição / Operacional";"Operacional";"1.3833"
"2023-09-21";"45";"Limpeza e Afeirição / Operacional";"Operacional";"1.45"
"2023-09-21";"17";"Falha de Alinhamento / Operacional";"Operacional";"0.7333"
"2023-09-21";"8";"Falha de Alinhamento / Operacional";"Operacional";"1.5333"
"2023-09-21";"3";"Falha de Alinhamento / Operacional";"Operacional";"0.2667"
"2023-09-21";"8";"Falha de Alinhamento / Operacional";"Operacional";"0.6833"
"2023-09-21";"70";"Falha de Alinhamento / Operacional";"Operacional";"2.0333"
"2023-09-21";"17";"Falha de Alinhamento / Operacional";"Operacional";"0.5333"
"2023-09-22";"60";"Syngenta / Operacional";"Operacional";"9.3333"
"2023-09-22";"58";"Syngenta / Operacional";"Operacional";"8.55"
"2023-09-22";"119";"Syngenta / Operacional";"Operacional";"7.8667"
"2023-09-22";"17";"Falha de Alinhamento / Operacional";"Operacional";"0.85"
"2023-09-22";"26";"Limpeza e Afeirição / Operacional";"Operacional";"0.2833"
"2023-09-25";"119";"Syngenta / Operacional";"Operacional";"7.9167"
"2023-09-25";"58";"Syngenta / Operacional";"Operacional";"7.55"
"2023-09-25";"57";"Falha de Alinhamento / Operacional";"Operacional";"0.2"
"2023-09-25";"1";"Falha de Alinhamento / Operacional";"Operacional";"1.7333"
"2023-09-26";"11";"Syngenta / Operacional";"Operacional";"5.7833"
"2023-09-26";"38";"Limpeza e Afeirição / Operacional";"Operacional";"1.4667"
"2023-09-27";"70";"Limpeza e Afeirição / Operacional";"Operacional";"0.5333"
"2023-09-27";"12";"Colheita Tabaco / Operacional";"Operacional";"4.1333"
"2023-09-27";"24";"Falha de Alinhamento / Operacional";"Operacional";"0.8667"
"2023-09-27";"39";"Equipamentos Fert / Operacional";"Operacional";"1.6"
"2023-09-27";"58";"Falha de Alinhamento / Operacional";"Operacional";"0.7333"
"2023-09-27";"24";"Falha de Alinhamento / Operacional";"Operacional";"0.7"
"2023-09-27";"15";"Falha de Alinhamento / Operacional";"Operacional";"1.1"
"2023-09-27";"12";"Limpeza e Afeirição / Operacional";"Operacional";"0.35"
"2023-09-28";"25";"Limpeza e Afeirição / Operacional";"Operacional";"0.7833"
"2023-09-28";"72";"Capina / Operacional";"Operacional";"2.1667"
"2023-09-28";"41";"Syngenta / Operacional";"Operacional";"0.8"
"2023-09-28";"44";"Falha de Alinhamento / Operacional";"Operacional";"2.6333"
"2023-09-28";"2";"Falha de Alinhamento / Operacional";"Operacional";"0.5833"
"2023-09-28";"44";"Falha de Alinhamento / Operacional";"Operacional";"3.35"
"2023-10-03";"9";"Falha de Alinhamento / Operacional";"Operacional";"2.6"
"2023-10-03";"115";"Syngenta / Operacional";"Operacional";"7.3"
"2023-10-03";"41";"Syngenta / Operacional";"Operacional";"6.7"
"2023-10-03";"9";"Falha de Alinhamento / Operacional";"Operacional";"2.3"
"2023-10-03";"21";"Falha de Alinhamento / Operacional";"Operacional";"1.55"
"2023-10-03";"70";"Falha de Alinhamento / Operacional";"Operacional";"1.5167"
"2023-10-03";"70";"Falha de Alinhamento / Operacional";"Operacional";"1.0167"
"2023-10-03";"47";"Falha de Alinhamento / Operacional";"Operacional";"1.0167"
"2023-10-03";"5";"Baixa Pressão / Operacional";"Operacional";"0.7833"
"2023-10-03";"22";"Baixa Pressão / Operacional";"Operacional";"0.95"
"2023-10-03";"41";"Falha de Alinhamento / Operacional";"Operacional";"8.55"
"2023-10-03";"1";"Falha de Alinhamento / Operacional";"Operacional";"0.4"
"2023-10-03";"1";"Motorredutor / Mecânico";"Mecânico";"2.9167"
"2023-10-03";"58";"Fun. Indisponível / Operacional";"Operacional";"5.9833"
"2023-10-04";"12";"Baixa Pressão / Operacional";"Operacional";"0.9"
"2023-10-04";"5";"Baixa Pressão / Operacional";"Operacional";"0.7667"
"2023-10-04";"37";"Baixa Pressão / Operacional";"Operacional";"0.7167"
"2023-10-04";"18";"Baixa Pressão / Operacional";"Operacional";"0.7667"
"2023-10-04";"22";"Limpeza e Afeirição / Operacional";"Operacional";"2.5667"
"2023-10-04";"58";"Falha de Alinhamento / Operacional";"Operacional";"0.5667"
"2023-10-04";"108";"Baixa Pressão / Operacional";"Operacional";"0.7667"
"2023-10-04";"69";"Falha de Alinhamento / Operacional";"Operacional";"1.6833"
"2023-10-04";"58";"Falha de Alinhamento / Operacional";"Operacional";"1.5833"
"2023-10-04";"1";"Falha de Alinhamento / Operacional";"Operacional";"0.55"
"2023-10-04";"38";"Falha de Alinhamento / Operacional";"Operacional";"0.2167"
"2023-10-05";"39";"Syngenta / Operacional";"Operacional";"8.9"
"2023-10-05";"70";"Painel do Pivô / Elétrico";"Elétrico";"9.5333"
"2023-10-05";"72";"Painel do Pivô / Elétrico";"Elétrico";"7.1333"
"2023-10-05";"115";"Bomba / Elétrico";"Elétrico";"5.85"
"2023-10-05";"59";"Troca de Registro / Operacional";"Operacional";"1.3"
"2023-10-05";"22";"Limpeza e Afeirição / Operacional";"Operacional";"1.1167"
"2023-10-05";"119";"Pulverização / Operacional";"Operacional";"2.4"
"2023-10-06";"28";"Transformador / Elétrico";"Elétrico";"7.5333"
"2023-10-06";"2";"Falha de Alinhamento / Operacional";"Operacional";"2.05"
"2023-10-06";"45";"Contator e Micro / Elétrico";"Elétrico";"11.5"
"2023-10-06";"22";"Baixa Pressão / Operacional";"Operacional";"0.65"
"2023-10-06";"15";"Inver. Frequência / Elétrico";"Elétrico";"7.5833"
"2023-10-06";"21";"Falha de Alinhamento / Operacional";"Operacional";"0.35"
"2023-10-06";"61";"Bomba / Elétrico";"Elétrico";"1.5"
"2023-10-07";"70";"Pneu / Mecânico";"Mecânico";"7.1667"
"2023-10-07";"69";"Pneu / Mecânico";"Mecânico";"6.85"
"2023-10-07";"15";"Falha de Alinhamento / Operacional";"Operacional";"0.6833"
"2023-10-07";"58";"Pneu / Mecânico";"Mecânico";"6.3833"
"2023-10-07";"10";"Disjuntor / Elétrico";"Elétrico";"1.7833"
"2023-10-08";"58";"Pneu / Mecânico";"Mecânico";"10.4333"
"2023-10-08";"10";"Disjuntor / Elétrico";"Elétrico";"10.45"
"2023-10-08";"58";"Contator e Micro / Elétrico";"Elétrico";"3.45"
"2023-10-08";"15";"Falha de Alinhamento / Operacional";"Operacional";"1.3333"
"2023-10-08";"41";"Falha de Alinhamento / Operacional";"Operacional";"0.75"
"2023-10-08";"28";"Limpeza e Afeirição / Operacional";"Operacional";"1.0833"
"2023-10-09";"1";"Syngenta / Operacional";"Operacional";"8.1"
"2023-10-09";"40";"Syngenta / Operacional";"Operacional";"7.5167"
"2023-10-09";"41";"Falha de Alinhamento / Operacional";"Operacional";"1.45"
"2023-10-09";"70";"Falha de Alinhamento / Operacional";"Operacional";"0.8833"
"2023-10-09";"61";"Cultivação / Operacional";"";"6.7167"
"2023-10-09";"29";"Pulverização / Operacional";"Operacional";"2.7167"
"2023-10-10";"72";"Pulverização / Operacional";"Operacional";"10.6667"
"2023-10-10";"25";"Rede Interna / Elétrico";"Elétrico";"7.7833"
"2023-10-10";"28";"Rede Interna / Elétrico";"Elétrico";"7.7667"
"2023-10-10";"31";"Rede Interna / Elétrico";"Elétrico";"7.8833"
"2023-10-10";"1";"Baixa Pressão / Operacional";"Operacional";"1.05"
"2023-10-10";"40";"Syngenta / Operacional";"Operacional";"8.25"
"2023-10-10";"69";"Desponte - Anti Brotante / Operacional";"Operacional";"1.8167"
"2023-10-10";"25";"Painel do Pivô / Elétrico";"Elétrico";"1.2167"
"2023-10-10";"18";"Falta de Produto / Operacional";"Operacional";"2.1833"
"2023-10-10";"15";"Falha de Alinhamento / Operacional";"Operacional";"0.4833"
"2023-10-10";"21";"Falha de Alinhamento / Operacional";"Operacional";"0.75"
"2023-10-11";"12";"Falha de Alinhamento / Operacional";"Operacional";"1.4167"
"2023-10-11";"10";"Redutor / Mecânico";"Mecânico";"9.9167"
"2023-10-11";"21";"Falha de Alinhamento / Operacional";"Operacional";"0.9833"
"2023-10-11";"41";"Falha de Alinhamento / Operacional";"Operacional";"1.45"
"2023-10-11";"40";"Syngenta / Operacional";"Operacional";"8.6"
"2023-10-11";"8";"Troca de Registro / Operacional";"Operacional";"1.45"
"2023-10-11";"18";"Troca de Registro / Operacional";"Operacional";"2.25"
"2023-10-12";"39";"Syngenta / Operacional";"Operacional";"9.6667"
"2023-10-12";"115";"Falta de Água / Operacional";"Operacional";"11.0667"
"2023-10-12";"108";"Falta de Água / Operacional";"Operacional";"7.6333"
"2023-10-12";"22";"Limpeza e Afeirição / Operacional";"Operacional";"1"
"2023-10-12";"40";"Syngenta / Operacional";"Operacional";"4.1833"
"2023-10-13";"52";"Colheita Tabaco / Operacional";"Operacional";"20.9833"
"2023-10-13";"39";"Syngenta / Operacional";"Operacional";"8.9833"
"2023-10-13";"40";"Syngenta / Operacional";"Operacional";"7.05"
"2023-10-13";"28";"Redutor / Mecânico";"Mecânico";"7.9333"
"2023-10-13";"15";"Falha de Alinhamento / Operacional";"Operacional";"0.3667"
"2023-10-16";"15";"Falha de Alinhamento / Operacional";"Operacional";"4.3333"
"2023-10-16";"1";"Syngenta / Operacional";"Operacional";"8.7167"
"2023-10-16";"21";"Falha de Alinhamento / Operacional";"Operacional";"1.25"
"2023-10-16";"45";"Falha de Alinhamento / Operacional";"Operacional";"3.2333"
"2023-10-16";"45";"Falha de Alinhamento / Operacional";"Operacional";"1.3833"
"2023-10-16";"45";"Falha de Alinhamento / Operacional";"Operacional";"2.5333"
"2023-10-16";"39";"Syngenta / Operacional";"Operacional";"5.15"
"2023-10-16";"11";"Syngenta / Operacional";"Operacional";"5.4167"
"2023-10-16";"61";"Capina / Operacional";"Operacional";"1.3833"
"2023-10-16";"45";"Falha de Alinhamento / Operacional";"Operacional";"2.1"
"2023-10-16";"113";"Falta de Água / Operacional";"Operacional";"20.9833"
"2023-10-16";"115";"Falta de Água / Operacional";"Operacional";"20.9833"
"2023-10-16";"119";"Falta de Água / Operacional";"Operacional";"20.9833"
"2023-10-16";"11";"Contator e Micro / Elétrico";"Elétrico";"1.5833"
"2023-10-16";"21";"Falha de Alinhamento / Operacional";"Operacional";"3.0667"
"2023-10-17";"40";"Syngenta / Operacional";"Operacional";"7.75"
"2023-10-17";"113";"Falta de Água / Operacional";"Operacional";"14.85"
"2023-10-17";"115";"Falta de Água / Operacional";"Operacional";"5.8333"
"2023-10-17";"41";"Falha de Alinhamento / Operacional";"Operacional";"2.5833"
"2023-10-17";"39";"Syngenta / Operacional";"Operacional";"3.7333"
"2023-10-18";"46";"Falha de Alinhamento / Operacional";"Operacional";"2.1"
"2023-10-18";"5";"Limpeza e Afeirição / Operacional";"Operacional";"0.8333"
"2023-10-18";"40";"Falta de Água / Operacional";"Operacional";"4.0667"
"2023-10-18";"39";"Falta de Água / Operacional";"Operacional";"14.0167"
"2023-10-18";"117";"Falta de Água / Operacional";"Operacional";"13.3333"
"2023-10-18";"1";"Rede Interna / Elétrico";"Elétrico";"1.8667"
"2023-10-18";"2";"Rede Interna / Elétrico";"Elétrico";"2.8"
"2023-10-18";"3";"Rede Interna / Elétrico";"Elétrico";"2.4833"
"2023-10-18";"5";"Rede Interna / Elétrico";"Elétrico";"4.05"
"2023-10-18";"6";"Rede Interna / Elétrico";"Elétrico";"4.15"
"2023-10-18";"7";"Rede Interna / Elétrico";"Elétrico";"3.9333"
"2023-10-18";"8";"Rede Interna / Elétrico";"Elétrico";"3.3"
"2023-10-18";"11";"Rede Interna / Elétrico";"Elétrico";"5.2833"
"2023-10-18";"12";"Rede Interna / Elétrico";"Elétrico";"2.1167"
"2023-10-18";"13";"Rede Interna / Elétrico";"Elétrico";"5.3"
"2023-10-18";"18";"Rede Interna / Elétrico";"Elétrico";"6.5333"
"2023-10-18";"21";"Rede Interna / Elétrico";"Elétrico";"6.2833"
"2023-10-18";"22";"Rede Interna / Elétrico";"Elétrico";"1.65"
"2023-10-18";"25";"Rede Interna / Elétrico";"Elétrico";"1.9167"
"2023-10-18";"27";"Rede Interna / Elétrico";"Elétrico";"1.7"
"2023-10-18";"28";"Rede Interna / Elétrico";"Elétrico";"1.7333"
"2023-10-18";"35";"Rede Interna / Elétrico";"Elétrico";"1.5667"
"2023-10-18";"46";"Rede Interna / Elétrico";"Elétrico";"3.0333"
"2023-10-18";"58";"Falha de Alinhamento / Operacional";"Operacional";"2.5333"
"2023-10-19";"28";"Falta de Água / Operacional";"Operacional";"11.6333"
"2023-10-19";"22";"Falta de Água / Operacional";"Operacional";"10.9833"
"2023-10-19";"70";"Desponte - Anti Brotante / Operacional";"Operacional";"3.7333"
"2023-10-19";"15";"Mangote / Mecânico";"Mecânico";"2.15"
"2023-10-20";"106";"Pulverização / Operacional";"Operacional";"5.4333"
"2023-10-20";"57";"Desponte - Anti Brotante / Operacional";"Operacional";"0.7333"
"2023-10-20";"108";"Pulverização / Operacional";"Operacional";"3.7667"
"2023-10-23";"11";"Falha de Alinhamento / Operacional";"Operacional";"3.1833"
"2023-10-23";"41";"Syngenta / Operacional";"Operacional";"6.7833"
"2023-10-23";"117";"Falha de Alinhamento / Operacional";"Operacional";"0.8667"
"2023-10-23";"9";"Falha de Alinhamento / Operacional";"Operacional";"1.05"
"2023-10-24";"14";"Redutor / Mecânico";"Mecânico";"5.9"
"2023-10-24";"39";"Pulverização / Operacional";"Operacional";"5.8167"
"2023-10-24";"41";"Falha de Alinhamento / Operacional";"Operacional";"2.2"
"2023-10-24";"57";"Pulverização / Operacional";"Operacional";"8.1167"
"2023-10-24";"72";"Colheita Tabaco / Operacional";"Operacional";"15.4833"
"2023-10-24";"119";"Falta de Água / Operacional";"Operacional";"10.8167"
"2023-10-24";"58";"Falha de Alinhamento / Operacional";"Operacional";"1.05"
"2023-10-24";"113";"Falha de Alinhamento / Operacional";"Operacional";"0.7333"
"2023-10-24";"107";"Trator Quebrado / Operacional";"Operacional";"9.1833"
"2023-10-25";"8";"Falta de Água / Operacional";"Operacional";"5.3833"
"2023-10-25";"10";"Falta de Água / Operacional";"Operacional";"3.9"
"2023-10-25";"18";"Falta de Água / Operacional";"Operacional";"5.6333"
"2023-10-25";"25";"Falta de Água / Operacional";"Operacional";"4.3167"
"2023-10-25";"35";"Falta de Água / Operacional";"Operacional";"3.95"
"2023-10-25";"36";"Falta de Água / Operacional";"Operacional";"3.9667"
"2023-10-25";"38";"Falta de Água / Operacional";"Operacional";"4.75"
"2023-10-25";"41";"Falha de Alinhamento / Operacional";"Operacional";"3.2667"
"2023-10-25";"45";"Colheita Tabaco / Operacional";"Operacional";"5.05"
"2023-10-25";"69";"Adutora / Mecânico";"Mecânico";"12.6333"
"2023-10-25";"41";"Falha de Alinhamento / Operacional";"Operacional";"1.1333"
"2023-10-25";"108";"Adubação  / Operacional";"Operacional";"6.1667"
"2023-10-25";"59";"Demanda de Energia / Operacional";"Operacional";"0.8167"
"2023-10-25";"107";"Demanda de Energia / Operacional";"Operacional";"4.6833"
"2023-10-25";"117";"Demanda de Energia / Operacional";"Operacional";"4.45"
"2023-10-25";"41";"Demanda de Energia / Operacional";"Operacional";"2.4667"
"2023-10-26";"57";"Demanda de Energia / Operacional";"Operacional";"7.2333"
"2023-10-26";"58";"Demanda de Energia / Operacional";"Operacional";"0.7333"
"2023-10-26";"102";"Demanda de Energia / Operacional";"Operacional";"2.8"
"2023-10-26";"38";"Demanda de Energia / Operacional";"Operacional";"1.5167"
"2023-10-27";"117";"Demanda de Energia / Operacional";"Operacional";"8.65"
"2023-10-27";"6";"Demanda de Energia / Operacional";"Operacional";"6.8833"
"2023-10-30";"59";"Demanda de Energia / Operacional";"Operacional";"2.7667"
"2023-10-31";"10";"Demanda de Energia / Operacional";"Operacional";"6.3833"
"2023-10-31";"59";"Demanda de Energia / Operacional";"Operacional";"5.7"
"2023-10-31";"35";"Demanda de Energia / Operacional";"Operacional";"0.9"
"2023-10-31";"12";"Demanda de Energia / Operacional";"Operacional";"2.7167"
"2023-10-31";"38";"Demanda de Energia / Operacional";"Operacional";"12.3667"
"2023-11-01";"38";"Demanda de Energia / Operacional";"Operacional";"12.35"
"2023-11-01";"1";"Demanda de Energia / Operacional";"Operacional";"3.9667"
"2023-11-01";"59";"Demanda de Energia / Operacional";"Operacional";"5.0667"
"2023-11-01";"115";"Demanda de Energia / Operacional";"Operacional";"0.75"
"2023-11-01";"62";"Demanda de Energia / Operacional";"Operacional";"10.0167"
"2023-11-01";"12";"Demanda de Energia / Operacional";"Operacional";"1.3"
"2023-11-01";"11";"Demanda de Energia / Operacional";"Operacional";"1.3167"
"2023-11-02";"35";"Demanda de Energia / Operacional";"Operacional";"4.0833"
"2023-11-02";"14";"Demanda de Energia / Operacional";"Operacional";"3.25"
"2023-11-02";"2";"Demanda de Energia / Operacional";"Operacional";"0.9333"
"2023-11-02";"29";"Demanda de Energia / Operacional";"Operacional";"0.8333"
"2023-11-02";"37";"Demanda de Energia / Operacional";"Operacional";"1.7"
"2023-11-02";"62";"Demanda de Energia / Operacional";"Operacional";"4.85"
"2023-11-02";"108";"Demanda de Energia / Operacional";"Operacional";"8.5333"
"2023-11-02";"27";"Demanda de Energia / Operacional";"Operacional";"0.45"
"2023-11-07";"1";"Demanda de Energia / Operacional";"Operacional";"10.3167"
"2023-11-07";"21";"Demanda de Energia / Operacional";"Operacional";"1.7"
"2023-11-07";"14";"Demanda de Energia / Operacional";"Operacional";"7.7667"
"2023-11-07";"125";"Demanda de Energia / Operacional";"Operacional";"3.5"
"2023-11-07";"27";"Demanda de Energia / Operacional";"Operacional";"0.1"
"2023-11-07";"72";"Demanda de Energia / Operacional";"Operacional";"13.4833"
"2023-11-08";"37";"Demanda de Energia / Operacional";"Operacional";"2.0667"
"2023-11-08";"1";"Demanda de Energia / Operacional";"Operacional";"5.9"
"2023-11-08";"29";"Demanda de Energia / Operacional";"Operacional";"11.5667"
"2023-11-08";"6";"Demanda de Energia / Operacional";"Operacional";"1.1833"
"2023-11-08";"14";"Demanda de Energia / Operacional";"Operacional";"2.2333"
"2023-11-08";"3";"Demanda de Energia / Operacional";"Operacional";"1.5333"
"2023-11-08";"40";"Demanda de Energia / Operacional";"Operacional";"0.8333"
"2023-11-08";"3";"Demanda de Energia / Operacional";"Operacional";"0.7"
"2023-11-08";"41";"Demanda de Energia / Operacional";"Operacional";"1.2167"
"2023-11-08";"22";"Demanda de Energia / Operacional";"Operacional";"7.55"
"2023-11-08";"1";"Demanda de Energia / Operacional";"Operacional";"0.3167"
"2023-11-08";"72";"Demanda de Energia / Operacional";"Operacional";"23.9833"
"2023-11-09";"1";"Demanda de Energia / Operacional";"Operacional";"9.5167"
"2023-11-09";"1";"Demanda de Energia / Operacional";"Operacional";"1.1167"
"2023-11-09";"21";"Demanda de Energia / Operacional";"Operacional";"0.3167"
"2023-11-09";"21";"Demanda de Energia / Operacional";"Operacional";"1.2333"
"2023-11-09";"2";"Demanda de Energia / Operacional";"Operacional";"2.2"
"2023-11-09";"22";"Demanda de Energia / Operacional";"Operacional";"23.9833"
"2023-11-09";"27";"Demanda de Energia / Operacional";"Operacional";"0.7167"
"2023-11-09";"14";"Demanda de Energia / Operacional";"Operacional";"3.3667"
"2023-11-09";"27";"Demanda de Energia / Operacional";"Operacional";"0.3667"
"2023-11-09";"9";"Demanda de Energia / Operacional";"Operacional";"2.4167"
"2023-11-09";"2";"Demanda de Energia / Operacional";"Operacional";"3.2"
"2023-11-09";"4";"Demanda de Energia / Operacional";"Operacional";"3.1833"
"2023-11-09";"41";"Demanda de Energia / Operacional";"Operacional";"0.9333"
"2023-11-09";"129";"Demanda de Energia / Operacional";"Operacional";"0.3667"
"2023-11-09";"133";"Demanda de Energia / Operacional";"Operacional";"0.25"
"2023-11-09";"72";"Demanda de Energia / Operacional";"Operacional";"15.6667"
"2023-11-09";"25";"Demanda de Energia / Operacional";"Operacional";"7.4667"
"2023-11-09";"27";"Demanda de Energia / Operacional";"Operacional";"0.5333"
"2023-11-09";"2";"Demanda de Energia / Operacional";"Operacional";"7.15"
"2023-11-09";"41";"Demanda de Energia / Operacional";"Operacional";"4.1833"
"2023-11-09";"22";"Demanda de Energia / Operacional";"Operacional";"23.9833"
"2023-11-10";"22";"Demanda de Energia / Operacional";"Operacional";"11.8333"
"2023-11-10";"3";"Demanda de Energia / Operacional";"Operacional";"6.3333"
"2023-11-10";"4";"Demanda de Energia / Operacional";"Operacional";"3.7333"
"2023-11-10";"25";"Demanda de Energia / Operacional";"Operacional";"6.5167"
"2023-11-10";"44";"Demanda de Energia / Operacional";"Operacional";"6.6"
"2023-11-10";"27";"Demanda de Energia / Operacional";"Operacional";"1.4833"
"2023-11-10";"46";"Demanda de Energia / Operacional";"Operacional";"3.5667"
"2023-11-10";"117";"Demanda de Energia / Operacional";"Operacional";"0.45"
"2023-11-10";"39";"Demanda de Energia / Operacional";"Operacional";"0.45"
"2023-11-10";"1";"Demanda de Energia / Operacional";"Operacional";"8.4667"
"2023-11-10";"120";"Demanda de Energia / Operacional";"Operacional";"1.1833"
"2023-11-10";"14";"Demanda de Energia / Operacional";"Operacional";"0.6"
"2023-11-10";"11";"Demanda de Energia / Operacional";"Operacional";"0.5333"
"2023-11-10";"6";"Demanda de Energia / Operacional";"Operacional";"0.2167"
"2023-11-10";"39";"Demanda de Energia / Operacional";"Operacional";"2.7333"
"2023-11-10";"40";"Demanda de Energia / Operacional";"Operacional";"2.7333"
"2023-11-10";"41";"Demanda de Energia / Operacional";"Operacional";"2.7333"
"2023-11-10";"46";"Demanda de Energia / Operacional";"Operacional";"2.7333"
"2023-11-10";"62";"Demanda de Energia / Operacional";"Operacional";"2.7333"
"2023-11-10";"36";"Demanda de Energia / Operacional";"Operacional";"0.1667"
"2023-11-10";"4";"Demanda de Energia / Operacional";"Operacional";"0.1333"
"2023-11-10";"46";"Demanda de Energia / Operacional";"Operacional";"3.7333"
"2023-11-10";"14";"Demanda de Energia / Operacional";"Operacional";"1.9167"
"2023-11-10";"6";"Demanda de Energia / Operacional";"Operacional";"0.4167"
"2023-11-10";"14";"Demanda de Energia / Operacional";"Operacional";"1.3833"
"2023-11-13";"1";"Demanda de Energia / Operacional";"Operacional";"5.5"
"2023-11-13";"27";"Demanda de Energia / Operacional";"Operacional";"0.65"
"2023-11-13";"21";"Demanda de Energia / Operacional";"Operacional";"1.7167"
"2023-11-13";"38";"Demanda de Energia / Operacional";"Operacional";"3.7333"
"2023-11-13";"45";"Demanda de Energia / Operacional";"Operacional";"2.1"
"2023-11-13";"42";"Demanda de Energia / Operacional";"Operacional";"0.8"
"2023-11-13";"35";"Demanda de Energia / Operacional";"Operacional";"0.0833"
"2023-11-13";"9";"Demanda de Energia / Operacional";"Operacional";"11.5167"
"2023-11-14";"14";"Demanda de Energia / Operacional";"Operacional";"1.9667"
"2023-11-14";"127";"Demanda de Energia / Operacional";"Operacional";"0.1667"
"2023-11-14";"129";"Demanda de Energia / Operacional";"Operacional";"0.1167"
"2023-11-14";"131";"Demanda de Energia / Operacional";"Operacional";"0.4167"
"2023-11-14";"130";"Demanda de Energia / Operacional";"Operacional";"0.05"
"2023-11-14";"29";"Demanda de Energia / Operacional";"Operacional";"0.8"
"2023-11-14";"131";"Demanda de Energia / Operacional";"Operacional";"0.3667"
"2023-11-14";"28";"Demanda de Energia / Operacional";"Operacional";"3.2667"
"2023-11-14";"130";"Demanda de Energia / Operacional";"Operacional";"0.2333"
"2023-11-14";"129";"Demanda de Energia / Operacional";"Operacional";"0.05"
"2023-11-14";"3";"Demanda de Energia / Operacional";"Operacional";"0.5333"
"2023-11-14";"22";"Demanda de Energia / Operacional";"Operacional";"9.8667"
"2023-11-14";"9";"Demanda de Energia / Operacional";"Operacional";"0.5"
"2023-11-14";"46";"Demanda de Energia / Operacional";"Operacional";"7.6667"
"2023-11-14";"21";"Demanda de Energia / Operacional";"Operacional";"0.4833"
"2023-11-14";"129";"Demanda de Energia / Operacional";"Operacional";"0.3333"
"2023-11-14";"37";"Demanda de Energia / Operacional";"Operacional";"3.8167"
"2023-11-14";"130";"Demanda de Energia / Operacional";"Operacional";"1.0333"
"2023-11-14";"119";"Demanda de Energia / Operacional";"Operacional";"0.7667"
"2023-11-15";"18";"Demanda de Energia / Operacional";"Operacional";"3.0667"
"2023-11-15";"21";"Demanda de Energia / Operacional";"Operacional";"1.3333"
"2023-11-15";"45";"Demanda de Energia / Operacional";"Operacional";"0.4833"
"2023-11-15";"22";"Demanda de Energia / Operacional";"Operacional";"1.0167"
"2023-11-15";"29";"Demanda de Energia / Operacional";"Operacional";"5.05"
"2023-11-15";"9";"Demanda de Energia / Operacional";"Operacional";"0.5"
"2023-11-15";"27";"Demanda de Energia / Operacional";"Operacional";"0.2667"
"2023-11-15";"27";"Demanda de Energia / Operacional";"Operacional";"0.7833"
"2023-11-15";"21";"Demanda de Energia / Operacional";"Operacional";"0.5667"
"2023-11-15";"14";"Demanda de Energia / Operacional";"Operacional";"0.3167"
"2023-11-15";"12";"Demanda de Energia / Operacional";"Operacional";"0.3"
"2023-11-15";"9";"Demanda de Energia / Operacional";"Operacional";"1.7667"
"2023-11-15";"8";"Demanda de Energia / Operacional";"Operacional";"2.0333"
"2023-11-16";"3";"Demanda de Energia / Operacional";"Operacional";"16.9833"
"2023-11-16";"2";"Demanda de Energia / Operacional";"Operacional";"16.9833"
"2023-11-16";"11";"Demanda de Energia / Operacional";"Operacional";"0.5333"
"2023-11-16";"12";"Demanda de Energia / Operacional";"Operacional";"0.85"
"2023-11-16";"21";"Demanda de Energia / Operacional";"Operacional";"0.6833"
"2023-11-16";"1";"Demanda de Energia / Operacional";"Operacional";"13.6167"
"2023-11-16";"4";"Demanda de Energia / Operacional";"Operacional";"13.6"
"2023-11-16";"21";"Demanda de Energia / Operacional";"Operacional";"1.1833"
"2023-11-16";"27";"Demanda de Energia / Operacional";"Operacional";"0.2833"
"2023-11-16";"37";"Demanda de Energia / Operacional";"Operacional";"0.5167"
"2023-11-16";"6";"Demanda de Energia / Operacional";"Operacional";"0.5667"
"2023-11-16";"52";"Demanda de Energia / Operacional";"Operacional";"0.25"
"2023-11-21";"1";"Demanda de Energia / Operacional";"Operacional";"14.1833"
"2023-11-21";"52";"Demanda de Energia / Operacional";"Operacional";"3.7667"
"2023-11-21";"56";"Demanda de Energia / Operacional";"Operacional";"0.3833"
"2023-11-22";"1";"Demanda de Energia / Operacional";"Operacional";"15.5"
"2023-11-22";"102";"Demanda de Energia / Operacional";"Operacional";"0.3833"
"2023-11-22";"18";"Demanda de Energia / Operacional";"Operacional";"7.5167"
"2023-11-22";"5";"Demanda de Energia / Operacional";"Operacional";"7.8167"
"2023-11-22";"127";"Demanda de Energia / Operacional";"Operacional";"0.8167"
"2023-11-22";"133";"Demanda de Energia / Operacional";"Operacional";"16.9833"
"2023-11-22";"27";"Demanda de Energia / Operacional";"Operacional";"1.0167"
"2023-11-22";"52";"Demanda de Energia / Operacional";"Operacional";"3.9833"
"2023-11-22";"131";"Demanda de Energia / Operacional";"Operacional";"1"
"2023-11-22";"18";"Demanda de Energia / Operacional";"Operacional";"1.0833"
"2023-11-23";"133";"Demanda de Energia / Operacional";"Operacional";"9.8333"
"2023-11-23";"129";"Demanda de Energia / Operacional";"Operacional";"0.1333"
"2023-11-23";"125";"Demanda de Energia / Operacional";"Operacional";"0.4167"
"2023-11-23";"1";"Demanda de Energia / Operacional";"Operacional";"0.0833"
"2023-11-23";"27";"Demanda de Energia / Operacional";"Operacional";"0.7333"
"2023-11-24";"133";"Demanda de Energia / Operacional";"Operacional";"16.9833"
"2023-11-24";"45";"Demanda de Energia / Operacional";"Operacional";"0.75"
"2023-11-24";"25";"Demanda de Energia / Operacional";"Operacional";"5.7833"
"2023-11-24";"35";"Demanda de Energia / Operacional";"Operacional";"0.1333"
"2023-11-24";"127";"Demanda de Energia / Operacional";"Operacional";"3.6333"
"2023-11-24";"27";"Demanda de Energia / Operacional";"Operacional";"1.1167"
"2023-11-24";"46";"Demanda de Energia / Operacional";"Operacional";"5.4167"
"2023-11-25";"71";"Demanda de Energia / Operacional";"Operacional";"14"
"2023-11-26";"70";"Demanda de Energia / Operacional";"Operacional";"20.9833"
"2023-11-27";"70";"Demanda de Energia / Operacional";"Operacional";"23.9833"
"2023-11-27";"125";"Demanda de Energia / Operacional";"Operacional";"0.2"
"2023-11-27";"120";"Demanda de Energia / Operacional";"Operacional";"0.5333"
"2023-11-27";"27";"Demanda de Energia / Operacional";"Operacional";"0.85"
"2023-11-27";"120";"Demanda de Energia / Operacional";"Operacional";"0.4333"
"2023-11-27";"50";"Demanda de Energia / Operacional";"Operacional";"1.9167"
"2023-11-28";"70";"Demanda de Energia / Operacional";"Operacional";"23.9833"
"2023-11-28";"18";"Demanda de Energia / Operacional";"Operacional";"1.7333"
"2023-11-28";"35";"Demanda de Energia / Operacional";"Operacional";"2.7667"
"2023-11-28";"45";"Demanda de Energia / Operacional";"Operacional";"0.3167"
"2023-11-28";"102";"Demanda de Energia / Operacional";"Operacional";"0.1333"
"2023-11-28";"132";"Demanda de Energia / Operacional";"Operacional";"0.2333"
"2023-11-28";"50";"Demanda de Energia / Operacional";"Operacional";"0.7333"
"2023-11-28";"44";"Demanda de Energia / Operacional";"Operacional";"0.3833"
"2023-11-28";"47";"Demanda de Energia / Operacional";"Operacional";"0.3"
"2023-11-28";"62";"Demanda de Energia / Operacional";"Operacional";"1.95"
"2023-11-28";"27";"Demanda de Energia / Operacional";"Operacional";"2.1333"
"2023-11-28";"14";"Demanda de Energia / Operacional";"Operacional";"3.6667"
"2023-11-28";"11";"Demanda de Energia / Operacional";"Operacional";"0.1167"
"2023-11-28";"27";"Demanda de Energia / Operacional";"Operacional";"6.3667"
"2023-11-28";"127";"Demanda de Energia / Operacional";"Operacional";"0.1"
"2023-11-28";"51";"Demanda de Energia / Operacional";"Operacional";"0.1333"
"2023-11-28";"21";"Demanda de Energia / Operacional";"Operacional";"2.0667"
"2023-11-29";"70";"Demanda de Energia / Operacional";"Operacional";"18.5"
"2023-11-29";"9";"Demanda de Energia / Operacional";"Operacional";"0.5167"
"2023-11-29";"105";"Demanda de Energia / Operacional";"Operacional";"0.25"
"2023-11-29";"51";"Demanda de Energia / Operacional";"Operacional";"0.5167"
"2023-11-29";"47";"Demanda de Energia / Operacional";"Operacional";"3.5"
"2023-11-29";"127";"Demanda de Energia / Operacional";"Operacional";"0.1667"
"2023-11-29";"8";"Demanda de Energia / Operacional";"Operacional";"7.9167"
"2023-11-29";"7";"Demanda de Energia / Operacional";"Operacional";"2.2833"
"2023-11-30";"8";"Demanda de Energia / Operacional";"Operacional";"10.3333"
"2023-11-30";"8";"Demanda de Energia / Operacional";"Operacional";"0.9333"
"2023-11-30";"25";"Demanda de Energia / Operacional";"Operacional";"8.4"
"2023-11-30";"25";"Demanda de Energia / Operacional";"Operacional";"0.1833"
"2023-11-30";"1";"Demanda de Energia / Operacional";"Operacional";"4.0833"
"2023-11-30";"40";"Demanda de Energia / Operacional";"Operacional";"20.9833"
"2023-11-30";"44";"Demanda de Energia / Operacional";"Operacional";"7.6"
"2023-11-30";"129";"Demanda de Energia / Operacional";"Operacional";"0.9167"
"2023-11-30";"133";"Demanda de Energia / Operacional";"Operacional";"15.7333"
"2023-11-30";"50";"Demanda de Energia / Operacional";"Operacional";"6.4667"
"2023-11-30";"127";"Demanda de Energia / Operacional";"Operacional";"0.2167"
"2023-11-30";"71";"Demanda de Energia / Operacional";"Operacional";"10.2333"
"2023-11-30";"35";"Demanda de Energia / Operacional";"Operacional";"14.4667"
"2023-11-30";"70";"Demanda de Energia / Operacional";"Operacional";"7.0667"
"2023-11-30";"51";"Demanda de Energia / Operacional";"Operacional";"10.5"
"2023-11-30";"54";"Demanda de Energia / Operacional";"Operacional";"0.3"
"2023-11-30";"102";"Demanda de Energia / Operacional";"Operacional";"0.1333"
"2023-11-30";"5";"Demanda de Energia / Operacional";"Operacional";"2.25"
"2023-11-30";"18";"Demanda de Energia / Operacional";"Operacional";"3.9667"
"2023-11-30";"21";"Demanda de Energia / Operacional";"Operacional";"3.3333"
"2023-11-30";"36";"Demanda de Energia / Operacional";"Operacional";"3.9"
"2023-11-30";"56";"Demanda de Energia / Operacional";"Operacional";"3.8833"
"2023-12-01";"40";"Demanda de Energia / Operacional";"Operacional";"10.4"
"2023-12-01";"133";"Demanda de Energia / Operacional";"Operacional";"0"
"2023-12-01";"35";"Demanda de Energia / Operacional";"Operacional";"14.7167"
"2023-12-01";"51";"Demanda de Energia / Operacional";"Operacional";"9.1"
"2023-12-01";"51";"Demanda de Energia / Operacional";"Operacional";"0.1833"
"2023-12-01";"22";"Demanda de Energia / Operacional";"Operacional";"1.2167"
"2023-12-01";"120";"Demanda de Energia / Operacional";"Operacional";"1.4167"
"2023-12-01";"102";"Demanda de Energia / Operacional";"Operacional";"12.2167"
"2023-12-01";"125";"Demanda de Energia / Operacional";"Operacional";"1.4667"
"2023-12-01";"10";"Demanda de Energia / Operacional";"Operacional";"0.8333"
"2023-12-01";"56";"Demanda de Energia / Operacional";"Operacional";"6.5833"
"2023-12-01";"53";"Demanda de Energia / Operacional";"Operacional";"3.05"
"2023-12-01";"50";"Demanda de Energia / Operacional";"Operacional";"4.75"
"2023-12-01";"44";"Demanda de Energia / Operacional";"Operacional";"11.6"
"2023-12-01";"13";"Demanda de Energia / Operacional";"Operacional";"10.1"
"2023-12-01";"11";"Demanda de Energia / Operacional";"Operacional";"10.1"
"2023-12-01";"12";"Demanda de Energia / Operacional";"Operacional";"10.1"
"2023-12-05";"1";"Demanda de Energia / Operacional";"Operacional";"22.9833"
"2023-12-05";"4";"Demanda de Energia / Operacional";"Operacional";"8.0333"
"2023-12-05";"5";"Demanda de Energia / Operacional";"Operacional";"20.9833"
"2023-12-05";"30";"Demanda de Energia / Operacional";"Operacional";"20.9833"
"2023-12-05";"54";"Demanda de Energia / Operacional";"Operacional";"20.9833"
"2023-11-05";"56";"Demanda de Energia / Operacional";"Operacional";"20.9833"
"2023-11-05";"28";"Demanda de Energia / Operacional";"Operacional";"13.4"
"2023-11-05";"42";"Demanda de Energia / Operacional";"Operacional";"7.3167"
"2023-11-05";"50";"Demanda de Energia / Operacional";"Operacional";"7.3167"
"2023-11-05";"53";"Demanda de Energia / Operacional";"Operacional";"7.3167"
"2023-11-05";"54";"Demanda de Energia / Operacional";"Operacional";"7.3167"
"2023-11-05";"56";"Demanda de Energia / Operacional";"Operacional";"7.3167"
"2023-11-05";"39";"Demanda de Energia / Operacional";"Operacional";"7.3167"
"2023-12-06";"42";"Demanda de Energia / Operacional";"Operacional";"10.7333"
"2023-12-06";"50";"Demanda de Energia / Operacional";"Operacional";"12.2167"
"2023-12-06";"53";"Demanda de Energia / Operacional";"Operacional";"10.7333"
"2023-12-06";"1";"Demanda de Energia / Operacional";"Operacional";"11"
"2023-12-06";"25";"Demanda de Energia / Operacional";"Operacional";"8.0667"
"2023-12-06";"30";"Demanda de Energia / Operacional";"Operacional";"18.3"
"2023-12-06";"54";"Demanda de Energia / Operacional";"Operacional";"10.7167"
"2023-12-06";"56";"Demanda de Energia / Operacional";"Operacional";"10.95"
"2023-12-06";"44";"Demanda de Energia / Operacional";"Operacional";"13.6667"
"2023-12-06";"27";"Demanda de Energia / Operacional";"Operacional";"2.2833"
"2023-12-06";"106";"Demanda de Energia / Operacional";"Operacional";"4.3"
"2023-12-06";"21";"Demanda de Energia / Operacional";"Operacional";"8.6167"
"2023-12-06";"22";"Demanda de Energia / Operacional";"Operacional";"8.6167"
"2023-12-06";"23";"Demanda de Energia / Operacional";"Operacional";"8.5"
"2023-12-06";"122";"Demanda de Energia / Operacional";"Operacional";"1.05"
"2023-12-06";"15";"Demanda de Energia / Operacional";"Operacional";"0.7"
"2023-12-06";"27";"Demanda de Energia / Operacional";"Operacional";"0.6"
"2023-12-06";"15";"Demanda de Energia / Operacional";"Operacional";"0.25"
"2023-12-06";"28";"Demanda de Energia / Operacional";"Operacional";"0.4"
"2023-12-07";"21";"Demanda de Energia / Operacional";"Operacional";"10.3333"
"2023-12-07";"22";"Demanda de Energia / Operacional";"Operacional";"10.3833"
"2023-12-07";"23";"Demanda de Energia / Operacional";"Operacional";"6.3833"
"2023-12-07";"7";"Demanda de Energia / Operacional";"Operacional";"20.9833"
"2023-12-07";"107";"Demanda de Energia / Operacional";"Operacional";"3.4667"
"2023-12-07";"108";"Demanda de Energia / Operacional";"Operacional";"3.4833"
"2023-12-07";"120";"Demanda de Energia / Operacional";"Operacional";"3.5167"
"2023-12-07";"125";"Demanda de Energia / Operacional";"Operacional";"3.4833"
"2023-12-07";"127";"Demanda de Energia / Operacional";"Operacional";"3.4833"
"2023-12-07";"128";"Demanda de Energia / Operacional";"Operacional";"3.4833"
"2023-12-07";"129";"Demanda de Energia / Operacional";"Operacional";"3.4667"
"2023-12-07";"133";"Demanda de Energia / Operacional";"Operacional";"3.4833"
"2023-12-07";"12";"Demanda de Energia / Operacional";"Operacional";"6.1"
"2023-12-07";"44";"Demanda de Energia / Operacional";"Operacional";"3.2167"
"2023-12-07";"46";"Demanda de Energia / Operacional";"Operacional";"1.4333"
"2023-12-07";"30";"Demanda de Energia / Operacional";"Operacional";"0.55"
"2023-12-07";"18";"Demanda de Energia / Operacional";"Operacional";"9.4167"
"2023-12-07";"44";"Demanda de Energia / Operacional";"Operacional";"0.8"
"2023-12-08";"18";"Demanda de Energia / Operacional";"Operacional";"19.9833"
"2023-12-08";"15";"Demanda de Energia / Operacional";"Operacional";"6.3333"
"2023-12-08";"3";"Demanda de Energia / Operacional";"Operacional";"20.9833"
"2023-12-08";"2";"Demanda de Energia / Operacional";"Operacional";"20.9833"
"2023-12-08";"44";"Demanda de Energia / Operacional";"Operacional";"1.3833"
"2023-12-08";"14";"Demanda de Energia / Operacional";"Operacional";"8.3667"
"2023-12-08";"30";"Demanda de Energia / Operacional";"Operacional";"1.4"
"2023-12-08";"50";"Demanda de Energia / Operacional";"Operacional";"7.1667"
"2023-12-08";"31";"Demanda de Energia / Operacional";"Operacional";"7.9"
"2023-12-08";"44";"Demanda de Energia / Operacional";"Operacional";"0.5333"
"2023-12-08";"44";"Demanda de Energia / Operacional";"Operacional";"5.4"
"2023-12-08";"35";"Demanda de Energia / Operacional";"Operacional";"3.25"
"2023-12-09";"107";"Demanda de Energia / Operacional";"Operacional";"0.6667"
"2023-12-09";"35";"Demanda de Energia / Operacional";"Operacional";"18"
"2023-12-09";"61";"Demanda de Energia / Operacional";"Operacional";"23.9833"
"2023-12-09";"30";"Demanda de Energia / Operacional";"Operacional";"7.5833"
"2023-12-09";"45";"Demanda de Energia / Operacional";"Operacional";"15.5"
"2023-12-09";"133";"Demanda de Energia / Operacional";"Operacional";"6.6"
"2023-12-09";"2";"Demanda de Energia / Operacional";"Operacional";"9.7167"
"2023-12-09";"3";"Demanda de Energia / Operacional";"Operacional";"9.3833"
"2023-12-09";"57";"Demanda de Energia / Operacional";"Operacional";"3.3333"
"2023-12-09";"18";"Demanda de Energia / Operacional";"Operacional";"14.25"
"2023-12-10";"38";"Demanda de Energia / Operacional";"Operacional";"10.65"
"2023-12-10";"61";"Demanda de Energia / Operacional";"Operacional";"23.9833"
"2023-12-10";"15";"Demanda de Energia / Operacional";"Operacional";"2.5833"
"2023-12-10";"18";"Demanda de Energia / Operacional";"Operacional";"14.5"
"2023-12-11";"61";"Demanda de Energia / Operacional";"Operacional";"15.9667"
"2023-12-11";"50";"Demanda de Energia / Operacional";"Operacional";"3.15"
"2023-12-11";"51";"Demanda de Energia / Operacional";"Operacional";"3.1333"
"2023-12-11";"54";"Demanda de Energia / Operacional";"Operacional";"3.1833"
"2023-12-11";"18";"Demanda de Energia / Operacional";"Operacional";"8"
"2023-12-11";"27";"Demanda de Energia / Operacional";"Operacional";"3.8667"
"2023-12-12";"7";"Demanda de Energia / Operacional";"Operacional";"6.0833"
"2023-12-12";"9";"Demanda de Energia / Operacional";"Operacional";"6.0833"
"2023-12-12";"13";"Demanda de Energia / Operacional";"Operacional";"6.0833"
"2023-12-12";"14";"Demanda de Energia / Operacional";"Operacional";"6.0833"
"2023-12-12";"15";"Demanda de Energia / Operacional";"Operacional";"6.0833"
"2023-12-12";"21";"Demanda de Energia / Operacional";"Operacional";"6.0833"
"2023-12-12";"22";"Demanda de Energia / Operacional";"Operacional";"6.0833"
"2023-12-12";"27";"Demanda de Energia / Operacional";"Operacional";"6.0833"
"2023-12-12";"28";"Demanda de Energia / Operacional";"Operacional";"6.0833"
"2023-12-12";"29";"Demanda de Energia / Operacional";"Operacional";"6.0833"
"2023-12-12";"30";"Demanda de Energia / Operacional";"Operacional";"6.0833"
"2023-12-12";"31";"Demanda de Energia / Operacional";"Operacional";"6.0833"
"2023-12-12";"51";"Demanda de Energia / Operacional";"Operacional";"3.7"
"2023-12-12";"7";"Demanda de Energia / Operacional";"Operacional";"1.1667"
"2023-12-12";"27";"Demanda de Energia / Operacional";"Operacional";"1.4"
"2023-12-12";"30";"Demanda de Energia / Operacional";"Operacional";"1.5167"
"2023-12-12";"31";"Demanda de Energia / Operacional";"Operacional";"1.55"
"2023-12-12";"22";"Demanda de Energia / Operacional";"Operacional";"2.8167"
"2023-12-12";"44";"Demanda de Energia / Operacional";"Operacional";"4.9333"
"2023-12-12";"51";"Demanda de Energia / Operacional";"Operacional";"4.5667"
"2023-12-12";"28";"Demanda de Energia / Operacional";"Operacional";"0.85"
"2023-12-13";"30";"Demanda de Energia / Operacional";"Operacional";"8.3"
"2023-12-13";"21";"Demanda de Energia / Operacional";"Operacional";"9.0333"
"2023-12-13";"27";"Demanda de Energia / Operacional";"Operacional";"9.2333"
"2023-12-13";"22";"Demanda de Energia / Operacional";"Operacional";"8.0167"
"2023-12-13";"12";"Demanda de Energia / Operacional";"Operacional";"7.9667"
"2023-12-13";"14";"Demanda de Energia / Operacional";"Operacional";"0.4"
"2023-12-13";"46";"Demanda de Energia / Operacional";"Operacional";"10.9667"
"2023-12-13";"5";"Demanda de Energia / Operacional";"Operacional";"14.5333"
"2023-12-13";"74";"Demanda de Energia / Operacional";"Operacional";"13"
"2023-12-13";"73";"Demanda de Energia / Operacional";"Operacional";"8.85"
"2023-12-13";"59";"Demanda de Energia / Operacional";"Operacional";"20.9833"
"2023-12-13";"71";"Demanda de Energia / Operacional";"Operacional";"15.5333"
"2023-12-13";"51";"Demanda de Energia / Operacional";"Operacional";"5.4333"
"2023-12-13";"69";"Demanda de Energia / Operacional";"Operacional";"23.9833"
"2023-12-13";"48";"Demanda de Energia / Operacional";"Operacional";"8.0167"
"2023-12-13";"15";"Demanda de Energia / Operacional";"Operacional";"0.4667"
"2023-12-13";"129";"Demanda de Energia / Operacional";"Operacional";"4.95"
"2023-12-13";"27";"Demanda de Energia / Operacional";"Operacional";"6.1333"
"2023-12-13";"14";"Demanda de Energia / Operacional";"Operacional";"3"
"2023-12-14";"52";"Demanda de Energia / Operacional";"Operacional";"6.3"
"2023-12-14";"53";"Demanda de Energia / Operacional";"Operacional";"6.3"
"2023-12-14";"44";"Demanda de Energia / Operacional";"Operacional";"6.3"
"2023-12-14";"3";"Demanda de Energia / Operacional";"Operacional";"4.8667"
"2023-12-14";"14";"Demanda de Energia / Operacional";"Operacional";"20"
"2023-12-14";"22";"Demanda de Energia / Operacional";"Operacional";"12.1667"
"2023-12-14";"53";"Demanda de Energia / Operacional";"Operacional";"0.7"
"2023-12-14";"44";"Demanda de Energia / Operacional";"Operacional";"0.75"
"2023-12-14";"55";"Demanda de Energia / Operacional";"Operacional";"1.1333"
"2023-12-14";"44";"Demanda de Energia / Operacional";"Operacional";"1.2333"
"2023-12-14";"52";"Demanda de Energia / Operacional";"Operacional";"5.4"
"2023-12-14";"74";"Demanda de Energia / Operacional";"Operacional";"5.2667"
"2023-12-18";"8";"Demanda de Energia / Operacional";"Operacional";"10.9333"
"2023-12-18";"32";"Demanda de Energia / Operacional";"Operacional";"6.75"
"2023-12-18";"33";"Demanda de Energia / Operacional";"Operacional";"9.8667"
"2023-12-18";"34";"Demanda de Energia / Operacional";"Operacional";"0.5833"
"2023-12-18";"44";"Demanda de Energia / Operacional";"Operacional";"9.6"
"2023-12-18";"30";"Demanda de Energia / Operacional";"Operacional";"11.7667"
"2023-12-18";"5";"Demanda de Energia / Operacional";"Operacional";"2.5667"
"2023-12-18";"22";"Demanda de Energia / Operacional";"Operacional";"2.7"
"2023-12-18";"60";"Demanda de Energia / Operacional";"Operacional";"8.4"
"2023-12-18";"8";"Demanda de Energia / Operacional";"Operacional";"8.7833"
"2023-12-18";"32";"Demanda de Energia / Operacional";"Operacional";"6.5333"
"2023-12-18";"44";"Demanda de Energia / Operacional";"Operacional";"1.2667"
"2023-12-18";"59";"Demanda de Energia / Operacional";"Operacional";"10"
"2023-12-19";"44";"Demanda de Energia / Operacional";"Operacional";"0.6667"
"2023-12-19";"14";"Demanda de Energia / Operacional";"Operacional";"12.4167"
"2023-12-19";"15";"Demanda de Energia / Operacional";"Operacional";"8.0167"
"2023-12-19";"21";"Demanda de Energia / Operacional";"Operacional";"11.4"
"2023-12-19";"25";"Demanda de Energia / Operacional";"Operacional";"12.4833"
"2023-12-19";"27";"Demanda de Energia / Operacional";"Operacional";"8.3667"
"2023-12-19";"28";"Demanda de Energia / Operacional";"Operacional";"19.1833"
"2023-12-19";"30";"Demanda de Energia / Operacional";"Operacional";"13.3667"
"2023-12-19";"32";"Demanda de Energia / Operacional";"Operacional";"8.4"
"2023-12-19";"33";"Demanda de Energia / Operacional";"Operacional";"13.9833"
"2023-12-19";"34";"Demanda de Energia / Operacional";"Operacional";"14"
"2023-12-19";"8";"Demanda de Energia / Operacional";"Operacional";"16.9833"
"2023-12-19";"52";"Demanda de Energia / Operacional";"Operacional";"0.3833"
"2023-12-19";"67";"Demanda de Energia / Operacional";"Operacional";"11.8"
"2023-12-19";"61";"Demanda de Energia / Operacional";"Operacional";"14.0667"
"2023-12-19";"52";"Demanda de Energia / Operacional";"Operacional";"3.5833"
"2023-12-19";"1";"Demanda de Energia / Operacional";"Operacional";"10.0333"
"2023-12-19";"15";"Demanda de Energia / Operacional";"Operacional";"9.2833"
"2023-12-19";"22";"Demanda de Energia / Operacional";"Operacional";"0.9667"
"2023-12-19";"32";"Demanda de Energia / Operacional";"Operacional";"1.85"
"2023-12-19";"74";"Demanda de Energia / Operacional";"Operacional";"9.5"
"2023-12-19";"46";"Demanda de Energia / Operacional";"Operacional";"8.45"
"2023-12-20";"46";"Demanda de Energia / Operacional";"Operacional";"6.35"
"2023-12-20";"44";"Demanda de Energia / Operacional";"Operacional";"1.3667"
"2023-12-20";"15";"Demanda de Energia / Operacional";"Operacional";"23.9833"
"2023-12-20";"18";"Demanda de Energia / Operacional";"Operacional";"4.2667"
"2023-12-20";"44";"Demanda de Energia / Operacional";"Operacional";"4.6333"
"2023-12-20";"12";"Demanda de Energia / Operacional";"Operacional";"1.25"
"2023-12-20";"28";"Demanda de Energia / Operacional";"Operacional";"1.8"
"2023-12-20";"30";"Demanda de Energia / Operacional";"Operacional";"7.45"
"2023-12-20";"46";"Demanda de Energia / Operacional";"Operacional";"8.7"
"2023-12-20";"5";"Demanda de Energia / Operacional";"Operacional";"7.6667"
"2023-12-20";"21";"Demanda de Energia / Operacional";"Operacional";"8.3667"
"2023-12-20";"25";"Demanda de Energia / Operacional";"Operacional";"8.95"
"2023-12-20";"27";"Demanda de Energia / Operacional";"Operacional";"7.5667"
"2023-12-20";"28";"Demanda de Energia / Operacional";"Operacional";"9.0333"
"2023-12-20";"29";"Demanda de Energia / Operacional";"Operacional";"8.9833"
"2023-12-20";"30";"Demanda de Energia / Operacional";"Operacional";"8.9833"
"2023-12-20";"32";"Demanda de Energia / Operacional";"Operacional";"8.95"
"2023-12-20";"33";"Demanda de Energia / Operacional";"Operacional";"9.2833"
"2023-12-20";"34";"Demanda de Energia / Operacional";"Operacional";"9.5833"
"2023-12-20";"44";"Demanda de Energia / Operacional";"Operacional";"8.8167"
"2023-12-20";"55";"Demanda de Energia / Operacional";"Operacional";"8.9833"
"2023-12-20";"59";"Demanda de Energia / Operacional";"Operacional";"8.9833"
"2023-12-20";"66";"Demanda de Energia / Operacional";"Operacional";"8.9833"
"2023-12-20";"101";"Demanda de Energia / Operacional";"Operacional";"10.9833"
"2023-12-20";"103";"Demanda de Energia / Operacional";"Operacional";"10.9833"
"2023-12-20";"104";"Demanda de Energia / Operacional";"Operacional";"10.9833"
"2023-12-20";"105";"Demanda de Energia / Operacional";"Operacional";"10.9833"
"2023-12-20";"106";"Demanda de Energia / Operacional";"Operacional";"10.9833"
"2023-12-20";"12";"Demanda de Energia / Operacional";"Operacional";"8.9833"
"2023-12-21";"41";"Demanda de Energia / Operacional";"Operacional";"14.4167"
"2023-12-21";"131";"Demanda de Energia / Operacional";"Operacional";"13.7833"
"2023-12-21";"15";"Demanda de Energia / Operacional";"Operacional";"7.7"
"2023-12-21";"15";"Demanda de Energia / Operacional";"Operacional";"2.65"
"2023-12-22";"41";"Demanda de Energia / Operacional";"Operacional";"8.5833"
"2023-12-22";"131";"Demanda de Energia / Operacional";"Operacional";"6.3167"
"2023-12-22";"45";"Demanda de Energia / Operacional";"Operacional";"3"
"2023-12-22";"38";"Demanda de Energia / Operacional";"Operacional";"5.9167"
"2023-12-22";"41";"Demanda de Energia / Operacional";"Operacional";"7.2667"
"2023-12-26";"15";"Demanda de Energia / Operacional";"Operacional";"5.7833"
"2023-12-26";"18";"Demanda de Energia / Operacional";"Operacional";"7.6833"
"2023-12-26";"44";"Demanda de Energia / Operacional";"Operacional";"6.55"
"2023-12-26";"27";"Demanda de Energia / Operacional";"Operacional";"0.5667"
"2023-12-26";"44";"Demanda de Energia / Operacional";"Operacional";"4.1"
"2023-12-26";"74";"Demanda de Energia / Operacional";"Operacional";"10.4"
"2023-12-26";"104";"Demanda de Energia / Operacional";"Operacional";"11.7667"
"2023-12-26";"44";"Demanda de Energia / Operacional";"Operacional";"0.7833"
"2023-12-26";"74";"Demanda de Energia / Operacional";"Operacional";"4.2667"
"2023-12-27";"45";"Demanda de Energia / Operacional";"Operacional";"3.1667"
"2023-12-27";"6";"Demanda de Energia / Operacional";"Operacional";"1.7167"
"2023-12-27";"58";"Demanda de Energia / Operacional";"Operacional";"20.9833"
"2023-12-27";"15";"Demanda de Energia / Operacional";"Operacional";"3.2333"
"2023-12-28";"7";"Demanda de Energia / Operacional";"Operacional";"20.9833"
"2023-12-28";"33";"Demanda de Energia / Operacional";"Operacional";"1.8667"
"2023-12-28";"25";"Demanda de Energia / Operacional";"Operacional";"4.2833"
"2023-12-28";"72";"Demanda de Energia / Operacional";"Operacional";"3.15"
"2023-12-28";"74";"Demanda de Energia / Operacional";"Operacional";"8.5833"
"2023-12-28";"32";"Demanda de Energia / Operacional";"Operacional";"8.8167"
"2023-12-28";"33";"Demanda de Energia / Operacional";"Operacional";"9.9167"
"2023-12-28";"34";"Demanda de Energia / Operacional";"Operacional";"10.1667"
"2023-12-28";"25";"Demanda de Energia / Operacional";"Operacional";"10.9833"
"2023-12-28";"28";"Demanda de Energia / Operacional";"Operacional";"7.1333"
"2023-12-28";"26";"Demanda de Energia / Operacional";"Operacional";"7.15"
"2023-12-29";"74";"Demanda de Energia / Operacional";"Operacional";"7.8667"
"2023-12-29";"32";"Demanda de Energia / Operacional";"Operacional";"20.9833"
"2023-12-29";"33";"Demanda de Energia / Operacional";"Operacional";"20.9833"
"2023-12-29";"34";"Demanda de Energia / Operacional";"Operacional";"20.9833"
"2023-12-29";"58";"Demanda de Energia / Operacional";"Operacional";"3.95"
"2023-12-29";"60";"Demanda de Energia / Operacional";"Operacional";"2.8667"
"2023-12-29";"66";"Demanda de Energia / Operacional";"Operacional";"2.9167"
"2023-12-29";"67";"Demanda de Energia / Operacional";"Operacional";"2.9667"
"2023-12-29";"68";"Demanda de Energia / Operacional";"Operacional";"3.0167"
"2023-12-29";"101";"Demanda de Energia / Operacional";"Operacional";"6.5333"
"2023-12-29";"13";"Demanda de Energia / Operacional";"Operacional";"20.9833"
"2023-12-29";"70";"Demanda de Energia / Operacional";"Operacional";"11.0667"
"2023-12-29";"72";"Demanda de Energia / Operacional";"Operacional";"11.1667"
"2024-01-02";"118";"Demanda de Energia / Operacional";"Operacional";"0.6"
"2024-01-03";"18";"Demanda de Energia / Operacional";"Operacional";"7.25"
"2024-01-09";"112";"Demanda de Energia / Operacional";"Operacional";"2.9167"
"2024-01-09";"20";"Demanda de Energia / Operacional";"Operacional";"8.4"
"2024-01-09";"51";"Demanda de Energia / Operacional";"Operacional";"0.5833"
"2024-01-10";"20";"Demanda de Energia / Operacional";"Operacional";"5.0167"
"2024-01-10";"47";"Demanda de Energia / Operacional";"Operacional";"13.15"
"2024-01-10";"116";"Demanda de Energia / Operacional";"Operacional";"8.6"
"2024-01-10";"114";"Demanda de Energia / Operacional";"Operacional";"0.8"
"2024-01-10";"113";"Demanda de Energia / Operacional";"Operacional";"0.8667"
"2024-01-11";"15";"Demanda de Energia / Operacional";"Operacional";"11.9167"
"2024-01-11";"27";"Demanda de Energia / Operacional";"Operacional";"4.4333"
"2024-01-11";"43";"Demanda de Energia / Operacional";"Operacional";"3.0667"
"2024-01-11";"29";"Demanda de Energia / Operacional";"Operacional";"10.8167"
"2024-01-11";"43";"Demanda de Energia / Operacional";"Operacional";"5.6167"
"2024-01-11";"101";"Demanda de Energia / Operacional";"Operacional";"2.9"
"2024-01-11";"103";"Demanda de Energia / Operacional";"Operacional";"1.8333"
"2024-01-11";"104";"Demanda de Energia / Operacional";"Operacional";"3.8167"
"2024-01-11";"102";"Demanda de Energia / Operacional";"Operacional";"2.2667"
"2024-01-11";"109";"Demanda de Energia / Operacional";"Operacional";"12.9833"
"2024-01-11";"110";"Demanda de Energia / Operacional";"Operacional";"14.9167"
"2024-01-11";"10";"Demanda de Energia / Operacional";"Operacional";"3.9667"
"2024-01-12";"52";"Demanda de Energia / Operacional";"Operacional";"7.2333"
"2024-01-12";"20";"Demanda de Energia / Operacional";"Operacional";"20.9833"
"2024-01-12";"26";"Demanda de Energia / Operacional";"Operacional";"8.5833"
"2024-01-12";"30";"Demanda de Energia / Operacional";"Operacional";"12.2167"
"2024-01-12";"16";"Demanda de Energia / Operacional";"Operacional";"17.15"
"2024-01-12";"62";"Demanda de Energia / Operacional";"Operacional";"20.9833"
"2024-01-12";"20";"Demanda de Energia / Operacional";"Operacional";"9.1167"
"2024-01-16";"21";"Demanda de Energia / Operacional";"Operacional";"5.5333"
"2024-01-16";"52";"Demanda de Energia / Operacional";"Operacional";"5"
"2024-01-16";"22";"Demanda de Energia / Operacional";"Operacional";"5.55"
"2024-01-16";"49";"Demanda de Energia / Operacional";"Operacional";"5.5667"
"2024-01-16";"69";"Demanda de Energia / Operacional";"Operacional";"6.3333"
"2024-01-16";"23";"Demanda de Energia / Operacional";"Operacional";"12.75"
"2024-01-16";"44";"Demanda de Energia / Operacional";"Operacional";"1.3333"
"2024-01-16";"118";"Demanda de Energia / Operacional";"Operacional";"13.1"
"2024-01-16";"22";"Demanda de Energia / Operacional";"Operacional";"4.45"
"2024-01-16";"22";"Demanda de Energia / Operacional";"Operacional";"6.7333"
"2024-01-17";"62";"Demanda de Energia / Operacional";"Operacional";"20.9833"
"2024-01-17";"57";"Demanda de Energia / Operacional";"Operacional";"5.4333"
"2024-01-17";"68";"Demanda de Energia / Operacional";"Operacional";"20.9833"
"2024-01-17";"66";"Demanda de Energia / Operacional";"Operacional";"6.25"
"2024-01-17";"19";"Demanda de Energia / Operacional";"Operacional";"0.3167"
"2024-01-17";"27";"Demanda de Energia / Operacional";"Operacional";"1.5333"
"2024-01-17";"116";"Demanda de Energia / Operacional";"Operacional";"1.2167"
"2024-01-17";"127";"Demanda de Energia / Operacional";"Operacional";"20.9833"
"2024-01-17";"27";"Demanda de Energia / Operacional";"Operacional";"1.1167"
"2024-01-18";"24";"Demanda de Energia / Operacional";"Operacional";"1.4833"
"2024-01-18";"39";"Demanda de Energia / Operacional";"Operacional";"5.6667"
"2024-01-18";"40";"Demanda de Energia / Operacional";"Operacional";"5.7167"
"2024-01-18";"41";"Demanda de Energia / Operacional";"Operacional";"5.75"
"2024-01-18";"43";"Demanda de Energia / Operacional";"Operacional";"5.8667"
"2024-01-18";"73";"Demanda de Energia / Operacional";"Operacional";"10.4333"
"2024-01-19";"5";"Demanda de Energia / Operacional";"Operacional";"16"
"2024-01-19";"6";"Demanda de Energia / Operacional";"Operacional";"16"
"2024-01-19";"7";"Demanda de Energia / Operacional";"Operacional";"16"
"2024-01-19";"10";"Demanda de Energia / Operacional";"Operacional";"16"
"2024-01-19";"13";"Demanda de Energia / Operacional";"Operacional";"16"
"2024-01-19";"14";"Demanda de Energia / Operacional";"Operacional";"16"
"2024-01-19";"18";"Demanda de Energia / Operacional";"Operacional";"16"
"2024-01-19";"19";"Demanda de Energia / Operacional";"Operacional";"16"
"2024-01-19";"20";"Demanda de Energia / Operacional";"Operacional";"16"
"2024-01-19";"24";"Demanda de Energia / Operacional";"Operacional";"6.1333"
"2024-01-19";"22";"Demanda de Energia / Operacional";"Operacional";"7.2667"
"2024-01-19";"27";"Demanda de Energia / Operacional";"Operacional";"16"
"2024-01-19";"32";"Demanda de Energia / Operacional";"Operacional";"16"
"2024-01-19";"48";"Demanda de Energia / Operacional";"Operacional";"16"
"2024-01-19";"60";"Demanda de Energia / Operacional";"Operacional";"16"
"2024-01-19";"68";"Demanda de Energia / Operacional";"Operacional";"16"
"2024-01-19";"116";"Demanda de Energia / Operacional";"Operacional";"0.25"
"2024-01-19";"118";"Demanda de Energia / Operacional";"Operacional";"0.2667"
"2024-01-19";"130";"Demanda de Energia / Operacional";"Operacional";"1"
"2024-01-19";"74";"Demanda de Energia / Operacional";"Operacional";"2.1"
"2024-01-22";"39";"Demanda de Energia / Operacional";"Operacional";"0.2667"
"2024-01-22";"32";"Demanda de Energia / Operacional";"Operacional";"1.7833"
"2024-01-22";"118";"Demanda de Energia / Operacional";"Operacional";"4.8"
"2024-01-22";"115";"Demanda de Energia / Operacional";"Operacional";"0.3333"
"2024-01-23";"55";"Demanda de Energia / Operacional";"Operacional";"1.35"
"2024-01-24";"118";"Demanda de Energia / Operacional";"Operacional";"0.25"
"2024-01-24";"1";"Demanda de Energia / Operacional";"Operacional";"5.5333"
"2024-01-25";"116";"Demanda de Energia / Operacional";"Operacional";"1.75"
"2024-01-25";"115";"Demanda de Energia / Operacional";"Operacional";"1.9667"
"2024-01-25";"17";"Demanda de Energia / Operacional";"Operacional";"0.2333"
"2024-01-25";"28";"Demanda de Energia / Operacional";"Operacional";"7.9167"
"2024-01-25";"116";"Demanda de Energia / Operacional";"Operacional";"0.1167"
"2024-01-25";"113";"Demanda de Energia / Operacional";"Operacional";"0.6667"
"2024-01-25";"116";"Demanda de Energia / Operacional";"Operacional";"2.8333"
"2024-01-25";"118";"Demanda de Energia / Operacional";"Operacional";"5.3"
"2024-01-26";"126";"Demanda de Energia / Operacional";"Operacional";"2.3667"
"2024-01-26";"116";"Demanda de Energia / Operacional";"Operacional";"0.1833"
"2024-01-26";"43";"Demanda de Energia / Operacional";"Operacional";"0.95"
"2024-01-26";"3";"Demanda de Energia / Operacional";"Operacional";"3.4"
"2024-01-26";"118";"Demanda de Energia / Operacional";"Operacional";"0.5"
"2024-01-26";"128";"Demanda de Energia / Operacional";"Operacional";"0.35"
"2024-01-29";"74";"Demanda de Energia / Operacional";"Operacional";"5.0333"
"2024-01-29";"116";"Demanda de Energia / Operacional";"Operacional";"6.4333"
"2024-01-29";"61";"Demanda de Energia / Operacional";"Operacional";"2.4333"
"2024-01-29";"62";"Demanda de Energia / Operacional";"Operacional";"2.4333"
"2024-01-29";"23";"Demanda de Energia / Operacional";"Operacional";"9.0167"
"2024-01-30";"74";"Demanda de Energia / Operacional";"Operacional";"4.5833"
"2024-01-30";"74";"Demanda de Energia / Operacional";"Operacional";"15.55"
"2024-01-30";"69";"Demanda de Energia / Operacional";"Operacional";"8.45"
"2024-01-30";"129";"Demanda de Energia / Operacional";"Operacional";"9.2667"
"2024-02-02";"23";"Demanda de Energia / Operacional";"Operacional";"7.1667"
"2024-02-02";"41";"Demanda de Energia / Operacional";"Operacional";"16.9833"
"2024-02-02";"126";"Demanda de Energia / Operacional";"Operacional";"20.9833"
"2024-02-02";"74";"Demanda de Energia / Operacional";"Operacional";"7.4"
"2024-02-02";"72";"Demanda de Energia / Operacional";"Operacional";"3.3333"
"2024-02-02";"74";"Demanda de Energia / Operacional";"Operacional";"0.4"
"2024-02-05";"30";"Demanda de Energia / Operacional";"Operacional";"6.7"
"2024-02-05";"16";"Demanda de Energia / Operacional";"Operacional";"10"
"2024-02-05";"10";"Demanda de Energia / Operacional";"Operacional";"10.1667"
"2024-02-05";"44";"Demanda de Energia / Operacional";"Operacional";"20.9833"
"2024-02-05";"58";"Demanda de Energia / Operacional";"Operacional";"5.7833"
"2024-02-05";"60";"Demanda de Energia / Operacional";"Operacional";"19.9833"
"2024-02-05";"67";"Demanda de Energia / Operacional";"Operacional";"5.8"
"2024-02-05";"70";"Demanda de Energia / Operacional";"Operacional";"5.6"
"2024-02-05";"52";"Demanda de Energia / Operacional";"Operacional";"20.9833"
"2024-02-05";"73";"Demanda de Energia / Operacional";"Operacional";"10.7333"
"2024-02-05";"30";"Demanda de Energia / Operacional";"Operacional";"14.2833"
"2024-02-05";"11";"Demanda de Energia / Operacional";"Operacional";"11.1167"
"2024-02-06";"112";"Demanda de Energia / Operacional";"Operacional";"1.2"
"2024-02-06";"132";"Demanda de Energia / Operacional";"Operacional";"13.3"
"2024-02-06";"108";"Demanda de Energia / Operacional";"Operacional";"3.9833"
"2024-02-06";"103";"Demanda de Energia / Operacional";"Operacional";"1.7167"
"2024-02-07";"22";"Demanda de Energia / Operacional";"Operacional";"4.6333"
"2024-02-08";"68";"Demanda de Energia / Operacional";"Operacional";"9.6833"
"2024-02-08";"105";"Demanda de Energia / Operacional";"Operacional";"0.7"
"2024-02-08";"27";"Demanda de Energia / Operacional";"Operacional";"0.4833"
"2024-02-08";"71";"Demanda de Energia / Operacional";"Operacional";"11.3833"
"2024-02-08";"25";"Demanda de Energia / Operacional";"Operacional";"0.7167"
"2024-02-08";"105";"Demanda de Energia / Operacional";"Operacional";"13.7"
"2024-02-08";"121";"Demanda de Energia / Operacional";"Operacional";"0.4167"
"2024-02-08";"131";"Demanda de Energia / Operacional";"Operacional";"4.0167"
"2024-02-14";"27";"Demanda de Energia / Operacional";"Operacional";"11.4"
"2024-02-14";"61";"Demanda de Energia / Operacional";"Operacional";"3.3333"
"2024-02-14";"68";"Demanda de Energia / Operacional";"Operacional";"2.7333"
"2024-02-14";"45";"Demanda de Energia / Operacional";"Operacional";"13.7333"
"2024-02-14";"52";"Demanda de Energia / Operacional";"Operacional";"13.7333"
"2024-02-15";"101";"Demanda de Energia / Operacional";"Operacional";"9.8167"
"2024-02-15";"104";"Demanda de Energia / Operacional";"Operacional";"9.8167"
"2024-02-15";"106";"Demanda de Energia / Operacional";"Operacional";"9.8167"
"2024-02-15";"112";"Demanda de Energia / Operacional";"Operacional";"9.8167"
"2024-02-15";"113";"Demanda de Energia / Operacional";"Operacional";"9.8167"
"2024-02-15";"114";"Demanda de Energia / Operacional";"Operacional";"9.8167"
"2024-02-15";"115";"Demanda de Energia / Operacional";"Operacional";"9.8167"
"2024-02-15";"121";"Demanda de Energia / Operacional";"Operacional";"9.8167"
"2024-02-15";"126";"Demanda de Energia / Operacional";"Operacional";"9.8167"
"2024-02-15";"127";"Demanda de Energia / Operacional";"Operacional";"9.8167"
"2024-02-15";"128";"Demanda de Energia / Operacional";"Operacional";"9.8167"
"2024-02-15";"122";"Demanda de Energia / Operacional";"Operacional";"9.8167"
"2024-02-15";"130";"Demanda de Energia / Operacional";"Operacional";"9.8167"
"2024-02-20";"18";"Demanda de Energia / Operacional";"Operacional";"2.0833"
"2024-02-21";"20";"Demanda de Energia / Operacional";"Operacional";"4"
"2024-02-21";"26";"Demanda de Energia / Operacional";"Operacional";"4"
"2024-02-21";"43";"Demanda de Energia / Operacional";"Operacional";"0.6"
"2024-02-21";"22";"Demanda de Energia / Operacional";"Operacional";"2.8167"
"2024-02-21";"43";"Demanda de Energia / Operacional";"Operacional";"2.5167"
"2024-02-21";"43";"Demanda de Energia / Operacional";"Operacional";"0.55"
"2024-02-21";"3";"Demanda de Energia / Operacional";"Operacional";"10.55"
"2024-02-21";"24";"Demanda de Energia / Operacional";"Operacional";"6.65"
"2024-02-22";"43";"Demanda de Energia / Operacional";"Operacional";"2.25"
"2024-02-22";"3";"Demanda de Energia / Operacional";"Operacional";"11.0833"
"2024-02-22";"43";"Demanda de Energia / Operacional";"Operacional";"1.1667"
"2024-02-22";"43";"Demanda de Energia / Operacional";"Operacional";"0.4667"
"2024-02-22";"105";"Demanda de Energia / Operacional";"Operacional";"0.8333"
"2024-02-22";"29";"Demanda de Energia / Operacional";"Operacional";"1.35"
"2024-02-22";"131";"Demanda de Energia / Operacional";"Operacional";"7.7833"
"2024-02-23";"41";"Demanda de Energia / Operacional";"Operacional";"1.2833"
"2024-02-23";"105";"Demanda de Energia / Operacional";"Operacional";"1.05"
"2024-02-23";"41";"Demanda de Energia / Operacional";"Operacional";"1.9167"
"2024-02-25";"110";"Demanda de Energia / Operacional";"Operacional";"3.2667"
"2024-02-25";"35";"Demanda de Energia / Operacional";"Operacional";"9.75"
"2024-02-25";"41";"Demanda de Energia / Operacional";"Operacional";"13.8667"
"2024-02-25";"50";"Demanda de Energia / Operacional";"Operacional";"13.8333"
"2024-02-25";"73";"Demanda de Energia / Operacional";"Operacional";"13.8333"
"2024-02-25";"49";"Demanda de Energia / Operacional";"Operacional";"13.8333"
"2024-02-25";"51";"Demanda de Energia / Operacional";"Operacional";"13.8333"
"2024-02-26";"41";"Demanda de Energia / Operacional";"Operacional";"8.5"
"2024-02-26";"50";"Demanda de Energia / Operacional";"Operacional";"8.5"
"2024-02-26";"51";"Demanda de Energia / Operacional";"Operacional";"8.5"
"2024-02-26";"49";"Demanda de Energia / Operacional";"Operacional";"8.5"
"2024-02-26";"73";"Demanda de Energia / Operacional";"Operacional";"8.5"
"2024-02-26";"41";"Demanda de Energia / Operacional";"Operacional";"0.3667"
"2024-02-26";"35";"Demanda de Energia / Operacional";"Operacional";"10.8667"
"2024-02-26";"5";"Demanda de Energia / Operacional";"Operacional";"1.6333"
"2024-02-26";"17";"Demanda de Energia / Operacional";"Operacional";"8.25"
"2024-02-26";"19";"Demanda de Energia / Operacional";"Operacional";"7.2667"
"2024-02-26";"73";"Demanda de Energia / Operacional";"Operacional";"1.8"
"2024-02-26";"50";"Demanda de Energia / Operacional";"Operacional";"1.4833"
"2024-02-26";"51";"Demanda de Energia / Operacional";"Operacional";"1.3667"
"2024-02-26";"5";"Demanda de Energia / Operacional";"Operacional";"5.2"
"2024-02-26";"121";"Demanda de Energia / Operacional";"Operacional";"1.1167"
"2024-02-26";"56";"Demanda de Energia / Operacional";"Operacional";"3.95"
"2024-02-26";"73";"Demanda de Energia / Operacional";"Operacional";"3.5333"
"2024-02-26";"121";"Demanda de Energia / Operacional";"Operacional";"8.2167"
"2024-02-26";"131";"Demanda de Energia / Operacional";"Operacional";"14.65"
"2024-02-26";"28";"Demanda de Energia / Operacional";"Operacional";"11.1833"
"2024-02-26";"16";"Demanda de Energia / Operacional";"Operacional";"20.9833"
"2024-02-26";"33";"Demanda de Energia / Operacional";"Operacional";"20.9833"
"2024-02-26";"114";"Demanda de Energia / Operacional";"Operacional";"1.5167"
"2024-02-26";"32";"Demanda de Energia / Operacional";"Operacional";"12.2667"
"2024-02-26";"22";"Demanda de Energia / Operacional";"Operacional";"5.35"
"2024-02-26";"43";"Demanda de Energia / Operacional";"Operacional";"4.1333"
"2024-02-26";"113";"Demanda de Energia / Operacional";"Operacional";"2.9"
"2024-02-26";"114";"Demanda de Energia / Operacional";"Operacional";"2.8833"
"2024-02-26";"124";"Demanda de Energia / Operacional";"Operacional";"2.85"
"2024-02-26";"17";"Demanda de Energia / Operacional";"Operacional";"9.5167"
"2024-02-26";"19";"Demanda de Energia / Operacional";"Operacional";"2.6333"
"2024-02-27";"19";"Demanda de Energia / Operacional";"Operacional";"8.15"
"2024-02-27";"16";"Demanda de Energia / Operacional";"Operacional";"20.9833"
"2024-02-27";"24";"Demanda de Energia / Operacional";"Operacional";"20.9833"
"2024-02-27";"27";"Demanda de Energia / Operacional";"Operacional";"5.3833"
"2024-02-27";"28";"Demanda de Energia / Operacional";"Operacional";"20.9833"
"2024-02-27";"34";"Demanda de Energia / Operacional";"Operacional";"20.9833"
"2024-02-27";"40";"Demanda de Energia / Operacional";"Operacional";"10.25"
"2024-02-27";"44";"Demanda de Energia / Operacional";"Operacional";"20.9833"
"2024-02-27";"47";"Demanda de Energia / Operacional";"Operacional";"20.9833"
"2024-02-27";"106";"Demanda de Energia / Operacional";"Operacional";"20.9833"
"2024-02-27";"109";"Demanda de Energia / Operacional";"Operacional";"21"
"2024-02-27";"110";"Demanda de Energia / Operacional";"Operacional";"12.6333"
"2024-02-27";"124";"Demanda de Energia / Operacional";"Operacional";"5.1667"
"2024-02-27";"68";"Demanda de Energia / Operacional";"Operacional";"7.4667"
"2024-02-27";"61";"Demanda de Energia / Operacional";"Operacional";"7.5833"
"2024-02-27";"118";"Demanda de Energia / Operacional";"Operacional";"1.0667"
"2024-02-27";"73";"Demanda de Energia / Operacional";"Operacional";"6.3"
"2024-02-27";"121";"Demanda de Energia / Operacional";"Operacional";"2.1333"
"2024-02-27";"30";"Demanda de Energia / Operacional";"Operacional";"9.95"
"2024-02-27";"122";"Demanda de Energia / Operacional";"Operacional";"2.2167"
"2024-02-27";"129";"Demanda de Energia / Operacional";"Operacional";"7.25"
"2024-02-27";"53";"Demanda de Energia / Operacional";"Operacional";"11"
"2024-02-27";"37";"Demanda de Energia / Operacional";"Operacional";"8.8167"
"2024-02-28";"30";"Demanda de Energia / Operacional";"Operacional";"7.1333"
"2024-02-28";"25";"Demanda de Energia / Operacional";"Operacional";"7.2333"
"2024-02-28";"24";"Demanda de Energia / Operacional";"Operacional";"6.4333"
"2024-02-28";"74";"Demanda de Energia / Operacional";"Operacional";"11.0333"
"2024-02-28";"33";"Demanda de Energia / Operacional";"Operacional";"20.9833"
"2024-02-28";"44";"Demanda de Energia / Operacional";"Operacional";"9.4"
"2024-02-28";"47";"Demanda de Energia / Operacional";"Operacional";"15.35"
"2024-02-28";"47";"Demanda de Energia / Operacional";"Operacional";"1.1667"
"2024-02-28";"14";"Demanda de Energia / Operacional";"Operacional";"0.5333"
"2024-02-28";"57";"Demanda de Energia / Operacional";"Operacional";"8.25"
"2024-02-28";"59";"Demanda de Energia / Operacional";"Operacional";"8.4167"
"2024-02-28";"62";"Demanda de Energia / Operacional";"Operacional";"8.6"
"2024-02-28";"43";"Demanda de Energia / Operacional";"Operacional";"1.6667"
"2024-02-28";"53";"Demanda de Energia / Operacional";"Operacional";"6.8167"
"2024-02-28";"110";"Demanda de Energia / Operacional";"Operacional";"1.6333"
"2024-02-28";"44";"Demanda de Energia / Operacional";"Operacional";"0.2167"
"2024-02-28";"1";"Demanda de Energia / Operacional";"Operacional";"0.1833"
"2024-02-28";"114";"Demanda de Energia / Operacional";"Operacional";"2.3833"
"2024-02-28";"107";"Demanda de Energia / Operacional";"Operacional";"3.2333"
"2024-02-28";"44";"Demanda de Energia / Operacional";"Operacional";"3.1333"
"2024-02-28";"27";"Demanda de Energia / Operacional";"Operacional";"2.1"
"2024-02-28";"116";"Demanda de Energia / Operacional";"Operacional";"7.8167"
"2024-02-28";"18";"Demanda de Energia / Operacional";"Operacional";"8.8833"
"2024-02-28";"42";"Demanda de Energia / Operacional";"Operacional";"0.5667"
"2024-02-28";"11";"Demanda de Energia / Operacional";"Operacional";"0.45"
"2024-02-28";"15";"Demanda de Energia / Operacional";"Operacional";"1.1167"
"2024-02-28";"1";"Demanda de Energia / Operacional";"Operacional";"0.7"
"2024-02-28";"47";"Demanda de Energia / Operacional";"Operacional";"8.6333"
"2024-02-29";"115";"Demanda de Energia / Operacional";"Operacional";"4.7167"
"2024-02-29";"35";"Demanda de Energia / Operacional";"Operacional";"9.7"
"2024-02-29";"44";"Demanda de Energia / Operacional";"Operacional";"4.8"
"2024-02-29";"18";"Demanda de Energia / Operacional";"Operacional";"9.1833"
"2024-02-29";"24";"Demanda de Energia / Operacional";"Operacional";"6.0333"
"2024-02-29";"73";"Demanda de Energia / Operacional";"Operacional";"4.6833"
"2024-02-29";"74";"Demanda de Energia / Operacional";"Operacional";"17.9"
"2024-02-29";"33";"Demanda de Energia / Operacional";"Operacional";"5.5167"
"2024-02-29";"47";"Demanda de Energia / Operacional";"Operacional";"20.9833"
"2024-02-29";"28";"Demanda de Energia / Operacional";"Operacional";"20.9833"
"2024-02-29";"17";"Demanda de Energia / Operacional";"Operacional";"1.9667"
"2024-02-29";"48";"Demanda de Energia / Operacional";"Operacional";"20.9833"
"2024-02-29";"5";"Demanda de Energia / Operacional";"Operacional";"1.8833"
"2024-02-29";"118";"Demanda de Energia / Operacional";"Operacional";"2.4167"
"2024-02-29";"19";"Demanda de Energia / Operacional";"Operacional";"1.8"
"2024-02-29";"114";"Demanda de Energia / Operacional";"Operacional";"1.35"
"2024-02-29";"124";"Demanda de Energia / Operacional";"Operacional";"1.6333"
"2024-02-29";"118";"Demanda de Energia / Operacional";"Operacional";"0.5833"
"2024-02-29";"129";"Demanda de Energia / Operacional";"Operacional";"0.6833"
"2024-03-01";"22";"Demanda de Energia / Operacional";"Operacional";"0.8333"
"2024-03-01";"44";"Demanda de Energia / Operacional";"Operacional";"1.0833"
"2024-03-01";"74";"Demanda de Energia / Operacional";"Operacional";"23.9833"
"2024-03-01";"44";"Demanda de Energia / Operacional";"Operacional";"15.35"
"2024-03-01";"55";"Demanda de Energia / Operacional";"Operacional";"13.7"
"2024-03-01";"50";"Demanda de Energia / Operacional";"Operacional";"13.7833"
"2024-03-01";"53";"Demanda de Energia / Operacional";"Operacional";"13.6667"
"2024-03-01";"22";"Demanda de Energia / Operacional";"Operacional";"1.5167"
"2024-03-01";"32";"Demanda de Energia / Operacional";"Operacional";"5.5833"
"2024-03-01";"34";"Demanda de Energia / Operacional";"Operacional";"7.8833"
"2024-03-01";"30";"Demanda de Energia / Operacional";"Operacional";"14.2"
"2024-03-01";"28";"Demanda de Energia / Operacional";"Operacional";"20.9833"
"2024-03-01";"16";"Demanda de Energia / Operacional";"Operacional";"13.5"
"2024-03-01";"124";"Demanda de Energia / Operacional";"Operacional";"3.95"
"2024-03-01";"24";"Demanda de Energia / Operacional";"Operacional";"3.55"
"2024-03-01";"22";"Demanda de Energia / Operacional";"Operacional";"1.6167"
"2024-03-01";"118";"Demanda de Energia / Operacional";"Operacional";"8"
"2024-03-01";"118";"Demanda de Energia / Operacional";"Operacional";"1.8333"
"2024-03-01";"129";"Demanda de Energia / Operacional";"Operacional";"12.5833"
"2024-03-01";"118";"Demanda de Energia / Operacional";"Operacional";"0.6833"
"2024-03-01";"22";"Demanda de Energia / Operacional";"Operacional";"7.6833"
"2024-03-01";"59";"Demanda de Energia / Operacional";"Operacional";"16.9833"
"2024-03-01";"70";"Demanda de Energia / Operacional";"Operacional";"16.9833"
"2024-03-02";"25";"Demanda de Energia / Operacional";"Operacional";"6.4"
"2024-03-03";"25";"Demanda de Energia / Operacional";"Operacional";"2.8833"
"2024-03-03";"123";"Demanda de Energia / Operacional";"Operacional";"20.2"
"2024-03-03";"2";"Demanda de Energia / Operacional";"Operacional";"12.0833"
"2024-03-03";"55";"Demanda de Energia / Operacional";"Operacional";"5.95"
"2024-03-03";"52";"Demanda de Energia / Operacional";"Operacional";"1.25"
"2024-03-03";"118";"Demanda de Energia / Operacional";"Operacional";"9.25"
"2024-03-03";"48";"Demanda de Energia / Operacional";"Operacional";"6.6833"
"2024-03-04";"2";"Demanda de Energia / Operacional";"Operacional";"11.0167"
"2024-03-04";"106";"Demanda de Energia / Operacional";"Operacional";"1.5833"
"2024-03-04";"123";"Demanda de Energia / Operacional";"Operacional";"7.0833"
"2024-03-04";"126";"Demanda de Energia / Operacional";"Operacional";"4.1333"
"2024-03-04";"1";"Demanda de Energia / Operacional";"Operacional";"5.3333"
"2024-03-04";"42";"Demanda de Energia / Operacional";"Operacional";"9.2"
"2024-03-05";"2";"Demanda de Energia / Operacional";"Operacional";"6.2333"
"2024-03-05";"109";"Demanda de Energia / Operacional";"Operacional";"3.3167"
"2024-03-05";"110";"Demanda de Energia / Operacional";"Operacional";"6.1167"
"2024-03-05";"123";"Demanda de Energia / Operacional";"Operacional";"9"
"2024-03-05";"21";"Demanda de Energia / Operacional";"Operacional";"7.05"
"2024-03-05";"17";"Demanda de Energia / Operacional";"Operacional";"0.8667"
"2024-03-06";"123";"Demanda de Energia / Operacional";"Operacional";"1.3"
"2024-03-06";"131";"Demanda de Energia / Operacional";"Operacional";"7.7167"
"2024-03-06";"112";"Demanda de Energia / Operacional";"Operacional";"4.1"
"2024-03-06";"114";"Demanda de Energia / Operacional";"Operacional";"8.9"
"2024-03-06";"4";"Demanda de Energia / Operacional";"Operacional";"0.7167"
"2024-03-06";"17";"Demanda de Energia / Operacional";"Operacional";"2.3167"
"2024-03-06";"2";"Demanda de Energia / Operacional";"Operacional";"16.9833"
"2024-03-06";"123";"Demanda de Energia / Operacional";"Operacional";"0.6167"
"2024-03-06";"121";"Demanda de Energia / Operacional";"Operacional";"0.2167"
"2024-03-06";"35";"Demanda de Energia / Operacional";"Operacional";"8.4833"
"2024-03-07";"2";"Demanda de Energia / Operacional";"Operacional";"2.8167"
"2024-03-07";"72";"Demanda de Energia / Operacional";"Operacional";"11"
"2024-03-07";"112";"Demanda de Energia / Operacional";"Operacional";"8.0167"
"2024-03-07";"25";"Demanda de Energia / Operacional";"Operacional";"0.65"
"2024-03-07";"27";"Demanda de Energia / Operacional";"Operacional";"0.6667"
"2024-03-07";"4";"Demanda de Energia / Operacional";"Operacional";"0.3333"
"2024-03-07";"132";"Demanda de Energia / Operacional";"Operacional";"4.5"
"2024-03-07";"124";"Demanda de Energia / Operacional";"Operacional";"2.4"
"2024-03-07";"124";"Demanda de Energia / Operacional";"Operacional";"0.7833"
"2024-03-07";"1";"Demanda de Energia / Operacional";"Operacional";"4.6667"
"2024-03-07";"118";"Demanda de Energia / Operacional";"Operacional";"5.4"
"2024-03-08";"4";"Demanda de Energia / Operacional";"Operacional";"5.3833"
"2024-03-08";"42";"Demanda de Energia / Operacional";"Operacional";"0.4667"
"2024-03-08";"126";"Demanda de Energia / Operacional";"Operacional";"9.9667"
"2024-03-08";"32";"Demanda de Energia / Operacional";"Operacional";"15.5167"
"2024-03-08";"118";"Demanda de Energia / Operacional";"Operacional";"0.7"
"2024-03-08";"48";"Demanda de Energia / Operacional";"Operacional";"2.4"
"2024-03-08";"49";"Demanda de Energia / Operacional";"Operacional";"2.3167"
"2024-03-09";"48";"Demanda de Energia / Operacional";"Operacional";"16.9833"
"2024-03-09";"49";"Demanda de Energia / Operacional";"Operacional";"11.3167"
"2024-03-09";"15";"Demanda de Energia / Operacional";"Operacional";"8.0167"
"2024-03-09";"20";"Demanda de Energia / Operacional";"Operacional";"8.75"
"2024-03-09";"119";"Demanda de Energia / Operacional";"Operacional";"13.7833"
"2024-03-10";"18";"Demanda de Energia / Operacional";"Operacional";"16.9833"
"2024-03-10";"74";"Demanda de Energia / Operacional";"Operacional";"14.8333"
"2024-03-10";"29";"Demanda de Energia / Operacional";"Operacional";"9.7"
"2024-03-10";"17";"Demanda de Energia / Operacional";"Operacional";"8.6167"
"2024-03-10";"8";"Demanda de Energia / Operacional";"Operacional";"19.1833"
"2024-03-10";"101";"Demanda de Energia / Operacional";"Operacional";"3.6833"
"2024-03-10";"102";"Demanda de Energia / Operacional";"Operacional";"3.6833"
"2024-03-10";"105";"Demanda de Energia / Operacional";"Operacional";"3.6833"
"2024-03-10";"106";"Demanda de Energia / Operacional";"Operacional";"3.6833"
"2024-03-10";"109";"Demanda de Energia / Operacional";"Operacional";"3.6833"
"2024-03-10";"110";"Demanda de Energia / Operacional";"Operacional";"3.6833"
"2024-03-10";"113";"Demanda de Energia / Operacional";"Operacional";"3.6833"
"2024-03-10";"114";"Demanda de Energia / Operacional";"Operacional";"3.6833"
"2024-03-10";"116";"Demanda de Energia / Operacional";"Operacional";"3.6833"
"2024-03-10";"119";"Demanda de Energia / Operacional";"Operacional";"3.6833"
"2024-03-10";"121";"Demanda de Energia / Operacional";"Operacional";"3.6833"
"2024-03-10";"123";"Demanda de Energia / Operacional";"Operacional";"3.6833"
"2024-03-10";"130";"Demanda de Energia / Operacional";"Operacional";"3.6833"
"2024-03-10";"132";"Demanda de Energia / Operacional";"Operacional";"3.6833"
"2024-03-11";"18";"Demanda de Energia / Operacional";"Operacional";"16.9833"
"2024-03-11";"74";"Demanda de Energia / Operacional";"Operacional";"16.4833"
"2024-03-11";"29";"Demanda de Energia / Operacional";"Operacional";"11.35"
"2024-03-11";"17";"Demanda de Energia / Operacional";"Operacional";"9.15"
"2024-03-11";"8";"Demanda de Energia / Operacional";"Operacional";"16.9833"
"2024-03-11";"101";"Demanda de Energia / Operacional";"Operacional";"17.15"
"2024-03-11";"102";"Demanda de Energia / Operacional";"Operacional";"17.15"
"2024-03-11";"105";"Demanda de Energia / Operacional";"Operacional";"17.15"
"2024-03-11";"106";"Demanda de Energia / Operacional";"Operacional";"17.15"
"2024-03-11";"109";"Demanda de Energia / Operacional";"Operacional";"17.15"
"2024-03-11";"110";"Demanda de Energia / Operacional";"Operacional";"17.15"
"2024-03-11";"113";"Demanda de Energia / Operacional";"Operacional";"17.15"
"2024-03-11";"114";"Demanda de Energia / Operacional";"Operacional";"17.15"
"2024-03-11";"116";"Demanda de Energia / Operacional";"Operacional";"17.15"
"2024-03-11";"119";"Demanda de Energia / Operacional";"Operacional";"17.15"
"2024-03-11";"121";"Demanda de Energia / Operacional";"Operacional";"17.15"
"2024-03-11";"123";"Demanda de Energia / Operacional";"Operacional";"17.15"
"2024-03-11";"130";"Demanda de Energia / Operacional";"Operacional";"17.15"
"2024-03-11";"132";"Demanda de Energia / Operacional";"Operacional";"17.15"
"2024-03-11";"10";"Demanda de Energia / Operacional";"Operacional";"2.5667"
"2024-03-11";"11";"Demanda de Energia / Operacional";"Operacional";"1.5667"
"2024-03-11";"20";"Demanda de Energia / Operacional";"Operacional";"1.0667"
"2024-03-11";"44";"Demanda de Energia / Operacional";"Operacional";"1.05"
"2024-03-11";"48";"Demanda de Energia / Operacional";"Operacional";"16.9833"
"2024-03-11";"43";"Demanda de Energia / Operacional";"Operacional";"2.1"
"2024-03-11";"4";"Demanda de Energia / Operacional";"Operacional";"3.1667"
"2024-03-11";"17";"Demanda de Energia / Operacional";"Operacional";"7.8333"
"2024-03-11";"43";"Demanda de Energia / Operacional";"Operacional";"3.9"
"2024-03-11";"24";"Demanda de Energia / Operacional";"Operacional";"8.5333"
"2024-03-12";"18";"Demanda de Energia / Operacional";"Operacional";"23.9833"
"2024-03-12";"57";"Demanda de Energia / Operacional";"Operacional";"10.1333"
"2024-03-12";"74";"Demanda de Energia / Operacional";"Operacional";"17.35"
"2024-03-12";"17";"Demanda de Energia / Operacional";"Operacional";"23.9833"
"2024-03-12";"15";"Demanda de Energia / Operacional";"Operacional";"16.9833"
"2024-03-12";"109";"Demanda de Energia / Operacional";"Operacional";"18.9667"
"2024-03-12";"70";"Demanda de Energia / Operacional";"Operacional";"3.95"
"2024-03-12";"3";"Demanda de Energia / Operacional";"Operacional";"2.6167"
"2024-03-12";"24";"Demanda de Energia / Operacional";"Operacional";"13.3667"
"2024-03-12";"33";"Demanda de Energia / Operacional";"Operacional";"16.9833"
"2024-03-12";"43";"Demanda de Energia / Operacional";"Operacional";"1.6667"
"2024-03-12";"103";"Demanda de Energia / Operacional";"Operacional";"2.9833"
"2024-03-12";"104";"Demanda de Energia / Operacional";"Operacional";"2.9833"
"2024-03-12";"123";"Demanda de Energia / Operacional";"Operacional";"2.9833"
"2024-03-12";"126";"Demanda de Energia / Operacional";"Operacional";"2.9833"
"2024-03-13";"44";"Demanda de Energia / Operacional";"Operacional";"4.2833"
"2024-03-13";"103";"Demanda de Energia / Operacional";"Operacional";"10.0833"
"2024-03-13";"104";"Demanda de Energia / Operacional";"Operacional";"9.5"
"2024-03-13";"117";"Demanda de Energia / Operacional";"Operacional";"13.3"
"2024-03-13";"126";"Demanda de Energia / Operacional";"Operacional";"5"
"2024-03-13";"123";"Demanda de Energia / Operacional";"Operacional";"5"
"2024-03-13";"34";"Demanda de Energia / Operacional";"Operacional";"14.1833"
"2024-03-13";"5";"Demanda de Energia / Operacional";"Operacional";"4.0667"
"2024-03-13";"11";"Demanda de Energia / Operacional";"Operacional";"2.8333"
"2024-03-13";"114";"Demanda de Energia / Operacional";"Operacional";"2.9833"
"2024-03-13";"120";"Demanda de Energia / Operacional";"Operacional";"2.9833"
"2024-03-13";"122";"Demanda de Energia / Operacional";"Operacional";"2.9833"
"2024-03-13";"133";"Demanda de Energia / Operacional";"Operacional";"2.9833"
"2024-03-13";"32";"Demanda de Energia / Operacional";"Operacional";"2.2"
"2024-03-14";"16";"Demanda de Energia / Operacional";"Operacional";"9.2167"
"2024-03-14";"114";"Demanda de Energia / Operacional";"Operacional";"9.5833"
"2024-03-14";"120";"Demanda de Energia / Operacional";"Operacional";"15.5333"
"2024-03-14";"122";"Demanda de Energia / Operacional";"Operacional";"15.5333"
"2024-03-14";"133";"Demanda de Energia / Operacional";"Operacional";"23.9833"
"2024-03-14";"74";"Demanda de Energia / Operacional";"Operacional";"18.45"
"2024-03-14";"73";"Demanda de Energia / Operacional";"Operacional";"16.6833"
"2024-03-14";"102";"Demanda de Energia / Operacional";"Operacional";"9.8667"
"2024-03-14";"32";"Demanda de Energia / Operacional";"Operacional";"23.9833"
"2024-03-14";"37";"Demanda de Energia / Operacional";"Operacional";"5.4"
"2024-03-14";"35";"Demanda de Energia / Operacional";"Operacional";"4.9167"
"2024-03-14";"117";"Demanda de Energia / Operacional";"Operacional";"10.1667"
"2024-03-14";"118";"Demanda de Energia / Operacional";"Operacional";"0.9167"
"2024-03-14";"26";"Demanda de Energia / Operacional";"Operacional";"7.6333"
"2024-03-14";"34";"Demanda de Energia / Operacional";"Operacional";"2.9833"
"2024-03-14";"119";"Demanda de Energia / Operacional";"Operacional";"1.5833"
"2024-03-14";"114";"Demanda de Energia / Operacional";"Operacional";"2.1"
"2024-03-15";"74";"Demanda de Energia / Operacional";"Operacional";"18.7333"
"2024-03-15";"73";"Demanda de Energia / Operacional";"Operacional";"8.8833"
"2024-03-15";"22";"Demanda de Energia / Operacional";"Operacional";"1.3667"
"2024-03-15";"34";"Demanda de Energia / Operacional";"Operacional";"23.9833"
"2024-03-15";"48";"Demanda de Energia / Operacional";"Operacional";"19.5333"
"2024-03-15";"108";"Demanda de Energia / Operacional";"Operacional";"5.5333"
"2024-03-15";"110";"Demanda de Energia / Operacional";"Operacional";"11.7333"
"2024-03-15";"19";"Demanda de Energia / Operacional";"Operacional";"3.9333"
"2024-03-15";"114";"Demanda de Energia / Operacional";"Operacional";"7.9833"
"2024-03-15";"108";"Demanda de Energia / Operacional";"Operacional";"10.0667"
"2024-03-15";"109";"Demanda de Energia / Operacional";"Operacional";"18"
"2024-03-15";"19";"Demanda de Energia / Operacional";"Operacional";"1.4167"
"2024-03-15";"112";"Demanda de Energia / Operacional";"Operacional";"11"
"2024-03-15";"16";"Demanda de Energia / Operacional";"Operacional";"3.2667"
"2024-03-15";"119";"Demanda de Energia / Operacional";"Operacional";"11"
"2024-03-15";"11";"Demanda de Energia / Operacional";"Operacional";"1.3"
"2024-03-15";"129";"Demanda de Energia / Operacional";"Operacional";"18"
"2024-03-15";"39";"Demanda de Energia / Operacional";"Operacional";"0.9"
"2024-03-15";"30";"Demanda de Energia / Operacional";"Operacional";"4.3167"
"2024-03-15";"15";"Demanda de Energia / Operacional";"Operacional";"5.0167"
"2024-03-15";"24";"Demanda de Energia / Operacional";"Operacional";"3.5"
"2024-03-15";"128";"Demanda de Energia / Operacional";"Operacional";"9.8333"
"2024-03-15";"73";"Demanda de Energia / Operacional";"Operacional";"5.8167"
"2024-03-15";"37";"Demanda de Energia / Operacional";"Operacional";"2.4167"
"2024-03-15";"17";"Demanda de Energia / Operacional";"Operacional";"3.0667"
"2024-03-15";"22";"Demanda de Energia / Operacional";"Operacional";"2.95"
"2024-03-15";"17";"Demanda de Energia / Operacional";"Operacional";"0.2167"
"2024-03-16";"19";"Demanda de Energia / Operacional";"Operacional";"8.5833"
"2024-03-16";"68";"Demanda de Energia / Operacional";"Operacional";"11.4667"
"2024-03-16";"23";"Demanda de Energia / Operacional";"Operacional";"5.0667"
"2024-03-17";"51";"Demanda de Energia / Operacional";"Operacional";"6.0833"
"2024-03-17";"16";"Demanda de Energia / Operacional";"Operacional";"11.3167"
"2024-03-17";"61";"Demanda de Energia / Operacional";"Operacional";"8.6333"
"2024-03-17";"119";"Demanda de Energia / Operacional";"Operacional";"6.65"
"2024-03-17";"40";"Demanda de Energia / Operacional";"Operacional";"3.6833"
"2024-03-17";"1";"Demanda de Energia / Operacional";"Operacional";"2.9833"
"2024-03-17";"51";"Demanda de Energia / Operacional";"Operacional";"2.9833"
"2024-03-17";"56";"Demanda de Energia / Operacional";"Operacional";"2.9833"
"2024-03-17";"57";"Demanda de Energia / Operacional";"Operacional";"2.9833"
"2024-03-17";"59";"Demanda de Energia / Operacional";"Operacional";"2.9833"
"2024-03-17";"69";"Demanda de Energia / Operacional";"Operacional";"2.9833"
"2024-03-17";"34";"Demanda de Energia / Operacional";"Operacional";"2.9833"
"2024-03-17";"131";"Demanda de Energia / Operacional";"Operacional";"2.9833"
"2024-03-18";"16";"Demanda de Energia / Operacional";"Operacional";"23.9833"
"2024-03-18";"61";"Demanda de Energia / Operacional";"Operacional";"8.1333"
"2024-03-18";"119";"Demanda de Energia / Operacional";"Operacional";"14.7167"
"2024-03-18";"40";"Demanda de Energia / Operacional";"Operacional";"14.65"
"2024-03-18";"74";"Demanda de Energia / Operacional";"Operacional";"14.3"
"2024-03-18";"61";"Demanda de Energia / Operacional";"Operacional";"2.0833"
"2024-03-18";"1";"Demanda de Energia / Operacional";"Operacional";"23.9833"
"2024-03-18";"18";"Demanda de Energia / Operacional";"Operacional";"10.6333"
"2024-03-18";"51";"Demanda de Energia / Operacional";"Operacional";"10.0333"
"2024-03-18";"56";"Demanda de Energia / Operacional";"Operacional";"13"
"2024-03-18";"57";"Demanda de Energia / Operacional";"Operacional";"14.9667"
"2024-03-18";"59";"Demanda de Energia / Operacional";"Operacional";"15.0667"
"2024-03-18";"69";"Demanda de Energia / Operacional";"Operacional";"13"
"2024-03-18";"23";"Demanda de Energia / Operacional";"Operacional";"12.9333"
"2024-03-18";"24";"Demanda de Energia / Operacional";"Operacional";"12.9333"
"2024-03-18";"34";"Demanda de Energia / Operacional";"Operacional";"23.9833"
"2024-03-18";"133";"Demanda de Energia / Operacional";"Operacional";"4.8"
"2024-03-18";"123";"Demanda de Energia / Operacional";"Operacional";"5.9333"
"2024-03-18";"131";"Demanda de Energia / Operacional";"Operacional";"23.9833"
"2024-03-18";"117";"Demanda de Energia / Operacional";"Operacional";"9.1167"
"2024-03-18";"61";"Demanda de Energia / Operacional";"Operacional";"11.9833"
"2024-03-18";"118";"Demanda de Energia / Operacional";"Operacional";"0.3667"
"2024-03-18";"119";"Demanda de Energia / Operacional";"Operacional";"9.2667"
"2024-03-18";"3";"Demanda de Energia / Operacional";"Operacional";"2.9833"
"2024-03-18";"27";"Demanda de Energia / Operacional";"Operacional";"2.9833"
"2024-03-18";"58";"Demanda de Energia / Operacional";"Operacional";"2.9833"
"2024-03-18";"66";"Demanda de Energia / Operacional";"Operacional";"2.9833"
"2024-03-18";"114";"Demanda de Energia / Operacional";"Operacional";"2.9833"
"2024-03-18";"26";"Demanda de Energia / Operacional";"Operacional";"2.9833"
"2024-03-18";"30";"Demanda de Energia / Operacional";"Operacional";"2.9833"
"2024-03-18";"31";"Demanda de Energia / Operacional";"Operacional";"2.9833"
"2024-03-18";"32";"Demanda de Energia / Operacional";"Operacional";"16.9833"
"2024-03-18";"33";"Demanda de Energia / Operacional";"Operacional";"2.9833"
"2024-03-18";"104";"Demanda de Energia / Operacional";"Operacional";"2.9833"
"2024-03-19";"16";"Demanda de Energia / Operacional";"Operacional";"23.9833"
"2024-03-19";"74";"Demanda de Energia / Operacional";"Operacional";"9.6667"
"2024-03-19";"61";"Demanda de Energia / Operacional";"Operacional";"10.0167"
"2024-03-19";"58";"Demanda de Energia / Operacional";"Operacional";"14.4833"
"2024-03-19";"66";"Demanda de Energia / Operacional";"Operacional";"14.6"
"2024-03-19";"114";"Demanda de Energia / Operacional";"Operacional";"15.4167"
"2024-03-19";"119";"Demanda de Energia / Operacional";"Operacional";"8.6167"
"2024-03-19";"26";"Demanda de Energia / Operacional";"Operacional";"13.1167"
"2024-03-19";"30";"Demanda de Energia / Operacional";"Operacional";"23.9833"
"2024-03-19";"31";"Demanda de Energia / Operacional";"Operacional";"23.9833"
"2024-03-19";"32";"Demanda de Energia / Operacional";"Operacional";"22"
"2024-03-19";"38";"Demanda de Energia / Operacional";"Operacional";"7.6167"
"2024-03-19";"3";"Demanda de Energia / Operacional";"Operacional";"11.0333"
"2024-03-19";"27";"Demanda de Energia / Operacional";"Operacional";"14.2"
"2024-03-19";"70";"Demanda de Energia / Operacional";"Operacional";"2.8667"
"2024-03-19";"72";"Demanda de Energia / Operacional";"Operacional";"19.1833"
"2024-03-19";"104";"Demanda de Energia / Operacional";"Operacional";"9.3167"
"2024-03-19";"113";"Demanda de Energia / Operacional";"Operacional";"0.0167"
"2024-03-19";"108";"Demanda de Energia / Operacional";"Operacional";"1.8"
"2024-03-19";"119";"Demanda de Energia / Operacional";"Operacional";"2.2667"
"2024-03-19";"28";"Demanda de Energia / Operacional";"Operacional";"4.0333"
"2024-03-19";"40";"Demanda de Energia / Operacional";"Operacional";"3.4667"
"2024-03-19";"34";"Demanda de Energia / Operacional";"Operacional";"2.9833"
"2024-03-20";"40";"Demanda de Energia / Operacional";"Operacional";"8.2333"
"2024-03-20";"114";"Demanda de Energia / Operacional";"Operacional";"3.4"
"2024-03-20";"40";"Demanda de Energia / Operacional";"Operacional";"2.8667"
"2024-03-20";"115";"Demanda de Energia / Operacional";"Operacional";"7.7333"
"2024-03-20";"117";"Demanda de Energia / Operacional";"Operacional";"7.1667"
"2024-03-20";"3";"Demanda de Energia / Operacional";"Operacional";"2.35"
"2024-03-20";"34";"Demanda de Energia / Operacional";"Operacional";"23.9833"
"2024-03-20";"74";"Demanda de Energia / Operacional";"Operacional";"4.0833"
"2024-03-20";"72";"Demanda de Energia / Operacional";"Operacional";"2.9833"
"2024-03-20";"119";"Demanda de Energia / Operacional";"Operacional";"2.9833"
"2024-03-20";"121";"Demanda de Energia / Operacional";"Operacional";"2.9833"
"2024-03-20";"123";"Demanda de Energia / Operacional";"Operacional";"2.9833"
"2024-03-20";"131";"Demanda de Energia / Operacional";"Operacional";"2.9833"
"2024-03-20";"115";"Demanda de Energia / Operacional";"Operacional";"2.9833"
"2024-03-20";"117";"Demanda de Energia / Operacional";"Operacional";"2.9833"
"2024-03-20";"132";"Demanda de Energia / Operacional";"Operacional";"2.9833"
"2024-03-21";"72";"Demanda de Energia / Operacional";"Operacional";"9.95"
"2024-03-21";"119";"Demanda de Energia / Operacional";"Operacional";"10.0667"
"2024-03-21";"121";"Demanda de Energia / Operacional";"Operacional";"10.0667"
"2024-03-21";"123";"Demanda de Energia / Operacional";"Operacional";"10.0667"
"2024-03-21";"131";"Demanda de Energia / Operacional";"Operacional";"10.0667"
"2024-03-21";"115";"Demanda de Energia / Operacional";"Operacional";"10.0667"
"2024-03-21";"117";"Demanda de Energia / Operacional";"Operacional";"10.0667"
"2024-03-21";"132";"Demanda de Energia / Operacional";"Operacional";"10.0667"
"2024-03-21";"17";"Demanda de Energia / Operacional";"Operacional";"8.9833"
"2024-03-21";"3";"Demanda de Energia / Operacional";"Operacional";"1"
"2024-03-21";"38";"Demanda de Energia / Operacional";"Operacional";"2.7333"
"2024-03-21";"22";"Demanda de Energia / Operacional";"Operacional";"9.8333"
"2024-03-21";"106";"Demanda de Energia / Operacional";"Operacional";"9.45"
"2024-03-21";"123";"Demanda de Energia / Operacional";"Operacional";"2.9833"
"2024-03-21";"116";"Demanda de Energia / Operacional";"Operacional";"2.9833"
"2024-03-22";"22";"Demanda de Energia / Operacional";"Operacional";"11.8833"
"2024-03-22";"123";"Demanda de Energia / Operacional";"Operacional";"7.65"
"2024-03-22";"116";"Demanda de Energia / Operacional";"Operacional";"8.35"
"2024-03-22";"116";"Demanda de Energia / Operacional";"Operacional";"0.1667"
"2024-03-22";"18";"Demanda de Energia / Operacional";"Operacional";"0.3833"
"2024-03-22";"46";"Demanda de Energia / Operacional";"Operacional";"3.1667"
"2024-03-22";"74";"Demanda de Energia / Operacional";"Operacional";"5.6167"
"2024-03-22";"1";"Demanda de Energia / Operacional";"Operacional";"3.1333"
"2024-03-22";"124";"Demanda de Energia / Operacional";"Operacional";"4.7"
"2024-03-22";"116";"Demanda de Energia / Operacional";"Operacional";"1.9667"
"2024-03-23";"1";"Demanda de Energia / Operacional";"Operacional";"13.9167"
"2024-03-23";"115";"Demanda de Energia / Operacional";"Operacional";"3.2333"
"2024-03-24";"1";"Demanda de Energia / Operacional";"Operacional";"23.9833"
"2024-03-24";"23";"Demanda de Energia / Operacional";"Operacional";"8.05"
"2024-03-25";"1";"Demanda de Energia / Operacional";"Operacional";"13.3333"
"2024-03-25";"25";"Demanda de Energia / Operacional";"Operacional";"10.1167"
"2024-03-25";"74";"Demanda de Energia / Operacional";"Operacional";"4.9333"
"2024-03-25";"121";"Demanda de Energia / Operacional";"Operacional";"0.6833"
"2024-03-25";"68";"Demanda de Energia / Operacional";"Operacional";"6.75"
"2024-03-25";"106";"Demanda de Energia / Operacional";"Operacional";"12.8167"
"2024-03-25";"131";"Demanda de Energia / Operacional";"Operacional";"8.5333"
"2024-03-25";"123";"Demanda de Energia / Operacional";"Operacional";"5.4333"
"2024-03-26";"123";"Demanda de Energia / Operacional";"Operacional";"18"
"2024-03-26";"121";"Demanda de Energia / Operacional";"Operacional";"7.1"
"2024-03-26";"123";"Demanda de Energia / Operacional";"Operacional";"7.1"
"2024-03-26";"118";"Demanda de Energia / Operacional";"Operacional";"7.1"
"2024-03-26";"115";"Demanda de Energia / Operacional";"Operacional";"7.1"
"2024-03-26";"109";"Demanda de Energia / Operacional";"Operacional";"7.1"
"2024-03-26";"110";"Demanda de Energia / Operacional";"Operacional";"7.1"
"2024-03-26";"116";"Demanda de Energia / Operacional";"Operacional";"7.1"
"2024-03-26";"106";"Demanda de Energia / Operacional";"Operacional";"14.7833"
"2024-03-26";"124";"Demanda de Energia / Operacional";"Operacional";"7.1"
"2024-03-26";"126";"Demanda de Energia / Operacional";"Operacional";"7.1"
"2024-03-26";"131";"Demanda de Energia / Operacional";"Operacional";"9.2667"
"2024-03-26";"47";"Demanda de Energia / Operacional";"Operacional";"7.05"
"2024-03-26";"18";"Demanda de Energia / Operacional";"Operacional";"2.7333"
"2024-03-26";"19";"Demanda de Energia / Operacional";"Operacional";"8.1"
"2024-03-26";"40";"Demanda de Energia / Operacional";"Operacional";"3.1"
"2024-03-26";"27";"Demanda de Energia / Operacional";"Operacional";"4.5333"
"2024-03-26";"126";"Demanda de Energia / Operacional";"Operacional";"0.85"
"2024-03-26";"46";"Demanda de Energia / Operacional";"Operacional";"2.9833"
"2024-03-26";"58";"Demanda de Energia / Operacional";"Operacional";"2.9833"
"2024-03-27";"19";"Demanda de Energia / Operacional";"Operacional";"6.2333"
"2024-03-27";"52";"Demanda de Energia / Operacional";"Operacional";"12.7"
"2024-03-27";"108";"Demanda de Energia / Operacional";"Operacional";"3.7"
"2024-03-27";"15";"Demanda de Energia / Operacional";"Operacional";"3.55"
"2024-03-27";"74";"Demanda de Energia / Operacional";"Operacional";"17.4833"
"2024-03-27";"116";"Demanda de Energia / Operacional";"Operacional";"3.3"
"2024-03-27";"46";"Demanda de Energia / Operacional";"Operacional";"13.9"
"2024-03-27";"61";"Demanda de Energia / Operacional";"Operacional";"2.0333"
"2024-03-27";"60";"Demanda de Energia / Operacional";"Operacional";"2.0833"
"2024-03-27";"4";"Demanda de Energia / Operacional";"Operacional";"3.65"
"2024-03-27";"58";"Demanda de Energia / Operacional";"Operacional";"0"
"2024-03-27";"118";"Demanda de Energia / Operacional";"Operacional";"5.3167"
"2024-03-27";"19";"Demanda de Energia / Operacional";"Operacional";"4.5167"
"2024-03-27";"108";"Demanda de Energia / Operacional";"Operacional";"3.2333"
"2024-03-27";"3";"Demanda de Energia / Operacional";"Operacional";"0.7667"
"2024-03-27";"30";"Demanda de Energia / Operacional";"Operacional";"8.2667"
"2024-03-28";"114";"Demanda de Energia / Operacional";"Operacional";"1.1667"
"2024-03-28";"116";"Demanda de Energia / Operacional";"Operacional";"0.8167"
"2024-03-28";"118";"Demanda de Energia / Operacional";"Operacional";"3.35"
"2024-03-28";"19";"Demanda de Energia / Operacional";"Operacional";"11.5333"
"2024-03-28";"113";"Demanda de Energia / Operacional";"Operacional";"0.7"
"2024-03-28";"54";"Demanda de Energia / Operacional";"Operacional";"2.15"
"2024-03-28";"57";"Demanda de Energia / Operacional";"Operacional";"3.3333"
"2024-03-28";"27";"Demanda de Energia / Operacional";"Operacional";"3.7667"
"2024-03-28";"52";"Demanda de Energia / Operacional";"Operacional";"10.2833"
"2024-03-29";"2";"Demanda de Energia / Operacional";"Operacional";"8.7"
"2024-03-29";"52";"Demanda de Energia / Operacional";"Operacional";"9.6667"
"2024-03-29";"41";"Demanda de Energia / Operacional";"Operacional";"15.4167"
"2024-03-31";"115";"Demanda de Energia / Operacional";"Operacional";"9.0167"
"2024-03-31";"68";"Demanda de Energia / Operacional";"Operacional";"5.75"
"2024-04-01";"113";"Demanda de Energia / Operacional";"Operacional";"6.45"
"2024-04-01";"114";"Demanda de Energia / Operacional";"Operacional";"4.5833"
"2024-04-01";"41";"Demanda de Energia / Operacional";"Operacional";"23.9833"
"2024-04-01";"68";"Demanda de Energia / Operacional";"Operacional";"8.5833"
"2024-04-01";"27";"Demanda de Energia / Operacional";"Operacional";"5.2833"
"2024-04-01";"52";"Demanda de Energia / Operacional";"Operacional";"6.0667"
"2024-04-01";"28";"Demanda de Energia / Operacional";"Operacional";"11.8667"
"2024-04-02";"112";"Demanda de Energia / Operacional";"Operacional";"6.4833"
"2024-04-03";"4";"Demanda de Energia / Operacional";"Operacional";"10.6833"
"2024-04-03";"42";"Demanda de Energia / Operacional";"Operacional";"0.3667"
"2024-04-03";"114";"Demanda de Energia / Operacional";"Operacional";"1.85"
"2024-04-03";"15";"Demanda de Energia / Operacional";"Operacional";"9.6333"
"2024-04-04";"42";"Demanda de Energia / Operacional";"Operacional";"0.3"
"2024-04-04";"42";"Demanda de Energia / Operacional";"Operacional";"0.5667"
"2024-04-05";"115";"Demanda de Energia / Operacional";"Operacional";"0.9333"
"2024-04-05";"42";"Demanda de Energia / Operacional";"Operacional";"0.7167"
"2024-04-05";"37";"Demanda de Energia / Operacional";"Operacional";"0.4333"
"2024-04-07";"19";"Demanda de Energia / Operacional";"Operacional";"4.0833"
"2024-04-07";"53";"Demanda de Energia / Operacional";"Operacional";"0.9"
"2024-04-07";"50";"Demanda de Energia / Operacional";"Operacional";"7.0833"
"2024-04-07";"122";"Demanda de Energia / Operacional";"Operacional";"2.9833"
"2024-04-07";"15";"Demanda de Energia / Operacional";"Operacional";"2.9833"
"2024-04-07";"44";"Demanda de Energia / Operacional";"Operacional";"2.9833"
"2024-04-07";"47";"Demanda de Energia / Operacional";"Operacional";"2.9833"
"2024-04-07";"73";"Demanda de Energia / Operacional";"Operacional";"2.9833"
"2024-04-07";"42";"Demanda de Energia / Operacional";"Operacional";"2.9833"
"2024-04-08";"19";"Demanda de Energia / Operacional";"Operacional";"9.3167"
"2024-04-08";"17";"Demanda de Energia / Operacional";"Operacional";"8.1167"
"2024-04-08";"53";"Demanda de Energia / Operacional";"Operacional";"23.9833"
"2024-04-08";"50";"Demanda de Energia / Operacional";"Operacional";"9.8667"
"2024-04-08";"123";"Demanda de Energia / Operacional";"Operacional";"13.15"
"2024-04-08";"114";"Demanda de Energia / Operacional";"Operacional";"6.7333"
"2024-04-08";"122";"Demanda de Energia / Operacional";"Operacional";"23.9833"
"2024-04-08";"21";"Demanda de Energia / Operacional";"Operacional";"3.1167"
"2024-04-08";"15";"Demanda de Energia / Operacional";"Operacional";"8.2667"
"2024-04-08";"44";"Demanda de Energia / Operacional";"Operacional";"9.7667"
"2024-04-08";"47";"Demanda de Energia / Operacional";"Operacional";"11.8333"
"2024-04-08";"73";"Demanda de Energia / Operacional";"Operacional";"23.9833"
"2024-04-08";"38";"Demanda de Energia / Operacional";"Operacional";"2.5833"
"2024-04-08";"115";"Demanda de Energia / Operacional";"Operacional";"0.9333"
"2024-04-08";"38";"Demanda de Energia / Operacional";"Operacional";"4.8333"
"2024-04-08";"42";"Demanda de Energia / Operacional";"Operacional";"9.6"
"2024-04-08";"15";"Demanda de Energia / Operacional";"Operacional";"0.2833"
"2024-04-08";"19";"Demanda de Energia / Operacional";"Operacional";"7.0667"
"2024-04-08";"1";"Demanda de Energia / Operacional";"Operacional";"2.9833"
"2024-04-08";"16";"Demanda de Energia / Operacional";"Operacional";"2.9833"
"2024-04-08";"18";"Demanda de Energia / Operacional";"Operacional";"2.9833"
"2024-04-08";"28";"Demanda de Energia / Operacional";"Operacional";"2.9833"
"2024-04-08";"74";"Demanda de Energia / Operacional";"Operacional";"2.9833"
"2024-04-08";"41";"Demanda de Energia / Operacional";"Operacional";"2.9833"
"2024-04-09";"122";"Demanda de Energia / Operacional";"Operacional";"3.8167"
"2024-04-09";"107";"Demanda de Energia / Operacional";"Operacional";"18.9167"
"2024-04-09";"101";"Demanda de Energia / Operacional";"Operacional";"3.2833"
"2024-04-09";"1";"Demanda de Energia / Operacional";"Operacional";"12.8333"
"2024-04-09";"16";"Demanda de Energia / Operacional";"Operacional";"23.9833"
"2024-04-09";"18";"Demanda de Energia / Operacional";"Operacional";"23.9833"
"2024-04-09";"28";"Demanda de Energia / Operacional";"Operacional";"23.9833"
"2024-04-09";"74";"Demanda de Energia / Operacional";"Operacional";"23.9833"
"2024-04-09";"24";"Demanda de Energia / Operacional";"Operacional";"4.65"
"2024-04-09";"113";"Demanda de Energia / Operacional";"Operacional";"3.8667"
"2024-04-09";"122";"Demanda de Energia / Operacional";"Operacional";"2.15"
"2024-04-09";"53";"Demanda de Energia / Operacional";"Operacional";"4.5667"
"2024-04-09";"41";"Demanda de Energia / Operacional";"Operacional";"5.7167"
"2024-04-10";"7";"Demanda de Energia / Operacional";"Operacional";"8.55"
"2024-04-10";"40";"Demanda de Energia / Operacional";"Operacional";"12.65"
"2024-04-10";"35";"Demanda de Energia / Operacional";"Operacional";"0.4333"
"2024-04-10";"41";"Demanda de Energia / Operacional";"Operacional";"10.7"
"2024-04-10";"41";"Demanda de Energia / Operacional";"Operacional";"2.8667"
"2024-04-10";"121";"Demanda de Energia / Operacional";"Operacional";"3.6667"
"2024-04-10";"35";"Demanda de Energia / Operacional";"Operacional";"4.4833"
"2024-04-10";"28";"Demanda de Energia / Operacional";"Operacional";"23.9833"
"2024-04-10";"59";"Demanda de Energia / Operacional";"Operacional";"3.15"
"2024-04-10";"41";"Demanda de Energia / Operacional";"Operacional";"9.15"
"2024-04-10";"68";"Demanda de Energia / Operacional";"Operacional";"4.0167"
"2024-04-10";"61";"Demanda de Energia / Operacional";"Operacional";"8.5"
"2024-04-10";"49";"Demanda de Energia / Operacional";"Operacional";"1.2833"
"2024-04-11";"53";"Demanda de Energia / Operacional";"Operacional";"2.4"
"2024-04-11";"35";"Demanda de Energia / Operacional";"Operacional";"9.6167"
"2024-04-11";"25";"Demanda de Energia / Operacional";"Operacional";"7.9833"
"2024-04-11";"61";"Demanda de Energia / Operacional";"Operacional";"3.85"
"2024-04-11";"73";"Demanda de Energia / Operacional";"Operacional";"8.9667"
"2024-04-11";"61";"Demanda de Energia / Operacional";"Operacional";"1.4"
"2024-04-11";"61";"Demanda de Energia / Operacional";"Operacional";"10.35"
"2024-04-12";"61";"Demanda de Energia / Operacional";"Operacional";"15.6"
"2024-04-12";"53";"Demanda de Energia / Operacional";"Operacional";"2.2167"
"2024-04-12";"35";"Demanda de Energia / Operacional";"Operacional";"11.9167"
"2024-04-12";"15";"Demanda de Energia / Operacional";"Operacional";"2.9"
"2024-04-14";"18";"Demanda de Energia / Operacional";"Operacional";"2"
"2024-04-14";"48";"Demanda de Energia / Operacional";"Operacional";"2"
"2024-04-15";"114";"Demanda de Energia / Operacional";"Operacional";"2.6667"
"2024-04-15";"116";"Demanda de Energia / Operacional";"Operacional";"2.4667"
"2024-04-15";"118";"Demanda de Energia / Operacional";"Operacional";"0.9333"
"2024-04-15";"115";"Demanda de Energia / Operacional";"Operacional";"0.9"
"2024-04-15";"18";"Demanda de Energia / Operacional";"Operacional";"23.9833"
"2024-04-15";"58";"Demanda de Energia / Operacional";"Operacional";"2.4"
"2024-04-15";"55";"Demanda de Energia / Operacional";"Operacional";"2.7667"
"2024-04-15";"73";"Demanda de Energia / Operacional";"Operacional";"2.65"
"2024-04-15";"5";"Demanda de Energia / Operacional";"Operacional";"0.7333"
"2024-04-15";"24";"Demanda de Energia / Operacional";"Operacional";"8.8333"
"2024-04-15";"15";"Demanda de Energia / Operacional";"Operacional";"7.4167"
"2024-04-15";"16";"Demanda de Energia / Operacional";"Operacional";"2.9833"
"2024-04-15";"48";"Demanda de Energia / Operacional";"Operacional";"2.9833"
"2024-04-16";"15";"Demanda de Energia / Operacional";"Operacional";"23.9833"
"2024-04-16";"16";"Demanda de Energia / Operacional";"Operacional";"23.9833"
"2024-04-16";"18";"Demanda de Energia / Operacional";"Operacional";"7.5"
"2024-04-16";"5";"Demanda de Energia / Operacional";"Operacional";"6"
"2024-04-16";"37";"Demanda de Energia / Operacional";"Operacional";"3.8333"
"2024-04-16";"101";"Demanda de Energia / Operacional";"Operacional";"10.7833"
"2024-04-16";"55";"Demanda de Energia / Operacional";"Operacional";"8.8167"
"2024-04-16";"74";"Demanda de Energia / Operacional";"Operacional";"7.0167"
"2024-04-16";"19";"Demanda de Energia / Operacional";"Operacional";"13.1167"
"2024-04-16";"122";"Demanda de Energia / Operacional";"Operacional";"1.5333"
"2024-04-16";"2";"Demanda de Energia / Operacional";"Operacional";"6.9667"
"2024-04-16";"41";"Demanda de Energia / Operacional";"Operacional";"1.75"
"2024-04-16";"4";"Demanda de Energia / Operacional";"Operacional";"10.7333"
"2024-04-16";"107";"Demanda de Energia / Operacional";"Operacional";"6.8667"
"2024-04-16";"17";"Demanda de Energia / Operacional";"Operacional";"1.25"
"2024-04-16";"127";"Demanda de Energia / Operacional";"Operacional";"2.9833"
"2024-04-16";"23";"Demanda de Energia / Operacional";"Operacional";"2.9833"
"2024-04-16";"28";"Demanda de Energia / Operacional";"Operacional";"2.9833"
"2024-04-16";"18";"Demanda de Energia / Operacional";"Operacional";"2.9833"
"2024-04-16";"48";"Demanda de Energia / Operacional";"Operacional";"2.9833"
"2024-04-17";"19";"Demanda de Energia / Operacional";"Operacional";"4.3667"
"2024-04-17";"23";"Demanda de Energia / Operacional";"Operacional";"10.0833"
"2024-04-17";"28";"Demanda de Energia / Operacional";"Operacional";"14.45"
"2024-04-17";"48";"Demanda de Energia / Operacional";"Operacional";"0"
"2024-04-17";"127";"Demanda de Energia / Operacional";"Operacional";"14.5667"
"2024-04-17";"18";"Demanda de Energia / Operacional";"Operacional";"18"
"2024-04-17";"120";"Demanda de Energia / Operacional";"Operacional";"0.45"
"2024-04-17";"38";"Demanda de Energia / Operacional";"Operacional";"5.0667"
"2024-04-17";"114";"Demanda de Energia / Operacional";"Operacional";"1.8167"
"2024-04-17";"27";"Demanda de Energia / Operacional";"Operacional";"5"
"2024-04-17";"43";"Demanda de Energia / Operacional";"Operacional";"5.7333"
"2024-04-18";"30";"Demanda de Energia / Operacional";"Operacional";"9.0667"
"2024-04-18";"38";"Demanda de Energia / Operacional";"Operacional";"6.7833"
"2024-04-18";"43";"Demanda de Energia / Operacional";"Operacional";"4.8"
"2024-04-18";"26";"Demanda de Energia / Operacional";"Operacional";"5.75"
"2024-04-18";"19";"Demanda de Energia / Operacional";"Operacional";"6.0833"
"2024-04-18";"27";"Demanda de Energia / Operacional";"Operacional";"4.6"
"2024-04-18";"33";"Demanda de Energia / Operacional";"Operacional";"7.85"
"2024-04-18";"105";"Demanda de Energia / Operacional";"Operacional";"3.05"
"2024-04-18";"106";"Demanda de Energia / Operacional";"Operacional";"4.2667"
"2024-04-18";"5";"Demanda de Energia / Operacional";"Operacional";"0.6833"
"2024-04-18";"8";"Demanda de Energia / Operacional";"Operacional";"0.5"
"2024-04-18";"46";"Demanda de Energia / Operacional";"Operacional";"0.95"
"2024-04-18";"61";"Demanda de Energia / Operacional";"Operacional";"0.8167"
"2024-04-18";"73";"Demanda de Energia / Operacional";"Operacional";"0.8167"
"2024-04-18";"58";"Demanda de Energia / Operacional";"Operacional";"0.8167"
"2024-04-18";"56";"Demanda de Energia / Operacional";"Operacional";"0.8167"
"2024-04-18";"60";"Demanda de Energia / Operacional";"Operacional";"0.8167"
"2024-04-18";"61";"Demanda de Energia / Operacional";"Operacional";"0.8167"
"2024-04-18";"62";"Demanda de Energia / Operacional";"Operacional";"0.8167"
"2024-04-18";"70";"Demanda de Energia / Operacional";"Operacional";"0.8167"
"2024-04-18";"71";"Demanda de Energia / Operacional";"Operacional";"0.8167"
"2024-04-18";"107";"Demanda de Energia / Operacional";"Operacional";"3.9667"
"2024-04-19";"49";"Demanda de Energia / Operacional";"Operacional";"2.3333"
"2024-04-19";"50";"Demanda de Energia / Operacional";"Operacional";"9.5"
"2024-04-19";"44";"Demanda de Energia / Operacional";"Operacional";"8.9667"
"2024-04-19";"16";"Demanda de Energia / Operacional";"Operacional";"7.4"
"2024-04-19";"38";"Demanda de Energia / Operacional";"Operacional";"10.1"
"2024-04-19";"15";"Demanda de Energia / Operacional";"Operacional";"3.5333"
"2024-04-19";"59";"Demanda de Energia / Operacional";"Operacional";"5.2167"
"2024-04-19";"31";"Demanda de Energia / Operacional";"Operacional";"13.6833"
"2024-04-19";"47";"Demanda de Energia / Operacional";"Operacional";"4.55"
"2024-04-19";"49";"Demanda de Energia / Operacional";"Operacional";"4.4333"
"2024-04-19";"30";"Demanda de Energia / Operacional";"Operacional";"13.85"
"2024-04-19";"49";"Demanda de Energia / Operacional";"Operacional";"4.4333"
"2024-04-22";"17";"Demanda de Energia / Operacional";"Operacional";"0.6667"
"2024-04-22";"19";"Demanda de Energia / Operacional";"Operacional";"0.2"
"2024-04-22";"38";"Demanda de Energia / Operacional";"Operacional";"1.3167"
"2024-04-22";"17";"Demanda de Energia / Operacional";"Operacional";"5.9833"
"2024-04-23";"17";"Demanda de Energia / Operacional";"Operacional";"7"
"2024-04-22";"33";"Demanda de Energia / Operacional";"Operacional";"15.4833"
"2024-04-22";"32";"Demanda de Energia / Operacional";"Operacional";"15.4667"
"2024-04-23";"1";"Demanda de Energia / Operacional";"Operacional";"1.45"
"2024-04-23";"38";"Demanda de Energia / Operacional";"Operacional";"0.5"
"2024-04-23";"1";"Demanda de Energia / Operacional";"Operacional";"5.2833"
"2024-04-23";"39";"Demanda de Energia / Operacional";"Operacional";"1.9833"
"2024-04-24";"39";"Demanda de Energia / Operacional";"Operacional";"10.0333"
"2024-04-24";"112";"Demanda de Energia / Operacional";"Operacional";"2.5"
"2024-04-24";"113";"Demanda de Energia / Operacional";"Operacional";"2.5"
"2024-04-24";"113";"Demanda de Energia / Operacional";"Operacional";"0.7667"
"2024-04-25";"114";"Demanda de Energia / Operacional";"Operacional";"2.5"
"2024-04-25";"115";"Demanda de Energia / Operacional";"Operacional";"2.5"
"2024-04-25";"116";"Demanda de Energia / Operacional";"Operacional";"3.1333"
"2024-04-25";"49";"Demanda de Energia / Operacional";"Operacional";"9.4"
"2024-04-25";"25";"Demanda de Energia / Operacional";"Operacional";"4.4333"
"2024-04-25";"5";"Demanda de Energia / Operacional";"Operacional";"7.6"
"2024-04-25";"38";"Demanda de Energia / Operacional";"Operacional";"0.3833"
"2024-04-25";"114";"Demanda de Energia / Operacional";"Operacional";"0.4833"
"2024-04-25";"115";"Demanda de Energia / Operacional";"Operacional";"0.3333"
"2024-04-26";"118";"Demanda de Energia / Operacional";"Operacional";"1.1667"
"2024-04-26";"38";"Demanda de Energia / Operacional";"Operacional";"0.6667"
"2024-04-26";"3";"Demanda de Energia / Operacional";"Operacional";"0.5333"
"2024-04-26";"35";"Demanda de Energia / Operacional";"Operacional";"1.2167"
"2024-04-26";"3";"Demanda de Energia / Operacional";"Operacional";"0.3333"
"2024-04-26";"33";"Demanda de Energia / Operacional";"Operacional";"1.9167"
"2024-04-26";"125";"Demanda de Energia / Operacional";"Operacional";"5.3833"
"2024-04-26";"33";"Demanda de Energia / Operacional";"Operacional";"4.95"
"2024-04-26";"30";"Demanda de Energia / Operacional";"Operacional";"6.9833"
"2024-04-27";"30";"Demanda de Energia / Operacional";"Operacional";"3.9333"
"2024-04-27";"18";"Demanda de Energia / Operacional";"Operacional";"1.4167"
"2024-04-28";"44";"Demanda de Energia / Operacional";"Operacional";"7.2167"
"2024-04-28";"38";"Demanda de Energia / Operacional";"Operacional";"3.9833"
"2024-04-29";"44";"Demanda de Energia / Operacional";"Operacional";"11"
"2024-04-29";"36";"Demanda de Energia / Operacional";"Operacional";"6.35"
"2024-04-29";"32";"Demanda de Energia / Operacional";"Operacional";"1"
"2024-04-29";"38";"Demanda de Energia / Operacional";"Operacional";"4.6667"
"2024-04-29";"19";"Demanda de Energia / Operacional";"Operacional";"2.7167"
"2024-04-29";"27";"Demanda de Energia / Operacional";"Operacional";"3.2"
"2024-04-29";"35";"Demanda de Energia / Operacional";"Operacional";"6.3333"
"2024-04-30";"47";"Demanda de Energia / Operacional";"Operacional";"12.3667"
"2024-04-30";"45";"Demanda de Energia / Operacional";"Operacional";"2.6667"
"2024-04-30";"35";"Demanda de Energia / Operacional";"Operacional";"2.35"
"2024-04-30";"45";"Demanda de Energia / Operacional";"Operacional";"2.15"
"2024-04-30";"6";"Demanda de Energia / Operacional";"Operacional";"2.6667"
"2024-05-01";"118";"Demanda de Energia / Operacional";"Operacional";"3.4833"
"2024-05-01";"37";"Demanda de Energia / Operacional";"Operacional";"4.5333"
"2024-05-01";"6";"Demanda de Energia / Operacional";"Operacional";"0.6"
"2024-05-01";"118";"Demanda de Energia / Operacional";"Operacional";"1.5833"
"2024-05-01";"39";"Demanda de Energia / Operacional";"Operacional";"4.15"
"2024-05-01";"47";"Demanda de Energia / Operacional";"Operacional";"4.3333"
"2024-05-01";"6";"Demanda de Energia / Operacional";"Operacional";"4.6667"
"2024-05-01";"123";"Demanda de Energia / Operacional";"Operacional";"1.6"
"2024-05-02";"27";"Demanda de Energia / Operacional";"Operacional";"1.8333"
"2024-05-02";"74";"Demanda de Energia / Operacional";"Operacional";"2.7167"
"2024-05-02";"123";"Demanda de Energia / Operacional";"Operacional";"7.0667"
"2024-05-02";"44";"Demanda de Energia / Operacional";"Operacional";"5.6167"
"2024-05-02";"44";"Demanda de Energia / Operacional";"Operacional";"0.6"
"2024-05-02";"21";"Demanda de Energia / Operacional";"Operacional";"5.5833"
"2024-05-02";"128";"Demanda de Energia / Operacional";"Operacional";"5.9"
"2024-05-02";"44";"Demanda de Energia / Operacional";"Operacional";"0.6333"
"2024-05-02";"128";"Demanda de Energia / Operacional";"Operacional";"2.8333"
"2024-05-02";"25";"Demanda de Energia / Operacional";"Operacional";"4.2167"
"2024-05-03";"114";"Demanda de Energia / Operacional";"Operacional";"2.1333"
"2024-05-03";"74";"Demanda de Energia / Operacional";"Operacional";"4.45"
"2024-05-03";"20";"Demanda de Energia / Operacional";"Operacional";"2.2333"
"2024-05-03";"74";"Demanda de Energia / Operacional";"Operacional";"6.0833"
"2024-05-03";"38";"Demanda de Energia / Operacional";"Operacional";"0.4333"
"2024-05-03";"20";"Demanda de Energia / Operacional";"Operacional";"1.4333"
"2024-05-03";"27";"Demanda de Energia / Operacional";"Operacional";"0.15"
"2024-05-03";"128";"Demanda de Energia / Operacional";"Operacional";"11"
"2024-05-03";"38";"Demanda de Energia / Operacional";"Operacional";"3.7833"
"2024-05-03";"20";"Demanda de Energia / Operacional";"Operacional";"2.9667"
"2024-05-06";"36";"Demanda de Energia / Operacional";"Operacional";"2.1"
"2024-05-06";"123";"Demanda de Energia / Operacional";"Operacional";"2.3333"
"2024-05-06";"70";"Demanda de Energia / Operacional";"Operacional";"7.3667"
"2024-05-06";"37";"Demanda de Energia / Operacional";"Operacional";"0.7333"
"2024-05-07";"37";"Demanda de Energia / Operacional";"Operacional";"6.0167"
"2024-05-07";"18";"Demanda de Energia / Operacional";"Operacional";"5.2833"
"2024-05-07";"35";"Demanda de Energia / Operacional";"Operacional";"5.8167"
"2024-05-07";"36";"Demanda de Energia / Operacional";"Operacional";"6.4833"
"2024-05-07";"125";"Demanda de Energia / Operacional";"Operacional";"2.2"
"2024-05-07";"25";"Demanda de Energia / Operacional";"Operacional";"9"
"2024-05-07";"122";"Demanda de Energia / Operacional";"Operacional";"0.8667"
"2024-05-07";"125";"Demanda de Energia / Operacional";"Operacional";"0.7833"
"2024-05-07";"114";"Demanda de Energia / Operacional";"Operacional";"0.9333"
"2024-05-08";"125";"Demanda de Energia / Operacional";"Operacional";"1.7833"
"2024-05-08";"18";"Demanda de Energia / Operacional";"Operacional";"4.6667"
"2024-05-08";"20";"Demanda de Energia / Operacional";"Operacional";"5.4167"
"2024-05-08";"22";"Demanda de Energia / Operacional";"Operacional";"10.3667"
"2024-05-08";"113";"Demanda de Energia / Operacional";"Operacional";"10.8"
"2024-05-08";"28";"Demanda de Energia / Operacional";"Operacional";"5.9167"
"2024-05-08";"124";"Demanda de Energia / Operacional";"Operacional";"7.95"
"2024-05-08";"35";"Demanda de Energia / Operacional";"Operacional";"4.15"
"2024-05-08";"59";"Demanda de Energia / Operacional";"Operacional";"2.9833"
"2024-05-09";"18";"Demanda de Energia / Operacional";"Operacional";"1.7333"
"2024-05-09";"27";"Demanda de Energia / Operacional";"Operacional";"1.2"
"2024-05-09";"28";"Demanda de Energia / Operacional";"Operacional";"4.6833"
"2024-05-09";"59";"Demanda de Energia / Operacional";"Operacional";"8.5167"
"2024-05-09";"74";"Demanda de Energia / Operacional";"Operacional";"1.05"
"2024-05-09";"59";"Demanda de Energia / Operacional";"Operacional";"4.05"
"2024-05-09";"26";"Demanda de Energia / Operacional";"Operacional";"0.8"
"2024-05-09";"74";"Demanda de Energia / Operacional";"Operacional";"0.9167"
"2024-05-09";"19";"Demanda de Energia / Operacional";"Operacional";"0.3"
"2024-05-09";"120";"Demanda de Energia / Operacional";"Operacional";"0.3833"
"2024-05-09";"116";"Demanda de Energia / Operacional";"Operacional";"2.9833"
"2024-05-10";"116";"Demanda de Energia / Operacional";"Operacional";"18"
"2024-05-10";"48";"Demanda de Energia / Operacional";"Operacional";"7.8"
"2024-05-10";"74";"Demanda de Energia / Operacional";"Operacional";"4.45"
"2024-05-10";"125";"Demanda de Energia / Operacional";"Operacional";"3.45"
"2024-05-10";"102";"Demanda de Energia / Operacional";"Operacional";"7.2833"
"2024-05-10";"27";"Demanda de Energia / Operacional";"Operacional";"0.5167"
"2024-05-10";"35";"Demanda de Energia / Operacional";"Operacional";"2.7333"
"2024-05-10";"12";"Demanda de Energia / Operacional";"Operacional";"1.4"
"2024-05-10";"23";"Demanda de Energia / Operacional";"Operacional";"2.7"
"2024-05-11";"23";"Demanda de Energia / Operacional";"Operacional";"3"
"2024-05-11";"35";"Demanda de Energia / Operacional";"Operacional";"7.8833"
"2024-05-12";"22";"Demanda de Energia / Operacional";"Operacional";"7.0667"
"2024-05-12";"16";"Demanda de Energia / Operacional";"Operacional";"10.9667"
"2024-05-12";"125";"Demanda de Energia / Operacional";"Operacional";"5.55"
"2024-05-12";"18";"Demanda de Energia / Operacional";"Operacional";"1.75"
"2024-05-13";"18";"Demanda de Energia / Operacional";"Operacional";"11"
"2024-05-13";"21";"Demanda de Energia / Operacional";"Operacional";"1.15"
"2024-05-13";"23";"Demanda de Energia / Operacional";"Operacional";"11.25"
"2024-05-13";"24";"Demanda de Energia / Operacional";"Operacional";"0.75"
"2024-05-13";"27";"Demanda de Energia / Operacional";"Operacional";"2.1333"
"2024-05-13";"24";"Demanda de Energia / Operacional";"Operacional";"6.1833"
"2024-05-13";"125";"Demanda de Energia / Operacional";"Operacional";"2.9667"
"2024-05-13";"115";"Demanda de Energia / Operacional";"Operacional";"1.4"
"2024-05-13";"60";"Demanda de Energia / Operacional";"Operacional";"4.15"
"2024-05-13";"12";"Demanda de Energia / Operacional";"Operacional";"0.6"
"2024-05-13";"35";"Demanda de Energia / Operacional";"Operacional";"5.7333"
"2024-05-13";"128";"Demanda de Energia / Operacional";"Operacional";"6.4667"
"2024-05-13";"123";"Demanda de Energia / Operacional";"Operacional";"14.5"
"2024-05-13";"48";"Demanda de Energia / Operacional";"Operacional";"1.0333"
"2024-05-13";"74";"Demanda de Energia / Operacional";"Operacional";"3.7333"
"2024-05-13";"56";"Demanda de Energia / Operacional";"Operacional";"1.7167"
"2024-05-13";"29";"Demanda de Energia / Operacional";"Operacional";"6.8167"
"2024-05-14";"16";"Demanda de Energia / Operacional";"Operacional";"1.6"
"2024-05-14";"18";"Demanda de Energia / Operacional";"Operacional";"11"
"2024-05-14";"23";"Demanda de Energia / Operacional";"Operacional";"10.9667"
"2024-05-14";"49";"Demanda de Energia / Operacional";"Operacional";"8.0167"
"2024-05-14";"19";"Demanda de Energia / Operacional";"Operacional";"1.6"
"2024-05-14";"133";"Demanda de Energia / Operacional";"Operacional";"11"
"2024-05-14";"36";"Demanda de Energia / Operacional";"Operacional";"3.7333"
"2024-05-14";"25";"Demanda de Energia / Operacional";"Operacional";"8.7"
"2024-05-14";"43";"Demanda de Energia / Operacional";"Operacional";"3.5"
"2024-05-15";"35";"Demanda de Energia / Operacional";"Operacional";"3.3"
"2024-05-15";"122";"Demanda de Energia / Operacional";"Operacional";"1.4167"
"2024-05-15";"113";"Demanda de Energia / Operacional";"Operacional";"1.4167"
"2024-05-15";"6";"Demanda de Energia / Operacional";"Operacional";"0.5667"
"2024-05-15";"15";"Demanda de Energia / Operacional";"Operacional";"0.2"
"2024-05-16";"125";"Demanda de Energia / Operacional";"Operacional";"3"
"2024-05-16";"6";"Demanda de Energia / Operacional";"Operacional";"1.7167"
"2024-05-16";"35";"Demanda de Energia / Operacional";"Operacional";"2.3333"
"2024-05-16";"19";"Demanda de Energia / Operacional";"Operacional";"1"
"2024-05-16";"6";"Demanda de Energia / Operacional";"Operacional";"0.2"
"2024-05-16";"74";"Demanda de Energia / Operacional";"Operacional";"5.6167"
"2024-05-16";"47";"Demanda de Energia / Operacional";"Operacional";"2.9667"
"2024-05-16";"6";"Demanda de Energia / Operacional";"Operacional";"0.4167"
"2024-05-16";"45";"Demanda de Energia / Operacional";"Operacional";"2.2167"
"2024-05-16";"16";"Demanda de Energia / Operacional";"Operacional";"0.55"
"2024-05-16";"116";"Demanda de Energia / Operacional";"Operacional";"0.3333"
"2024-05-16";"28";"Demanda de Energia / Operacional";"Operacional";"3.5"
"2024-05-16";"27";"Demanda de Energia / Operacional";"Operacional";"0.5"
"2024-05-17";"44";"Demanda de Energia / Operacional";"Operacional";"3.4333"
"2024-05-17";"126";"Demanda de Energia / Operacional";"Operacional";"3.45"
"2024-05-17";"24";"Demanda de Energia / Operacional";"Operacional";"0.2833"
"2024-05-17";"44";"Demanda de Energia / Operacional";"Operacional";"1"
"2024-05-17";"46";"Demanda de Energia / Operacional";"Operacional";"0.5667"
"2024-05-17";"48";"Demanda de Energia / Operacional";"Operacional";"0.5667"
"2024-05-17";"44";"Demanda de Energia / Operacional";"Operacional";"0.5667"
"2024-05-17";"66";"Demanda de Energia / Operacional";"Operacional";"0.5667"
"2024-05-17";"72";"Demanda de Energia / Operacional";"Operacional";"0.5667"
"2024-05-17";"19";"Demanda de Energia / Operacional";"Operacional";"3.4333"
"2024-05-17";"44";"Demanda de Energia / Operacional";"Operacional";"2.5333"
"2024-05-18";"123";"Demanda de Energia / Operacional";"Operacional";"3.2667"
"2024-05-18";"17";"Demanda de Energia / Operacional";"Operacional";"7.35"
"2024-05-20";"68";"Demanda de Energia / Operacional";"Operacional";"1.6833"
"2024-05-20";"50";"Demanda de Energia / Operacional";"Operacional";"3.3"
"2024-05-20";"27";"Demanda de Energia / Operacional";"Operacional";"1.6"
"2024-05-20";"5";"Demanda de Energia / Operacional";"Operacional";"4.5"
"2024-05-21";"6";"Demanda de Energia / Operacional";"Operacional";"2.05"
"2024-05-21";"21";"Demanda de Energia / Operacional";"Operacional";"0.35"
"2024-05-21";"7";"Demanda de Energia / Operacional";"Operacional";"0.5"
"2024-05-21";"24";"Demanda de Energia / Operacional";"Operacional";"1.6333"
"2024-05-21";"47";"Demanda de Energia / Operacional";"Operacional";"1.8667"
"2024-05-21";"48";"Demanda de Energia / Operacional";"Operacional";"1.45"
"2024-05-21";"24";"Demanda de Energia / Operacional";"Operacional";"2.9833"
"2024-05-22";"24";"Demanda de Energia / Operacional";"Operacional";"14.2167"
"2024-05-22";"2";"Demanda de Energia / Operacional";"Operacional";"8.6333"
"2024-05-22";"19";"Demanda de Energia / Operacional";"Operacional";"1.4833"
"2024-05-22";"2";"Demanda de Energia / Operacional";"Operacional";"5.5"
"2024-05-22";"27";"Demanda de Energia / Operacional";"Operacional";"0.5667"
"2024-05-22";"118";"Demanda de Energia / Operacional";"Operacional";"1.4667"
"2024-05-22";"36";"Demanda de Energia / Operacional";"Operacional";"4.0833"
"2024-05-22";"121";"Demanda de Energia / Operacional";"Operacional";"2.5667"
"2024-05-22";"19";"Demanda de Energia / Operacional";"Operacional";"1.8"
"2024-05-22";"105";"Demanda de Energia / Operacional";"Operacional";"3.55"
"2024-05-22";"16";"Demanda de Energia / Operacional";"Operacional";"6.5833"
"2024-05-22";"2";"Demanda de Energia / Operacional";"Operacional";"1.0167"
"2024-05-22";"19";"Demanda de Energia / Operacional";"Operacional";"1.0333"
"2024-05-22";"108";"Demanda de Energia / Operacional";"Operacional";"16.4833"
"2024-05-22";"16";"Demanda de Energia / Operacional";"Operacional";"0.6"
"2024-05-22";"36";"Demanda de Energia / Operacional";"Operacional";"2.1333"
"2024-05-22";"6";"Demanda de Energia / Operacional";"Operacional";"1.5333"
"2024-05-23";"38";"Demanda de Energia / Operacional";"Operacional";"4.5167"
"2024-05-23";"36";"Demanda de Energia / Operacional";"Operacional";"1.3667"
"2024-05-23";"121";"Demanda de Energia / Operacional";"Operacional";"1.9167"
"2024-05-23";"3";"Demanda de Energia / Operacional";"Operacional";"4.6333"
"2024-05-23";"27";"Demanda de Energia / Operacional";"Operacional";"0.9"
"2024-05-23";"133";"Demanda de Energia / Operacional";"Operacional";"10.0833"
"2024-05-23";"113";"Demanda de Energia / Operacional";"Operacional";"0.6333"
"2024-05-23";"2";"Demanda de Energia / Operacional";"Operacional";"2.1833"
"2024-05-23";"43";"Demanda de Energia / Operacional";"Operacional";"1.1333"
"2024-05-23";"59";"Demanda de Energia / Operacional";"Operacional";"2.9833"
"2024-05-24";"59";"Demanda de Energia / Operacional";"Operacional";"9.3667"
"2024-05-24";"27";"Demanda de Energia / Operacional";"Operacional";"2.9"
"2024-05-24";"66";"Demanda de Energia / Operacional";"Operacional";"3.5"
"2024-05-24";"68";"Demanda de Energia / Operacional";"Operacional";"3.3333"
"2024-05-24";"35";"Demanda de Energia / Operacional";"Operacional";"4.0667"
"2024-05-24";"21";"Demanda de Energia / Operacional";"Operacional";"1.15"
"2024-05-24";"37";"Demanda de Energia / Operacional";"Operacional";"5.2"
"2024-05-24";"107";"Demanda de Energia / Operacional";"Operacional";"2.3667"
"2024-05-24";"123";"Demanda de Energia / Operacional";"Operacional";"1.2167"
"2024-05-24";"106";"Demanda de Energia / Operacional";"Operacional";"11"
"2024-05-24";"6";"Demanda de Energia / Operacional";"Operacional";"3.0333"
"2024-05-26";"36";"Demanda de Energia / Operacional";"Operacional";"3.7667"
"2024-05-27";"36";"Demanda de Energia / Operacional";"Operacional";"1.4667"
"2024-05-27";"7";"Demanda de Energia / Operacional";"Operacional";"2.4333"
"2024-05-27";"8";"Demanda de Energia / Operacional";"Operacional";"2.4"
"2024-05-27";"1";"Demanda de Energia / Operacional";"Operacional";"1.1"
"2024-05-27";"26";"Demanda de Energia / Operacional";"Operacional";"2.0667"
"2024-05-28";"102";"Demanda de Energia / Operacional";"Operacional";"4.8"
"2024-05-28";"105";"Demanda de Energia / Operacional";"Operacional";"4.8"
"2024-05-28";"106";"Demanda de Energia / Operacional";"Operacional";"4.8"
"2024-05-28";"109";"Demanda de Energia / Operacional";"Operacional";"4.8"
"2024-05-28";"112";"Demanda de Energia / Operacional";"Operacional";"4.8"
"2024-05-28";"116";"Demanda de Energia / Operacional";"Operacional";"4.8"
"2024-05-28";"117";"Demanda de Energia / Operacional";"Operacional";"4.8"
"2024-05-28";"122";"Demanda de Energia / Operacional";"Operacional";"4.8"
"2024-05-28";"123";"Demanda de Energia / Operacional";"Operacional";"4.8"
"2024-05-28";"125";"Demanda de Energia / Operacional";"Operacional";"4.8"
"2024-05-28";"133";"Demanda de Energia / Operacional";"Operacional";"4.8"
"2024-05-28";"1";"Demanda de Energia / Operacional";"Operacional";"9.6333"
"2024-05-28";"3";"Demanda de Energia / Operacional";"Operacional";"5.6667"
"2024-05-28";"59";"Demanda de Energia / Operacional";"Operacional";"4.5833"
"2024-05-28";"26";"Demanda de Energia / Operacional";"Operacional";"4.3"
"2024-05-28";"8";"Demanda de Energia / Operacional";"Operacional";"1.9333"
"2024-05-28";"17";"Demanda de Energia / Operacional";"Operacional";"2.2333"
"2024-05-28";"7";"Demanda de Energia / Operacional";"Operacional";"0.1"
"2024-05-28";"129";"Demanda de Energia / Operacional";"Operacional";"2.9833"
"2024-05-29";"8";"Demanda de Energia / Operacional";"Operacional";"11"
"2024-05-29";"120";"Demanda de Energia / Operacional";"Operacional";"4.5"
"2024-05-29";"129";"Demanda de Energia / Operacional";"Operacional";"18"
"2024-05-29";"57";"Demanda de Energia / Operacional";"Operacional";"2.6"
"2024-05-29";"59";"Demanda de Energia / Operacional";"Operacional";"2.45"
"2024-05-29";"133";"Demanda de Energia / Operacional";"Operacional";"5.4833"
"2024-05-29";"116";"Demanda de Energia / Operacional";"Operacional";"1.7833"
"2024-05-29";"48";"Demanda de Energia / Operacional";"Operacional";"1.4333"
"2024-05-29";"120";"Demanda de Energia / Operacional";"Operacional";"6.5"
"2024-05-29";"6";"Demanda de Energia / Operacional";"Operacional";"1.2833"
"2024-05-29";"7";"Demanda de Energia / Operacional";"Operacional";"0.45"
"2024-05-29";"17";"Demanda de Energia / Operacional";"Operacional";"0.5"
"2024-05-29";"122";"Demanda de Energia / Operacional";"Operacional";"0.3833"
"2024-05-29";"114";"Demanda de Energia / Operacional";"Operacional";"2.9833"
"2024-05-29";"115";"Demanda de Energia / Operacional";"Operacional";"2.9833"
"2024-05-29";"119";"Demanda de Energia / Operacional";"Operacional";"2.9833"
"2024-05-29";"131";"Demanda de Energia / Operacional";"Operacional";"2.9833"
"2024-05-30";"8";"Demanda de Energia / Operacional";"Operacional";"8.2667"
"2024-05-30";"19";"Demanda de Energia / Operacional";"Operacional";"8.1833"
"2024-05-30";"114";"Demanda de Energia / Operacional";"Operacional";"18"
"2024-05-30";"115";"Demanda de Energia / Operacional";"Operacional";"18"
"2024-05-30";"119";"Demanda de Energia / Operacional";"Operacional";"14.4667"
"2024-05-30";"131";"Demanda de Energia / Operacional";"Operacional";"18"
"2024-05-30";"107";"Demanda de Energia / Operacional";"Operacional";"2.3833"
"2024-05-30";"3";"Demanda de Energia / Operacional";"Operacional";"2.0167"
"2024-05-30";"9";"Demanda de Energia / Operacional";"Operacional";"0.8667"
"2024-05-30";"21";"Demanda de Energia / Operacional";"Operacional";"0.7833"
"2024-05-30";"47";"Demanda de Energia / Operacional";"Operacional";"2.2333"
"2024-05-30";"49";"Demanda de Energia / Operacional";"Operacional";"1.5167"
"2024-05-30";"48";"Demanda de Energia / Operacional";"Operacional";"7.9167"
"2024-05-30";"47";"Demanda de Energia / Operacional";"Operacional";"2.1667"
"2024-05-30";"48";"Demanda de Energia / Operacional";"Operacional";"2.1667"
"2024-05-30";"49";"Demanda de Energia / Operacional";"Operacional";"2.1667"
"2024-05-31";"7";"Demanda de Energia / Operacional";"Operacional";"2.5"
"2024-05-31";"8";"Demanda de Energia / Operacional";"Operacional";"2.5"
"2024-05-31";"9";"Demanda de Energia / Operacional";"Operacional";"2.5"
"2024-05-31";"27";"Demanda de Energia / Operacional";"Operacional";"2.5"
"2024-05-31";"29";"Demanda de Energia / Operacional";"Operacional";"2.5"
"2024-05-31";"121";"Demanda de Energia / Operacional";"Operacional";"0.2"
"2024-05-31";"128";"Demanda de Energia / Operacional";"Operacional";"0.2"
"2024-05-31";"121";"Demanda de Energia / Operacional";"Operacional";"0.4"
"2024-05-31";"27";"Demanda de Energia / Operacional";"Operacional";"0.5333"
"2024-05-31";"48";"Demanda de Energia / Operacional";"Operacional";"4.45"
"2024-05-31";"5";"Demanda de Energia / Operacional";"Operacional";"4.3833"
"2024-05-31";"102";"Demanda de Energia / Operacional";"Operacional";"18"
"2024-05-31";"116";"Demanda de Energia / Operacional";"Operacional";"18"
"2024-05-31";"115";"Demanda de Energia / Operacional";"Operacional";"18"
"2024-05-31";"117";"Demanda de Energia / Operacional";"Operacional";"18"
"2024-05-31";"38";"Demanda de Energia / Operacional";"Operacional";"0.55"
"2024-05-31";"19";"Demanda de Energia / Operacional";"Operacional";"0.9333"
"2024-06-04";"108";"Demanda de Energia / Operacional";"Operacional";"11"
"2024-06-04";"7";"Demanda de Energia / Operacional";"Operacional";"0"
"2024-06-04";"8";"Demanda de Energia / Operacional";"Operacional";"11"
"2024-06-04";"120";"Demanda de Energia / Operacional";"Operacional";"3.0667"
"2024-06-04";"116";"Demanda de Energia / Operacional";"Operacional";"1.7667"
"2024-06-04";"36";"Demanda de Energia / Operacional";"Operacional";"11"
"2024-06-04";"71";"Demanda de Energia / Operacional";"Operacional";"4.45"
"2024-06-04";"113";"Demanda de Energia / Operacional";"Operacional";"2.5167"
"2024-06-04";"115";"Demanda de Energia / Operacional";"Operacional";"3.0333"
"2024-06-04";"131";"Demanda de Energia / Operacional";"Operacional";"5.0667"
"2024-06-04";"121";"Demanda de Energia / Operacional";"Operacional";"0.8"
"2024-06-04";"38";"Demanda de Energia / Operacional";"Operacional";"1.6167"
"2024-06-04";"128";"Demanda de Energia / Operacional";"Operacional";"7.0833"
"2024-06-04";"130";"Demanda de Energia / Operacional";"Operacional";"7.0667"
"2024-06-04";"115";"Demanda de Energia / Operacional";"Operacional";"0.6"
"2024-06-04";"113";"Demanda de Energia / Operacional";"Operacional";"0"
"2024-06-04";"44";"Demanda de Energia / Operacional";"Operacional";"0.3833"
"2024-06-04";"119";"Demanda de Energia / Operacional";"Operacional";"2.9833"
"2024-06-04";"125";"Demanda de Energia / Operacional";"Operacional";"2.9833"
"2024-06-04";"129";"Demanda de Energia / Operacional";"Operacional";"2.9833"
"2024-06-05";"22";"Demanda de Energia / Operacional";"Operacional";"3.1333"
"2024-06-05";"27";"Demanda de Energia / Operacional";"Operacional";"3.95"
"2024-06-05";"44";"Demanda de Energia / Operacional";"Operacional";"0.1833"
"2024-06-05";"122";"Demanda de Energia / Operacional";"Operacional";"0.75"
"2024-06-05";"106";"Demanda de Energia / Operacional";"Operacional";"11"
"2024-06-05";"129";"Demanda de Energia / Operacional";"Operacional";"18"
"2024-06-05";"119";"Demanda de Energia / Operacional";"Operacional";"18"
"2024-06-05";"125";"Demanda de Energia / Operacional";"Operacional";"12.9167"
"2024-06-05";"25";"Demanda de Energia / Operacional";"Operacional";"6.3333"
"2024-06-05";"117";"Demanda de Energia / Operacional";"Operacional";"2.9833"
"2024-06-05";"120";"Demanda de Energia / Operacional";"Operacional";"2.9833"
"2024-06-05";"130";"Demanda de Energia / Operacional";"Operacional";"2.9833"
"2024-06-05";"61";"Demanda de Energia / Operacional";"Operacional";"8.8"
"2024-06-06";"117";"Demanda de Energia / Operacional";"Operacional";"18"
"2024-06-06";"120";"Demanda de Energia / Operacional";"Operacional";"11"
"2024-06-06";"130";"Demanda de Energia / Operacional";"Operacional";"11.4667"
"2024-06-06";"48";"Demanda de Energia / Operacional";"Operacional";"1.3167"
"2024-06-06";"38";"Demanda de Energia / Operacional";"Operacional";"0.4"
"2024-06-06";"115";"Demanda de Energia / Operacional";"Operacional";"0.9167"
"2024-06-07";"120";"Demanda de Energia / Operacional";"Operacional";"4.5833"
"2024-06-07";"48";"Demanda de Energia / Operacional";"Operacional";"7.95"
"2024-06-07";"5";"Demanda de Energia / Operacional";"Operacional";"2.65"
"2024-06-07";"8";"Demanda de Energia / Operacional";"Operacional";"1.25"
"2024-06-07";"27";"Demanda de Energia / Operacional";"Operacional";"0.8333"
"2024-06-07";"12";"Demanda de Energia / Operacional";"Operacional";"5.8667"
"2024-06-07";"18";"Demanda de Energia / Operacional";"Operacional";"0.3667"
"2024-06-07";"5";"Demanda de Energia / Operacional";"Operacional";"4.5833"
"2024-06-07";"114";"Demanda de Energia / Operacional";"Operacional";"0.55"
"2024-06-10";"123";"Demanda de Energia / Operacional";"Operacional";"1.6667"
"2024-06-10";"113";"Demanda de Energia / Operacional";"Operacional";"1.2833"
"2024-06-10";"8";"Demanda de Energia / Operacional";"Operacional";"0.4167"
"2024-06-10";"16";"Demanda de Energia / Operacional";"Operacional";"2.9"
"2024-06-10";"8";"Demanda de Energia / Operacional";"Operacional";"1.4333"
"2024-06-10";"16";"Demanda de Energia / Operacional";"Operacional";"0.85"
"2024-06-10";"16";"Demanda de Energia / Operacional";"Operacional";"21.91"
"2024-06-10";"13";"Demanda de Energia / Operacional";"Operacional";"0.2"
"2024-06-10";"59";"Demanda de Energia / Operacional";"Operacional";"2.9833"
"2024-06-10";"59";"Demanda de Energia / Operacional";"Operacional";"23.9833"
"2024-06-10";"35";"Demanda de Energia / Operacional";"Operacional";"2.9833"
"2024-06-10";"107";"Demanda de Energia / Operacional";"Operacional";"1.1"
"2024-06-10";"108";"Demanda de Energia / Operacional";"Operacional";"1.1"
"2024-06-10";"116";"Demanda de Energia / Operacional";"Operacional";"1.1"
"2024-06-10";"118";"Demanda de Energia / Operacional";"Operacional";"1.1"
"2024-06-10";"119";"Demanda de Energia / Operacional";"Operacional";"1.1"
"2024-06-10";"124";"Demanda de Energia / Operacional";"Operacional";"1.1"
"2024-06-10";"131";"Demanda de Energia / Operacional";"Operacional";"1.1"
"2024-06-10";"51";"Demanda de Energia / Operacional";"Operacional";"0.5167"
"2024-06-10";"116";"Demanda de Energia / Operacional";"Operacional";"1.0333"
"2024-06-10";"108";"Demanda de Energia / Operacional";"Operacional";"1.0333"
"2024-06-10";"124";"Demanda de Energia / Operacional";"Operacional";"1.0333"
"2024-06-11";"116";"Demanda de Energia / Operacional";"Operacional";"23.9833"
"2024-06-11";"108";"Demanda de Energia / Operacional";"Operacional";"23.9833"
"2024-06-11";"124";"Demanda de Energia / Operacional";"Operacional";"23.9833"
"2024-06-11";"105";"Demanda de Energia / Operacional";"Operacional";"1.2667"
"2024-06-11";"9";"Demanda de Energia / Operacional";"Operacional";"10.5667"
"2024-06-11";"8";"Demanda de Energia / Operacional";"Operacional";"10.0167"
"2024-06-11";"37";"Demanda de Energia / Operacional";"Operacional";"0.9333"
"2024-06-11";"124";"Demanda de Energia / Operacional";"Operacional";"4"
"2024-06-11";"107";"Demanda de Energia / Operacional";"Operacional";"0.1833"
"2024-06-11";"116";"Demanda de Energia / Operacional";"Operacional";"0.1667"
"2024-06-11";"24";"Demanda de Energia / Operacional";"Operacional";"0.25"
"2024-06-11";"7";"Demanda de Energia / Operacional";"Operacional";"2.6667"
"2024-06-11";"19";"Demanda de Energia / Operacional";"Operacional";"0.5"
"2024-06-11";"22";"Demanda de Energia / Operacional";"Operacional";"1.3667"
"2024-06-11";"122";"Demanda de Energia / Operacional";"Operacional";"1.7167"
"2024-06-11";"113";"Demanda de Energia / Operacional";"Operacional";"2.9833"
"2024-06-11";"71";"Demanda de Energia / Operacional";"Operacional";"2.9833"
"2024-06-11";"8";"Demanda de Energia / Operacional";"Operacional";"2.9833"
"2024-06-12";"113";"Demanda de Energia / Operacional";"Operacional";"13.45"
"2024-06-12";"71";"Demanda de Energia / Operacional";"Operacional";"10.1667"
"2024-06-12";"8";"Demanda de Energia / Operacional";"Operacional";"8.5833"
"2024-06-12";"24";"Demanda de Energia / Operacional";"Operacional";"10.0833"
"2024-06-12";"6";"Demanda de Energia / Operacional";"Operacional";"3.5833"
"2024-06-12";"122";"Demanda de Energia / Operacional";"Operacional";"2.7167"
"2024-06-12";"2";"Demanda de Energia / Operacional";"Operacional";"10.1667"
"2024-06-12";"5";"Demanda de Energia / Operacional";"Operacional";"10.1833"
"2024-06-12";"120";"Demanda de Energia / Operacional";"Operacional";"0.4"
"2024-06-12";"10";"Demanda de Energia / Operacional";"Operacional";"0.7333"
"2024-06-12";"71";"Demanda de Energia / Operacional";"Operacional";"0.7667"
"2024-06-12";"19";"Demanda de Energia / Operacional";"Operacional";"3.2333"
"2024-06-12";"128";"Demanda de Energia / Operacional";"Operacional";"2.9833"
"2024-06-12";"128";"Demanda de Energia / Operacional";"Operacional";"14.3833"
"2024-06-12";"19";"Demanda de Energia / Operacional";"Operacional";"4.2833"
"2024-06-12";"130";"Demanda de Energia / Operacional";"Operacional";"0.2833"
"2024-06-12";"4";"Demanda de Energia / Operacional";"Operacional";"0"
"2024-06-12";"42";"Demanda de Energia / Operacional";"Operacional";"2.9833"
"2024-06-12";"27";"Demanda de Energia / Operacional";"Operacional";"0.6167"
"2024-06-13";"19";"Demanda de Energia / Operacional";"Operacional";"2.0333"
"2024-06-13";"118";"Demanda de Energia / Operacional";"Operacional";"0.2"
"2024-06-13";"27";"Demanda de Energia / Operacional";"Operacional";"2.2"
"2024-06-13";"130";"Demanda de Energia / Operacional";"Operacional";"0.25"
"2024-06-13";"14";"Demanda de Energia / Operacional";"Operacional";"1.7667"
"2024-06-13";"9";"Demanda de Energia / Operacional";"Operacional";"0.4333"
"2024-06-13";"9";"Demanda de Energia / Operacional";"Operacional";"0.7833"
"2024-06-14";"123";"Demanda de Energia / Operacional";"Operacional";"9.2833"
"2024-06-14";"10";"Demanda de Energia / Operacional";"Operacional";"1.0167"
"2024-06-14";"47";"Demanda de Energia / Operacional";"Operacional";"9.4833"
"2024-06-14";"35";"Demanda de Energia / Operacional";"Operacional";"0.5667"
"2024-06-14";"35";"Demanda de Energia / Operacional";"Operacional";"4.3833"
"2024-06-14";"7";"Demanda de Energia / Operacional";"Operacional";"4.6"
"2024-06-14";"8";"Demanda de Energia / Operacional";"Operacional";"4.35"
"2024-06-14";"48";"Demanda de Energia / Operacional";"Operacional";"1.7667"
"2024-06-14";"48";"Demanda de Energia / Operacional";"Operacional";"0.6167"
"2024-06-14";"48";"Demanda de Energia / Operacional";"Operacional";"2.9833"
"2024-06-14";"36";"Demanda de Energia / Operacional";"Operacional";"2.9833"
"2024-06-14";"10";"Demanda de Energia / Operacional";"Operacional";"2.9833"
"2024-06-14";"7";"Demanda de Energia / Operacional";"Operacional";"2.9833"
"2024-06-14";"17";"Demanda de Energia / Operacional";"Operacional";"2.9833"
"2024-06-14";"18";"Demanda de Energia / Operacional";"Operacional";"2.9833"
"2024-06-17";"9";"Demanda de Energia / Operacional";"Operacional";"0.1333"
"2024-06-17";"9";"Demanda de Energia / Operacional";"Operacional";"0.0833"
"2024-06-17";"125";"Demanda de Energia / Operacional";"Operacional";"15.3333"
"2024-06-17";"120";"Demanda de Energia / Operacional";"Operacional";"3.25"
"2024-06-17";"9";"Demanda de Energia / Operacional";"Operacional";"0.25"
"2024-06-18";"61";"Demanda de Energia / Operacional";"Operacional";"9"
"2024-06-18";"71";"Demanda de Energia / Operacional";"Operacional";"9"
"2024-06-18";"38";"Demanda de Energia / Operacional";"Operacional";"0.3333"
"2024-06-18";"36";"Demanda de Energia / Operacional";"Operacional";"13"
"2024-06-18";"128";"Demanda de Energia / Operacional";"Operacional";"1.8667"
"2024-06-18";"116";"Demanda de Energia / Operacional";"Operacional";"0.1667"
"2024-06-18";"10";"Demanda de Energia / Operacional";"Operacional";"1.7167"
"2024-06-18";"116";"Demanda de Energia / Operacional";"Operacional";"0.4"
"2024-06-18";"11";"Demanda de Energia / Operacional";"Operacional";"3.2"
"2024-06-18";"10";"Demanda de Energia / Operacional";"Operacional";"0.1667"
"2024-06-18";"115";"Demanda de Energia / Operacional";"Operacional";"6"
"2024-06-18";"35";"Demanda de Energia / Operacional";"Operacional";"2.6167"
"2024-06-18";"36";"Demanda de Energia / Operacional";"Operacional";"2.7333"
"2024-06-18";"59";"Demanda de Energia / Operacional";"Operacional";"1.7333"
"2024-06-18";"14";"Demanda de Energia / Operacional";"Operacional";"0.2167"
"2024-06-18";"10";"Demanda de Energia / Operacional";"Operacional";"2.9833"
"2024-06-19";"48";"Demanda de Energia / Operacional";"Operacional";"21.6333"
"2024-06-19";"35";"Demanda de Energia / Operacional";"Operacional";"15.5333"
"2024-06-19";"36";"Demanda de Energia / Operacional";"Operacional";"23.9833"
"2024-06-19";"59";"Demanda de Energia / Operacional";"Operacional";"10.6167"
"2024-06-19";"14";"Demanda de Energia / Operacional";"Operacional";"9.6333"
"2024-06-19";"11";"Demanda de Energia / Operacional";"Operacional";"0.4167"
"2024-06-19";"122";"Demanda de Energia / Operacional";"Operacional";"1.7167"
"2024-06-19";"123";"Demanda de Energia / Operacional";"Operacional";"1.7333"
"2024-06-19";"133";"Demanda de Energia / Operacional";"Operacional";"1.7667"
"2024-06-19";"6";"Demanda de Energia / Operacional";"Operacional";"0.5833"
"2024-06-19";"116";"Demanda de Energia / Operacional";"Operacional";"0.55"
"2024-06-19";"27";"Demanda de Energia / Operacional";"Operacional";"0.4"
"2024-06-19";"45";"Demanda de Energia / Operacional";"Operacional";"6.2167"
"2024-06-19";"112";"Demanda de Energia / Operacional";"Operacional";"4.6667"
"2024-06-19";"119";"Demanda de Energia / Operacional";"Operacional";"0.4333"
"2024-06-19";"118";"Demanda de Energia / Operacional";"Operacional";"0.4333"
"2024-06-19";"128";"Demanda de Energia / Operacional";"Operacional";"0.4333"
"2024-06-19";"116";"Demanda de Energia / Operacional";"Operacional";"0.4333"
"2024-06-19";"130";"Demanda de Energia / Operacional";"Operacional";"0.4333"
"2024-06-19";"122";"Demanda de Energia / Operacional";"Operacional";"0.45"
"2024-06-19";"54";"Demanda de Energia / Operacional";"Operacional";"0.1833"
"2024-06-20";"36";"Demanda de Energia / Operacional";"Operacional";"1.4667"
"2024-06-20";"27";"Demanda de Energia / Operacional";"Operacional";"0.6"
"2024-06-20";"14";"Demanda de Energia / Operacional";"Operacional";"5.0833"
"2024-06-20";"24";"Demanda de Energia / Operacional";"Operacional";"5.8167"
"2024-06-20";"120";"Demanda de Energia / Operacional";"Operacional";"0.2667"
"2024-06-20";"12";"Demanda de Energia / Operacional";"Operacional";"7.5"
"2024-06-20";"127";"Demanda de Energia / Operacional";"Operacional";"2.9833"
"2024-06-20";"129";"Demanda de Energia / Operacional";"Operacional";"2.9833"
"2024-06-21";"129";"Demanda de Energia / Operacional";"Operacional";"9.0667"
"2024-06-21";"127";"Demanda de Energia / Operacional";"Operacional";"9.0833"
"2024-06-21";"126";"Demanda de Energia / Operacional";"Operacional";"11.15"
"2024-06-21";"27";"Demanda de Energia / Operacional";"Operacional";"4.8333"
"2024-06-21";"44";"Demanda de Energia / Operacional";"Operacional";"3.6"
"2024-06-21";"129";"Demanda de Energia / Operacional";"Operacional";"1.95"
"2024-06-21";"127";"Demanda de Energia / Operacional";"Operacional";"1.9667"
"2024-06-21";"126";"Demanda de Energia / Operacional";"Operacional";"0.0833"
"2024-06-21";"59";"Demanda de Energia / Operacional";"Operacional";"2.7667"
"2024-06-22";"27";"Demanda de Energia / Operacional";"Operacional";"0.3167"
"2024-06-24";"10";"Demanda de Energia / Operacional";"Operacional";"5.25"
"2024-06-24";"25";"Demanda de Energia / Operacional";"Operacional";"7.2833"
"2024-06-24";"25";"Demanda de Energia / Operacional";"Operacional";"5.35"
"2024-06-24";"115";"Demanda de Energia / Operacional";"Operacional";"7.1"
"2024-06-25";"39";"Demanda de Energia / Operacional";"Operacional";"7.2833"
"2024-06-26";"13";"Demanda de Energia / Operacional";"Operacional";"0.2"
"2024-06-26";"54";"Demanda de Energia / Operacional";"Operacional";"0.5833"
"2024-06-26";"56";"Demanda de Energia / Operacional";"Operacional";"0.2333"
"2024-06-26";"56";"Demanda de Energia / Operacional";"Operacional";"0.85"
"2024-06-26";"56";"Demanda de Energia / Operacional";"Operacional";"0.1333"
"2024-06-26";"114";"Demanda de Energia / Operacional";"Operacional";"2.5167"
"2024-06-26";"122";"Demanda de Energia / Operacional";"Operacional";"0.7667"
"2024-06-26";"113";"Demanda de Energia / Operacional";"Operacional";"0.5667"
"2024-06-26";"56";"Demanda de Energia / Operacional";"Operacional";"0.45"
"2024-06-26";"10";"Demanda de Energia / Operacional";"Operacional";"2.9833"
"2024-06-26";"48";"Demanda de Energia / Operacional";"Operacional";"2.9833"
"2024-06-26";"122";"Demanda de Energia / Operacional";"Operacional";"2.9833"
"2024-06-26";"133";"Demanda de Energia / Operacional";"Operacional";"2.9833"
"2024-06-27";"56";"Demanda de Energia / Operacional";"Operacional";"9.1667"
"2024-06-27";"120";"Demanda de Energia / Operacional";"Operacional";"0.7667"
"2024-06-27";"10";"Demanda de Energia / Operacional";"Operacional";"11.3167"
"2024-06-27";"12";"Demanda de Energia / Operacional";"Operacional";"3.0833"
"2024-06-27";"37";"Demanda de Energia / Operacional";"Operacional";"1.2667"
"2024-06-27";"48";"Demanda de Energia / Operacional";"Operacional";"23.9833"
"2024-06-27";"56";"Demanda de Energia / Operacional";"Operacional";"8.2333"
"2024-06-27";"122";"Demanda de Energia / Operacional";"Operacional";"15.8"
"2024-06-27";"133";"Demanda de Energia / Operacional";"Operacional";"10.2"
"2024-06-28";"130";"Demanda de Energia / Operacional";"Operacional";"7.9667"
"2024-06-28";"27";"Demanda de Energia / Operacional";"Operacional";"0.4167"
"2024-06-28";"27";"Demanda de Energia / Operacional";"Operacional";"2.1333"
"2024-06-28";"10";"Demanda de Energia / Operacional";"Operacional";"0.6667"
"2024-06-28";"25";"Demanda de Energia / Operacional";"Operacional";"7.6833"
"2024-06-28";"27";"Demanda de Energia / Operacional";"Operacional";"6.5"
"2024-06-28";"12";"Demanda de Energia / Operacional";"Operacional";"2.75"
"2024-06-28";"47";"Demanda de Energia / Operacional";"Operacional";"4.0667"
"2024-06-28";"120";"Demanda de Energia / Operacional";"Operacional";"15.0833"
"2024-06-28";"56";"Demanda de Energia / Operacional";"Operacional";"0.85"
"2024-06-28";"27";"Demanda de Energia / Operacional";"Operacional";"0.6833"
"2024-06-28";"38";"Demanda de Energia / Operacional";"Operacional";"0.15"
"2024-06-29";"12";"Demanda de Energia / Operacional";"Operacional";"0.7667"
"2024-07-02";"114";"Demanda de Energia / Operacional";"Operacional";"0.8833"
"2024-07-02";"36";"Demanda de Energia / Operacional";"Operacional";"5.5833"
"2024-07-02";"14";"Demanda de Energia / Operacional";"Operacional";"0.9167"
"2024-07-02";"44";"Demanda de Energia / Operacional";"Operacional";"2.7667"
"2024-07-02";"16";"Demanda de Energia / Operacional";"Operacional";"0.95"
"2024-07-03";"8";"Demanda de Energia / Operacional";"Operacional";"2.2833"
"2024-07-03";"27";"Demanda de Energia / Operacional";"Operacional";"0.9167"
"2024-07-03";"120";"Demanda de Energia / Operacional";"Operacional";"1.5333"
"2024-07-03";"27";"Demanda de Energia / Operacional";"Operacional";"1.45"
"2024-07-03";"38";"Demanda de Energia / Operacional";"Operacional";"5.6667"
"2024-07-03";"27";"Demanda de Energia / Operacional";"Operacional";"0.45"
"2024-07-04";"9";"Demanda de Energia / Operacional";"Operacional";"1.5667"
"2024-07-04";"7";"Demanda de Energia / Operacional";"Operacional";"0.2667"
"2024-07-04";"24";"Demanda de Energia / Operacional";"Operacional";"1.1667"
"2024-07-04";"14";"Demanda de Energia / Operacional";"Operacional";"0.1333"
"2024-07-04";"12";"Demanda de Energia / Operacional";"Operacional";"6"
"2024-07-04";"38";"Demanda de Energia / Operacional";"Operacional";"0.4333"
"2024-07-05";"37";"Demanda de Energia / Operacional";"Operacional";"0.5167"
"2024-07-05";"28";"Demanda de Energia / Operacional";"Operacional";"0.2667"
"2024-07-05";"37";"Demanda de Energia / Operacional";"Operacional";"0"
"2024-07-05";"27";"Demanda de Energia / Operacional";"Operacional";"5.7"
"2024-07-05";"14";"Demanda de Energia / Operacional";"Operacional";"4.0833"
"2024-07-05";"133";"Demanda de Energia / Operacional";"Operacional";"0"
"2024-07-05";"35";"Demanda de Energia / Operacional";"Operacional";"1.2667"
"2024-07-05";"120";"Demanda de Energia / Operacional";"Operacional";"0.4833"
"2024-07-05";"116";"Demanda de Energia / Operacional";"Operacional";"0.3833"
"2024-07-08";"7";"Demanda de Energia / Operacional";"Operacional";"0.7333"
"2024-07-08";"7";"Demanda de Energia / Operacional";"Operacional";"0.85"
"2024-07-08";"12";"Demanda de Energia / Operacional";"Operacional";"0.4"
"2024-07-08";"41";"Demanda de Energia / Operacional";"Operacional";"0.7833"
"2024-07-09";"116";"Demanda de Energia / Operacional";"Operacional";"0.6333"
"2024-07-09";"9";"Demanda de Energia / Operacional";"Operacional";"6.35"
"2024-07-09";"27";"Demanda de Energia / Operacional";"Operacional";"2.3167"
"2024-07-09";"54";"Demanda de Energia / Operacional";"Operacional";"4.9333"
"2024-07-09";"11";"Demanda de Energia / Operacional";"Operacional";"0.95"
"2024-07-09";"35";"Demanda de Energia / Operacional";"Operacional";"10"
"2024-07-09";"53";"Demanda de Energia / Operacional";"Operacional";"0.85"
"2024-07-09";"69";"Demanda de Energia / Operacional";"Operacional";"0.85"
"2024-07-09";"120";"Demanda de Energia / Operacional";"Operacional";"0.85"
"2024-07-09";"54";"Demanda de Energia / Operacional";"Operacional";"0.85"
"2024-07-09";"54";"Demanda de Energia / Operacional";"Operacional";"0.5"
"2024-07-09";"27";"Demanda de Energia / Operacional";"Operacional";"2.35"
"2024-07-09";"120";"Demanda de Energia / Operacional";"Operacional";"1.0167"
"2024-07-09";"37";"Demanda de Energia / Operacional";"Operacional";"1.9667"
"2024-07-10";"38";"Demanda de Energia / Operacional";"Operacional";"0.2"
"2024-07-10";"115";"Demanda de Energia / Operacional";"Operacional";"5.5"
"2024-07-10";"29";"Demanda de Energia / Operacional";"Operacional";"1.4"
"2024-07-10";"114";"Demanda de Energia / Operacional";"Operacional";"1.8333"
"2024-07-10";"118";"Demanda de Energia / Operacional";"Operacional";"11"
"2024-07-10";"19";"Demanda de Energia / Operacional";"Operacional";"0.3833"
"2024-07-10";"47";"Demanda de Energia / Operacional";"Operacional";"0.6167"
"2024-07-10";"27";"Demanda de Energia / Operacional";"Operacional";"1.0167"
"2024-07-11";"27";"Demanda de Energia / Operacional";"Operacional";"2.2667"
"2024-07-11";"120";"Demanda de Energia / Operacional";"Operacional";"0.65"
"2024-07-11";"116";"Demanda de Energia / Operacional";"Operacional";"0.75"
"2024-07-11";"120";"Demanda de Energia / Operacional";"Operacional";"0.2167"
"2024-07-11";"122";"Demanda de Energia / Operacional";"Operacional";"1.2828"
"2024-07-11";"27";"Demanda de Energia / Operacional";"Operacional";"3.4833"
"2024-07-11";"46";"Demanda de Energia / Operacional";"Operacional";"6.9333"
"2024-07-11";"58";"Demanda de Energia / Operacional";"Operacional";"3.1"
"2024-07-11";"118";"Demanda de Energia / Operacional";"Operacional";"11"
"2024-07-11";"122";"Demanda de Energia / Operacional";"Operacional";"0.7"
"2024-07-12";"56";"Demanda de Energia / Operacional";"Operacional";"1.7833"
"2024-07-12";"56";"Demanda de Energia / Operacional";"Operacional";"5.1167"
"2024-07-12";"35";"Demanda de Energia / Operacional";"Operacional";"2.0167"
"2024-07-12";"61";"Demanda de Energia / Operacional";"Operacional";"2.0833"
"2024-07-12";"27";"Demanda de Energia / Operacional";"Operacional";"1.2"
"2024-07-12";"35";"Demanda de Energia / Operacional";"Operacional";"3.8333"
"2024-07-12";"27";"Demanda de Energia / Operacional";"Operacional";"1.45"
"2024-07-12";"35";"Demanda de Energia / Operacional";"Operacional";"0.0333"
"2024-07-13";"35";"Demanda de Energia / Operacional";"Operacional";"0"
"2024-07-14";"116";"Demanda de Energia / Operacional";"Operacional";"2.9833"
"2024-07-14";"120";"Demanda de Energia / Operacional";"Operacional";"2.9833"
"2024-07-14";"122";"Demanda de Energia / Operacional";"Operacional";"2.9833"
"2024-07-14";"128";"Demanda de Energia / Operacional";"Operacional";"2.9833"
"2024-07-14";"130";"Demanda de Energia / Operacional";"Operacional";"2.9833"
"2024-07-14";"133";"Demanda de Energia / Operacional";"Operacional";"2.9833"
"2024-07-14";"121";"Demanda de Energia / Operacional";"Operacional";"2.9833"
"2024-07-14";"4";"Demanda de Energia / Operacional";"Operacional";"2.9833"
"2024-07-14";"6";"Demanda de Energia / Operacional";"Operacional";"2.9833"
"2024-07-14";"8";"Demanda de Energia / Operacional";"Operacional";"2.9833"
"2024-07-14";"13";"Demanda de Energia / Operacional";"Operacional";"2.9833"
"2024-07-14";"14";"Demanda de Energia / Operacional";"Operacional";"2.9833"
"2024-07-14";"25";"Demanda de Energia / Operacional";"Operacional";"2.9833"
"2024-07-14";"27";"Demanda de Energia / Operacional";"Operacional";"2.9833"
"2024-07-14";"29";"Demanda de Energia / Operacional";"Operacional";"2.9833"
"2024-07-14";"35";"Demanda de Energia / Operacional";"Operacional";"2.9833"
"2024-07-14";"36";"Demanda de Energia / Operacional";"Operacional";"2.9833"
"2024-07-14";"37";"Demanda de Energia / Operacional";"Operacional";"2.9833"
"2024-07-14";"46";"Demanda de Energia / Operacional";"Operacional";"2.9833"
"2024-07-14";"52";"Demanda de Energia / Operacional";"Operacional";"2.9833"
"2024-07-14";"55";"Demanda de Energia / Operacional";"Operacional";"2.9833"
"2024-07-14";"56";"Demanda de Energia / Operacional";"Operacional";"2.9833"
"2024-07-14";"58";"Demanda de Energia / Operacional";"Operacional";"2.9833"
"2024-07-14";"71";"Demanda de Energia / Operacional";"Operacional";"2.9833"
"2024-07-15";"116";"Demanda de Energia / Operacional";"Operacional";"7.2167"
"2024-07-15";"120";"Demanda de Energia / Operacional";"Operacional";"7.2167"
"2024-07-15";"122";"Demanda de Energia / Operacional";"Operacional";"7.2167"
"2024-07-15";"128";"Demanda de Energia / Operacional";"Operacional";"7.2167"
"2024-07-15";"130";"Demanda de Energia / Operacional";"Operacional";"7.2167"
"2024-07-15";"133";"Demanda de Energia / Operacional";"Operacional";"7.2167"
"2024-07-15";"121";"Demanda de Energia / Operacional";"Operacional";"7.2167"
"2024-07-15";"4";"Demanda de Energia / Operacional";"Operacional";"9.5167"
"2024-07-15";"6";"Demanda de Energia / Operacional";"Operacional";"9.5167"
"2024-07-15";"8";"Demanda de Energia / Operacional";"Operacional";"9.5167"
"2024-07-15";"13";"Demanda de Energia / Operacional";"Operacional";"9.5167"
"2024-07-15";"14";"Demanda de Energia / Operacional";"Operacional";"9.5167"
"2024-07-15";"25";"Demanda de Energia / Operacional";"Operacional";"9.5167"
"2024-07-15";"27";"Demanda de Energia / Operacional";"Operacional";"9.5167"
"2024-07-15";"29";"Demanda de Energia / Operacional";"Operacional";"9.5167"
"2024-07-15";"35";"Demanda de Energia / Operacional";"Operacional";"9.5167"
"2024-07-15";"36";"Demanda de Energia / Operacional";"Operacional";"9.5167"
"2024-07-15";"37";"Demanda de Energia / Operacional";"Operacional";"9.5167"
"2024-07-15";"46";"Demanda de Energia / Operacional";"Operacional";"9.5167"
"2024-07-15";"52";"Demanda de Energia / Operacional";"Operacional";"1.6"
"2024-07-15";"55";"Demanda de Energia / Operacional";"Operacional";"8.1667"
"2024-07-15";"56";"Demanda de Energia / Operacional";"Operacional";"1.6"
"2024-07-15";"58";"Demanda de Energia / Operacional";"Operacional";"8"
"2024-07-15";"71";"Demanda de Energia / Operacional";"Operacional";"8.1333"
"2024-07-15";"52";"Demanda de Energia / Operacional";"Operacional";"0.7667"
"2024-07-15";"55";"Demanda de Energia / Operacional";"Operacional";"0.7667"
"2024-07-15";"56";"Demanda de Energia / Operacional";"Operacional";"0.7667"
"2024-07-15";"58";"Demanda de Energia / Operacional";"Operacional";"0.7667"
"2024-07-15";"71";"Demanda de Energia / Operacional";"Operacional";"0.7667"
"2024-07-15";"42";"Demanda de Energia / Operacional";"Operacional";"0.7667"
"2024-07-15";"130";"Demanda de Energia / Operacional";"Operacional";"0.7"
"2024-07-15";"116";"Demanda de Energia / Operacional";"Operacional";"6.65"
"2024-07-15";"121";"Demanda de Energia / Operacional";"Operacional";"9.2333"
"2024-07-15";"52";"Demanda de Energia / Operacional";"Operacional";"0.9"
"2024-07-15";"4";"Demanda de Energia / Operacional";"Operacional";"0.8167"
"2024-07-15";"13";"Demanda de Energia / Operacional";"Operacional";"0.6667"
"2024-07-15";"8";"Demanda de Energia / Operacional";"Operacional";"3.0333"
"2024-07-15";"74";"Demanda de Energia / Operacional";"Operacional";"0.4"
"2024-07-15";"52";"Demanda de Energia / Operacional";"Operacional";"0.4333"
"2024-07-16";"46";"Demanda de Energia / Operacional";"Operacional";"10.4667"
"2024-07-16";"120";"Demanda de Energia / Operacional";"Operacional";"2.6"
"2024-07-16";"122";"Demanda de Energia / Operacional";"Operacional";"1.5"
"2024-07-16";"27";"Demanda de Energia / Operacional";"Operacional";"6.5833"
"2024-07-16";"120";"Demanda de Energia / Operacional";"Operacional";"1.2"
"2024-07-16";"122";"Demanda de Energia / Operacional";"Operacional";"3.9667"
"2024-07-16";"25";"Demanda de Energia / Operacional";"Operacional";"2.8167"
"2024-07-16";"25";"Demanda de Energia / Operacional";"Operacional";"1.05"
"2024-07-16";"54";"Demanda de Energia / Operacional";"Operacional";"1.45"
"2024-07-17";"118";"Demanda de Energia / Operacional";"Operacional";"1.25"
"2024-07-17";"116";"Demanda de Energia / Operacional";"Operacional";"0.7667"
"2024-07-17";"12";"Demanda de Energia / Operacional";"Operacional";"5.7667"
"2024-07-17";"56";"Demanda de Energia / Operacional";"Operacional";"4.3667"
"2024-07-17";"69";"Demanda de Energia / Operacional";"Operacional";"5.6333"
"2024-07-17";"58";"Demanda de Energia / Operacional";"Operacional";"4.1167"
"2024-07-17";"118";"Demanda de Energia / Operacional";"Operacional";"1.2667"
"2024-07-17";"128";"Demanda de Energia / Operacional";"Operacional";"1"
"2024-07-17";"9";"Demanda de Energia / Operacional";"Operacional";"0.3667"
"2024-07-17";"48";"Demanda de Energia / Operacional";"Operacional";"2.4833"
"2024-07-17";"46";"Demanda de Energia / Operacional";"Operacional";"6.1"
"2024-07-18";"13";"Demanda de Energia / Operacional";"Operacional";"9.05"
"2024-07-18";"118";"Demanda de Energia / Operacional";"Operacional";"0.6667"
"2024-07-18";"36";"Demanda de Energia / Operacional";"Operacional";"13.4833"
"2024-07-18";"122";"Demanda de Energia / Operacional";"Operacional";"4.7667"
"2024-07-18";"120";"Demanda de Energia / Operacional";"Operacional";"5.2167"
"2024-07-18";"29";"Demanda de Energia / Operacional";"Operacional";"10.0333"
"2024-07-18";"14";"Demanda de Energia / Operacional";"Operacional";"7.75"
"2024-07-18";"25";"Demanda de Energia / Operacional";"Operacional";"4.3833"
"2024-07-18";"122";"Demanda de Energia / Operacional";"Operacional";"0.45"
"2024-07-19";"118";"Demanda de Energia / Operacional";"Operacional";"12.2167"
"2024-07-19";"35";"Demanda de Energia / Operacional";"Operacional";"6.5667"
"2024-07-19";"27";"Demanda de Energia / Operacional";"Operacional";"2.7"
"2024-07-19";"58";"Demanda de Energia / Operacional";"Operacional";"1.95"
"2024-07-19";"38";"Demanda de Energia / Operacional";"Operacional";"0.2833"
"2024-07-19";"41";"Demanda de Energia / Operacional";"Operacional";"0.3"
"2024-07-19";"46";"Demanda de Energia / Operacional";"Operacional";"7.0667"
"2024-07-19";"52";"Demanda de Energia / Operacional";"Operacional";"4.3167"
"2024-07-19";"9";"Demanda de Energia / Operacional";"Operacional";"0.4167"
"2024-07-19";"27";"Demanda de Energia / Operacional";"Operacional";"0.2"
"2024-07-20";"120";"Demanda de Energia / Operacional";"Operacional";"0.6833"
"2024-07-22";"68";"Demanda de Energia / Operacional";"Operacional";"1.0833"
"2024-07-22";"120";"Demanda de Energia / Operacional";"Operacional";"0.7833"
"2024-07-22";"122";"Demanda de Energia / Operacional";"Operacional";"0.9667"
"2024-07-22";"54";"Demanda de Energia / Operacional";"Operacional";"0.3"
"2024-07-22";"52";"Demanda de Energia / Operacional";"Operacional";"0.45"
"2024-07-22";"126";"Demanda de Energia / Operacional";"Operacional";"2.9833"
"2024-07-22";"129";"Demanda de Energia / Operacional";"Operacional";"2.9833"
"2024-07-23";"71";"Demanda de Energia / Operacional";"Operacional";"0.6833"
"2024-07-23";"36";"Demanda de Energia / Operacional";"Operacional";"4.2"
"2024-07-23";"46";"Demanda de Energia / Operacional";"Operacional";"1.4833"
"2024-07-23";"118";"Demanda de Energia / Operacional";"Operacional";"1.8667"
"2024-07-23";"27";"Demanda de Energia / Operacional";"Operacional";"3.55"
"2024-07-23";"121";"Demanda de Energia / Operacional";"Operacional";"0.7833"
"2024-07-23";"37";"Demanda de Energia / Operacional";"Operacional";"11"
"2024-07-23";"31";"Demanda de Energia / Operacional";"Operacional";"7.3833"
"2024-07-23";"32";"Demanda de Energia / Operacional";"Operacional";"11"
"2024-07-23";"36";"Demanda de Energia / Operacional";"Operacional";"0.6333"
"2024-07-23";"38";"Demanda de Energia / Operacional";"Operacional";"0.4167"
"2024-07-23";"129";"Demanda de Energia / Operacional";"Operacional";"11.6833"
"2024-07-23";"54";"Demanda de Energia / Operacional";"Operacional";"11"
"2024-07-23";"27";"Demanda de Energia / Operacional";"Operacional";"0.3333"
"2024-07-23";"122";"Demanda de Energia / Operacional";"Operacional";"0.5167"
"2024-07-24";"27";"Demanda de Energia / Operacional";"Operacional";"1.55"
"2024-07-24";"27";"Demanda de Energia / Operacional";"Operacional";"0.1333"
"2024-07-24";"123";"Demanda de Energia / Operacional";"Operacional";"0.3667"
"2024-07-24";"25";"Demanda de Energia / Operacional";"Operacional";"5.8333"
"2024-07-24";"118";"Demanda de Energia / Operacional";"Operacional";"0.8167"
"2024-07-24";"29";"Demanda de Energia / Operacional";"Operacional";"7.95"
"2024-07-24";"120";"Demanda de Energia / Operacional";"Operacional";"0.1667"
"2024-07-24";"38";"Demanda de Energia / Operacional";"Operacional";"0.7667"
"2024-07-24";"27";"Demanda de Energia / Operacional";"Operacional";"0.2333"
"2024-07-25";"27";"Demanda de Energia / Operacional";"Operacional";"2.3833"
"2024-07-25";"54";"Demanda de Energia / Operacional";"Operacional";"0.1833"
"2024-07-25";"121";"Demanda de Energia / Operacional";"Operacional";"5.25"
"2024-07-25";"51";"Demanda de Energia / Operacional";"Operacional";"1.95"
"2024-07-25";"9";"Demanda de Energia / Operacional";"Operacional";"3.5167"
"2024-07-25";"35";"Demanda de Energia / Operacional";"Operacional";"9.8167"
"2024-07-25";"32";"Demanda de Energia / Operacional";"Operacional";"2.4167"
"2024-07-25";"27";"Demanda de Energia / Operacional";"Operacional";"0.4167"
"2024-07-25";"52";"Demanda de Energia / Operacional";"Operacional";"4.4"
"2024-07-25";"118";"Demanda de Energia / Operacional";"Operacional";"1.0667"
"2024-07-25";"52";"Demanda de Energia / Operacional";"Operacional";"6.35"
"2024-07-25";"54";"Demanda de Energia / Operacional";"Operacional";"1.6667"
"2024-07-25";"9";"Demanda de Energia / Operacional";"Operacional";"1.7167"
"2024-07-25";"56";"Demanda de Energia / Operacional";"Operacional";"0.75"
"2024-07-25";"27";"Demanda de Energia / Operacional";"Operacional";"0.5833"
"2024-07-25";"56";"Demanda de Energia / Operacional";"Operacional";"0.0833"
"2024-07-26";"56";"Demanda de Energia / Operacional";"Operacional";"0.1167"
"2024-07-26";"27";"Demanda de Energia / Operacional";"Operacional";"0.3167"
"2024-07-26";"52";"Demanda de Energia / Operacional";"Operacional";"4.45"
"2024-07-26";"9";"Demanda de Energia / Operacional";"Operacional";"7.9833"
"2024-07-26";"32";"Demanda de Energia / Operacional";"Operacional";"16.8"
"2024-07-26";"27";"Demanda de Energia / Operacional";"Operacional";"0.9833"
"2024-07-26";"122";"Demanda de Energia / Operacional";"Operacional";"0.75"
"2024-07-26";"52";"Demanda de Energia / Operacional";"Operacional";"1.75"
"2024-07-26";"36";"Demanda de Energia / Operacional";"Operacional";"7.5"
"2024-07-26";"52";"Demanda de Energia / Operacional";"Operacional";"0"
"2024-07-26";"29";"Demanda de Energia / Operacional";"Operacional";"4.5833"
"2024-07-26";"9";"Demanda de Energia / Operacional";"Operacional";"11"
"2024-07-26";"66";"Demanda de Energia / Operacional";"Operacional";"7.5667"
"2024-07-26";"118";"Demanda de Energia / Operacional";"Operacional";"0.35"
"2024-07-26";"52";"Demanda de Energia / Operacional";"Operacional";"2"
"2024-07-29";"38";"Demanda de Energia / Operacional";"Operacional";"1.3667"
"2024-07-29";"32";"Demanda de Energia / Operacional";"Operacional";"3.2"
"2024-07-29";"133";"Demanda de Energia / Operacional";"Operacional";"0.6167"
"2024-07-29";"51";"Demanda de Energia / Operacional";"Operacional";"1.7333"
"2024-07-29";"25";"Demanda de Energia / Operacional";"Operacional";"3.9333"
"2024-07-29";"38";"Demanda de Energia / Operacional";"Operacional";"1.5667"
"2024-07-30";"27";"Demanda de Energia / Operacional";"Operacional";"0.5333"
"2024-07-30";"116";"Demanda de Energia / Operacional";"Operacional";"4.8833"
"2024-07-30";"27";"Demanda de Energia / Operacional";"Operacional";"0.2833"
"2024-07-30";"46";"Demanda de Energia / Operacional";"Operacional";"4.7667"
"2024-07-30";"21";"Demanda de Energia / Operacional";"Operacional";"0"
"2024-07-30";"27";"Demanda de Energia / Operacional";"Operacional";"0.9333"
"2024-07-30";"25";"Demanda de Energia / Operacional";"Operacional";"2.6167"
"2024-07-30";"122";"Demanda de Energia / Operacional";"Operacional";"0.3667"
"2024-07-30";"32";"Demanda de Energia / Operacional";"Operacional";"4.5667"
"2024-07-30";"10";"Demanda de Energia / Operacional";"Operacional";"1.3167"
"2024-07-30";"38";"Demanda de Energia / Operacional";"Operacional";"0.1833"
"2024-07-30";"54";"Demanda de Energia / Operacional";"Operacional";"1.1"
"2024-07-30";"51";"Demanda de Energia / Operacional";"Operacional";"0.7667"
"2024-07-30";"120";"Demanda de Energia / Operacional";"Operacional";"0.3833"
"2024-07-31";"120";"Demanda de Energia / Operacional";"Operacional";"0.2833"
"2024-07-31";"6";"Demanda de Energia / Operacional";"Operacional";"2.6333"
"2024-07-31";"32";"Demanda de Energia / Operacional";"Operacional";"1.5167"
"2024-07-31";"118";"Demanda de Energia / Operacional";"Operacional";"2.0333"
"2024-07-31";"27";"Demanda de Energia / Operacional";"Operacional";"0.3333"
"2024-08-01";"27";"Demanda de Energia / Operacional";"Operacional";"3.3333"
"2024-08-01";"116";"Demanda de Energia / Operacional";"Operacional";"0.2833"
"2024-08-01";"27";"Demanda de Energia / Operacional";"Operacional";"1.9333"
"2024-08-01";"29";"Demanda de Energia / Operacional";"Operacional";"5.9667"
"2024-08-01";"120";"Demanda de Energia / Operacional";"Operacional";"0.5333"
"2024-08-01";"30";"Demanda de Energia / Operacional";"Operacional";"9.5333"
"2024-08-01";"122";"Demanda de Energia / Operacional";"Operacional";"0.55"
"2024-08-01";"46";"Demanda de Energia / Operacional";"Operacional";"0.2"
"2024-08-01";"29";"Demanda de Energia / Operacional";"Operacional";"7.2167"
"2024-08-01";"118";"Demanda de Energia / Operacional";"Operacional";"1.5667"
"2024-08-01";"122";"Demanda de Energia / Operacional";"Operacional";"1.2167"
"2024-08-01";"60";"Demanda de Energia / Operacional";"Operacional";"7.2"
"2024-08-01";"60";"Demanda de Energia / Operacional";"Operacional";"3.8"
"2024-08-02";"118";"Demanda de Energia / Operacional";"Operacional";"0.4833"
"2024-08-02";"122";"Demanda de Energia / Operacional";"Operacional";"0.6"
"2024-08-02";"35";"Demanda de Energia / Operacional";"Operacional";"1.7"
"2024-08-02";"45";"Demanda de Energia / Operacional";"Operacional";"1.25"
"2024-08-02";"133";"Demanda de Energia / Operacional";"Operacional";"0.8833"
"2024-08-02";"120";"Demanda de Energia / Operacional";"Operacional";"0.5667"
"2024-08-05";"45";"Demanda de Energia / Operacional";"Operacional";"0.8833"
"2024-08-05";"30";"Demanda de Energia / Operacional";"Operacional";"11"
"2024-08-05";"31";"Demanda de Energia / Operacional";"Operacional";"11"
"2024-08-05";"1";"Demanda de Energia / Operacional";"Operacional";"0.4333"
"2024-08-06";"116";"Demanda de Energia / Operacional";"Operacional";"0.4833"
"2024-08-06";"1";"Demanda de Energia / Operacional";"Operacional";"2.05"
"2024-08-06";"27";"Demanda de Energia / Operacional";"Operacional";"1.2"
"2024-08-07";"27";"Demanda de Energia / Operacional";"Operacional";"0.35"
"2024-08-07";"118";"Demanda de Energia / Operacional";"Operacional";"0.25"
"2024-08-07";"120";"Demanda de Energia / Operacional";"Operacional";"0.4333"
"2024-08-07";"25";"Demanda de Energia / Operacional";"Operacional";"3.85"
"2024-08-08";"27";"Demanda de Energia / Operacional";"Operacional";"3.2167"
"2024-08-08";"27";"Demanda de Energia / Operacional";"Operacional";"1.1"
"2024-08-08";"122";"Demanda de Energia / Operacional";"Operacional";"0.9833"
"2024-08-08";"56";"Demanda de Energia / Operacional";"Operacional";"9.4667"
"2024-08-08";"27";"Demanda de Energia / Operacional";"Operacional";"5.6167"
"2024-08-08";"116";"Demanda de Energia / Operacional";"Operacional";"0.2833"
"2024-08-08";"50";"Demanda de Energia / Operacional";"Operacional";"3.7167"
"2024-08-08";"35";"Demanda de Energia / Operacional";"Operacional";"0.0333"
"2024-08-09";"35";"Demanda de Energia / Operacional";"Operacional";"2.9667"
"2024-08-09";"9";"Demanda de Energia / Operacional";"Operacional";"3.7"
"2024-08-09";"116";"Demanda de Energia / Operacional";"Operacional";"5.55"
"2024-08-09";"118";"Demanda de Energia / Operacional";"Operacional";"5.55"
"2024-08-09";"122";"Demanda de Energia / Operacional";"Operacional";"5.55"
"2024-08-09";"35";"Demanda de Energia / Operacional";"Operacional";"1.05"
"2024-08-09";"69";"Demanda de Energia / Operacional";"Operacional";"11"
"2024-08-09";"66";"Demanda de Energia / Operacional";"Operacional";"11"
"2024-08-09";"122";"Demanda de Energia / Operacional";"Operacional";"1.9"
"2024-08-09";"129";"Demanda de Energia / Operacional";"Operacional";"2.8"
"2024-08-12";"116";"Demanda de Energia / Operacional";"Operacional";"4.3167"
"2024-08-12";"118";"Demanda de Energia / Operacional";"Operacional";"4.3167"
"2024-08-12";"122";"Demanda de Energia / Operacional";"Operacional";"4.3167"
"2024-08-12";"129";"Demanda de Energia / Operacional";"Operacional";"4.3167"
"2024-08-13";"116";"Demanda de Energia / Operacional";"Operacional";"0.8"
"2024-08-13";"116";"Demanda de Energia / Operacional";"Operacional";"7.5167"
"2024-08-13";"118";"Demanda de Energia / Operacional";"Operacional";"7.5167"
"2024-08-13";"122";"Demanda de Energia / Operacional";"Operacional";"7.5167"
"2024-08-13";"129";"Demanda de Energia / Operacional";"Operacional";"7.5167"
"2024-08-13";"118";"Demanda de Energia / Operacional";"Operacional";"3.3167"
"2024-08-13";"14";"Demanda de Energia / Operacional";"Operacional";"3.25"
"2024-08-13";"59";"Demanda de Energia / Operacional";"Operacional";"0"
"2024-08-13";"56";"Demanda de Energia / Operacional";"Operacional";"0.7833"
"2024-08-14";"27";"Demanda de Energia / Operacional";"Operacional";"2.0333"
"2024-08-14";"120";"Demanda de Energia / Operacional";"Operacional";"0.7333"
"2024-08-14";"27";"Demanda de Energia / Operacional";"Operacional";"0.8667"
"2024-08-14";"14";"Demanda de Energia / Operacional";"Operacional";"10.4833"
"2024-08-14";"27";"Demanda de Energia / Operacional";"Operacional";"3.0167"
"2024-08-14";"59";"Demanda de Energia / Operacional";"Operacional";"3.4667"
"2024-08-14";"56";"Demanda de Energia / Operacional";"Operacional";"2.5833"
"2024-08-14";"122";"Demanda de Energia / Operacional";"Operacional";"2.65"
"2024-08-14";"52";"Demanda de Energia / Operacional";"Operacional";"0.3"
"2024-08-14";"37";"Demanda de Energia / Operacional";"Operacional";"1.1667"
"2024-08-14";"59";"Demanda de Energia / Operacional";"Operacional";"2.5333"
"2024-08-14";"25";"Demanda de Energia / Operacional";"Operacional";"0.4667"
"2024-08-15";"59";"Demanda de Energia / Operacional";"Operacional";"15.8833"
"2024-08-15";"25";"Demanda de Energia / Operacional";"Operacional";"8.65"
"2024-08-15";"116";"Demanda de Energia / Operacional";"Operacional";"0.4667"
"2024-08-15";"54";"Demanda de Energia / Operacional";"Operacional";"5.6667"
"2024-08-15";"45";"Demanda de Energia / Operacional";"Operacional";"2.2"
"2024-08-15";"133";"Demanda de Energia / Operacional";"Operacional";"8.1667"
"2024-08-15";"59";"Demanda de Energia / Operacional";"Operacional";"2.2667"
"2024-08-15";"2";"Demanda de Energia / Operacional";"Operacional";"2.9833"
"2024-08-16";"120";"Demanda de Energia / Operacional";"Operacional";"1.45"
"2024-08-16";"8";"Demanda de Energia / Operacional";"Operacional";"5.0667"
"2024-08-16";"2";"Demanda de Energia / Operacional";"Operacional";"9.1167"
"2024-08-16";"25";"Demanda de Energia / Operacional";"Operacional";"1.0167"
"2024-08-16";"45";"Demanda de Energia / Operacional";"Operacional";"5.25"
"2024-08-19";"122";"Demanda de Energia / Operacional";"Operacional";"3.25"
"2024-08-19";"57";"Demanda de Energia / Operacional";"Operacional";"4.2167"
"2024-08-19";"25";"Demanda de Energia / Operacional";"Operacional";"3.75"
"2024-08-20";"31";"Demanda de Energia / Operacional";"Operacional";"9.5667"
"2024-08-20";"18";"Demanda de Energia / Operacional";"Operacional";"1.55"
"2024-08-21";"42";"Demanda de Energia / Operacional";"Operacional";"7.1"
"2024-08-21";"18";"Demanda de Energia / Operacional";"Operacional";"11.3833"
"2024-08-21";"25";"Demanda de Energia / Operacional";"Operacional";"3.4667"
"2024-08-21";"50";"Demanda de Energia / Operacional";"Operacional";"11.1333"
"2024-08-21";"50";"Demanda de Energia / Operacional";"Operacional";"2.9833"
"2024-08-21";"51";"Demanda de Energia / Operacional";"Operacional";"11.0333"
"2024-08-21";"51";"Demanda de Energia / Operacional";"Operacional";"2.9833"
"2024-08-22";"50";"Demanda de Energia / Operacional";"Operacional";"8.5"
"2024-08-26";"9";"Demanda de Energia / Operacional";"Operacional";"1.9833"
"2024-08-26";"124";"Demanda de Energia / Operacional";"Operacional";"1.3333"
"2024-08-26";"116";"Demanda de Energia / Operacional";"Operacional";"0.7833"
"2024-08-26";"38";"Demanda de Energia / Operacional";"Operacional";"0.7167"
"2024-08-26";"50";"Demanda de Energia / Operacional";"Operacional";"8.4167"
"2024-08-26";"57";"Demanda de Energia / Operacional";"Operacional";"0.5667"
"2024-08-26";"38";"Demanda de Energia / Operacional";"Operacional";"1.4833"
"2024-08-26";"14";"Demanda de Energia / Operacional";"Operacional";"0.6167"
"2024-08-26";"9";"Demanda de Energia / Operacional";"Operacional";"0.6"
"2024-08-26";"48";"Demanda de Energia / Operacional";"Operacional";"1"
"2024-08-26";"38";"Demanda de Energia / Operacional";"Operacional";"6.65"
"2024-08-26";"9";"Demanda de Energia / Operacional";"Operacional";"4.45"
"2024-08-27";"27";"Demanda de Energia / Operacional";"Operacional";"4.9167"
"2024-08-27";"14";"Demanda de Energia / Operacional";"Operacional";"3.1667"
"2024-08-27";"22";"Demanda de Energia / Operacional";"Operacional";"1.8167"
"2024-08-27";"120";"Demanda de Energia / Operacional";"Operacional";"1.5667"
"2024-08-27";"25";"Demanda de Energia / Operacional";"Operacional";"0"
"2024-08-27";"57";"Demanda de Energia / Operacional";"Operacional";"0.6167"
"2024-08-27";"27";"Demanda de Energia / Operacional";"Operacional";"6.3833"
"2024-08-27";"54";"Demanda de Energia / Operacional";"Operacional";"0.1833"
"2024-08-27";"14";"Demanda de Energia / Operacional";"Operacional";"1.8167"
"2024-08-27";"9";"Demanda de Energia / Operacional";"Operacional";"1.8833"
"2024-08-27";"25";"Demanda de Energia / Operacional";"Operacional";"2.9833"
"2024-08-28";"9";"Demanda de Energia / Operacional";"Operacional";"8.4167"
"2024-08-28";"22";"Demanda de Energia / Operacional";"Operacional";"2.95"
"2024-08-28";"27";"Demanda de Energia / Operacional";"Operacional";"1.2"
"2024-08-28";"116";"Demanda de Energia / Operacional";"Operacional";"4.8833"
"2024-08-28";"25";"Demanda de Energia / Operacional";"Operacional";"8.35"
"2024-08-28";"59";"Demanda de Energia / Operacional";"Operacional";"9.2333"
"2024-08-28";"14";"Demanda de Energia / Operacional";"Operacional";"3.6333"
"2024-08-28";"57";"Demanda de Energia / Operacional";"Operacional";"1.8833"
"2024-08-28";"38";"Demanda de Energia / Operacional";"Operacional";"4.8167"
"2024-08-28";"14";"Demanda de Energia / Operacional";"Operacional";"1.1167"
"2024-08-28";"61";"Demanda de Energia / Operacional";"Operacional";"2.9833"
"2024-08-28";"72";"Demanda de Energia / Operacional";"Operacional";"2.9833"
"2024-08-29";"61";"Demanda de Energia / Operacional";"Operacional";"8.6333"
"2024-08-29";"72";"Demanda de Energia / Operacional";"Operacional";"8.05"
"2024-08-29";"14";"Demanda de Energia / Operacional";"Operacional";"7.6167"
"2024-08-29";"72";"Demanda de Energia / Operacional";"Operacional";"7.4333"
"2024-08-29";"22";"Demanda de Energia / Operacional";"Operacional";"3.0833"
"2024-08-29";"58";"Demanda de Energia / Operacional";"Operacional";"3.3167"
"2024-08-29";"46";"Demanda de Energia / Operacional";"Operacional";"10.9167"
"2024-08-29";"14";"Demanda de Energia / Operacional";"Operacional";"4.4667"
"2024-08-29";"35";"Demanda de Energia / Operacional";"Operacional";"0.65"
"2024-08-30";"6";"Demanda de Energia / Operacional";"Operacional";"0"
"2024-08-30";"61";"Demanda de Energia / Operacional";"Operacional";"3.2333"
"2024-08-30";"35";"Demanda de Energia / Operacional";"Operacional";"4.5333"
"2024-08-30";"45";"Demanda de Energia / Operacional";"Operacional";"0"
"2024-08-30";"12";"Demanda de Energia / Operacional";"Operacional";"2.9167"
"2024-09-02";"12";"Demanda de Energia / Operacional";"Operacional";"3.6167"
"2024-09-02";"35";"Demanda de Energia / Operacional";"Operacional";"5.2"
"2024-09-02";"56";"Demanda de Energia / Operacional";"Operacional";"1.0833"
"2024-09-02";"59";"Demanda de Energia / Operacional";"Operacional";"5.7667"
"2024-09-02";"59";"Demanda de Energia / Operacional";"Operacional";"0.8333"
"2024-09-02";"59";"Demanda de Energia / Operacional";"Operacional";"3.4333"
"2024-09-02";"35";"Demanda de Energia / Operacional";"Operacional";"1.3167"
"2024-09-02";"33";"Demanda de Energia / Operacional";"Operacional";"1.1167"
"2024-09-02";"45";"Demanda de Energia / Operacional";"Operacional";"2.6667"
"2024-09-03";"45";"Demanda de Energia / Operacional";"Operacional";"9.2667"
"2024-09-03";"34";"Demanda de Energia / Operacional";"Operacional";"16.55"
"2024-09-03";"25";"Demanda de Energia / Operacional";"Operacional";"4.3667"
"2024-09-03";"27";"Demanda de Energia / Operacional";"Operacional";"2.3333"
"2024-09-03";"33";"Demanda de Energia / Operacional";"Operacional";"5.5833"
"2024-09-03";"128";"Demanda de Energia / Operacional";"Operacional";"1.4833"
"2024-09-03";"4";"Demanda de Energia / Operacional";"Operacional";"1.3833"
"2024-09-04";"66";"Demanda de Energia / Operacional";"Operacional";"11"
"2024-09-04";"69";"Demanda de Energia / Operacional";"Operacional";"1.4333"
"2024-09-04";"128";"Demanda de Energia / Operacional";"Operacional";"9.45"
"2024-09-04";"4";"Demanda de Energia / Operacional";"Operacional";"10.05"
"2024-09-04";"27";"Demanda de Energia / Operacional";"Operacional";"3.6833"
"2024-09-04";"51";"Demanda de Energia / Operacional";"Operacional";"1.3167"
"2024-09-05";"14";"Demanda de Energia / Operacional";"Operacional";"1.5667"
"2024-09-05";"70";"Demanda de Energia / Operacional";"Operacional";"3.4"
"2024-09-05";"46";"Demanda de Energia / Operacional";"Operacional";"6.7833"
"2024-09-05";"42";"Demanda de Energia / Operacional";"Operacional";"0.3833"
"2024-09-05";"51";"Demanda de Energia / Operacional";"Operacional";"4.8167"
"2024-09-05";"33";"Demanda de Energia / Operacional";"Operacional";"2.6833"
"2024-09-05";"57";"Demanda de Energia / Operacional";"Operacional";"0.8833"
"2024-09-05";"56";"Demanda de Energia / Operacional";"Operacional";"6.85"
"2024-09-05";"57";"Demanda de Energia / Operacional";"Operacional";"8.6167"
"2024-09-05";"1";"Demanda de Energia / Operacional";"Operacional";"0.3"
"2024-09-06";"56";"Demanda de Energia / Operacional";"Operacional";"11.85"
"2024-09-06";"54";"Demanda de Energia / Operacional";"Operacional";"8.7333"
"2024-09-06";"55";"Demanda de Energia / Operacional";"Operacional";"8.5667"
"2024-09-06";"61";"Demanda de Energia / Operacional";"Operacional";"8.2333"
"2024-09-06";"66";"Demanda de Energia / Operacional";"Operacional";"2.35"
"2024-09-06";"66";"Demanda de Energia / Operacional";"Operacional";"8.65"
"2024-09-06";"14";"Demanda de Energia / Operacional";"Operacional";"2.0833"
"2024-09-07";"59";"Demanda de Energia / Operacional";"Operacional";"1"
"2024-09-09";"46";"Demanda de Energia / Operacional";"Operacional";"0.3"
"2024-09-09";"7";"Demanda de Energia / Operacional";"Operacional";"8.9"
"2024-09-09";"21";"Demanda de Energia / Operacional";"Operacional";"0.7667"
"2024-09-09";"61";"Demanda de Energia / Operacional";"Operacional";"4"
"2024-09-09";"57";"Demanda de Energia / Operacional";"Operacional";"0.7667"
"2024-09-09";"57";"Demanda de Energia / Operacional";"Operacional";"1.85"
"2024-09-09";"59";"Demanda de Energia / Operacional";"Operacional";"1.5"
"2024-09-09";"54";"Demanda de Energia / Operacional";"Operacional";"2.9833"
"2024-09-10";"54";"Demanda de Energia / Operacional";"Operacional";"7.9667"
"2024-09-10";"36";"Demanda de Energia / Operacional";"Operacional";"2.9833"
"2024-09-10";"55";"Demanda de Energia / Operacional";"Operacional";"2.9833"
"2024-09-11";"45";"Demanda de Energia / Operacional";"Operacional";"2.0167"
"2024-09-11";"36";"Demanda de Energia / Operacional";"Operacional";"7.55"
"2024-09-11";"33";"Demanda de Energia / Operacional";"Operacional";"0.8667"
"2024-09-11";"30";"Demanda de Energia / Operacional";"Operacional";"1.3333"
"2024-09-11";"124";"Demanda de Energia / Operacional";"Operacional";"2.4167"
"2024-09-11";"27";"Demanda de Energia / Operacional";"Operacional";"0.8833"
"2024-09-11";"33";"Demanda de Energia / Operacional";"Operacional";"3.1833"
"2024-09-11";"27";"Demanda de Energia / Operacional";"Operacional";"2.3833"
"2024-09-11";"59";"Demanda de Energia / Operacional";"Operacional";"1.2667"
"2024-09-11";"55";"Demanda de Energia / Operacional";"Operacional";"2.95"
"2024-09-11";"59";"Demanda de Energia / Operacional";"Operacional";"4.3833"
"2024-09-11";"9";"Demanda de Energia / Operacional";"Operacional";"0.3333"
"2024-09-11";"55";"Demanda de Energia / Operacional";"Operacional";"2.9833"
"2024-09-12";"55";"Demanda de Energia / Operacional";"Operacional";"10.7833"
"2024-09-12";"46";"Demanda de Energia / Operacional";"Operacional";"1.1167"
"2024-09-12";"31";"Demanda de Energia / Operacional";"Operacional";"10.2333"
"2024-09-12";"52";"Demanda de Energia / Operacional";"Operacional";"0.55"
"2024-09-12";"61";"Demanda de Energia / Operacional";"Operacional";"0.8667"
"2024-09-13";"21";"Demanda de Energia / Operacional";"Operacional";"3.2333"
"2024-09-13";"8";"Demanda de Energia / Operacional";"Operacional";"6.7667"
"2024-09-13";"19";"Demanda de Energia / Operacional";"Operacional";"0.3333"
"2024-09-13";"46";"Demanda de Energia / Operacional";"Operacional";"0.55"
"2024-09-13";"25";"Demanda de Energia / Operacional";"Operacional";"1"
"2024-09-16";"46";"Demanda de Energia / Operacional";"Operacional";"4.8"
"2024-09-16";"14";"Demanda de Energia / Operacional";"Operacional";"1.9667"
"2024-09-16";"36";"Demanda de Energia / Operacional";"Operacional";"9.95"
"2024-09-16";"113";"Demanda de Energia / Operacional";"Operacional";"18"
"2024-09-16";"114";"Demanda de Energia / Operacional";"Operacional";"18"
"2024-09-16";"72";"Demanda de Energia / Operacional";"Operacional";"2.1167"
"2024-09-16";"46";"Demanda de Energia / Operacional";"Operacional";"5.2333"
"2024-09-16";"120";"Demanda de Energia / Operacional";"Operacional";"0.2167"
"2024-09-17";"8";"Demanda de Energia / Operacional";"Operacional";"5.7833"
"2024-09-17";"46";"Demanda de Energia / Operacional";"Operacional";"3.9667"
"2024-09-17";"56";"Demanda de Energia / Operacional";"Operacional";"0.3833"
"2024-09-17";"46";"Demanda de Energia / Operacional";"Operacional";"2.8833"
"2024-09-17";"46";"Demanda de Energia / Operacional";"Operacional";"1.45"
"2024-09-18";"31";"Demanda de Energia / Operacional";"Operacional";"6"
"2024-09-18";"14";"Demanda de Energia / Operacional";"Operacional";"4.7667"
"2024-09-18";"46";"Demanda de Energia / Operacional";"Operacional";"14.9833"
"2024-09-18";"59";"Demanda de Energia / Operacional";"Operacional";"1.4"
"2024-09-18";"67";"Demanda de Energia / Operacional";"Operacional";"5.7833"
"2024-09-18";"12";"Demanda de Energia / Operacional";"Operacional";"3.8"
"2024-09-18";"14";"Demanda de Energia / Operacional";"Operacional";"1.45"
"2024-09-18";"24";"Demanda de Energia / Operacional";"Operacional";"4.2833"
"2024-09-18";"52";"Demanda de Energia / Operacional";"Operacional";"1.8667"
"2024-09-19";"3";"Demanda de Energia / Operacional";"Operacional";"4.2167"
"2024-09-19";"36";"Demanda de Energia / Operacional";"Operacional";"0"
"2024-09-19";"14";"Demanda de Energia / Operacional";"Operacional";"3.3333"
"2024-09-19";"116";"Demanda de Energia / Operacional";"Operacional";"1.6833"
"2024-09-19";"52";"Demanda de Energia / Operacional";"Operacional";"0"
"2024-09-19";"114";"Demanda de Energia / Operacional";"Operacional";"0.5333"
"2024-09-19";"14";"Demanda de Energia / Operacional";"Operacional";"2.95"
"2024-08-19";"8";"Demanda de Energia / Operacional";"Operacional";"2.7167"
"2024-09-19";"24";"Demanda de Energia / Operacional";"Operacional";"0.45"
"2024-09-19";"14";"Demanda de Energia / Operacional";"Operacional";"2.9833"
"2024-09-20";"8";"Demanda de Energia / Operacional";"Operacional";"9.6833"
"2024-09-20";"24";"Demanda de Energia / Operacional";"Operacional";"9.5"
"2024-09-20";"44";"Demanda de Energia / Operacional";"Operacional";"1.8667"
"2024-09-20";"44";"Demanda de Energia / Operacional";"Operacional";"3.6"
"2024-09-20";"46";"Demanda de Energia / Operacional";"Operacional";"6.4833"
"2024-09-20";"14";"Demanda de Energia / Operacional";"Operacional";"9.7"
"2024-09-20";"44";"Demanda de Energia / Operacional";"Operacional";"0.4"
"2024-09-20";"14";"Demanda de Energia / Operacional";"Operacional";"4.2333"
"2024-09-20";"43";"Demanda de Energia / Operacional";"Operacional";"0.6667"
"2024-09-20";"44";"Demanda de Energia / Operacional";"Operacional";"0.9333"
"2024-09-23";"6";"Demanda de Energia / Operacional";"Operacional";"10.05"
"2024-09-23";"45";"Demanda de Energia / Operacional";"Operacional";"10.9"
"2024-09-23";"60";"Demanda de Energia / Operacional";"Operacional";"5.75"
"2024-09-23";"6";"Demanda de Energia / Operacional";"Operacional";"5.3667"
"2024-09-23";"15";"Demanda de Energia / Operacional";"Operacional";"1.15"
"2024-09-23";"29";"Demanda de Energia / Operacional";"Operacional";"2.9833"
"2024-09-24";"45";"Demanda de Energia / Operacional";"Operacional";"1.1667"
"2024-09-24";"46";"Demanda de Energia / Operacional";"Operacional";"1.0333"
"2024-09-24";"29";"Demanda de Energia / Operacional";"Operacional";"8.7"
"2024-09-24";"11";"Demanda de Energia / Operacional";"Operacional";"2.9167"
"2024-09-24";"6";"Demanda de Energia / Operacional";"Operacional";"3.2333"
"2024-09-24";"27";"Demanda de Energia / Operacional";"Operacional";"0.1"
"2024-09-25";"27";"Demanda de Energia / Operacional";"Operacional";"0.4667"
"2024-09-25";"52";"Demanda de Energia / Operacional";"Operacional";"10.75"
"2024-09-25";"69";"Demanda de Energia / Operacional";"Operacional";"3.8167"
"2024-09-25";"25";"Demanda de Energia / Operacional";"Operacional";"2.2167"
"2024-09-25";"17";"Demanda de Energia / Operacional";"Operacional";"0.3167"
"2024-09-25";"17";"Demanda de Energia / Operacional";"Operacional";"0.1"
"2024-09-25";"17";"Demanda de Energia / Operacional";"Operacional";"0.2167"
"2024-09-25";"69";"Demanda de Energia / Operacional";"Operacional";"2.9833"
"2024-09-26";"17";"Demanda de Energia / Operacional";"Operacional";"16.3"
"2024-09-26";"6";"Demanda de Energia / Operacional";"Operacional";"7.1"
"2024-09-26";"51";"Demanda de Energia / Operacional";"Operacional";"6.15"
"2024-09-26";"69";"Demanda de Energia / Operacional";"Operacional";"11"
"2024-09-27";"14";"Demanda de Energia / Operacional";"Operacional";"6.7667"
"2024-09-27";"27";"Demanda de Energia / Operacional";"Operacional";"0.4667"
"2024-09-27";"52";"Demanda de Energia / Operacional";"Operacional";"3.2"
"2024-09-27";"25";"Demanda de Energia / Operacional";"Operacional";"3.9"
"2024-09-27";"58";"Demanda de Energia / Operacional";"Operacional";"4.9167"
"2024-09-27";"21";"Demanda de Energia / Operacional";"Operacional";"1.0667"
"2024-09-27";"51";"Demanda de Energia / Operacional";"Operacional";"2.9333"
"2024-09-27";"25";"Demanda de Energia / Operacional";"Operacional";"6.8167"
"2024-09-27";"45";"Demanda de Energia / Operacional";"Operacional";"6.7833"
"2024-09-27";"122";"Demanda de Energia / Operacional";"Operacional";"4.5167"
"2024-09-30";"26";"Demanda de Energia / Operacional";"Operacional";"14.3"
"2024-09-30";"45";"Demanda de Energia / Operacional";"Operacional";"6.0333"
"2024-09-30";"33";"Demanda de Energia / Operacional";"Operacional";"0.2667"
"2024-09-30";"26";"Demanda de Energia / Operacional";"Operacional";"6.4333"
"2024-09-30";"26";"Demanda de Energia / Operacional";"Operacional";"0.4167"
"2024-10-01";"22";"Demanda de Energia / Operacional";"Operacional";"4.9167"
"2024-10-01";"34";"Demanda de Energia / Operacional";"Operacional";"8.3167"
"2024-10-01";"51";"Demanda de Energia / Operacional";"Operacional";"3.5667"
"2024-10-01";"26";"Demanda de Energia / Operacional";"Operacional";"0.0333"
"2024-10-01";"26";"Demanda de Energia / Operacional";"Operacional";"8.35"
"2024-10-02";"26";"Demanda de Energia / Operacional";"Operacional";"7.75"
"2024-10-02";"21";"Demanda de Energia / Operacional";"Operacional";"0.85"
"2024-10-02";"101";"Demanda de Energia / Operacional";"Operacional";"4.6833"
"2024-10-02";"10";"Demanda de Energia / Operacional";"Operacional";"10.3833"
"2024-10-02";"102";"Demanda de Energia / Operacional";"Operacional";"10.7333"
"2024-10-02";"26";"Demanda de Energia / Operacional";"Operacional";"1.95"
"2024-10-02";"33";"Demanda de Energia / Operacional";"Operacional";"4.75"
"2024-10-02";"26";"Demanda de Energia / Operacional";"Operacional";"6.35"
"2024-10-02";"35";"Demanda de Energia / Operacional";"Operacional";"1.3833"
"2024-10-02";"122";"Demanda de Energia / Operacional";"Operacional";"1.5"
"2024-10-03";"26";"Demanda de Energia / Operacional";"Operacional";"5.9333"
"2024-10-03";"52";"Demanda de Energia / Operacional";"Operacional";"3.4667"
"2024-10-03";"4";"Demanda de Energia / Operacional";"Operacional";"2.1333"
"2024-10-03";"57";"Demanda de Energia / Operacional";"Operacional";"2.5333"
"2024-10-03";"43";"Demanda de Energia / Operacional";"Operacional";"0.35"
"2024-10-03";"59";"Demanda de Energia / Operacional";"Operacional";"2.1333"
"2024-10-03";"102";"Demanda de Energia / Operacional";"Operacional";"1.0667"
"2024-10-03";"43";"Demanda de Energia / Operacional";"Operacional";"0.3667"
"2024-10-03";"21";"Demanda de Energia / Operacional";"Operacional";"0"
"2024-10-04";"22";"Demanda de Energia / Operacional";"Operacional";"3.5"
"2024-10-04";"26";"Demanda de Energia / Operacional";"Operacional";"3.25"
"2024-10-04";"3";"Demanda de Energia / Operacional";"Operacional";"0.25"
"2024-10-04";"122";"Demanda de Energia / Operacional";"Operacional";"0.6333"
"2024-10-04";"33";"Demanda de Energia / Operacional";"Operacional";"4.6333"
"2024-10-04";"21";"Demanda de Energia / Operacional";"Operacional";"2.6167"
"2024-10-04";"21";"Demanda de Energia / Operacional";"Operacional";"3.95"
"2024-10-04";"21";"Demanda de Energia / Operacional";"Operacional";"2.2167"
"2024-10-04";"26";"Demanda de Energia / Operacional";"Operacional";"0.2667"
"2024-10-04";"26";"Demanda de Energia / Operacional";"Operacional";"3.5"
"2024-10-04";"102";"Demanda de Energia / Operacional";"Operacional";"0.5"
"2024-10-07";"14";"Demanda de Energia / Operacional";"Operacional";"11.4167"
"2024-10-07";"70";"Demanda de Energia / Operacional";"Operacional";"2.7"
"2024-10-07";"46";"Demanda de Energia / Operacional";"Operacional";"3.5"
"2024-10-07";"21";"Demanda de Energia / Operacional";"Operacional";"1.7333"
"2024-10-08";"70";"Demanda de Energia / Operacional";"Operacional";"7.85"
"2024-10-08";"10";"Demanda de Energia / Operacional";"Operacional";"0.95"
"2024-10-08";"13";"Demanda de Energia / Operacional";"Operacional";"0.3667"
"2024-10-08";"110";"Demanda de Energia / Operacional";"Operacional";"11"
"2024-10-08";"21";"Demanda de Energia / Operacional";"Operacional";"0.4667"
"2024-10-08";"21";"Demanda de Energia / Operacional";"Operacional";"1.45"
"2024-10-08";"21";"Demanda de Energia / Operacional";"Operacional";"1.9"
"2024-10-08";"12";"Demanda de Energia / Operacional";"Operacional";"0.6"
"2024-10-08";"110";"Demanda de Energia / Operacional";"Operacional";"2.9833"
"2024-10-09";"14";"Demanda de Energia / Operacional";"Operacional";"10.0667"
"2024-10-09";"21";"Demanda de Energia / Operacional";"Operacional";"0.8"
"2024-10-09";"55";"Demanda de Energia / Operacional";"Operacional";"11.4167"
"2024-10-09";"51";"Demanda de Energia / Operacional";"Operacional";"2.6"
"2024-10-09";"50";"Demanda de Energia / Operacional";"Operacional";"11.6167"
"2024-10-09";"51";"Demanda de Energia / Operacional";"Operacional";"2.5167"
"2024-10-09";"9";"Demanda de Energia / Operacional";"Operacional";"1.4833"
"2024-10-09";"49";"Demanda de Energia / Operacional";"Operacional";"1.4667"
"2024-10-09";"51";"Demanda de Energia / Operacional";"Operacional";"5.8833"
"2024-10-09";"35";"Demanda de Energia / Operacional";"Operacional";"0.6833"
"2024-10-09";"110";"Demanda de Energia / Operacional";"Operacional";"8.1167"
"2024-10-09";"115";"Demanda de Energia / Operacional";"Operacional";"0"
"2024-10-09";"27";"Demanda de Energia / Operacional";"Operacional";"0.2667"
"2024-10-10";"27";"Demanda de Energia / Operacional";"Operacional";"0.9"
"2024-10-10";"21";"Demanda de Energia / Operacional";"Operacional";"5.85"
"2024-10-10";"113";"Demanda de Energia / Operacional";"Operacional";"0.5333"
"2024-10-10";"115";"Demanda de Energia / Operacional";"Operacional";"4.0167"
"2024-10-10";"105";"Demanda de Energia / Operacional";"Operacional";"1.7167"
"2024-10-10";"24";"Demanda de Energia / Operacional";"Operacional";"2.4"
"2024-10-10";"24";"Demanda de Energia / Operacional";"Operacional";"9.2833"
"2024-10-10";"21";"Demanda de Energia / Operacional";"Operacional";"9.5167"
"2024-10-10";"27";"Demanda de Energia / Operacional";"Operacional";"10.7667"
"2024-10-10";"3";"Demanda de Energia / Operacional";"Operacional";"10.3167"
"2024-10-10";"8";"Demanda de Energia / Operacional";"Operacional";"9.9167"
"2024-10-10";"12";"Demanda de Energia / Operacional";"Operacional";"11"
"2024-10-10";"26";"Demanda de Energia / Operacional";"Operacional";"9.5833"
"2024-10-10";"33";"Demanda de Energia / Operacional";"Operacional";"10.3833"
"2024-10-10";"34";"Demanda de Energia / Operacional";"Operacional";"8.7667"
"2024-10-10";"29";"Demanda de Energia / Operacional";"Operacional";"8.8833"
"2024-10-10";"38";"Demanda de Energia / Operacional";"Operacional";"9.3833"
"2024-10-10";"71";"Demanda de Energia / Operacional";"Operacional";"10.8"
"2024-10-10";"59";"Demanda de Energia / Operacional";"Operacional";"7.4667"
"2024-10-10";"50";"Demanda de Energia / Operacional";"Operacional";"6.8167"
"2024-10-10";"51";"Demanda de Energia / Operacional";"Operacional";"6.85"
"2024-10-10";"122";"Demanda de Energia / Operacional";"Operacional";"3.8"
"2024-10-10";"24";"Demanda de Energia / Operacional";"Operacional";"0.5167"
"2024-10-11";"21";"Demanda de Energia / Operacional";"Operacional";"0.4833"
"2024-10-11";"115";"Demanda de Energia / Operacional";"Operacional";"0.5"
"2024-10-11";"21";"Demanda de Energia / Operacional";"Operacional";"3.7167"
"2024-10-11";"35";"Demanda de Energia / Operacional";"Operacional";"2.9333"
"2024-10-11";"21";"Demanda de Energia / Operacional";"Operacional";"1.85"
"2024-10-11";"110";"Demanda de Energia / Operacional";"Operacional";"2.0167"
"2024-10-14";"107";"Demanda de Energia / Operacional";"Operacional";"8.7"
"2024-10-14";"24";"Demanda de Energia / Operacional";"Operacional";"7.8"
"2024-10-14";"8";"Demanda de Energia / Operacional";"Operacional";"9.05"
"2024-10-14";"24";"Demanda de Energia / Operacional";"Operacional";"0.6667"
"2024-10-14";"38";"Demanda de Energia / Operacional";"Operacional";"0.9333"
"2024-10-14";"3";"Demanda de Energia / Operacional";"Operacional";"7.4333"
"2024-10-14";"35";"Demanda de Energia / Operacional";"Operacional";"6.3333"
"2024-10-14";"106";"Demanda de Energia / Operacional";"Operacional";"3.9833"
"2024-10-14";"59";"Demanda de Energia / Operacional";"Operacional";"1.4667"
"2024-10-15";"24";"Demanda de Energia / Operacional";"Operacional";"2.65"
"2024-10-15";"107";"Demanda de Energia / Operacional";"Operacional";"0.4"
"2024-10-15";"106";"Demanda de Energia / Operacional";"Operacional";"3.7"
"2024-10-15";"116";"Demanda de Energia / Operacional";"Operacional";"4.2667"
"2024-10-15";"116";"Demanda de Energia / Operacional";"Operacional";"1.05"
"2024-10-15";"122";"Demanda de Energia / Operacional";"Operacional";"1"
"2024-10-15";"61";"Demanda de Energia / Operacional";"Operacional";"0.5"
"2024-10-15";"38";"Demanda de Energia / Operacional";"Operacional";"2.15"
"2024-10-15";"25";"Demanda de Energia / Operacional";"Operacional";"3.4667"
"2024-10-15";"51";"Demanda de Energia / Operacional";"Operacional";"2"
"2024-10-16";"36";"Demanda de Energia / Operacional";"Operacional";"5.2167"
"2024-10-16";"47";"Demanda de Energia / Operacional";"Operacional";"1"
"2024-10-16";"47";"Demanda de Energia / Operacional";"Operacional";"0.1667"
"2024-10-16";"24";"Demanda de Energia / Operacional";"Operacional";"2.4667"
"2024-10-16";"6";"Demanda de Energia / Operacional";"Operacional";"0.35"
"2024-10-16";"3";"Demanda de Energia / Operacional";"Operacional";"3.45"
"2024-10-17";"3";"Demanda de Energia / Operacional";"Operacional";"0.2833"
"2024-10-22";"14";"Demanda de Energia / Operacional";"Operacional";"3.2"
"2024-10-22";"9";"Demanda de Energia / Operacional";"Operacional";"4.4167"
"2024-10-22";"60";"Demanda de Energia / Operacional";"Operacional";"4.1167"
"2024-10-22";"33";"Demanda de Energia / Operacional";"Operacional";"1.4"
"2024-10-22";"34";"Demanda de Energia / Operacional";"Operacional";"3.15"
"2024-10-22";"107";"Demanda de Energia / Operacional";"Operacional";"1.4"
"2024-10-22";"57";"Demanda de Energia / Operacional";"Operacional";"3.8167"
"2024-10-22";"38";"Demanda de Energia / Operacional";"Operacional";"0.05"
"2024-10-22";"125";"Demanda de Energia / Operacional";"Operacional";"2.9833"
"2024-10-22";"127";"Demanda de Energia / Operacional";"Operacional";"2.9833"
"2024-10-22";"114";"Demanda de Energia / Operacional";"Operacional";"2.9833"
"2024-10-22";"115";"Demanda de Energia / Operacional";"Operacional";"2.9833"
"2024-10-23";"38";"Demanda de Energia / Operacional";"Operacional";"0.1333"
"2024-10-23";"125";"Demanda de Energia / Operacional";"Operacional";"11.65"
"2024-10-23";"127";"Demanda de Energia / Operacional";"Operacional";"10.8833"
"2024-10-23";"114";"Demanda de Energia / Operacional";"Operacional";"7.75"
"2024-10-23";"57";"Demanda de Energia / Operacional";"Operacional";"0"
"2024-10-23";"34";"Demanda de Energia / Operacional";"Operacional";"11"
"2024-10-23";"116";"Demanda de Energia / Operacional";"Operacional";"4.9"
"2024-10-23";"125";"Demanda de Energia / Operacional";"Operacional";"4.6"
"2024-10-23";"127";"Demanda de Energia / Operacional";"Operacional";"4.6"
"2024-10-24";"21";"Demanda de Energia / Operacional";"Operacional";"2"
"2024-10-24";"27";"Demanda de Energia / Operacional";"Operacional";"1.8333"
"2024-10-24";"24";"Demanda de Energia / Operacional";"Operacional";"1.4167"
"2024-10-24";"37";"Demanda de Energia / Operacional";"Operacional";"4.3833"
"2024-10-24";"36";"Demanda de Energia / Operacional";"Operacional";"3.2167"
"2024-10-24";"38";"Demanda de Energia / Operacional";"Operacional";"1.1833"
"2024-10-24";"58";"Demanda de Energia / Operacional";"Operacional";"1.8667"
"2024-10-24";"69";"Demanda de Energia / Operacional";"Operacional";"2.1333"
"2024-10-24";"125";"Demanda de Energia / Operacional";"Operacional";"3.5833"
"2024-10-24";"59";"Demanda de Energia / Operacional";"Operacional";"1.5167"
"2024-10-24";"129";"Demanda de Energia / Operacional";"Operacional";"2.2833"
"2024-10-24";"40";"Demanda de Energia / Operacional";"Operacional";"4.2667"
"2024-10-24";"133";"Demanda de Energia / Operacional";"Operacional";"11.1167"
"2024-10-25";"122";"Demanda de Energia / Operacional";"Operacional";"4.0333"
"2024-10-25";"36";"Demanda de Energia / Operacional";"Operacional";"8.55"
"2024-10-25";"61";"Demanda de Energia / Operacional";"Operacional";"4"
"2024-10-25";"27";"Demanda de Energia / Operacional";"Operacional";"2.35"
"2024-10-28";"4";"Demanda de Energia / Operacional";"Operacional";"9.4333"
"2024-10-28";"3";"Demanda de Energia / Operacional";"Operacional";"10.1333"
"2024-10-28";"40";"Demanda de Energia / Operacional";"Operacional";"7.8"
"2024-10-28";"122";"Demanda de Energia / Operacional";"Operacional";"10.1333"
"2024-10-28";"124";"Demanda de Energia / Operacional";"Operacional";"9.9333"
"2024-10-28";"125";"Demanda de Energia / Operacional";"Operacional";"11.4667"
"2024-10-28";"127";"Demanda de Energia / Operacional";"Operacional";"9.9667"
"2024-10-28";"106";"Demanda de Energia / Operacional";"Operacional";"7.3667"
"2024-10-28";"124";"Demanda de Energia / Operacional";"Operacional";"3.5333"
"2024-10-28";"61";"Demanda de Energia / Operacional";"Operacional";"3.7333"
"2024-10-28";"47";"Demanda de Energia / Operacional";"Operacional";"1.2167"
"2024-10-28";"130";"Demanda de Energia / Operacional";"Operacional";"3.55"
"2024-10-28";"14";"Demanda de Energia / Operacional";"Operacional";"2.85"
"2024-10-28";"55";"Demanda de Energia / Operacional";"Operacional";"2.7167"
"2024-10-28";"17";"Demanda de Energia / Operacional";"Operacional";"0.2167"
"2024-10-28";"66";"Demanda de Energia / Operacional";"Operacional";"2.9833"
"2024-10-29";"17";"Demanda de Energia / Operacional";"Operacional";"0.1167"
"2024-10-29";"122";"Demanda de Energia / Operacional";"Operacional";"0.6833"
"2024-10-29";"114";"Demanda de Energia / Operacional";"Operacional";"0.3667"
"2024-10-29";"116";"Demanda de Energia / Operacional";"Operacional";"5.5167"
"2024-10-29";"55";"Demanda de Energia / Operacional";"Operacional";"6.2833"
"2024-10-29";"14";"Demanda de Energia / Operacional";"Operacional";"7.05"
"2024-10-29";"66";"Demanda de Energia / Operacional";"Operacional";"8.7833"
"2024-10-29";"14";"Demanda de Energia / Operacional";"Operacional";"2.9667"
"2024-10-29";"40";"Demanda de Energia / Operacional";"Operacional";"0.9667"
"2024-10-29";"130";"Demanda de Energia / Operacional";"Operacional";"5.2"
"2024-10-29";"124";"Demanda de Energia / Operacional";"Operacional";"3.0667"
"2024-10-29";"55";"Demanda de Energia / Operacional";"Operacional";"0"
"2024-10-29";"3";"Demanda de Energia / Operacional";"Operacional";"0.9"
"2024-10-29";"59";"Demanda de Energia / Operacional";"Operacional";"7.7167"
"2024-10-29";"46";"Demanda de Energia / Operacional";"Operacional";"2.0333"
"2024-10-29";"128";"Demanda de Energia / Operacional";"Operacional";"1.4333"
"2024-10-30";"128";"Demanda de Energia / Operacional";"Operacional";"1.9167"
"2024-10-30";"38";"Demanda de Energia / Operacional";"Operacional";"0.1667"
"2024-10-30";"38";"Demanda de Energia / Operacional";"Operacional";"3.0667"
"2024-10-30";"120";"Demanda de Energia / Operacional";"Operacional";"0.7167"
"2024-10-30";"122";"Demanda de Energia / Operacional";"Operacional";"0.1833"
"2024-10-30";"17";"Demanda de Energia / Operacional";"Operacional";"1.6333"
"2024-11-01";"61";"Demanda de Energia / Operacional";"Operacional";"0"
"2024-11-01";"24";"Demanda de Energia / Operacional";"Operacional";"1.7333"
"2024-11-01";"6";"Demanda de Energia / Operacional";"Operacional";"6.9833"
"2024-11-01";"24";"Demanda de Energia / Operacional";"Operacional";"4.7167"
"2024-11-04";"8";"Demanda de Energia / Operacional";"Operacional";"5.5667"
"2024-11-04";"8";"Demanda de Energia / Operacional";"Operacional";"2.4"
"2024-11-04";"8";"Demanda de Energia / Operacional";"Operacional";"2.9833"
"2024-11-04";"25";"Demanda de Energia / Operacional";"Operacional";"5.75"
"2024-11-04";"37";"Demanda de Energia / Operacional";"Operacional";"18"
"2024-11-04";"61";"Demanda de Energia / Operacional";"Operacional";"18"
"2024-11-05";"8";"Demanda de Energia / Operacional";"Operacional";"9.4667"
"2024-11-05";"123";"Demanda de Energia / Operacional";"Operacional";"4.6667"
"2024-11-05";"122";"Demanda de Energia / Operacional";"Operacional";"1"
"2024-11-05";"47";"Demanda de Energia / Operacional";"Operacional";"1.35"
"2024-11-05";"123";"Demanda de Energia / Operacional";"Operacional";"0.5"
"2024-11-06";"121";"Demanda de Energia / Operacional";"Operacional";"0.65"
"2024-11-06";"47";"Demanda de Energia / Operacional";"Operacional";"0.8667"
"2024-11-06";"47";"Demanda de Energia / Operacional";"Operacional";"5.9333"
"2024-11-06";"47";"Demanda de Energia / Operacional";"Operacional";"6.4833"
"2024-11-06";"43";"Demanda de Energia / Operacional";"Operacional";"0.7"
"2024-11-06";"43";"Demanda de Energia / Operacional";"Operacional";"0.4"
"2024-11-06";"43";"Demanda de Energia / Operacional";"Operacional";"0.8833"
"2024-11-06";"131";"Demanda de Energia / Operacional";"Operacional";"0.35"
"2024-11-06";"47";"Demanda de Energia / Operacional";"Operacional";"0"
"2024-11-07";"25";"Demanda de Energia / Operacional";"Operacional";"0"
"2024-11-07";"24";"Demanda de Energia / Operacional";"Operacional";"3.3"
"2024-11-07";"47";"Demanda de Energia / Operacional";"Operacional";"9.2667"
"2024-11-07";"43";"Demanda de Energia / Operacional";"Operacional";"1.4333"
"2024-11-07";"114";"Demanda de Energia / Operacional";"Operacional";"0.55"
"2024-11-08";"121";"Demanda de Energia / Operacional";"Operacional";"0.1833"
"2024-11-12";"33";"Demanda de Energia / Operacional";"Operacional";"1.6833"
"2024-11-12";"12";"Demanda de Energia / Operacional";"Operacional";"3.2833"
"2024-11-12";"125";"Demanda de Energia / Operacional";"Operacional";"5.85"
"2024-11-12";"33";"Demanda de Energia / Operacional";"Operacional";"3.8"
"2024-11-13";"33";"Demanda de Energia / Operacional";"Operacional";"0"
"2024-11-20";"127";"Demanda de Energia / Operacional";"Operacional";"0.1167"
"2024-11-20";"21";"Demanda de Energia / Operacional";"Operacional";"3.2"
"2024-11-20";"25";"Demanda de Energia / Operacional";"Operacional";"10"
"2024-11-20";"127";"Demanda de Energia / Operacional";"Operacional";"8.8667"
"2024-11-20";"107";"Demanda de Energia / Operacional";"Operacional";"8.8667"
"2024-11-20";"110";"Demanda de Energia / Operacional";"Operacional";"8.8667"
"2024-11-20";"114";"Demanda de Energia / Operacional";"Operacional";"8.8667"
"2024-11-20";"124";"Demanda de Energia / Operacional";"Operacional";"8.8667"
"2024-11-20";"125";"Demanda de Energia / Operacional";"Operacional";"8.8667"
"2024-11-20";"129";"Demanda de Energia / Operacional";"Operacional";"8.8667"
"2024-11-20";"131";"Demanda de Energia / Operacional";"Operacional";"8.8667"
"2024-11-20";"132";"Demanda de Energia / Operacional";"Operacional";"8.8667"
"2024-11-20";"133";"Demanda de Energia / Operacional";"Operacional";"8.8667"
"2024-11-20";"129";"Demanda de Energia / Operacional";"Operacional";"4.9833"
"2024-11-21";"129";"Demanda de Energia / Operacional";"Operacional";"18"
"2024-11-21";"35";"Demanda de Energia / Operacional";"Operacional";"9.6167"
"2024-11-21";"33";"Demanda de Energia / Operacional";"Operacional";"1.7167"
"2024-11-21";"14";"Demanda de Energia / Operacional";"Operacional";"4.6833"
"2024-11-22";"127";"Demanda de Energia / Operacional";"Operacional";"0.3833"
"2024-11-23";"4";"Demanda de Energia / Operacional";"Operacional";"0"
"2024-11-27";"55";"Demanda de Energia / Operacional";"Operacional";"8.1833"
"2024-11-27";"115";"Demanda de Energia / Operacional";"Operacional";"0.3"
"2024-11-27";"50";"Demanda de Energia / Operacional";"Operacional";"5.2667"
"2024-11-28";"33";"Demanda de Energia / Operacional";"Operacional";"16.7667"
"2024-11-28";"27";"Demanda de Energia / Operacional";"Operacional";"2.2"
"2024-11-28";"22";"Demanda de Energia / Operacional";"Operacional";"8.2667"
"2024-11-28";"50";"Demanda de Energia / Operacional";"Operacional";"7.0833"
"2024-11-28";"102";"Demanda de Energia / Operacional";"Operacional";"6.7"
"2024-11-28";"27";"Demanda de Energia / Operacional";"Operacional";"2.2167"
"2024-12-02";"112";"Demanda de Energia / Operacional";"Operacional";"1.5333"
"2024-12-02";"12";"Demanda de Energia / Operacional";"Operacional";"0.45"
"2024-12-02";"12";"Demanda de Energia / Operacional";"Operacional";"4.15"
"2024-12-02";"3";"Demanda de Energia / Operacional";"Operacional";"1.4167"
"2024-12-03";"21";"Demanda de Energia / Operacional";"Operacional";"18"
"2024-12-03";"6";"Demanda de Energia / Operacional";"Operacional";"6.85"
"2024-12-03";"24";"Demanda de Energia / Operacional";"Operacional";"0.3333"
"2024-12-03";"35";"Demanda de Energia / Operacional";"Operacional";"1.2167"
"2024-12-03";"24";"Demanda de Energia / Operacional";"Operacional";"1"
"2024-12-04";"24";"Demanda de Energia / Operacional";"Operacional";"18"
"2024-12-04";"36";"Demanda de Energia / Operacional";"Operacional";"18"
"2024-12-04";"62";"Demanda de Energia / Operacional";"Operacional";"11.4833"
"2024-12-04";"66";"Demanda de Energia / Operacional";"Operacional";"11"
"2024-12-04";"129";"Demanda de Energia / Operacional";"Operacional";"18"
"2024-12-04";"6";"Demanda de Energia / Operacional";"Operacional";"2.6167"
"2024-12-04";"53";"Demanda de Energia / Operacional";"Operacional";"2.2667"
"2024-12-04";"56";"Demanda de Energia / Operacional";"Operacional";"2.7167"
"2024-12-04";"102";"Demanda de Energia / Operacional";"Operacional";"1.7167"
"2024-12-04";"53";"Demanda de Energia / Operacional";"Operacional";"7.6833"
"2024-12-04";"55";"Demanda de Energia / Operacional";"Operacional";"7.1"
"2024-12-04";"33";"Demanda de Energia / Operacional";"Operacional";"2.1833"
"2024-12-04";"21";"Demanda de Energia / Operacional";"Operacional";"0.1667"
"2024-12-05";"53";"Demanda de Energia / Operacional";"Operacional";"7.15"
"2024-12-05";"33";"Demanda de Energia / Operacional";"Operacional";"18"
"2024-12-05";"21";"Demanda de Energia / Operacional";"Operacional";"15.1833"
"2024-12-05";"1";"Demanda de Energia / Operacional";"Operacional";"2.3167"
"2024-12-05";"46";"Demanda de Energia / Operacional";"Operacional";"0.4167"
"2024-12-05";"56";"Demanda de Energia / Operacional";"Operacional";"0.3"
"2024-12-05";"5";"Demanda de Energia / Operacional";"Operacional";"2.5833"
"2024-12-05";"13";"Demanda de Energia / Operacional";"Operacional";"8.8167"
"2024-12-05";"21";"Demanda de Energia / Operacional";"Operacional";"4.05"
"2024-12-05";"22";"Demanda de Energia / Operacional";"Operacional";"0.3167"
"2024-12-06";"22";"Demanda de Energia / Operacional";"Operacional";"14.3"
"2024-12-06";"21";"Demanda de Energia / Operacional";"Operacional";"3.7833"
"2024-12-06";"53";"Demanda de Energia / Operacional";"Operacional";"0.8667"
"2024-12-06";"34";"Demanda de Energia / Operacional";"Operacional";"0.5667"
"2024-12-06";"54";"Demanda de Energia / Operacional";"Operacional";"7.0667"
"2024-12-06";"24";"Demanda de Energia / Operacional";"Operacional";"0.7833"
"2024-12-06";"14";"Demanda de Energia / Operacional";"Operacional";"1.5167"
"2024-12-09";"33";"Demanda de Energia / Operacional";"Operacional";"2.1"
"2024-12-09";"45";"Demanda de Energia / Operacional";"Operacional";"4.2667"
"2024-12-09";"18";"Demanda de Energia / Operacional";"Operacional";"5.25"
"2024-12-09";"35";"Demanda de Energia / Operacional";"Operacional";"4.4333"
"2024-12-09";"116";"Demanda de Energia / Operacional";"Operacional";"1.2167"
"2024-12-09";"12";"Demanda de Energia / Operacional";"Operacional";"0.3167"
"2024-12-10";"45";"Demanda de Energia / Operacional";"Operacional";"6.5167"
"2024-12-10";"24";"Demanda de Energia / Operacional";"Operacional";"7.8667"
"2024-12-10";"44";"Demanda de Energia / Operacional";"Operacional";"7.1833"
"2024-12-11";"107";"Demanda de Energia / Operacional";"Operacional";"1.3167"
"2024-12-11";"37";"Demanda de Energia / Operacional";"Operacional";"6.3667"
"2024-12-11";"17";"Demanda de Energia / Operacional";"Operacional";"2.5"
"2024-12-11";"14";"Demanda de Energia / Operacional";"Operacional";"4.4333"
"2024-12-12";"12";"Demanda de Energia / Operacional";"Operacional";"0.5667"
"2024-12-12";"12";"Demanda de Energia / Operacional";"Operacional";"0.35"
"2024-12-12";"12";"Demanda de Energia / Operacional";"Operacional";"2.7833"
"2024-12-12";"6";"Demanda de Energia / Operacional";"Operacional";"7.0167"
"2024-12-12";"14";"Demanda de Energia / Operacional";"Operacional";"2.9667"
"2024-12-12";"27";"Demanda de Energia / Operacional";"Operacional";"10.1667"
"2024-12-12";"24";"Demanda de Energia / Operacional";"Operacional";"13.8333"
"2024-12-12";"35";"Demanda de Energia / Operacional";"Operacional";"0.9333"
"2024-12-12";"21";"Demanda de Energia / Operacional";"Operacional";"2.0167"
"2024-12-12";"35";"Demanda de Energia / Operacional";"Operacional";"2.2"
"2024-12-14";"44";"Demanda de Energia / Operacional";"Operacional";"9.1667"
"2024-12-16";"22";"Demanda de Energia / Operacional";"Operacional";"1.6833"
"2024-12-16";"35";"Demanda de Energia / Operacional";"Operacional";"9"
"2024-12-16";"114";"Demanda de Energia / Operacional";"Operacional";"2.0667"
"2024-12-17";"114";"Demanda de Energia / Operacional";"Operacional";"16.1667"
"2024-12-17";"44";"Demanda de Energia / Operacional";"Operacional";"6.35"
"2024-12-17";"24";"Demanda de Energia / Operacional";"Operacional";"16.5"
"2024-12-17";"61";"Demanda de Energia / Operacional";"Operacional";"6.9833"
"2024-12-17";"17";"Demanda de Energia / Operacional";"Operacional";"0.6"
"2024-12-17";"14";"Demanda de Energia / Operacional";"Operacional";"6.2"
"2024-12-19";"17";"Demanda de Energia / Operacional";"Operacional";"3.2667"
"2024-12-19";"42";"Demanda de Energia / Operacional";"Operacional";"3.5"
"2024-12-19";"104";"Demanda de Energia / Operacional";"Operacional";"0.1667"
"2024-12-19";"42";"Demanda de Energia / Operacional";"Operacional";"0.3167"
"2024-12-19";"44";"Demanda de Energia / Operacional";"Operacional";"1.7667"
"2024-12-19";"15";"Demanda de Energia / Operacional";"Operacional";"0.1167"
"2024-12-19";"17";"Demanda de Energia / Operacional";"Operacional";"1.8167"
"2024-12-19";"19";"Demanda de Energia / Operacional";"Operacional";"2.2"
"2024-12-19";"33";"Demanda de Energia / Operacional";"Operacional";"0.85"
"2024-12-19";"44";"Demanda de Energia / Operacional";"Operacional";"0.5333"
"2024-12-20";"44";"Demanda de Energia / Operacional";"Operacional";"0.45"
"2024-12-20";"19";"Demanda de Energia / Operacional";"Operacional";"0.4833"
"2024-12-26";"26";"Demanda de Energia / Operacional";"Operacional";"2.8667"
"2024-12-26";"36";"Demanda de Energia / Operacional";"Operacional";"2.8333"
"2024-12-26";"16";"Demanda de Energia / Operacional";"Operacional";"0.35"
"2024-12-26";"34";"Demanda de Energia / Operacional";"Operacional";"2.9833"
"2024-12-26";"3";"Demanda de Energia / Operacional";"Operacional";"2"
"2024-12-26";"11";"Demanda de Energia / Operacional";"Operacional";"0.3833"
"2024-12-27";"36";"Demanda de Energia / Operacional";"Operacional";"6.1833"
"2024-12-27";"34";"Demanda de Energia / Operacional";"Operacional";"7.4167"
"2024-12-27";"3";"Demanda de Energia / Operacional";"Operacional";"4.05"
"2024-12-27";"11";"Demanda de Energia / Operacional";"Operacional";"1.0833"
"2024-12-27";"117";"Demanda de Energia / Operacional";"Operacional";"5.6833"
"2024-12-28";"117";"Demanda de Energia / Operacional";"Operacional";"3.7833"
"2024-12-30";"102";"Demanda de Energia / Operacional";"Operacional";"2.25"
"2025-01-06";"108";"Demanda de Energia / Operacional";"Operacional";"4"
"2025-01-06";"118";"Demanda de Energia / Operacional";"Operacional";"0.65"
"2025-01-07";"30";"Demanda de Energia / Operacional";"Operacional";"2.7333"
"2025-01-07";"108";"Demanda de Energia / Operacional";"Operacional";"1.8667"
"2025-01-07";"44";"Demanda de Energia / Operacional";"Operacional";"0.55"
"2025-01-07";"44";"Demanda de Energia / Operacional";"Operacional";"0.3333"
"2025-01-08";"44";"Demanda de Energia / Operacional";"Operacional";"0.6167"
"2025-01-08";"44";"Demanda de Energia / Operacional";"Operacional";"1.3"
"2025-01-09";"44";"Demanda de Energia / Operacional";"Operacional";"0.7"
"2025-01-09";"44";"Demanda de Energia / Operacional";"Operacional";"5.15"
"2025-01-10";"43";"Demanda de Energia / Operacional";"Operacional";"2.7833"
"2025-01-11";"48";"Demanda de Energia / Operacional";"Operacional";"0.6"
"2025-01-11";"49";"Demanda de Energia / Operacional";"Operacional";"1.1333"
"2025-01-14";"43";"Demanda de Energia / Operacional";"Operacional";"1.2667"
"2025-01-14";"69";"Demanda de Energia / Operacional";"Operacional";"2.4833"
"2025-01-14";"73";"Demanda de Energia / Operacional";"Operacional";"0.6667"
"2025-01-14";"43";"Demanda de Energia / Operacional";"Operacional";"0.2667"
"2025-01-15";"43";"Demanda de Energia / Operacional";"Operacional";"0.95"
"2025-01-15";"69";"Demanda de Energia / Operacional";"Operacional";"2.8333"
"2025-01-15";"39";"Demanda de Energia / Operacional";"Operacional";"1.8"
"2025-01-15";"43";"Demanda de Energia / Operacional";"Operacional";"0.45"
"2025-01-15";"48";"Demanda de Energia / Operacional";"Operacional";"0.4"
"2025-01-15";"18";"Demanda de Energia / Operacional";"Operacional";"1.0333"
"2025-01-17";"108";"Demanda de Energia / Operacional";"Operacional";"1.0833"
"2025-01-17";"73";"Demanda de Energia / Operacional";"Operacional";"0.5"
"2025-01-18";"73";"Demanda de Energia / Operacional";"Operacional";"18"
"2025-01-21";"44";"Demanda de Energia / Operacional";"Operacional";"0.1667"
"2025-01-21";"122";"Demanda de Energia / Operacional";"Operacional";"0.5833"
"2025-01-21";"15";"Demanda de Energia / Operacional";"Operacional";"6.4667"
"2025-01-21";"17";"Demanda de Energia / Operacional";"Operacional";"4.55"
"2025-01-21";"19";"Demanda de Energia / Operacional";"Operacional";"4.7333"
"2025-01-21";"44";"Demanda de Energia / Operacional";"Operacional";"0.6"
"2025-01-21";"15";"Demanda de Energia / Operacional";"Operacional";"0.9333"
"2025-01-21";"11";"Demanda de Energia / Operacional";"Operacional";"1.1167"
"2025-01-21";"8";"Demanda de Energia / Operacional";"Operacional";"0.8167"
"2025-01-22";"19";"Demanda de Energia / Operacional";"Operacional";"2.9667"
"2025-01-22";"118";"Demanda de Energia / Operacional";"Operacional";"1.25"
"2025-01-22";"27";"Demanda de Energia / Operacional";"Operacional";"1.2833"
"2025-01-22";"8";"Demanda de Energia / Operacional";"Operacional";"3.75"
"2025-01-22";"44";"Demanda de Energia / Operacional";"Operacional";"3.1"
"2025-01-22";"122";"Demanda de Energia / Operacional";"Operacional";"0.95"
"2025-01-22";"119";"Demanda de Energia / Operacional";"Operacional";"1.9167"
"2025-01-22";"74";"Demanda de Energia / Operacional";"Operacional";"2.9333"
"2025-01-22";"103";"Demanda de Energia / Operacional";"Operacional";"7.5"
"2025-01-22";"11";"Demanda de Energia / Operacional";"Operacional";"4.2"
"2025-01-22";"23";"Demanda de Energia / Operacional";"Operacional";"2.9833"
"2025-01-22";"44";"Demanda de Energia / Operacional";"Operacional";"1.5"
"2025-01-22";"2";"Demanda de Energia / Operacional";"Operacional";"1.6833"
"2025-01-22";"20";"Demanda de Energia / Operacional";"Operacional";"1.05"
"2025-01-22";"44";"Demanda de Energia / Operacional";"Operacional";"0.3333"
"2025-01-22";"44";"Demanda de Energia / Operacional";"Operacional";"0.1333"
"2025-01-23";"44";"Demanda de Energia / Operacional";"Operacional";"0.7333"
"2025-01-23";"116";"Demanda de Energia / Operacional";"Operacional";"0.1667"
"2025-01-23";"2";"Demanda de Energia / Operacional";"Operacional";"8.9833"
"2025-01-23";"16";"Demanda de Energia / Operacional";"Operacional";"8.8667"
"2025-01-23";"116";"Demanda de Energia / Operacional";"Operacional";"1.2"
"2025-01-23";"35";"Demanda de Energia / Operacional";"Operacional";"6.4667"
"2025-01-23";"104";"Demanda de Energia / Operacional";"Operacional";"4.9667"
"2025-01-23";"116";"Demanda de Energia / Operacional";"Operacional";"1.7667"
"2025-01-23";"118";"Demanda de Energia / Operacional";"Operacional";"2.3"
"2025-01-23";"119";"Demanda de Energia / Operacional";"Operacional";"0.1"
"2025-01-24";"119";"Demanda de Energia / Operacional";"Operacional";"0.4667"
"2025-01-24";"9";"Demanda de Energia / Operacional";"Operacional";"1.1333"
"2025-01-24";"74";"Demanda de Energia / Operacional";"Operacional";"3.0167"
"2025-01-24";"109";"Demanda de Energia / Operacional";"Operacional";"2.9167"
"2025-01-24";"45";"Demanda de Energia / Operacional";"Operacional";"4.6833"
"2025-01-24";"117";"Demanda de Energia / Operacional";"Operacional";"0.2167"
"2025-01-24";"119";"Demanda de Energia / Operacional";"Operacional";"2.4833"
"2025-01-27";"119";"Demanda de Energia / Operacional";"Operacional";"0.1333"
"2025-01-27";"44";"Demanda de Energia / Operacional";"Operacional";"3.7667"
"2025-01-27";"19";"Demanda de Energia / Operacional";"Operacional";"5.7"
"2025-01-27";"53";"Demanda de Energia / Operacional";"Operacional";"6.8833"
"2025-01-27";"27";"Demanda de Energia / Operacional";"Operacional";"0.4333"
"2025-01-27";"19";"Demanda de Energia / Operacional";"Operacional";"1.0833"
"2025-01-27";"44";"Demanda de Energia / Operacional";"Operacional";"6.4333"
"2025-01-27";"37";"Demanda de Energia / Operacional";"Operacional";"0.2167"
"2025-01-28";"44";"Demanda de Energia / Operacional";"Operacional";"0.1333"
"2025-01-28";"44";"Demanda de Energia / Operacional";"Operacional";"1.9833"
"2025-01-28";"22";"Demanda de Energia / Operacional";"Operacional";"0.5"
"2025-01-28";"44";"Demanda de Energia / Operacional";"Operacional";"0.9667"
"2025-01-28";"117";"Demanda de Energia / Operacional";"Operacional";"3.15"
"2025-01-28";"22";"Demanda de Energia / Operacional";"Operacional";"2.15"
"2025-01-28";"49";"Demanda de Energia / Operacional";"Operacional";"1.8333"
"2025-01-28";"20";"Demanda de Energia / Operacional";"Operacional";"6.4667"
"2025-01-28";"44";"Demanda de Energia / Operacional";"Operacional";"0.9333"
"2025-01-28";"12";"Demanda de Energia / Operacional";"Operacional";"3.4667"
"2025-01-28";"17";"Demanda de Energia / Operacional";"Operacional";"0.8167"
"2025-01-28";"19";"Demanda de Energia / Operacional";"Operacional";"0.45"
"2025-01-28";"21";"Demanda de Energia / Operacional";"Operacional";"1.4"
"2025-01-29";"21";"Demanda de Energia / Operacional";"Operacional";"0.5833"
"2025-01-29";"114";"Demanda de Energia / Operacional";"Operacional";"2.3833"
"2025-01-29";"21";"Demanda de Energia / Operacional";"Operacional";"11.1333"
"2025-01-29";"22";"Demanda de Energia / Operacional";"Operacional";"2.1333"
"2025-01-29";"22";"Demanda de Energia / Operacional";"Operacional";"0.9"
"2025-01-29";"53";"Demanda de Energia / Operacional";"Operacional";"3.4667"
"2025-01-30";"116";"Demanda de Energia / Operacional";"Operacional";"0.85"
"2025-01-30";"117";"Demanda de Energia / Operacional";"Operacional";"0.25"
"2025-01-31";"39";"Demanda de Energia / Operacional";"Operacional";"0.7"
"2025-01-31";"116";"Demanda de Energia / Operacional";"Operacional";"4.0167"
"2025-02-03";"16";"Demanda de Energia / Operacional";"Operacional";"2.5167"
"2025-02-03";"51";"Demanda de Energia / Operacional";"Operacional";"1.15"
"2025-02-03";"22";"Demanda de Energia / Operacional";"Operacional";"1.1833"
"2025-02-03";"24";"Demanda de Energia / Operacional";"Operacional";"1.8667"
"2025-02-04";"24";"Demanda de Energia / Operacional";"Operacional";"8.8333"
"2025-02-04";"56";"Demanda de Energia / Operacional";"Operacional";"16.2167"
"2025-02-04";"120";"Demanda de Energia / Operacional";"Operacional";"0.4"
"2025-02-04";"18";"Demanda de Energia / Operacional";"Operacional";"3.5"
"2025-02-04";"121";"Demanda de Energia / Operacional";"Operacional";"0.8333"
"2025-02-04";"18";"Demanda de Energia / Operacional";"Operacional";"1.8333"
"2025-02-04";"44";"Demanda de Energia / Operacional";"Operacional";"1.0667"
"2025-02-04";"44";"Demanda de Energia / Operacional";"Operacional";"0.5833"
"2025-02-04";"44";"Demanda de Energia / Operacional";"Operacional";"1.0833"
"2025-02-04";"119";"Demanda de Energia / Operacional";"Operacional";"0.5167"
"2025-02-04";"44";"Demanda de Energia / Operacional";"Operacional";"0.8667"
"2025-02-04";"59";"Demanda de Energia / Operacional";"Operacional";"8.3667"
"2025-02-05";"122";"Demanda de Energia / Operacional";"Operacional";"1.6167"
"2025-02-05";"116";"Demanda de Energia / Operacional";"Operacional";"0.75"
"2025-02-05";"24";"Demanda de Energia / Operacional";"Operacional";"1.3167"
"2025-02-05";"121";"Demanda de Energia / Operacional";"Operacional";"0.8"
"2025-02-05";"24";"Demanda de Energia / Operacional";"Operacional";"0.3"
"2025-02-05";"21";"Demanda de Energia / Operacional";"Operacional";"0.5167"
"2025-02-05";"18";"Demanda de Energia / Operacional";"Operacional";"1.7"
"2025-02-05";"51";"Demanda de Energia / Operacional";"Operacional";"0.8"
"2025-02-05";"121";"Demanda de Energia / Operacional";"Operacional";"0.3667"
"2025-02-05";"120";"Demanda de Energia / Operacional";"Operacional";"0.45"
"2025-02-06";"24";"Demanda de Energia / Operacional";"Operacional";"5.45"
"2025-02-06";"121";"Demanda de Energia / Operacional";"Operacional";"0.9333"
"2025-02-07";"9";"Demanda de Energia / Operacional";"Operacional";"1.1833"
"2025-02-07";"19";"Demanda de Energia / Operacional";"Operacional";"2.4333"
"2025-02-07";"17";"Demanda de Energia / Operacional";"Operacional";"2.2167"
"2025-02-07";"53";"Demanda de Energia / Operacional";"Operacional";"1.6333"
"2025-02-08";"8";"Demanda de Energia / Operacional";"Operacional";"0.8333"
"2025-02-11";"121";"Demanda de Energia / Operacional";"Operacional";"0.7667"
"2025-02-11";"19";"Demanda de Energia / Operacional";"Operacional";"15"
"2025-02-11";"120";"Demanda de Energia / Operacional";"Operacional";"6.6833"
"2025-02-11";"39";"Demanda de Energia / Operacional";"Operacional";"2.05"
"2025-02-11";"123";"Demanda de Energia / Operacional";"Operacional";"0.4333"
"2025-02-11";"23";"Demanda de Energia / Operacional";"Operacional";"1.3333"
"2025-02-11";"18";"Demanda de Energia / Operacional";"Operacional";"2.3667"
"2025-02-11";"123";"Demanda de Energia / Operacional";"Operacional";"0.55"
"2025-02-11";"123";"Demanda de Energia / Operacional";"Operacional";"0.3167"
"2025-02-11";"31";"Demanda de Energia / Operacional";"Operacional";"1.6333"
"2025-02-11";"120";"Demanda de Energia / Operacional";"Operacional";"4.3833"
"2025-02-11";"118";"Demanda de Energia / Operacional";"Operacional";"1.0833"
"2025-02-12";"118";"Demanda de Energia / Operacional";"Operacional";"1.55"
"2025-02-12";"49";"Demanda de Energia / Operacional";"Operacional";"1.7167"
"2025-02-12";"123";"Demanda de Energia / Operacional";"Operacional";"0.7167"
"2025-02-12";"44";"Demanda de Energia / Operacional";"Operacional";"1.9667"
"2025-02-12";"121";"Demanda de Energia / Operacional";"Operacional";"3.1167"
"2025-02-12";"102";"Demanda de Energia / Operacional";"Operacional";"7.7333"
"2025-02-12";"51";"Demanda de Energia / Operacional";"Operacional";"11.0833"
"2025-02-12";"117";"Demanda de Energia / Operacional";"Operacional";"0.4"
"2025-02-12";"19";"Demanda de Energia / Operacional";"Operacional";"1.1333"
"2025-02-12";"118";"Demanda de Energia / Operacional";"Operacional";"0.2667"
"2025-02-12";"4";"Demanda de Energia / Operacional";"Operacional";"2.9"
"2025-02-12";"44";"Demanda de Energia / Operacional";"Operacional";"0.5333"
"2025-02-12";"44";"Demanda de Energia / Operacional";"Operacional";"0.55"
"2025-02-12";"23";"Demanda de Energia / Operacional";"Operacional";"2.1833"
"2025-02-12";"9";"Demanda de Energia / Operacional";"Operacional";"0"
"2025-02-13";"23";"Demanda de Energia / Operacional";"Operacional";"0.6167"
"2025-02-13";"17";"Demanda de Energia / Operacional";"Operacional";"5.7833"
"2025-02-13";"5";"Demanda de Energia / Operacional";"Operacional";"1.1167"
"2025-02-13";"50";"Demanda de Energia / Operacional";"Operacional";"13.4833"
"2025-02-13";"121";"Demanda de Energia / Operacional";"Operacional";"0.9333"
"2025-02-13";"9";"Demanda de Energia / Operacional";"Operacional";"0.6"
"2025-02-13";"62";"Demanda de Energia / Operacional";"Operacional";"2.4833"
"2025-02-13";"5";"Demanda de Energia / Operacional";"Operacional";"4.25"
"2025-02-13";"19";"Demanda de Energia / Operacional";"Operacional";"4.35"
"2025-02-13";"44";"Demanda de Energia / Operacional";"Operacional";"0.3167"
"2025-02-13";"122";"Demanda de Energia / Operacional";"Operacional";"0.4"
"2025-02-13";"17";"Demanda de Energia / Operacional";"Operacional";"0.4333"
"2025-02-13";"3";"Demanda de Energia / Operacional";"Operacional";"2.2333"
"2025-02-13";"123";"Demanda de Energia / Operacional";"Operacional";"0.9667"
"2025-02-14";"123";"Demanda de Energia / Operacional";"Operacional";"0.65"
"2025-02-14";"114";"Demanda de Energia / Operacional";"Operacional";"1.2833"
"2025-02-14";"120";"Demanda de Energia / Operacional";"Operacional";"0.4333"
"2025-02-14";"4";"Demanda de Energia / Operacional";"Operacional";"5.7833"
"2025-02-14";"120";"Demanda de Energia / Operacional";"Operacional";"1.3167"
"2025-02-14";"123";"Demanda de Energia / Operacional";"Operacional";"0.8667"
"2025-02-14";"53";"Demanda de Energia / Operacional";"Operacional";"0.6"
"2025-02-14";"17";"Demanda de Energia / Operacional";"Operacional";"2.3167"
"2025-02-15";"9";"Demanda de Energia / Operacional";"Operacional";"3.6"
"2025-02-15";"4";"Demanda de Energia / Operacional";"Operacional";"0.4"
"2025-02-17";"44";"Demanda de Energia / Operacional";"Operacional";"1.5333"
"2025-02-17";"48";"Demanda de Energia / Operacional";"Operacional";"4.3667"
"2025-02-17";"53";"Demanda de Energia / Operacional";"Operacional";"8.1667"
"2025-02-17";"17";"Demanda de Energia / Operacional";"Operacional";"3.3"
"2025-02-17";"23";"Demanda de Energia / Operacional";"Operacional";"5.2833"
"2025-02-17";"17";"Demanda de Energia / Operacional";"Operacional";"4.7667"
"2025-02-17";"117";"Demanda de Energia / Operacional";"Operacional";"0.4333"
"2025-02-17";"123";"Demanda de Energia / Operacional";"Operacional";"0.4"
"2025-02-17";"43";"Demanda de Energia / Operacional";"Operacional";"2.55"
"2025-02-17";"48";"Demanda de Energia / Operacional";"Operacional";"6.25"
"2025-02-18";"114";"Demanda de Energia / Operacional";"Operacional";"0.9333"
"2025-02-18";"130";"Demanda de Energia / Operacional";"Operacional";"1.4167"
"2025-02-18";"4";"Demanda de Energia / Operacional";"Operacional";"0.7833"
"2025-02-18";"130";"Demanda de Energia / Operacional";"Operacional";"0.9333"
"2025-02-18";"48";"Demanda de Energia / Operacional";"Operacional";"1.3833"
"2025-02-18";"120";"Demanda de Energia / Operacional";"Operacional";"2.5667"
"2025-02-18";"44";"Demanda de Energia / Operacional";"Operacional";"5.5167"
"2025-02-18";"17";"Demanda de Energia / Operacional";"Operacional";"0.8"
"2025-02-18";"117";"Demanda de Energia / Operacional";"Operacional";"0.55"
"2025-02-18";"4";"Demanda de Energia / Operacional";"Operacional";"1.9333"
"2025-02-18";"53";"Demanda de Energia / Operacional";"Operacional";"8.8833"
"2025-02-18";"54";"Demanda de Energia / Operacional";"Operacional";"8.8833"
"2025-02-18";"118";"Demanda de Energia / Operacional";"Operacional";"0.8"
"2025-02-18";"123";"Demanda de Energia / Operacional";"Operacional";"0.8333"
"2025-02-18";"4";"Demanda de Energia / Operacional";"Operacional";"4.1167"
"2025-02-18";"118";"Demanda de Energia / Operacional";"Operacional";"0.2167"
"2025-02-19";"109";"Demanda de Energia / Operacional";"Operacional";"4.75"
"2025-02-19";"120";"Demanda de Energia / Operacional";"Operacional";"2.0833"
"2025-02-19";"21";"Demanda de Energia / Operacional";"Operacional";"0.5"
"2025-02-19";"53";"Demanda de Energia / Operacional";"Operacional";"0.4167"
"2025-02-19";"49";"Demanda de Energia / Operacional";"Operacional";"1.6"
"2025-02-19";"118";"Demanda de Energia / Operacional";"Operacional";"0.5667"
"2025-02-19";"30";"Demanda de Energia / Operacional";"Operacional";"1.85"
"2025-02-19";"53";"Demanda de Energia / Operacional";"Operacional";"1.6"
"2025-02-19";"19";"Demanda de Energia / Operacional";"Operacional";"6.4333"
"2025-02-19";"48";"Demanda de Energia / Operacional";"Operacional";"0.55"
"2025-02-20";"114";"Demanda de Energia / Operacional";"Operacional";"0.9167"
"2025-02-20";"117";"Demanda de Energia / Operacional";"Operacional";"0.3667"
"2025-02-20";"120";"Demanda de Energia / Operacional";"Operacional";"0.55"
"2025-02-20";"73";"Demanda de Energia / Operacional";"Operacional";"8.9333"
"2025-02-20";"26";"Demanda de Energia / Operacional";"Operacional";"5.4667"
"2025-02-20";"49";"Demanda de Energia / Operacional";"Operacional";"0.85"
"2025-02-20";"17";"Demanda de Energia / Operacional";"Operacional";"8.5833"
"2025-02-21";"17";"Demanda de Energia / Operacional";"Operacional";"1.3333"
"2025-02-21";"19";"Demanda de Energia / Operacional";"Operacional";"0.4333"
"2025-02-21";"19";"Demanda de Energia / Operacional";"Operacional";"4.2333"
"2025-02-21";"44";"Demanda de Energia / Operacional";"Operacional";"0.2167"
"2025-02-21";"44";"Demanda de Energia / Operacional";"Operacional";"1.45"
"2025-02-21";"48";"Demanda de Energia / Operacional";"Operacional";"4.4"
"2025-02-21";"38";"Demanda de Energia / Operacional";"Operacional";"0.1833"
"2025-02-21";"44";"Demanda de Energia / Operacional";"Operacional";"1.5167"
"2025-02-21";"120";"Demanda de Energia / Operacional";"Operacional";"1.8167"
"2025-02-21";"31";"Demanda de Energia / Operacional";"Operacional";"1.4833"
"2025-02-21";"118";"Demanda de Energia / Operacional";"Operacional";"0.1667"
"2025-02-21";"118";"Demanda de Energia / Operacional";"Operacional";"3.5167"
"2025-02-21";"123";"Demanda de Energia / Operacional";"Operacional";"1.55"
"2025-02-21";"30";"Demanda de Energia / Operacional";"Operacional";"2.3"
"2025-02-21";"31";"Demanda de Energia / Operacional";"Operacional";"5.3333"
"2025-02-21";"38";"Demanda de Energia / Operacional";"Operacional";"1.2167"
"2025-02-24";"44";"Demanda de Energia / Operacional";"Operacional";"4.65"
"2025-02-24";"5";"Demanda de Energia / Operacional";"Operacional";"6.1167"
"2025-02-24";"119";"Demanda de Energia / Operacional";"Operacional";"0.3"
"2025-02-24";"124";"Demanda de Energia / Operacional";"Operacional";"8.15"
"2025-02-24";"57";"Demanda de Energia / Operacional";"Operacional";"2.1"
"2025-02-24";"120";"Demanda de Energia / Operacional";"Operacional";"3.4"
"2025-02-24";"104";"Demanda de Energia / Operacional";"Operacional";"1.2667"
"2025-02-24";"116";"Demanda de Energia / Operacional";"Operacional";"1.4"
"2025-02-25";"44";"Demanda de Energia / Operacional";"Operacional";"3.8667"
"2025-02-25";"49";"Demanda de Energia / Operacional";"Operacional";"0.15"
"2025-02-25";"108";"Demanda de Energia / Operacional";"Operacional";"5.95"
"2025-02-25";"119";"Demanda de Energia / Operacional";"Operacional";"2.4667"
"2025-02-25";"6";"Demanda de Energia / Operacional";"Operacional";"1.65"
"2025-02-25";"31";"Demanda de Energia / Operacional";"Operacional";"2"
"2025-02-25";"3";"Demanda de Energia / Operacional";"Operacional";"3.3667"
"2025-02-25";"120";"Demanda de Energia / Operacional";"Operacional";"0.8667"
"2025-02-25";"3";"Demanda de Energia / Operacional";"Operacional";"1.9833"
"2025-02-25";"119";"Demanda de Energia / Operacional";"Operacional";"2.1833"
"2025-02-25";"118";"Demanda de Energia / Operacional";"Operacional";"0.1167"
"2025-02-26";"122";"Demanda de Energia / Operacional";"Operacional";"4.5667"
"2025-02-26";"49";"Demanda de Energia / Operacional";"Operacional";"0.85"
"2025-02-26";"43";"Demanda de Energia / Operacional";"Operacional";"3.5167"
"2025-02-26";"49";"Demanda de Energia / Operacional";"Operacional";"5.0667"
"2025-02-26";"119";"Demanda de Energia / Operacional";"Operacional";"0.7167"
"2025-02-26";"49";"Demanda de Energia / Operacional";"Operacional";"0.8833"
"2025-02-26";"24";"Demanda de Energia / Operacional";"Operacional";"9.4167"
"2025-02-26";"116";"Demanda de Energia / Operacional";"Operacional";"5.6167"
"2025-02-26";"117";"Demanda de Energia / Operacional";"Operacional";"4.4667"
"2025-02-26";"122";"Demanda de Energia / Operacional";"Operacional";"2.7833"
"2025-02-26";"121";"Demanda de Energia / Operacional";"Operacional";"5.75"
"2025-02-26";"48";"Demanda de Energia / Operacional";"Operacional";"1.1"
"2025-02-26";"119";"Demanda de Energia / Operacional";"Operacional";"0.1833"
"2025-02-27";"48";"Demanda de Energia / Operacional";"Operacional";"1.6"
"2025-02-27";"119";"Demanda de Energia / Operacional";"Operacional";"0.4833"
"2025-02-27";"45";"Demanda de Energia / Operacional";"Operacional";"7.75"
"2025-02-27";"47";"Demanda de Energia / Operacional";"Operacional";"3.35"
"2025-02-27";"46";"Demanda de Energia / Operacional";"Operacional";"4.8833"
"2025-02-27";"118";"Demanda de Energia / Operacional";"Operacional";"2.7333"
"2025-02-27";"119";"Demanda de Energia / Operacional";"Operacional";"1.3833"
"2025-02-27";"24";"Demanda de Energia / Operacional";"Operacional";"4.4333"
"2025-02-27";"121";"Demanda de Energia / Operacional";"Operacional";"1.05"
"2025-02-27";"109";"Demanda de Energia / Operacional";"Operacional";"4.25"
"2025-02-27";"47";"Demanda de Energia / Operacional";"Operacional";"3.7833"
"2025-02-27";"46";"Demanda de Energia / Operacional";"Operacional";"3.2667"
"2025-02-27";"45";"Demanda de Energia / Operacional";"Operacional";"3.2667"
"2025-02-27";"27";"Demanda de Energia / Operacional";"Operacional";"4.2333"
"2025-02-27";"120";"Demanda de Energia / Operacional";"Operacional";"5.05"
"2025-02-27";"37";"Demanda de Energia / Operacional";"Operacional";"0"
"2025-02-28";"37";"Demanda de Energia / Operacional";"Operacional";"0.8"
"2025-02-28";"24";"Demanda de Energia / Operacional";"Operacional";"1.3333"
"2025-02-28";"3";"Demanda de Energia / Operacional";"Operacional";"8.9333"
"2025-02-28";"5";"Demanda de Energia / Operacional";"Operacional";"4.2833"
"2025-02-28";"121";"Demanda de Energia / Operacional";"Operacional";"1.2333"
"2025-02-28";"21";"Demanda de Energia / Operacional";"Operacional";"2.7167"
"2025-02-28";"49";"Demanda de Energia / Operacional";"Operacional";"0.7"
"2025-02-28";"37";"Demanda de Energia / Operacional";"Operacional";"2.1"
"2025-02-28";"49";"Demanda de Energia / Operacional";"Operacional";"0.6333"
"2025-02-28";"49";"Demanda de Energia / Operacional";"Operacional";"1.3667"
"2025-02-28";"49";"Demanda de Energia / Operacional";"Operacional";"0.75"
"2025-02-28";"117";"Demanda de Energia / Operacional";"Operacional";"6.9"
"2025-02-28";"123";"Demanda de Energia / Operacional";"Operacional";"0.7333"
"2025-02-28";"49";"Demanda de Energia / Operacional";"Operacional";"5.2833"
"2025-02-28";"120";"Demanda de Energia / Operacional";"Operacional";"0.35"
"2025-03-01";"119";"Demanda de Energia / Operacional";"Operacional";"0.3667"
"2025-03-04";"48";"Demanda de Energia / Operacional";"Operacional";"2.95"
"2025-03-04";"47";"Demanda de Energia / Operacional";"Operacional";"3.1833"
"2025-03-04";"52";"Demanda de Energia / Operacional";"Operacional";"3.8"
"2025-03-04";"120";"Demanda de Energia / Operacional";"Operacional";"1.4833"
"2025-03-04";"3";"Demanda de Energia / Operacional";"Operacional";"8.35"
"2025-03-04";"48";"Demanda de Energia / Operacional";"Operacional";"1.3833"
"2025-03-05";"122";"Demanda de Energia / Operacional";"Operacional";"0.4833"
"2025-03-05";"35";"Demanda de Energia / Operacional";"Operacional";"1.4"
"2025-03-05";"54";"Demanda de Energia / Operacional";"Operacional";"3.7167"
"2025-03-05";"35";"Demanda de Energia / Operacional";"Operacional";"6.1167"
"2025-03-05";"120";"Demanda de Energia / Operacional";"Operacional";"1.7333"
"2025-03-05";"65";"Demanda de Energia / Operacional";"Operacional";"4.7"
"2025-03-05";"120";"Demanda de Energia / Operacional";"Operacional";"0.1833"
"2025-03-05";"120";"Demanda de Energia / Operacional";"Operacional";"1.2"
"2025-03-05";"24";"Demanda de Energia / Operacional";"Operacional";"1.2667"
"2025-03-05";"123";"Demanda de Energia / Operacional";"Operacional";"0.2833"
"2025-03-05";"118";"Demanda de Energia / Operacional";"Operacional";"0.25"
"2025-03-06";"110";"Demanda de Energia / Operacional";"Operacional";"5.8667"
"2025-03-06";"117";"Demanda de Energia / Operacional";"Operacional";"2.3333"
"2025-03-06";"29";"Demanda de Energia / Operacional";"Operacional";"8.25"
"2025-03-07";"118";"Demanda de Energia / Operacional";"Operacional";"0.3333"
"2025-03-07";"114";"Demanda de Energia / Operacional";"Operacional";"0.2833"
"2025-03-07";"119";"Demanda de Energia / Operacional";"Operacional";"1.7667"
"2025-03-07";"105";"Demanda de Energia / Operacional";"Operacional";"0.5167"
"2025-03-07";"24";"Demanda de Energia / Operacional";"Operacional";"4.0667"
"2025-03-07";"44";"Demanda de Energia / Operacional";"Operacional";"0.5833"
"2025-03-07";"19";"Demanda de Energia / Operacional";"Operacional";"2.1333"
"2025-03-07";"105";"Demanda de Energia / Operacional";"Operacional";"2.4333"
"2025-03-07";"49";"Demanda de Energia / Operacional";"Operacional";"1"
"2025-03-07";"44";"Demanda de Energia / Operacional";"Operacional";"1.2"
"2025-03-07";"35";"Demanda de Energia / Operacional";"Operacional";"3.35"
"2025-03-07";"70";"Demanda de Energia / Operacional";"Operacional";"8.65"
"2025-03-07";"25";"Demanda de Energia / Operacional";"Operacional";"11.45"
"2025-03-07";"110";"Demanda de Energia / Operacional";"Operacional";"4.3833"
"2025-03-08";"123";"Demanda de Energia / Operacional";"Operacional";"0.4833"
"2025-03-08";"117";"Demanda de Energia / Operacional";"Operacional";"0.2167"
"2025-03-10";"118";"Demanda de Energia / Operacional";"Operacional";"0.5"
"2025-03-10";"115";"Demanda de Energia / Operacional";"Operacional";"1.65"
"2025-03-11";"105";"Demanda de Energia / Operacional";"Operacional";"4.05"
"2025-03-11";"106";"Demanda de Energia / Operacional";"Operacional";"4.05"
"2025-03-11";"109";"Demanda de Energia / Operacional";"Operacional";"4.05"
"2025-03-11";"112";"Demanda de Energia / Operacional";"Operacional";"4.05"
"2025-03-11";"117";"Demanda de Energia / Operacional";"Operacional";"4.05"
"2025-03-11";"120";"Demanda de Energia / Operacional";"Operacional";"4.05"
"2025-03-11";"123";"Demanda de Energia / Operacional";"Operacional";"4.05"
"2025-03-11";"115";"Demanda de Energia / Operacional";"Operacional";"10.9667"
"2025-03-11";"41";"Demanda de Energia / Operacional";"Operacional";"6.2333"
"2025-03-11";"37";"Demanda de Energia / Operacional";"Operacional";"0.9167"
"2025-03-11";"21";"Demanda de Energia / Operacional";"Operacional";"2.15"
"2025-03-11";"26";"Demanda de Energia / Operacional";"Operacional";"2.6"
"2025-03-11";"24";"Demanda de Energia / Operacional";"Operacional";"7.0333"
"2025-03-11";"106";"Demanda de Energia / Operacional";"Operacional";"1.9333"
"2025-03-11";"26";"Demanda de Energia / Operacional";"Operacional";"3.4"
"2025-03-11";"48";"Demanda de Energia / Operacional";"Operacional";"4.8167"
"2025-03-11";"47";"Demanda de Energia / Operacional";"Operacional";"1.4"
"2025-03-11";"120";"Demanda de Energia / Operacional";"Operacional";"1.6333"
"2025-03-11";"109";"Demanda de Energia / Operacional";"Operacional";"3.7333"
"2025-03-11";"30";"Demanda de Energia / Operacional";"Operacional";"3.1"
"2025-03-11";"32";"Demanda de Energia / Operacional";"Operacional";"3.0167"
"2025-03-11";"33";"Demanda de Energia / Operacional";"Operacional";"3.2333"
"2025-03-11";"34";"Demanda de Energia / Operacional";"Operacional";"3.1833"
"2025-03-11";"16";"Demanda de Energia / Operacional";"Operacional";"0.7"
"2025-03-11";"16";"Demanda de Energia / Operacional";"Operacional";"1.6833"
"2025-03-11";"52";"Demanda de Energia / Operacional";"Operacional";"3.4"
"2025-03-11";"118";"Demanda de Energia / Operacional";"Operacional";"0.3167"
"2025-03-11";"36";"Demanda de Energia / Operacional";"Operacional";"2.5667"
"2025-03-12";"122";"Demanda de Energia / Operacional";"Operacional";"0.75"
"2025-03-12";"65";"Demanda de Energia / Operacional";"Operacional";"2.8167"
"2025-03-12";"55";"Demanda de Energia / Operacional";"Operacional";"16.15"
"2025-03-12";"118";"Demanda de Energia / Operacional";"Operacional";"0.0667"
"2025-03-12";"37";"Demanda de Energia / Operacional";"Operacional";"5.85"
"2025-03-12";"36";"Demanda de Energia / Operacional";"Operacional";"8.8833"
"2025-03-12";"16";"Demanda de Energia / Operacional";"Operacional";"2.4833"
"2025-03-12";"44";"Demanda de Energia / Operacional";"Operacional";"0.9167"
"2025-03-12";"16";"Demanda de Energia / Operacional";"Operacional";"1"
"2025-03-12";"52";"Demanda de Energia / Operacional";"Operacional";"1.75"
"2025-03-12";"116";"Demanda de Energia / Operacional";"Operacional";"1.35"
"2025-03-12";"120";"Demanda de Energia / Operacional";"Operacional";"2.3"
"2025-03-12";"44";"Demanda de Energia / Operacional";"Operacional";"2.2333"
"2025-03-12";"44";"Demanda de Energia / Operacional";"Operacional";"1.3333"
"2025-03-12";"36";"Demanda de Energia / Operacional";"Operacional";"6.1833"
"2025-03-12";"119";"Demanda de Energia / Operacional";"Operacional";"4.75"
"2025-03-12";"65";"Demanda de Energia / Operacional";"Operacional";"0.9167"
"2025-03-13";"65";"Demanda de Energia / Operacional";"Operacional";"0.1833"
"2025-03-13";"102";"Demanda de Energia / Operacional";"Operacional";"12.65"
"2025-03-13";"65";"Demanda de Energia / Operacional";"Operacional";"2.9667"
"2025-03-13";"35";"Demanda de Energia / Operacional";"Operacional";"3.9833"
"2025-03-13";"16";"Demanda de Energia / Operacional";"Operacional";"4.95"
"2025-03-13";"55";"Demanda de Energia / Operacional";"Operacional";"2.5667"
"2025-03-13";"120";"Demanda de Energia / Operacional";"Operacional";"0.3167"
"2025-03-13";"44";"Demanda de Energia / Operacional";"Operacional";"3.9333"
"2025-03-13";"17";"Demanda de Energia / Operacional";"Operacional";"2.4"
"2025-03-13";"32";"Demanda de Energia / Operacional";"Operacional";"12.0333"
"2025-03-13";"31";"Demanda de Energia / Operacional";"Operacional";"6.65"
"2025-03-13";"17";"Demanda de Energia / Operacional";"Operacional";"2.35"
"2025-03-13";"34";"Demanda de Energia / Operacional";"Operacional";"6.9833"
"2025-03-13";"36";"Demanda de Energia / Operacional";"Operacional";"1.9833"
"2025-03-13";"23";"Demanda de Energia / Operacional";"Operacional";"5.05"
"2025-03-13";"26";"Demanda de Energia / Operacional";"Operacional";"5.4"
"2025-03-13";"119";"Demanda de Energia / Operacional";"Operacional";"1.1"
"2025-03-13";"120";"Demanda de Energia / Operacional";"Operacional";"1.1333"
"2025-03-14";"114";"Demanda de Energia / Operacional";"Operacional";"0.2833"
"2025-03-14";"36";"Demanda de Energia / Operacional";"Operacional";"0.7"
"2025-03-14";"118";"Demanda de Energia / Operacional";"Operacional";"0.5"
"2025-03-14";"17";"Demanda de Energia / Operacional";"Operacional";"4.3833"
"2025-03-14";"15";"Demanda de Energia / Operacional";"Operacional";"4.3167"
"2025-03-14";"35";"Demanda de Energia / Operacional";"Operacional";"4.4333"
"2025-03-14";"22";"Demanda de Energia / Operacional";"Operacional";"11.3667"
"2025-03-14";"36";"Demanda de Energia / Operacional";"Operacional";"3.2333"
"2025-03-14";"30";"Demanda de Energia / Operacional";"Operacional";"8.8"
"2025-03-14";"31";"Demanda de Energia / Operacional";"Operacional";"8.5833"
"2025-03-14";"33";"Demanda de Energia / Operacional";"Operacional";"8.5833"
"2025-03-14";"120";"Demanda de Energia / Operacional";"Operacional";"1.2667"
"2025-03-14";"44";"Demanda de Energia / Operacional";"Operacional";"0.6833"
"2025-03-14";"34";"Demanda de Energia / Operacional";"Operacional";"5.0333"
"2025-03-14";"44";"Demanda de Energia / Operacional";"Operacional";"1.5333"
"2025-03-14";"48";"Demanda de Energia / Operacional";"Operacional";"6.5"
"2025-03-14";"33";"Demanda de Energia / Operacional";"Operacional";"4.5833"
"2025-03-14";"116";"Demanda de Energia / Operacional";"Operacional";"0.65"
"2025-03-14";"126";"Demanda de Energia / Operacional";"Operacional";"0.3"
"2025-03-15";"120";"Demanda de Energia / Operacional";"Operacional";"0.1"
"2025-03-17";"119";"Demanda de Energia / Operacional";"Operacional";"4.85"
"2025-03-17";"3";"Demanda de Energia / Operacional";"Operacional";"1.2167"
"2025-03-17";"48";"Demanda de Energia / Operacional";"Operacional";"0.55"
"2025-03-17";"6";"Demanda de Energia / Operacional";"Operacional";"1.2667"
"2025-03-17";"63";"Demanda de Energia / Operacional";"Operacional";"1.15"
"2025-03-17";"112";"Demanda de Energia / Operacional";"Operacional";"0.7333"
"2025-03-17";"3";"Demanda de Energia / Operacional";"Operacional";"0.2167"
"2025-03-18";"3";"Demanda de Energia / Operacional";"Operacional";"2.6667"
"2025-03-18";"112";"Demanda de Energia / Operacional";"Operacional";"2.6667"
"2025-03-18";"44";"Demanda de Energia / Operacional";"Operacional";"0.2"
"2025-03-18";"117";"Demanda de Energia / Operacional";"Operacional";"0.3167"
"2025-03-18";"3";"Demanda de Energia / Operacional";"Operacional";"5.0333"
"2025-03-18";"47";"Demanda de Energia / Operacional";"Operacional";"10.7833"
"2025-03-18";"5";"Demanda de Energia / Operacional";"Operacional";"3.1333"
"2025-03-18";"33";"Demanda de Energia / Operacional";"Operacional";"3.8833"
"2025-03-18";"63";"Demanda de Energia / Operacional";"Operacional";"2.8167"
"2025-03-18";"26";"Demanda de Energia / Operacional";"Operacional";"9.5667"
"2025-03-18";"27";"Demanda de Energia / Operacional";"Operacional";"5.7833"
"2025-03-18";"30";"Demanda de Energia / Operacional";"Operacional";"9.2333"
"2025-03-18";"25";"Demanda de Energia / Operacional";"Operacional";"8.2"
"2025-03-18";"33";"Demanda de Energia / Operacional";"Operacional";"9.3833"
"2025-03-18";"44";"Demanda de Energia / Operacional";"Operacional";"5.1"
"2025-03-18";"49";"Demanda de Energia / Operacional";"Operacional";"4.5667"
"2025-03-18";"38";"Demanda de Energia / Operacional";"Operacional";"4.3667"
"2025-03-18";"44";"Demanda de Energia / Operacional";"Operacional";"1.7333"
"2025-03-18";"29";"Demanda de Energia / Operacional";"Operacional";"5.2833"
"2025-03-18";"120";"Demanda de Energia / Operacional";"Operacional";"2.55"
"2025-03-19";"52";"Demanda de Energia / Operacional";"Operacional";"0.3"
"2025-03-19";"39";"Demanda de Energia / Operacional";"Operacional";"1.4667"
"2025-03-19";"44";"Demanda de Energia / Operacional";"Operacional";"4.95"
"2025-03-19";"49";"Demanda de Energia / Operacional";"Operacional";"10.35"
"2025-03-19";"25";"Demanda de Energia / Operacional";"Operacional";"7.8167"
"2025-03-19";"26";"Demanda de Energia / Operacional";"Operacional";"7.7333"
"2025-03-19";"27";"Demanda de Energia / Operacional";"Operacional";"7.8667"
"2025-03-19";"29";"Demanda de Energia / Operacional";"Operacional";"3.7667"
"2025-03-19";"30";"Demanda de Energia / Operacional";"Operacional";"5.7833"
"2025-03-19";"33";"Demanda de Energia / Operacional";"Operacional";"7.7667"
"2025-03-19";"17";"Demanda de Energia / Operacional";"Operacional";"0.4833"
"2025-03-19";"121";"Demanda de Energia / Operacional";"Operacional";"0.1833"
"2025-03-19";"44";"Demanda de Energia / Operacional";"Operacional";"2.0667"
"2025-03-19";"116";"Demanda de Energia / Operacional";"Operacional";"7.0667"
"2025-03-19";"35";"Demanda de Energia / Operacional";"Operacional";"2.1667"
"2025-03-19";"48";"Demanda de Energia / Operacional";"Operacional";"0.55"
"2025-03-19";"64";"Demanda de Energia / Operacional";"Operacional";"3.2333"
"2025-03-19";"21";"Demanda de Energia / Operacional";"Operacional";"1.6667"
"2025-03-19";"59";"Demanda de Energia / Operacional";"Operacional";"2.9833"
"2025-03-19";"17";"Demanda de Energia / Operacional";"Operacional";"1.3333"
"2025-03-19";"64";"Demanda de Energia / Operacional";"Operacional";"1.3167"
"2025-03-19";"44";"Demanda de Energia / Operacional";"Operacional";"1.4"
"2025-03-19";"22";"Demanda de Energia / Operacional";"Operacional";"0.4167"
"2025-03-19";"18";"Demanda de Energia / Operacional";"Operacional";"0.8833"
"2025-03-19";"116";"Demanda de Energia / Operacional";"Operacional";"0.5"
"2025-03-19";"39";"Demanda de Energia / Operacional";"Operacional";"0.4"
"2025-03-19";"22";"Demanda de Energia / Operacional";"Operacional";"0.2667"
"2025-03-20";"44";"Demanda de Energia / Operacional";"Operacional";"0.2167"
"2025-03-20";"39";"Demanda de Energia / Operacional";"Operacional";"0.4333"
"2025-03-20";"120";"Demanda de Energia / Operacional";"Operacional";"0.3333"
"2025-03-20";"39";"Demanda de Energia / Operacional";"Operacional";"8.3667"
"2025-03-20";"22";"Demanda de Energia / Operacional";"Operacional";"0.4667"
"2025-03-20";"118";"Demanda de Energia / Operacional";"Operacional";"0.2833"
"2025-03-20";"22";"Demanda de Energia / Operacional";"Operacional";"2.3"
"2025-03-20";"36";"Demanda de Energia / Operacional";"Operacional";"4.1667"
"2025-03-20";"18";"Demanda de Energia / Operacional";"Operacional";"8.8667"
"2025-03-20";"43";"Demanda de Energia / Operacional";"Operacional";"8.3667"
"2025-03-20";"63";"Demanda de Energia / Operacional";"Operacional";"11"
"2025-03-20";"26";"Demanda de Energia / Operacional";"Operacional";"18"
"2025-03-20";"27";"Demanda de Energia / Operacional";"Operacional";"13.6"
"2025-03-20";"29";"Demanda de Energia / Operacional";"Operacional";"13.5"
"2025-03-20";"25";"Demanda de Energia / Operacional";"Operacional";"13.6"
"2025-03-20";"123";"Demanda de Energia / Operacional";"Operacional";"1.9667"
"2025-03-20";"119";"Demanda de Energia / Operacional";"Operacional";"0.4167"
"2025-03-20";"33";"Demanda de Energia / Operacional";"Operacional";"0.8667"
"2025-03-20";"43";"Demanda de Energia / Operacional";"Operacional";"1.1333"
"2025-03-20";"6";"Demanda de Energia / Operacional";"Operacional";"1.7833"
"2025-03-20";"15";"Demanda de Energia / Operacional";"Operacional";"3.1"
"2025-03-20";"43";"Demanda de Energia / Operacional";"Operacional";"1.2833"
"2025-03-20";"44";"Demanda de Energia / Operacional";"Operacional";"1.1833"
"2025-03-20";"15";"Demanda de Energia / Operacional";"Operacional";"5.7833"
"2025-03-20";"43";"Demanda de Energia / Operacional";"Operacional";"1.3833"
"2025-03-20";"44";"Demanda de Energia / Operacional";"Operacional";"0.9167"
"2025-03-20";"120";"Demanda de Energia / Operacional";"Operacional";"0.25"
"2025-03-20";"15";"Demanda de Energia / Operacional";"Operacional";"1.6667"
"2025-03-21";"6";"Demanda de Energia / Operacional";"Operacional";"11.05"
"2025-03-21";"22";"Demanda de Energia / Operacional";"Operacional";"8.3833"
"2025-03-21";"118";"Demanda de Energia / Operacional";"Operacional";"2.85"
"2025-03-21";"121";"Demanda de Energia / Operacional";"Operacional";"2.6833"
"2025-03-21";"46";"Demanda de Energia / Operacional";"Operacional";"9.2833"
"2025-03-21";"123";"Demanda de Energia / Operacional";"Operacional";"2.6167"
"2025-03-21";"120";"Demanda de Energia / Operacional";"Operacional";"2"
"2025-03-21";"121";"Demanda de Energia / Operacional";"Operacional";"2.4333"
"2025-03-21";"39";"Demanda de Energia / Operacional";"Operacional";"0.4"
"2025-03-24";"35";"Demanda de Energia / Operacional";"Operacional";"1.1"
"2025-03-24";"52";"Demanda de Energia / Operacional";"Operacional";"0.8667"
"2025-03-24";"73";"Demanda de Energia / Operacional";"Operacional";"0.9833"
"2025-03-24";"35";"Demanda de Energia / Operacional";"Operacional";"1.1833"
"2025-03-24";"119";"Demanda de Energia / Operacional";"Operacional";"9.15"
"2025-03-24";"119";"Demanda de Energia / Operacional";"Operacional";"0.2167"
"2025-03-24";"119";"Demanda de Energia / Operacional";"Operacional";"0.1833"
"2025-03-25";"44";"Demanda de Energia / Operacional";"Operacional";"0.6333"
"2025-03-25";"122";"Demanda de Energia / Operacional";"Operacional";"2.9333"
"2025-03-25";"24";"Demanda de Energia / Operacional";"Operacional";"0.25"
"2025-03-25";"22";"Demanda de Energia / Operacional";"Operacional";"0.4667"
"2025-03-25";"22";"Demanda de Energia / Operacional";"Operacional";"1.5167"
"2025-03-25";"16";"Demanda de Energia / Operacional";"Operacional";"0.9833"
"2025-03-25";"22";"Demanda de Energia / Operacional";"Operacional";"0.6833"
"2025-03-25";"44";"Demanda de Energia / Operacional";"Operacional";"0.3333"
"2025-03-25";"22";"Demanda de Energia / Operacional";"Operacional";"2.3333"
"2025-03-25";"22";"Demanda de Energia / Operacional";"Operacional";"3.6333"
"2025-03-25";"119";"Demanda de Energia / Operacional";"Operacional";"0.2"
"2025-03-25";"40";"Demanda de Energia / Operacional";"Operacional";"1.0333"
"2025-03-26";"40";"Demanda de Energia / Operacional";"Operacional";"2.0333"
"2025-03-26";"121";"Demanda de Energia / Operacional";"Operacional";"0.4333"
"2025-03-26";"46";"Demanda de Energia / Operacional";"Operacional";"9.0167"
"2025-03-26";"11";"Demanda de Energia / Operacional";"Operacional";"0.5"
"2025-03-26";"15";"Demanda de Energia / Operacional";"Operacional";"12.7833"
"2025-03-26";"22";"Demanda de Energia / Operacional";"Operacional";"9.4333"
"2025-03-26";"122";"Demanda de Energia / Operacional";"Operacional";"1.4167"
"2025-03-26";"51";"Demanda de Energia / Operacional";"Operacional";"0"
"2025-03-26";"109";"Demanda de Energia / Operacional";"Operacional";"3.1333"
"2025-03-26";"124";"Demanda de Energia / Operacional";"Operacional";"3.1333"
"2025-03-26";"118";"Demanda de Energia / Operacional";"Operacional";"0.8833"
"2025-03-26";"39";"Demanda de Energia / Operacional";"Operacional";"2.35"
"2025-03-26";"40";"Demanda de Energia / Operacional";"Operacional";"0.8833"
"2025-03-26";"59";"Demanda de Energia / Operacional";"Operacional";"6.0167"
"2025-03-27";"40";"Demanda de Energia / Operacional";"Operacional";"0.1167"
"2025-03-27";"39";"Demanda de Energia / Operacional";"Operacional";"0.1333"
"2025-03-27";"36";"Demanda de Energia / Operacional";"Operacional";"3.8"
"2025-03-27";"40";"Demanda de Energia / Operacional";"Operacional";"5.95"
"2025-03-27";"113";"Demanda de Energia / Operacional";"Operacional";"11.0167"
"2025-03-27";"114";"Demanda de Energia / Operacional";"Operacional";"2.4"
"2025-03-27";"116";"Demanda de Energia / Operacional";"Operacional";"3.3"
"2025-03-27";"41";"Demanda de Energia / Operacional";"Operacional";"0.7833"
"2025-03-27";"21";"Demanda de Energia / Operacional";"Operacional";"0.7333"
"2025-03-27";"114";"Demanda de Energia / Operacional";"Operacional";"5.0167"
"2025-03-27";"19";"Demanda de Energia / Operacional";"Operacional";"0"
"2025-03-27";"113";"Demanda de Energia / Operacional";"Operacional";"3.4"
"2025-03-27";"50";"Demanda de Energia / Operacional";"Operacional";"1.4167"
"2025-03-27";"55";"Demanda de Energia / Operacional";"Operacional";"1.5"
"2025-03-27";"116";"Demanda de Energia / Operacional";"Operacional";"0.2667"
"2025-03-27";"21";"Demanda de Energia / Operacional";"Operacional";"1.4"
"2025-03-27";"21";"Demanda de Energia / Operacional";"Operacional";"0"
"2025-03-28";"114";"Demanda de Energia / Operacional";"Operacional";"0.4"
"2025-03-28";"20";"Demanda de Energia / Operacional";"Operacional";"11.2"
"2025-03-28";"18";"Demanda de Energia / Operacional";"Operacional";"4.5167"
"2025-03-28";"58";"Demanda de Energia / Operacional";"Operacional";"5.5333"
"2025-03-28";"49";"Demanda de Energia / Operacional";"Operacional";"11.35"
"2025-03-28";"48";"Demanda de Energia / Operacional";"Operacional";"10.65"
"2025-03-28";"52";"Demanda de Energia / Operacional";"Operacional";"9.35"
"2025-03-28";"43";"Demanda de Energia / Operacional";"Operacional";"9.55"
"2025-03-28";"18";"Demanda de Energia / Operacional";"Operacional";"1.3333"
"2025-03-28";"53";"Demanda de Energia / Operacional";"Operacional";"7.2167"
"2025-03-28";"54";"Demanda de Energia / Operacional";"Operacional";"6.5667"
"2025-03-28";"58";"Demanda de Energia / Operacional";"Operacional";"6.5667"
"2025-03-28";"68";"Demanda de Energia / Operacional";"Operacional";"6.5667"
"2025-03-28";"70";"Demanda de Energia / Operacional";"Operacional";"3.5667"
"2025-03-28";"74";"Demanda de Energia / Operacional";"Operacional";"3.5667"
"2025-03-28";"66";"Demanda de Energia / Operacional";"Operacional";"3.5667"
"2025-03-28";"49";"Demanda de Energia / Operacional";"Operacional";"3.5667"
"2025-03-28";"48";"Demanda de Energia / Operacional";"Operacional";"3.5667"
"2025-03-28";"18";"Demanda de Energia / Operacional";"Operacional";"0.5"
"2025-03-28";"4";"Demanda de Energia / Operacional";"Operacional";"1.7833"
"2025-03-31";"118";"Demanda de Energia / Operacional";"Operacional";"1.6667"
"2025-03-31";"23";"Demanda de Energia / Operacional";"Operacional";"18"
"2025-03-31";"46";"Demanda de Energia / Operacional";"Operacional";"3.9833"
"2025-03-31";"50";"Demanda de Energia / Operacional";"Operacional";"15.8667"
"2025-03-31";"51";"Demanda de Energia / Operacional";"Operacional";"5.3167"
"2025-03-31";"68";"Demanda de Energia / Operacional";"Operacional";"4.3333"
"2025-03-31";"61";"Demanda de Energia / Operacional";"Operacional";"4.3"
"2025-03-31";"67";"Demanda de Energia / Operacional";"Operacional";"10.8333"
"2025-03-31";"19";"Demanda de Energia / Operacional";"Operacional";"15.5667"
"2025-04-01";"119";"Demanda de Energia / Operacional";"Operacional";"3.3333"
"2025-04-01";"105";"Demanda de Energia / Operacional";"Operacional";"11.7667"
"2025-04-01";"108";"Demanda de Energia / Operacional";"Operacional";"8.35"
"2025-04-01";"50";"Demanda de Energia / Operacional";"Operacional";"3.7"
"2025-04-01";"131";"Demanda de Energia / Operacional";"Operacional";"12.3333"
"2025-04-01";"125";"Demanda de Energia / Operacional";"Operacional";"3.9167"
"2025-04-01";"125";"Demanda de Energia / Operacional";"Operacional";"0.45"
"2025-04-01";"21";"Demanda de Energia / Operacional";"Operacional";"1.4167"
"2025-04-01";"125";"Demanda de Energia / Operacional";"Operacional";"4.6833"
"2025-04-01";"119";"Demanda de Energia / Operacional";"Operacional";"0.6833"
"2025-04-01";"24";"Demanda de Energia / Operacional";"Operacional";"1.3667"
"2025-04-01";"17";"Demanda de Energia / Operacional";"Operacional";"0.7833"
"2025-04-01";"126";"Demanda de Energia / Operacional";"Operacional";"2.6333"
"2025-04-01";"39";"Demanda de Energia / Operacional";"Operacional";"0.1333"
"2025-04-01";"122";"Demanda de Energia / Operacional";"Operacional";"1.8167"
"2025-04-01";"22";"Demanda de Energia / Operacional";"Operacional";"2.9833"
"2025-04-02";"121";"Demanda de Energia / Operacional";"Operacional";"0.5833"
"2025-04-02";"118";"Demanda de Energia / Operacional";"Operacional";"0.55"
"2025-04-02";"1";"Demanda de Energia / Operacional";"Operacional";"1.1"
"2025-04-02";"24";"Demanda de Energia / Operacional";"Operacional";"14.5667"
"2025-04-02";"125";"Demanda de Energia / Operacional";"Operacional";"0.7167"
"2025-04-02";"58";"Demanda de Energia / Operacional";"Operacional";"2.9167"
"2025-04-02";"102";"Demanda de Energia / Operacional";"Operacional";"7.7167"
"2025-04-02";"70";"Demanda de Energia / Operacional";"Operacional";"10.4167"
"2025-04-02";"71";"Demanda de Energia / Operacional";"Operacional";"12.7333"
"2025-04-02";"121";"Demanda de Energia / Operacional";"Operacional";"4.6833"
"2025-04-02";"123";"Demanda de Energia / Operacional";"Operacional";"6.0333"
"2025-04-02";"2";"Demanda de Energia / Operacional";"Operacional";"1.2"
"2025-04-02";"3";"Demanda de Energia / Operacional";"Operacional";"1.0667"
"2025-04-02";"4";"Demanda de Energia / Operacional";"Operacional";"1.0667"
"2025-04-02";"21";"Demanda de Energia / Operacional";"Operacional";"9.4"
"2025-04-02";"73";"Demanda de Energia / Operacional";"Operacional";"3.9"
"2025-04-02";"38";"Demanda de Energia / Operacional";"Operacional";"2.2333"
"2025-04-02";"38";"Demanda de Energia / Operacional";"Operacional";"7.3333"
"2025-04-02";"131";"Demanda de Energia / Operacional";"Operacional";"14.6333"
"2025-04-02";"131";"Demanda de Energia / Operacional";"Operacional";"5.85"
"2025-04-02";"23";"Demanda de Energia / Operacional";"Operacional";"0.5333"
"2025-04-02";"123";"Demanda de Energia / Operacional";"Operacional";"2.8"
"2025-04-02";"17";"Demanda de Energia / Operacional";"Operacional";"0.3167"
"2025-04-02";"22";"Demanda de Energia / Operacional";"Operacional";"0.3"
"2025-04-02";"17";"Demanda de Energia / Operacional";"Operacional";"1.6667"
"2025-04-02";"39";"Demanda de Energia / Operacional";"Operacional";"0.15"
"2025-04-03";"66";"Demanda de Energia / Operacional";"Operacional";"11"
"2025-04-03";"121";"Demanda de Energia / Operacional";"Operacional";"0.45"
"2025-04-03";"22";"Demanda de Energia / Operacional";"Operacional";"0.35"
"2025-04-03";"1";"Demanda de Energia / Operacional";"Operacional";"0.3"
"2025-04-03";"118";"Demanda de Energia / Operacional";"Operacional";"0.1667"
"2025-04-03";"123";"Demanda de Energia / Operacional";"Operacional";"14.25"
"2025-04-03";"70";"Demanda de Energia / Operacional";"Operacional";"16.4833"
"2025-04-03";"68";"Demanda de Energia / Operacional";"Operacional";"11.8167"
"2025-04-03";"117";"Demanda de Energia / Operacional";"Operacional";"0.1833"
"2025-04-03";"102";"Demanda de Energia / Operacional";"Operacional";"1.2167"
"2025-04-03";"38";"Demanda de Energia / Operacional";"Operacional";"2.95"
"2025-04-03";"46";"Demanda de Energia / Operacional";"Operacional";"17.6833"
"2025-04-03";"47";"Demanda de Energia / Operacional";"Operacional";"17.6833"
"2025-04-03";"48";"Demanda de Energia / Operacional";"Operacional";"17.65"
"2025-04-03";"1";"Demanda de Energia / Operacional";"Operacional";"3.9667"
"2025-04-03";"35";"Demanda de Energia / Operacional";"Operacional";"1.2"
"2025-04-03";"16";"Demanda de Energia / Operacional";"Operacional";"4.1833"
"2025-04-03";"133";"Demanda de Energia / Operacional";"Operacional";"1.95"
"2025-04-03";"125";"Demanda de Energia / Operacional";"Operacional";"1.8167"
"2025-04-03";"20";"Demanda de Energia / Operacional";"Operacional";"0.3333"
"2025-04-03";"121";"Demanda de Energia / Operacional";"Operacional";"0.3833"
"2025-04-03";"1";"Demanda de Energia / Operacional";"Operacional";"1"
"2025-04-03";"17";"Demanda de Energia / Operacional";"Operacional";"0.6333"
"2025-04-03";"39";"Demanda de Energia / Operacional";"Operacional";"0.5667"
"2025-04-03";"66";"Demanda de Energia / Operacional";"Operacional";"2.9833"
"2025-04-04";"1";"Demanda de Energia / Operacional";"Operacional";"15.0833"
"2025-04-04";"39";"Demanda de Energia / Operacional";"Operacional";"0.4833"
"2025-04-04";"17";"Demanda de Energia / Operacional";"Operacional";"7.5333"
"2025-04-04";"120";"Demanda de Energia / Operacional";"Operacional";"0.55"
"2025-04-04";"133";"Demanda de Energia / Operacional";"Operacional";"10.6667"
"2025-04-04";"66";"Demanda de Energia / Operacional";"Operacional";"18"
"2025-04-04";"121";"Demanda de Energia / Operacional";"Operacional";"1.3167"
"2025-04-04";"18";"Demanda de Energia / Operacional";"Operacional";"0.2833"
"2025-04-04";"33";"Demanda de Energia / Operacional";"Operacional";"1.4833"
"2025-04-04";"26";"Demanda de Energia / Operacional";"Operacional";"7"
"2025-04-04";"53";"Demanda de Energia / Operacional";"Operacional";"3.0167"
"2025-04-04";"18";"Demanda de Energia / Operacional";"Operacional";"1.65"
"2025-04-04";"123";"Demanda de Energia / Operacional";"Operacional";"2.1167"
"2025-04-04";"40";"Demanda de Energia / Operacional";"Operacional";"0.7667"
"2025-04-05";"123";"Demanda de Energia / Operacional";"Operacional";"0.2833"
"2025-04-07";"119";"Demanda de Energia / Operacional";"Operacional";"0.3667"
"2025-04-07";"24";"Demanda de Energia / Operacional";"Operacional";"1.6667"
"2025-04-07";"45";"Demanda de Energia / Operacional";"Operacional";"14.4833"
"2025-04-07";"48";"Demanda de Energia / Operacional";"Operacional";"18"
"2025-04-07";"36";"Demanda de Energia / Operacional";"Operacional";"10.3833"
"2025-04-07";"43";"Demanda de Energia / Operacional";"Operacional";"2.7833"
"2025-04-07";"17";"Demanda de Energia / Operacional";"Operacional";"0.8"
"2025-04-07";"15";"Demanda de Energia / Operacional";"Operacional";"11.0167"
"2025-04-07";"53";"Demanda de Energia / Operacional";"Operacional";"0.4833"
"2025-04-07";"18";"Demanda de Energia / Operacional";"Operacional";"1.65"
"2025-04-07";"22";"Demanda de Energia / Operacional";"Operacional";"5.7"
"2025-04-07";"38";"Demanda de Energia / Operacional";"Operacional";"4.1833"
"2025-04-07";"53";"Demanda de Energia / Operacional";"Operacional";"5.3667"
"2025-04-07";"22";"Demanda de Energia / Operacional";"Operacional";"1.95"
"2025-04-08";"6";"Demanda de Energia / Operacional";"Operacional";"8.2167"
"2025-04-08";"124";"Demanda de Energia / Operacional";"Operacional";"0.9833"
"2025-04-08";"38";"Demanda de Energia / Operacional";"Operacional";"4.7333"
"2025-04-08";"119";"Demanda de Energia / Operacional";"Operacional";"0.3333"
"2025-04-08";"6";"Demanda de Energia / Operacional";"Operacional";"0.25"
"2025-04-08";"40";"Demanda de Energia / Operacional";"Operacional";"2.4667"
"2025-04-08";"52";"Demanda de Energia / Operacional";"Operacional";"8.7833"
"2025-04-08";"36";"Demanda de Energia / Operacional";"Operacional";"0.6667"
"2025-04-08";"18";"Demanda de Energia / Operacional";"Operacional";"4.0167"
"2025-04-08";"18";"Demanda de Energia / Operacional";"Operacional";"2.1"
"2025-04-08";"22";"Demanda de Energia / Operacional";"Operacional";"15.5833"
"2025-04-08";"30";"Demanda de Energia / Operacional";"Operacional";"8.15"
"2025-04-08";"40";"Demanda de Energia / Operacional";"Operacional";"3.3"
"2025-04-09";"8";"Demanda de Energia / Operacional";"Operacional";"8.9167"
"2025-04-09";"3";"Demanda de Energia / Operacional";"Operacional";"7.65"
"2025-04-09";"114";"Demanda de Energia / Operacional";"Operacional";"0.7"
"2025-04-09";"117";"Demanda de Energia / Operacional";"Operacional";"6.75"
"2025-04-09";"123";"Demanda de Energia / Operacional";"Operacional";"0.6833"
"2025-04-09";"121";"Demanda de Energia / Operacional";"Operacional";"0.25"
"2025-04-09";"61";"Demanda de Energia / Operacional";"Operacional";"11.6"
"2025-04-09";"17";"Demanda de Energia / Operacional";"Operacional";"2.0833"
"2025-04-09";"6";"Demanda de Energia / Operacional";"Operacional";"8.25"
"2025-04-09";"8";"Demanda de Energia / Operacional";"Operacional";"6.4333"
"2025-04-09";"122";"Demanda de Energia / Operacional";"Operacional";"7.7167"
"2025-04-09";"126";"Demanda de Energia / Operacional";"Operacional";"5.9333"
"2025-04-09";"121";"Demanda de Energia / Operacional";"Operacional";"2.6333"
"2025-04-09";"43";"Demanda de Energia / Operacional";"Operacional";"0.6167"
"2025-04-09";"45";"Demanda de Energia / Operacional";"Operacional";"1.0833"
"2025-04-09";"17";"Demanda de Energia / Operacional";"Operacional";"0.3"
"2025-04-09";"119";"Demanda de Energia / Operacional";"Operacional";"6.65"
"2025-04-09";"6";"Demanda de Energia / Operacional";"Operacional";"5.0333"
"2025-04-09";"21";"Demanda de Energia / Operacional";"Operacional";"2.7"
"2025-04-09";"23";"Demanda de Energia / Operacional";"Operacional";"2.4333"
"2025-04-09";"24";"Demanda de Energia / Operacional";"Operacional";"2.45"
"2025-04-09";"53";"Demanda de Energia / Operacional";"Operacional";"4.15"
"2025-04-09";"49";"Demanda de Energia / Operacional";"Operacional";"1.2667"
"2025-04-09";"6";"Demanda de Energia / Operacional";"Operacional";"6.3667"
"2025-04-09";"53";"Demanda de Energia / Operacional";"Operacional";"2.0667"
"2025-04-09";"122";"Demanda de Energia / Operacional";"Operacional";"0.2167"
"2025-04-09";"33";"Demanda de Energia / Operacional";"Operacional";"0.5667"
"2025-04-09";"120";"Demanda de Energia / Operacional";"Operacional";"0.4333"
"2025-04-10";"119";"Demanda de Energia / Operacional";"Operacional";"0.3833"
"2025-04-10";"6";"Demanda de Energia / Operacional";"Operacional";"3.1"
"2025-04-10";"124";"Demanda de Energia / Operacional";"Operacional";"9"
"2025-04-10";"11";"Demanda de Energia / Operacional";"Operacional";"1.7833"
"2025-04-10";"5";"Demanda de Energia / Operacional";"Operacional";"1.5833"
"2025-04-10";"36";"Demanda de Energia / Operacional";"Operacional";"1.2667"
"2025-04-11";"123";"Demanda de Energia / Operacional";"Operacional";"4.4667"
"2025-04-11";"36";"Demanda de Energia / Operacional";"Operacional";"10.2"
"2025-04-11";"30";"Demanda de Energia / Operacional";"Operacional";"0.6167"
"2025-04-11";"105";"Demanda de Energia / Operacional";"Operacional";"5.7667"
"2025-04-11";"107";"Demanda de Energia / Operacional";"Operacional";"5.7667"
"2025-04-11";"53";"Demanda de Energia / Operacional";"Operacional";"5.5"
"2025-04-11";"5";"Demanda de Energia / Operacional";"Operacional";"3.5333"
"2025-04-11";"122";"Demanda de Energia / Operacional";"Operacional";"0.75"
"2025-04-11";"5";"Demanda de Energia / Operacional";"Operacional";"0.4167"
"2025-04-11";"35";"Demanda de Energia / Operacional";"Operacional";"1.8667"
"2025-04-11";"36";"Demanda de Energia / Operacional";"Operacional";"8.6667"
"2025-04-11";"122";"Demanda de Energia / Operacional";"Operacional";"0.45"
"2025-04-11";"39";"Demanda de Energia / Operacional";"Operacional";"0.3333"
"2025-04-12";"7";"Demanda de Energia / Operacional";"Operacional";"0.45"
"2025-04-12";"5";"Demanda de Energia / Operacional";"Operacional";"1.15"
"2025-04-14";"55";"Demanda de Energia / Operacional";"Operacional";"4.5333"
"2025-04-14";"24";"Demanda de Energia / Operacional";"Operacional";"5.1667"
"2025-04-14";"52";"Demanda de Energia / Operacional";"Operacional";"2.2833"
"2025-04-14";"47";"Demanda de Energia / Operacional";"Operacional";"3.5667"
"2025-04-14";"3";"Demanda de Energia / Operacional";"Operacional";"4.7833"
"2025-04-14";"25";"Demanda de Energia / Operacional";"Operacional";"2.3"
"2025-04-14";"72";"Demanda de Energia / Operacional";"Operacional";"3.3167"
"2025-04-14";"60";"Demanda de Energia / Operacional";"Operacional";"2.55"
"2025-04-14";"46";"Demanda de Energia / Operacional";"Operacional";"10.9"
"2025-04-14";"18";"Demanda de Energia / Operacional";"Operacional";"5.0833"
"2025-04-15";"6";"Demanda de Energia / Operacional";"Operacional";"3.3833"
"2025-04-16";"52";"Demanda de Energia / Operacional";"Operacional";"3.6333"
"2025-04-16";"1";"Demanda de Energia / Operacional";"Operacional";"1.75"
"2025-04-16";"37";"Demanda de Energia / Operacional";"Operacional";"2.2"
"2025-04-17";"1";"Demanda de Energia / Operacional";"Operacional";"10.65"
"2025-04-17";"52";"Demanda de Energia / Operacional";"Operacional";"8.3333"
"2025-04-17";"105";"Demanda de Energia / Operacional";"Operacional";"2.5333"
"2025-04-17";"45";"Demanda de Energia / Operacional";"Operacional";"3.0667"
"2025-04-21";"13";"Demanda de Energia / Operacional";"Operacional";"12.25"
"2025-04-21";"14";"Demanda de Energia / Operacional";"Operacional";"8.8333"
"2025-04-21";"40";"Demanda de Energia / Operacional";"Operacional";"5.2333"
"2025-04-21";"71";"Demanda de Energia / Operacional";"Operacional";"3.1333"
"2025-04-21";"3";"Demanda de Energia / Operacional";"Operacional";"0.95"
"2025-04-21";"132";"Demanda de Energia / Operacional";"Operacional";"2"
"2025-04-21";"73";"Demanda de Energia / Operacional";"Operacional";"0.3833"
"2025-04-21";"3";"Demanda de Energia / Operacional";"Operacional";"2.3667"
"2025-04-21";"120";"Demanda de Energia / Operacional";"Operacional";"0.55"
"2025-04-21";"68";"Demanda de Energia / Operacional";"Operacional";"1.3"
"2025-04-21";"6";"Demanda de Energia / Operacional";"Operacional";"0.3833"
"2025-04-21";"120";"Demanda de Energia / Operacional";"Operacional";"2.8833"
"2025-04-21";"15";"Demanda de Energia / Operacional";"Operacional";"1"
"2025-04-21";"120";"Demanda de Energia / Operacional";"Operacional";"0.0167"
"2025-04-22";"120";"Demanda de Energia / Operacional";"Operacional";"15.3333"
"2025-04-22";"21";"Demanda de Energia / Operacional";"Operacional";"4.6333"
"2025-04-22";"6";"Demanda de Energia / Operacional";"Operacional";"8.4833"
"2025-04-22";"44";"Demanda de Energia / Operacional";"Operacional";"5.1833"
"2025-04-22";"132";"Demanda de Energia / Operacional";"Operacional";"18"
"2025-04-22";"106";"Demanda de Energia / Operacional";"Operacional";"10.75"
"2025-04-22";"44";"Demanda de Energia / Operacional";"Operacional";"0.5333"
"2025-04-22";"17";"Demanda de Energia / Operacional";"Operacional";"7.2667"
"2025-04-22";"44";"Demanda de Energia / Operacional";"Operacional";"0.2833"
"2025-04-22";"25";"Demanda de Energia / Operacional";"Operacional";"3.9833"
"2025-04-22";"24";"Demanda de Energia / Operacional";"Operacional";"2.8"
"2025-04-22";"44";"Demanda de Energia / Operacional";"Operacional";"2"
"2025-04-22";"123";"Demanda de Energia / Operacional";"Operacional";"0.8167"
"2025-04-23";"123";"Demanda de Energia / Operacional";"Operacional";"2.4"
"2025-04-23";"1";"Demanda de Energia / Operacional";"Operacional";"0.5"
"2025-04-23";"123";"Demanda de Energia / Operacional";"Operacional";"6.85"
"2025-04-23";"1";"Demanda de Energia / Operacional";"Operacional";"0.5333"
"2025-04-23";"24";"Demanda de Energia / Operacional";"Operacional";"7.25"
"2025-04-23";"30";"Demanda de Energia / Operacional";"Operacional";"9.3333"
"2025-04-23";"32";"Demanda de Energia / Operacional";"Operacional";"10.6"
"2025-04-23";"33";"Demanda de Energia / Operacional";"Operacional";"14.2667"
"2025-04-23";"115";"Demanda de Energia / Operacional";"Operacional";"1.0167"
"2025-04-23";"114";"Demanda de Energia / Operacional";"Operacional";"0.3833"
"2025-04-23";"131";"Demanda de Energia / Operacional";"Operacional";"2.1333"
"2025-04-23";"123";"Demanda de Energia / Operacional";"Operacional";"7.8833"
"2025-04-23";"24";"Demanda de Energia / Operacional";"Operacional";"2.8"
"2025-04-23";"119";"Demanda de Energia / Operacional";"Operacional";"1.5167"
"2025-04-23";"4";"Demanda de Energia / Operacional";"Operacional";"4.9"
"2025-04-23";"64";"Demanda de Energia / Operacional";"Operacional";"4.8833"
"2025-04-23";"44";"Demanda de Energia / Operacional";"Operacional";"0.8167"
"2025-04-23";"120";"Demanda de Energia / Operacional";"Operacional";"0.5167"
"2025-04-23";"5";"Demanda de Energia / Operacional";"Operacional";"8.0333"
"2025-04-23";"7";"Demanda de Energia / Operacional";"Operacional";"6.1167"
"2025-04-23";"37";"Demanda de Energia / Operacional";"Operacional";"2.5167"
"2025-04-23";"6";"Demanda de Energia / Operacional";"Operacional";"1.5"
"2025-04-23";"38";"Demanda de Energia / Operacional";"Operacional";"0.9667"
"2025-04-24";"124";"Demanda de Energia / Operacional";"Operacional";"7.5667"
"2025-04-24";"6";"Demanda de Energia / Operacional";"Operacional";"6.3667"
"2025-04-24";"123";"Demanda de Energia / Operacional";"Operacional";"15.2167"
"2025-04-24";"7";"Demanda de Energia / Operacional";"Operacional";"9.6167"
"2025-04-24";"37";"Demanda de Energia / Operacional";"Operacional";"8.9667"
"2025-04-24";"125";"Demanda de Energia / Operacional";"Operacional";"7.5"
"2025-04-24";"115";"Demanda de Energia / Operacional";"Operacional";"1"
"2025-04-24";"37";"Demanda de Energia / Operacional";"Operacional";"1.1"
"2025-04-24";"128";"Demanda de Energia / Operacional";"Operacional";"3.25"
"2025-04-24";"11";"Demanda de Energia / Operacional";"Operacional";"0.85"
"2025-04-24";"5";"Demanda de Energia / Operacional";"Operacional";"7.1833"
"2025-04-24";"5";"Demanda de Energia / Operacional";"Operacional";"2.2"
"2025-04-24";"5";"Demanda de Energia / Operacional";"Operacional";"7.2"
"2025-04-24";"124";"Demanda de Energia / Operacional";"Operacional";"0.6667"
"2025-04-24";"114";"Demanda de Energia / Operacional";"Operacional";"0.7667"
"2025-04-24";"124";"Demanda de Energia / Operacional";"Operacional";"1.65"
"2025-04-24";"10";"Demanda de Energia / Operacional";"Operacional";"1.5167"
"2025-04-24";"6";"Demanda de Energia / Operacional";"Operacional";"1.6"
"2025-04-25";"116";"Demanda de Energia / Operacional";"Operacional";"0.6333"
"2025-04-25";"5";"Demanda de Energia / Operacional";"Operacional";"0.7833"
"2025-04-25";"39";"Demanda de Energia / Operacional";"Operacional";"0.45"
"2025-04-25";"5";"Demanda de Energia / Operacional";"Operacional";"7.3833"
"2025-04-25";"6";"Demanda de Energia / Operacional";"Operacional";"1.25"
"2025-04-25";"35";"Demanda de Energia / Operacional";"Operacional";"0.45"
"2025-04-25";"35";"Demanda de Energia / Operacional";"Operacional";"1.1333"
"2025-04-25";"35";"Demanda de Energia / Operacional";"Operacional";"4.8333"
"2025-04-25";"115";"Demanda de Energia / Operacional";"Operacional";"3.7333"
"2025-04-25";"124";"Demanda de Energia / Operacional";"Operacional";"7.8667"
"2025-04-25";"73";"Demanda de Energia / Operacional";"Operacional";"6.2167"
"2025-04-25";"74";"Demanda de Energia / Operacional";"Operacional";"10.6333"
"2025-04-25";"35";"Demanda de Energia / Operacional";"Operacional";"4.4"
"2025-04-25";"20";"Demanda de Energia / Operacional";"Operacional";"0.7833"
"2025-04-25";"26";"Demanda de Energia / Operacional";"Operacional";"0.4"
"2025-04-25";"57";"Demanda de Energia / Operacional";"Operacional";"1.7667"
"2025-04-25";"10";"Demanda de Energia / Operacional";"Operacional";"12.9"
"2025-04-25";"28";"Demanda de Energia / Operacional";"Operacional";"1.4167"
"2025-04-25";"28";"Demanda de Energia / Operacional";"Operacional";"2.7333"
"2025-04-25";"16";"Demanda de Energia / Operacional";"Operacional";"1.7667"
"2025-04-25";"73";"Demanda de Energia / Operacional";"Operacional";"5.0667"
"2025-04-25";"57";"Demanda de Energia / Operacional";"Operacional";"3.3167"
"2025-04-25";"28";"Demanda de Energia / Operacional";"Operacional";"5.6167"
"2025-04-25";"16";"Demanda de Energia / Operacional";"Operacional";"0.4833"
"2025-04-25";"131";"Demanda de Energia / Operacional";"Operacional";"2.1"
"2025-04-25";"123";"Demanda de Energia / Operacional";"Operacional";"2.25"
"2025-04-25";"35";"Demanda de Energia / Operacional";"Operacional";"1.7167"
"2025-04-25";"24";"Demanda de Energia / Operacional";"Operacional";"0.6833"
"2025-04-26";"120";"Demanda de Energia / Operacional";"Operacional";"0.7667"
"2025-04-26";"131";"Demanda de Energia / Operacional";"Operacional";"2.3833"
"2025-04-26";"24";"Demanda de Energia / Operacional";"Operacional";"0.4"
"2025-04-26";"24";"Demanda de Energia / Operacional";"Operacional";"8.05"
"2025-04-26";"7";"Demanda de Energia / Operacional";"Operacional";"0.6667"
"2025-04-29";"32";"Demanda de Energia / Operacional";"Operacional";"1.75"
"2025-04-29";"45";"Demanda de Energia / Operacional";"Operacional";"4.6"
"2025-04-29";"38";"Demanda de Energia / Operacional";"Operacional";"2.9667"
"2025-04-29";"38";"Demanda de Energia / Operacional";"Operacional";"0.5833"
"2025-04-29";"1";"Demanda de Energia / Operacional";"Operacional";"1.0667"
"2025-04-29";"7";"Demanda de Energia / Operacional";"Operacional";"0.5833"
"2025-04-30";"7";"Demanda de Energia / Operacional";"Operacional";"0.3"
"2025-04-30";"7";"Demanda de Energia / Operacional";"Operacional";"3.5667"
"2025-04-30";"19";"Demanda de Energia / Operacional";"Operacional";"2.7"
"2025-05-01";"132";"Demanda de Energia / Operacional";"Operacional";"5.6"
"2025-05-01";"36";"Demanda de Energia / Operacional";"Operacional";"1.0667"
"2025-05-02";"22";"Demanda de Energia / Operacional";"Operacional";"1.0167"
"2025-05-02";"120";"Demanda de Energia / Operacional";"Operacional";"0.5833"
"2025-05-03";"120";"Demanda de Energia / Operacional";"Operacional";"0.2833"
"2025-05-03";"120";"Demanda de Energia / Operacional";"Operacional";"0.35"
"2025-05-06";"6";"Demanda de Energia / Operacional";"Operacional";"3.3333"
"2025-05-06";"120";"Demanda de Energia / Operacional";"Operacional";"1.1833"
"2025-05-06";"132";"Demanda de Energia / Operacional";"Operacional";"0.8333"
"2025-05-06";"7";"Demanda de Energia / Operacional";"Operacional";"0.9833"
"2025-05-06";"59";"Demanda de Energia / Operacional";"Operacional";"1.7667"
"2025-05-06";"21";"Demanda de Energia / Operacional";"Operacional";"1.9333"
"2025-05-06";"122";"Demanda de Energia / Operacional";"Operacional";"0.75"
"2025-05-06";"5";"Demanda de Energia / Operacional";"Operacional";"2.2167"
"2025-05-07";"5";"Demanda de Energia / Operacional";"Operacional";"8.1333"
"2025-05-07";"121";"Demanda de Energia / Operacional";"Operacional";"2.0167"
"2025-05-07";"10";"Demanda de Energia / Operacional";"Operacional";"5.9833"
"2025-05-07";"22";"Demanda de Energia / Operacional";"Operacional";"0.7667"
"2025-05-07";"126";"Demanda de Energia / Operacional";"Operacional";"8.7667"
"2025-05-07";"18";"Demanda de Energia / Operacional";"Operacional";"8.2167"
"2025-05-07";"22";"Demanda de Energia / Operacional";"Operacional";"8.1333"
"2025-05-07";"29";"Demanda de Energia / Operacional";"Operacional";"8.9667"
"2025-05-07";"22";"Demanda de Energia / Operacional";"Operacional";"1.1"
"2025-05-07";"46";"Demanda de Energia / Operacional";"Operacional";"0.9333"
"2025-05-07";"53";"Demanda de Energia / Operacional";"Operacional";"2.75"
"2025-05-07";"22";"Demanda de Energia / Operacional";"Operacional";"2.3167"
"2025-05-07";"130";"Demanda de Energia / Operacional";"Operacional";"0.3667"
"2025-05-07";"59";"Demanda de Energia / Operacional";"Operacional";"1.2167"
"2025-05-07";"121";"Demanda de Energia / Operacional";"Operacional";"0.6"
"2025-05-08";"121";"Demanda de Energia / Operacional";"Operacional";"0.15"
"2025-05-08";"121";"Demanda de Energia / Operacional";"Operacional";"0.0167"
"2025-05-08";"36";"Demanda de Energia / Operacional";"Operacional";"7.3833"
"2025-05-08";"6";"Demanda de Energia / Operacional";"Operacional";"7.5833"
"2025-05-08";"16";"Demanda de Energia / Operacional";"Operacional";"9.3167"
"2025-05-08";"123";"Demanda de Energia / Operacional";"Operacional";"2.8167"
"2025-05-08";"7";"Demanda de Energia / Operacional";"Operacional";"3.3167"
"2025-05-08";"35";"Demanda de Energia / Operacional";"Operacional";"1.1167"
"2025-05-08";"133";"Demanda de Energia / Operacional";"Operacional";"1.1333"
"2025-05-08";"12";"Demanda de Energia / Operacional";"Operacional";"1.5667"
"2025-05-08";"8";"Demanda de Energia / Operacional";"Operacional";"1.35"
"2025-05-08";"35";"Demanda de Energia / Operacional";"Operacional";"5.9167"
"2025-05-08";"17";"Demanda de Energia / Operacional";"Operacional";"0.9333"
"2025-05-08";"59";"Demanda de Energia / Operacional";"Operacional";"7.9167"
"2025-05-08";"17";"Demanda de Energia / Operacional";"Operacional";"0.6333"
"2025-05-08";"23";"Demanda de Energia / Operacional";"Operacional";"0.7833"
"2025-05-08";"112";"Demanda de Energia / Operacional";"Operacional";"0.5"
"2025-05-09";"23";"Demanda de Energia / Operacional";"Operacional";"6.5667"
"2025-05-09";"45";"Demanda de Energia / Operacional";"Operacional";"10.1"
"2025-05-09";"48";"Demanda de Energia / Operacional";"Operacional";"15.3333"
"2025-05-09";"8";"Demanda de Energia / Operacional";"Operacional";"0.3"
"2025-05-09";"36";"Demanda de Energia / Operacional";"Operacional";"1.55"
"2025-05-09";"31";"Demanda de Energia / Operacional";"Operacional";"0.4667"
"2025-05-09";"46";"Demanda de Energia / Operacional";"Operacional";"2.65"
"2025-04-09";"63";"Demanda de Energia / Operacional";"Operacional";"1.4"
"2025-05-10";"48";"Demanda de Energia / Operacional";"Operacional";"0.3667"
"2025-05-12";"5";"Demanda de Energia / Operacional";"Operacional";"0.9667"
"2025-05-12";"6";"Demanda de Energia / Operacional";"Operacional";"4.45"
"2025-05-13";"8";"Demanda de Energia / Operacional";"Operacional";"9.2667"
"2025-05-13";"114";"Demanda de Energia / Operacional";"Operacional";"4.5167"
"2025-05-13";"7";"Demanda de Energia / Operacional";"Operacional";"1.2167"
"2025-05-13";"18";"Demanda de Energia / Operacional";"Operacional";"1.05"
"2025-05-13";"106";"Demanda de Energia / Operacional";"Operacional";"3.7833"
"2025-05-13";"114";"Demanda de Energia / Operacional";"Operacional";"3.7833"
"2025-05-13";"121";"Demanda de Energia / Operacional";"Operacional";"3.7667"
"2025-05-13";"124";"Demanda de Energia / Operacional";"Operacional";"10.0833"
"2025-05-13";"121";"Demanda de Energia / Operacional";"Operacional";"0.2667"
"2025-05-14";"60";"Demanda de Energia / Operacional";"Operacional";"4.0167"
"2025-05-14";"102";"Demanda de Energia / Operacional";"Operacional";"6.3167"
"2025-05-14";"21";"Demanda de Energia / Operacional";"Operacional";"1.5167"
"2025-05-14";"114";"Demanda de Energia / Operacional";"Operacional";"0.2167"
"2025-05-14";"130";"Demanda de Energia / Operacional";"Operacional";"1.3833"
"2025-05-14";"124";"Demanda de Energia / Operacional";"Operacional";"0.6833"
"2025-05-14";"6";"Demanda de Energia / Operacional";"Operacional";"1.65"
"2025-05-14";"23";"Demanda de Energia / Operacional";"Operacional";"1.3"
"2025-05-14";"22";"Demanda de Energia / Operacional";"Operacional";"2.8333"
"2025-05-14";"7";"Demanda de Energia / Operacional";"Operacional";"2.0333"
"2025-05-15";"130";"Demanda de Energia / Operacional";"Operacional";"3.6667"
"2025-05-15";"117";"Demanda de Energia / Operacional";"Operacional";"0.6167"
"2025-05-15";"40";"Demanda de Energia / Operacional";"Operacional";"2.8167"
"2025-05-15";"22";"Demanda de Energia / Operacional";"Operacional";"15.3167"
"2025-05-15";"7";"Demanda de Energia / Operacional";"Operacional";"8.95"
"2025-05-15";"115";"Demanda de Energia / Operacional";"Operacional";"0.5167"
"2025-05-15";"6";"Demanda de Energia / Operacional";"Operacional";"10.5167"
"2025-05-15";"120";"Demanda de Energia / Operacional";"Operacional";"0.4"
"2025-05-15";"7";"Demanda de Energia / Operacional";"Operacional";"4.45"
"2025-05-15";"32";"Demanda de Energia / Operacional";"Operacional";"7.0667"
"2025-05-15";"115";"Demanda de Energia / Operacional";"Operacional";"4.6833"
"2025-05-15";"120";"Demanda de Energia / Operacional";"Operacional";"2.0667"
"2025-05-15";"22";"Demanda de Energia / Operacional";"Operacional";"1.0667"
"2025-05-15";"23";"Demanda de Energia / Operacional";"Operacional";"0.65"
"2025-05-15";"16";"Demanda de Energia / Operacional";"Operacional";"1.1667"
"2025-05-16";"16";"Demanda de Energia / Operacional";"Operacional";"11"
"2025-05-16";"2";"Demanda de Energia / Operacional";"Operacional";"8.7667"
"2025-05-16";"10";"Demanda de Energia / Operacional";"Operacional";"7.0667"
"2025-05-16";"23";"Demanda de Energia / Operacional";"Operacional";"8.8333"
"2025-05-16";"10";"Demanda de Energia / Operacional";"Operacional";"6.4833"
"2025-05-16";"115";"Demanda de Energia / Operacional";"Operacional";"9.4167"
"2025-05-16";"17";"Demanda de Energia / Operacional";"Operacional";"2.6333"
"2025-05-16";"25";"Demanda de Energia / Operacional";"Operacional";"1.3167"
"2025-05-16";"125";"Demanda de Energia / Operacional";"Operacional";"0.6833"
"2025-05-16";"38";"Demanda de Energia / Operacional";"Operacional";"1.4167"
"2025-05-16";"40";"Demanda de Energia / Operacional";"Operacional";"2.2"
"2025-05-16";"11";"Demanda de Energia / Operacional";"Operacional";"1.7333"
"2025-05-16";"51";"Demanda de Energia / Operacional";"Operacional";"1.1"
"2025-05-17";"117";"Demanda de Energia / Operacional";"Operacional";"0.2667"
"2025-05-19";"9";"Demanda de Energia / Operacional";"Operacional";"9.25"
"2025-05-19";"115";"Demanda de Energia / Operacional";"Operacional";"1.0667"
"2025-05-19";"127";"Demanda de Energia / Operacional";"Operacional";"8.15"
"2025-05-19";"10";"Demanda de Energia / Operacional";"Operacional";"10.7667"
"2025-05-19";"10";"Demanda de Energia / Operacional";"Operacional";"1"
"2025-05-19";"8";"Demanda de Energia / Operacional";"Operacional";"2.45"
"2025-05-19";"11";"Demanda de Energia / Operacional";"Operacional";"3.4"
"2025-05-19";"9";"Demanda de Energia / Operacional";"Operacional";"1.15"
"2025-05-19";"8";"Demanda de Energia / Operacional";"Operacional";"0.4167"
"2025-05-19";"7";"Demanda de Energia / Operacional";"Operacional";"0.55"
"2025-05-19";"10";"Demanda de Energia / Operacional";"Operacional";"0.3167"
"2025-05-20";"7";"Demanda de Energia / Operacional";"Operacional";"2.6167"
"2025-05-20";"5";"Demanda de Energia / Operacional";"Operacional";"1.3333"
"2025-05-20";"3";"Demanda de Energia / Operacional";"Operacional";"7.0333"
"2025-05-20";"7";"Demanda de Energia / Operacional";"Operacional";"5.7833"
"2025-05-20";"40";"Demanda de Energia / Operacional";"Operacional";"1.35"
"2025-05-20";"6";"Demanda de Energia / Operacional";"Operacional";"3.6167"
"2025-05-20";"10";"Demanda de Energia / Operacional";"Operacional";"2.7667"
"2025-05-20";"8";"Demanda de Energia / Operacional";"Operacional";"1.8"
"2025-05-20";"10";"Demanda de Energia / Operacional";"Operacional";"0.0333"
"2025-05-20";"11";"Demanda de Energia / Operacional";"Operacional";"4"
"2025-05-21";"10";"Demanda de Energia / Operacional";"Operacional";"0.4667"
"2025-05-21";"11";"Demanda de Energia / Operacional";"Operacional";"0.4333"
"2025-05-21";"116";"Demanda de Energia / Operacional";"Operacional";"0.9167"
"2025-05-21";"117";"Demanda de Energia / Operacional";"Operacional";"0.9333"
"2025-05-21";"40";"Demanda de Energia / Operacional";"Operacional";"0.9833"
"2025-05-21";"10";"Demanda de Energia / Operacional";"Operacional";"0.55"
"2025-05-21";"129";"Demanda de Energia / Operacional";"Operacional";"6.65"
"2025-05-21";"71";"Demanda de Energia / Operacional";"Operacional";"4.2167"
"2025-05-21";"8";"Demanda de Energia / Operacional";"Operacional";"9.1333"
"2025-05-21";"74";"Demanda de Energia / Operacional";"Operacional";"18"
"2025-05-21";"61";"Demanda de Energia / Operacional";"Operacional";"4.4667"
"2025-05-21";"10";"Demanda de Energia / Operacional";"Operacional";"0.3667"
"2025-05-21";"129";"Demanda de Energia / Operacional";"Operacional";"0.7167"
"2025-05-21";"120";"Demanda de Energia / Operacional";"Operacional";"1.1667"
"2025-05-21";"11";"Demanda de Energia / Operacional";"Operacional";"1.6833"
"2025-05-21";"10";"Demanda de Energia / Operacional";"Operacional";"0.2333"
"2025-05-21";"128";"Demanda de Energia / Operacional";"Operacional";"4.2833"
"2025-05-21";"43";"Demanda de Energia / Operacional";"Operacional";"1.65"
"2025-05-21";"72";"Demanda de Energia / Operacional";"Operacional";"2.25"
"2025-05-21";"10";"Demanda de Energia / Operacional";"Operacional";"1.9167"
"2025-05-22";"5";"Demanda de Energia / Operacional";"Operacional";"1.1"
"2025-05-22";"11";"Demanda de Energia / Operacional";"Operacional";"2.9"
"2025-05-22";"12";"Demanda de Energia / Operacional";"Operacional";"2.8667"
"2025-05-22";"43";"Demanda de Energia / Operacional";"Operacional";"2.4833"
"2025-05-22";"113";"Demanda de Energia / Operacional";"Operacional";"7.1"
"2025-05-22";"114";"Demanda de Energia / Operacional";"Operacional";"7.1"
"2025-05-22";"116";"Demanda de Energia / Operacional";"Operacional";"7.1"
"2025-05-22";"118";"Demanda de Energia / Operacional";"Operacional";"7.1"
"2025-05-22";"119";"Demanda de Energia / Operacional";"Operacional";"7.1"
"2025-05-22";"126";"Demanda de Energia / Operacional";"Operacional";"7.1"
"2025-05-22";"130";"Demanda de Energia / Operacional";"Operacional";"7.1"
"2025-05-22";"133";"Demanda de Energia / Operacional";"Operacional";"7.1"
"2025-05-22";"4";"Demanda de Energia / Operacional";"Operacional";"6.2333"
"2025-05-22";"65";"Demanda de Energia / Operacional";"Operacional";"8"
"2025-05-22";"121";"Demanda de Energia / Operacional";"Operacional";"2.9"
"2025-05-22";"43";"Demanda de Energia / Operacional";"Operacional";"2.8167"
"2025-05-22";"114";"Demanda de Energia / Operacional";"Operacional";"0.6833"
"2025-05-23";"117";"Demanda de Energia / Operacional";"Operacional";"0.35"
"2025-05-23";"1";"Demanda de Energia / Operacional";"Operacional";"0.85"
"2025-05-23";"11";"Demanda de Energia / Operacional";"Operacional";"0.6833"
"2025-05-23";"10";"Demanda de Energia / Operacional";"Operacional";"2.1833"
"2025-05-23";"43";"Demanda de Energia / Operacional";"Operacional";"9.1333"
"2025-05-23";"10";"Demanda de Energia / Operacional";"Operacional";"3"
"2025-05-23";"1";"Demanda de Energia / Operacional";"Operacional";"1.1833"
"2025-05-23";"1";"Demanda de Energia / Operacional";"Operacional";"3.0333"
"2025-05-23";"1";"Demanda de Energia / Operacional";"Operacional";"2.1"
"2025-05-23";"5";"Demanda de Energia / Operacional";"Operacional";"1.6167"
"2025-05-23";"118";"Demanda de Energia / Operacional";"Operacional";"0.2167"
"2025-05-23";"5";"Demanda de Energia / Operacional";"Operacional";"0.3833"
"2025-05-23";"30";"Demanda de Energia / Operacional";"Operacional";"11.0167"
"2025-05-24";"11";"Demanda de Energia / Operacional";"Operacional";"0.1667"
"2025-05-24";"38";"Demanda de Energia / Operacional";"Operacional";"0"
"2025-05-24";"11";"Demanda de Energia / Operacional";"Operacional";"0.5667"
"2025-05-24";"117";"Demanda de Energia / Operacional";"Operacional";"0.5167"
"2025-05-26";"38";"Demanda de Energia / Operacional";"Operacional";"7.4833"
"2025-05-26";"14";"Demanda de Energia / Operacional";"Operacional";"9.25"
"2025-05-26";"59";"Demanda de Energia / Operacional";"Operacional";"8.1667"
"2025-05-26";"10";"Demanda de Energia / Operacional";"Operacional";"2.3167"
"2025-05-26";"120";"Demanda de Energia / Operacional";"Operacional";"7.7"
"2025-05-26";"107";"Demanda de Energia / Operacional";"Operacional";"7.7"
"2025-05-26";"112";"Demanda de Energia / Operacional";"Operacional";"7.7"
"2025-05-26";"115";"Demanda de Energia / Operacional";"Operacional";"7.7"
"2025-05-26";"117";"Demanda de Energia / Operacional";"Operacional";"7.7"
"2025-05-26";"127";"Demanda de Energia / Operacional";"Operacional";"7.7"
"2025-05-26";"129";"Demanda de Energia / Operacional";"Operacional";"7.7"
"2025-05-26";"115";"Demanda de Energia / Operacional";"Operacional";"8.2"
"2025-05-26";"35";"Demanda de Energia / Operacional";"Operacional";"3.2"
"2025-05-26";"10";"Demanda de Energia / Operacional";"Operacional";"1.0667"
"2025-05-26";"117";"Demanda de Energia / Operacional";"Operacional";"0.2167"
"2025-05-26";"61";"Demanda de Energia / Operacional";"Operacional";"2.6833"
"2025-05-26";"122";"Demanda de Energia / Operacional";"Operacional";"0.65"
"2025-05-27";"121";"Demanda de Energia / Operacional";"Operacional";"0.35"
"2025-05-27";"22";"Demanda de Energia / Operacional";"Operacional";"2.1333"
"2025-05-27";"114";"Demanda de Energia / Operacional";"Operacional";"1.8"
"2025-05-27";"117";"Demanda de Energia / Operacional";"Operacional";"0.4333"
"2025-05-27";"73";"Demanda de Energia / Operacional";"Operacional";"2.6"
"2025-05-27";"52";"Demanda de Energia / Operacional";"Operacional";"1.5"
"2025-05-27";"40";"Demanda de Energia / Operacional";"Operacional";"0.7167"
"2025-05-27";"9";"Demanda de Energia / Operacional";"Operacional";"8.1333"
"2025-05-27";"72";"Demanda de Energia / Operacional";"Operacional";"8"
"2025-05-27";"61";"Demanda de Energia / Operacional";"Operacional";"10.3167"
"2025-05-27";"38";"Demanda de Energia / Operacional";"Operacional";"0.3333"
"2025-05-27";"12";"Demanda de Energia / Operacional";"Operacional";"3.5667"
"2025-05-27";"10";"Demanda de Energia / Operacional";"Operacional";"2.5833"
"2025-05-27";"24";"Demanda de Energia / Operacional";"Operacional";"1.8167"
"2025-05-27";"40";"Demanda de Energia / Operacional";"Operacional";"1.1167"
"2025-05-27";"27";"Demanda de Energia / Operacional";"Operacional";"0.7167"
"2025-05-28";"27";"Demanda de Energia / Operacional";"Operacional";"9.25"
"2025-05-28";"11";"Demanda de Energia / Operacional";"Operacional";"0.7833"
"2025-05-28";"25";"Demanda de Energia / Operacional";"Operacional";"0.6667"
"2025-05-28";"11";"Demanda de Energia / Operacional";"Operacional";"2.0833"
"2025-05-28";"114";"Demanda de Energia / Operacional";"Operacional";"1.9"
"2025-05-28";"23";"Demanda de Energia / Operacional";"Operacional";"1.45"
"2025-05-28";"12";"Demanda de Energia / Operacional";"Operacional";"1.55"
"2025-05-29";"116";"Demanda de Energia / Operacional";"Operacional";"6.7333"
"2025-05-29";"6";"Demanda de Energia / Operacional";"Operacional";"8.9667"
"2025-05-29";"12";"Demanda de Energia / Operacional";"Operacional";"1.55"
"2025-05-29";"115";"Demanda de Energia / Operacional";"Operacional";"3.3167"
"2025-05-29";"12";"Demanda de Energia / Operacional";"Operacional";"2.1167"
"2025-05-29";"128";"Demanda de Energia / Operacional";"Operacional";"3.9333"
"2025-05-29";"12";"Demanda de Energia / Operacional";"Operacional";"2.15"
"2025-05-30";"1";"Demanda de Energia / Operacional";"Operacional";"9.8333"
"2025-05-30";"43";"Demanda de Energia / Operacional";"Operacional";"0"
"2025-05-30";"123";"Demanda de Energia / Operacional";"Operacional";"1.6833"
"2025-05-30";"112";"Demanda de Energia / Operacional";"Operacional";"8.2167"
"2025-05-30";"133";"Demanda de Energia / Operacional";"Operacional";"8.2167"
"2025-05-30";"117";"Demanda de Energia / Operacional";"Operacional";"8.2167"
"2025-05-30";"120";"Demanda de Energia / Operacional";"Operacional";"8.2167"
"2025-05-30";"122";"Demanda de Energia / Operacional";"Operacional";"8.2167"
"2025-05-30";"125";"Demanda de Energia / Operacional";"Operacional";"8.2167"
"2025-05-30";"127";"Demanda de Energia / Operacional";"Operacional";"8.2167"
"2025-05-30";"129";"Demanda de Energia / Operacional";"Operacional";"8.2167"
"2025-05-30";"131";"Demanda de Energia / Operacional";"Operacional";"8.2167"
"2025-05-30";"117";"Demanda de Energia / Operacional";"Operacional";"0.3167"
"2025-05-30";"122";"Demanda de Energia / Operacional";"Operacional";"5.3"
"2025-05-30";"21";"Demanda de Energia / Operacional";"Operacional";"0.3333"
"2025-05-30";"12";"Demanda de Energia / Operacional";"Operacional";"2.4167"
"2025-05-30";"24";"Demanda de Energia / Operacional";"Operacional";"1.6167"
"2025-05-30";"120";"Demanda de Energia / Operacional";"Operacional";"0.7667"
"2025-05-31";"120";"Demanda de Energia / Operacional";"Operacional";"1.1667"
"2025-06-03";"33";"Demanda de Energia / Operacional";"Operacional";"14.95"
"2025-06-03";"128";"Demanda de Energia / Operacional";"Operacional";"1.2833"
"2025-06-03";"12";"Demanda de Energia / Operacional";"Operacional";"5.75"
"2025-06-03";"47";"Demanda de Energia / Operacional";"Operacional";"8.1"
"2025-06-03";"22";"Demanda de Energia / Operacional";"Operacional";"18"
"2025-06-03";"28";"Demanda de Energia / Operacional";"Operacional";"4.9667"
"2025-06-03";"72";"Demanda de Energia / Operacional";"Operacional";"3.3"
"2025-06-03";"28";"Demanda de Energia / Operacional";"Operacional";"0.95"
"2025-06-03";"117";"Demanda de Energia / Operacional";"Operacional";"5.2667"
"2025-06-03";"46";"Demanda de Energia / Operacional";"Operacional";"1.2167"
"2025-06-03";"9";"Demanda de Energia / Operacional";"Operacional";"0.4667"
"2025-06-04";"9";"Demanda de Energia / Operacional";"Operacional";"1.9167"
"2025-06-04";"46";"Demanda de Energia / Operacional";"Operacional";"16.15"
"2025-06-04";"53";"Demanda de Energia / Operacional";"Operacional";"0.95"
"2025-06-04";"128";"Demanda de Energia / Operacional";"Operacional";"0.2667"
"2025-06-04";"114";"Demanda de Energia / Operacional";"Operacional";"0.2667"
"2025-06-04";"53";"Demanda de Energia / Operacional";"Operacional";"0.9833"
"2025-06-04";"128";"Demanda de Energia / Operacional";"Operacional";"0.85"
"2025-06-04";"33";"Demanda de Energia / Operacional";"Operacional";"5.8833"
"2025-06-04";"112";"Demanda de Energia / Operacional";"Operacional";"0.9833"
"2025-06-04";"46";"Demanda de Energia / Operacional";"Operacional";"0.15"
"2025-06-05";"130";"Demanda de Energia / Operacional";"Operacional";"2.9333"
"2025-06-05";"53";"Demanda de Energia / Operacional";"Operacional";"14.0333"
"2025-06-05";"63";"Demanda de Energia / Operacional";"Operacional";"0.1667"
"2025-06-05";"126";"Demanda de Energia / Operacional";"Operacional";"1.45"
"2025-06-06";"126";"Demanda de Energia / Operacional";"Operacional";"0.2167"
"2025-06-06";"120";"Demanda de Energia / Operacional";"Operacional";"1.15"
"2025-06-06";"13";"Demanda de Energia / Operacional";"Operacional";"1.85"
"2025-06-06";"22";"Demanda de Energia / Operacional";"Operacional";"2.1833"
"2025-06-09";"25";"Demanda de Energia / Operacional";"Operacional";"4.2"
"2025-06-09";"4";"Demanda de Energia / Operacional";"Operacional";"0.8333"
"2025-06-09";"13";"Demanda de Energia / Operacional";"Operacional";"0.35"
"2025-06-09";"28";"Demanda de Energia / Operacional";"Operacional";"2.6667"
"2025-06-09";"14";"Demanda de Energia / Operacional";"Operacional";"4.9167"
"2025-06-09";"118";"Demanda de Energia / Operacional";"Operacional";"3.6167"
"2025-06-09";"25";"Demanda de Energia / Operacional";"Operacional";"2.4667"
"2025-06-09";"69";"Demanda de Energia / Operacional";"Operacional";"2.4333"
"2025-06-09";"25";"Demanda de Energia / Operacional";"Operacional";"2.1"
"2025-06-09";"42";"Demanda de Energia / Operacional";"Operacional";"2.9833"
"2025-06-10";"1";"Demanda de Energia / Operacional";"Operacional";"15.7833"
"2025-06-10";"5";"Demanda de Energia / Operacional";"Operacional";"3.4667"
"2025-06-10";"13";"Demanda de Energia / Operacional";"Operacional";"11.8167"
"2025-06-10";"32";"Demanda de Energia / Operacional";"Operacional";"10.9167"
"2025-06-10";"51";"Demanda de Energia / Operacional";"Operacional";"13.45"
"2025-06-10";"59";"Demanda de Energia / Operacional";"Operacional";"12.4"
"2025-06-10";"42";"Demanda de Energia / Operacional";"Operacional";"14.4667"
"2025-06-10";"28";"Demanda de Energia / Operacional";"Operacional";"9.8667"
"2025-06-10";"116";"Demanda de Energia / Operacional";"Operacional";"0.6167"
"2025-06-10";"67";"Demanda de Energia / Operacional";"Operacional";"7.7167"
"2025-06-10";"66";"Demanda de Energia / Operacional";"Operacional";"2.0167"
"2025-06-10";"58";"Demanda de Energia / Operacional";"Operacional";"2.0333"
"2025-06-10";"38";"Demanda de Energia / Operacional";"Operacional";"1.0667"
"2025-06-10";"47";"Demanda de Energia / Operacional";"Operacional";"0.6833"
"2025-06-11";"1";"Demanda de Energia / Operacional";"Operacional";"10.3333"
"2025-06-11";"4";"Demanda de Energia / Operacional";"Operacional";"1.0833"
"2025-06-11";"14";"Demanda de Energia / Operacional";"Operacional";"3.8667"
"2025-06-11";"12";"Demanda de Energia / Operacional";"Operacional";"2.9"
"2025-06-11";"36";"Demanda de Energia / Operacional";"Operacional";"3.6333"
"2025-06-12";"7";"Demanda de Energia / Operacional";"Operacional";"1.25"
"2025-06-12";"40";"Demanda de Energia / Operacional";"Operacional";"0.5"
"2025-06-12";"5";"Demanda de Energia / Operacional";"Operacional";"9.1167"
"2025-06-12";"8";"Demanda de Energia / Operacional";"Operacional";"2.6333"
"2025-06-12";"14";"Demanda de Energia / Operacional";"Operacional";"5.45"
"2025-06-12";"114";"Demanda de Energia / Operacional";"Operacional";"0.6833"
"2025-06-12";"25";"Demanda de Energia / Operacional";"Operacional";"3.5333"
"2025-06-12";"128";"Demanda de Energia / Operacional";"Operacional";"1.6167"
"2025-06-12";"25";"Demanda de Energia / Operacional";"Operacional";"0.75"
"2025-06-12";"14";"Demanda de Energia / Operacional";"Operacional";"1.8667"
"2025-06-12";"133";"Demanda de Energia / Operacional";"Operacional";"2.2833"
"2025-06-12";"47";"Demanda de Energia / Operacional";"Operacional";"0.6167"
"2025-06-13";"25";"Demanda de Energia / Operacional";"Operacional";"2.1667"
"2025-06-13";"117";"Demanda de Energia / Operacional";"Operacional";"9.6667"
"2025-06-13";"35";"Demanda de Energia / Operacional";"Operacional";"8.6"
"2025-06-13";"47";"Demanda de Energia / Operacional";"Operacional";"12.9667"
"2025-06-13";"7";"Demanda de Energia / Operacional";"Operacional";"0.4833"
"2025-06-13";"128";"Demanda de Energia / Operacional";"Operacional";"2.5167"
"2025-06-13";"18";"Demanda de Energia / Operacional";"Operacional";"3.5167"
"2025-06-16";"21";"Demanda de Energia / Operacional";"Operacional";"0.5"
"2025-06-16";"22";"Demanda de Energia / Operacional";"Operacional";"3.4333"
"2025-06-16";"29";"Demanda de Energia / Operacional";"Operacional";"8.65"
"2025-06-17";"118";"Demanda de Energia / Operacional";"Operacional";"1.7833"
"2025-06-17";"52";"Demanda de Energia / Operacional";"Operacional";"7.4"
"2025-06-17";"6";"Demanda de Energia / Operacional";"Operacional";"5.1333"
"2025-06-17";"42";"Demanda de Energia / Operacional";"Operacional";"4.7333"
"2025-06-17";"56";"Demanda de Energia / Operacional";"Operacional";"13.6167"
"2025-06-17";"59";"Demanda de Energia / Operacional";"Operacional";"10.7667"
"2025-06-17";"130";"Demanda de Energia / Operacional";"Operacional";"3.65"
"2025-06-17";"34";"Demanda de Energia / Operacional";"Operacional";"3.3333"
"2025-06-17";"52";"Demanda de Energia / Operacional";"Operacional";"0.8833"
"2025-06-17";"6";"Demanda de Energia / Operacional";"Operacional";"1.2833"
"2025-06-17";"1";"Demanda de Energia / Operacional";"Operacional";"2.1167"
"2025-06-18";"115";"Demanda de Energia / Operacional";"Operacional";"2.0333"
"2025-06-18";"8";"Demanda de Energia / Operacional";"Operacional";"7.85"
"2025-06-18";"18";"Demanda de Energia / Operacional";"Operacional";"7.8167"
"2025-06-18";"20";"Demanda de Energia / Operacional";"Operacional";"7.8667"
"2025-06-18";"29";"Demanda de Energia / Operacional";"Operacional";"7.9833"
"2025-06-18";"25";"Demanda de Energia / Operacional";"Operacional";"8.45"
"2025-06-18";"73";"Demanda de Energia / Operacional";"Operacional";"18"
"2025-06-18";"6";"Demanda de Energia / Operacional";"Operacional";"2.1667"
"2025-06-18";"63";"Demanda de Energia / Operacional";"Operacional";"10.35"
"2025-06-18";"64";"Demanda de Energia / Operacional";"Operacional";"10.35"
"2025-06-18";"65";"Demanda de Energia / Operacional";"Operacional";"10.35"
"2025-06-18";"72";"Demanda de Energia / Operacional";"Operacional";"10.35"
"2025-06-18";"115";"Demanda de Energia / Operacional";"Operacional";"4.8"
"2025-06-18";"65";"Demanda de Energia / Operacional";"Operacional";"2.6167"
"2025-06-19";"118";"Demanda de Energia / Operacional";"Operacional";"3.2167"
"2025-06-19";"38";"Demanda de Energia / Operacional";"Operacional";"8.8333"
"2025-06-19";"34";"Demanda de Energia / Operacional";"Operacional";"10.15"
"2025-06-19";"12";"Demanda de Energia / Operacional";"Operacional";"13.1333"
"2025-06-19";"64";"Demanda de Energia / Operacional";"Operacional";"5.8167"
"2025-06-20";"42";"Demanda de Energia / Operacional";"Operacional";"3.6167"
"2025-06-20";"21";"Demanda de Energia / Operacional";"Operacional";"2.6167"
"2025-06-20";"73";"Demanda de Energia / Operacional";"Operacional";"8.2167"
"2025-06-20";"116";"Demanda de Energia / Operacional";"Operacional";"0.9833"
"2025-06-20";"123";"Demanda de Energia / Operacional";"Operacional";"1.9833"
"2025-06-24";"114";"Demanda de Energia / Operacional";"Operacional";"4.2"
"2025-06-24";"28";"Demanda de Energia / Operacional";"Operacional";"4.7833"
"2025-06-24";"1";"Demanda de Energia / Operacional";"Operacional";"0.6667"
"2025-06-24";"42";"Demanda de Energia / Operacional";"Operacional";"6.0167"
"2025-06-24";"63";"Demanda de Energia / Operacional";"Operacional";"1.9"
"2025-06-24";"18";"Demanda de Energia / Operacional";"Operacional";"1.6833"
"2025-06-25";"73";"Demanda de Energia / Operacional";"Operacional";"17.5833"
"2025-06-25";"42";"Demanda de Energia / Operacional";"Operacional";"3.0833"
"2025-06-25";"42";"Demanda de Energia / Operacional";"Operacional";"6.2667"
"2025-06-25";"18";"Demanda de Energia / Operacional";"Operacional";"11.8333"
"2025-06-25";"33";"Demanda de Energia / Operacional";"Operacional";"1.1833"
"2025-06-25";"72";"Demanda de Energia / Operacional";"Operacional";"7.8667"
"2025-06-25";"103";"Demanda de Energia / Operacional";"Operacional";"7.75"
"2025-06-25";"115";"Demanda de Energia / Operacional";"Operacional";"0.7"
"2025-06-25";"74";"Demanda de Energia / Operacional";"Operacional";"18"
"2025-06-25";"42";"Demanda de Energia / Operacional";"Operacional";"3.0833"
"2025-06-25";"18";"Demanda de Energia / Operacional";"Operacional";"3.9667"
"2025-06-25";"116";"Demanda de Energia / Operacional";"Operacional";"1.7833"
"2025-06-26";"9";"Demanda de Energia / Operacional";"Operacional";"0.5667"
"2025-06-26";"29";"Demanda de Energia / Operacional";"Operacional";"2.65"
"2025-06-26";"11";"Demanda de Energia / Operacional";"Operacional";"7.2833"
"2025-06-26";"115";"Demanda de Energia / Operacional";"Operacional";"1.5167"
"2025-06-26";"118";"Demanda de Energia / Operacional";"Operacional";"1.7833"
"2025-06-26";"117";"Demanda de Energia / Operacional";"Operacional";"9.7333"
"2025-06-26";"129";"Demanda de Energia / Operacional";"Operacional";"9.4167"
"2025-06-26";"118";"Demanda de Energia / Operacional";"Operacional";"9.9333"
"2025-06-26";"132";"Demanda de Energia / Operacional";"Operacional";"3.6"
"2025-06-26";"21";"Demanda de Energia / Operacional";"Operacional";"0.3667"
"2025-06-26";"116";"Demanda de Energia / Operacional";"Operacional";"2.2"
"2025-06-26";"114";"Demanda de Energia / Operacional";"Operacional";"2.1"
"2025-06-26";"68";"Demanda de Energia / Operacional";"Operacional";"1.9"
"2025-06-26";"118";"Demanda de Energia / Operacional";"Operacional";"5.75"
"2025-06-26";"116";"Demanda de Energia / Operacional";"Operacional";"6.1333"
"2025-06-26";"117";"Demanda de Energia / Operacional";"Operacional";"2.4833"
"2025-06-27";"115";"Demanda de Energia / Operacional";"Operacional";"1.0167"
"2025-06-27";"25";"Demanda de Energia / Operacional";"Operacional";"6.8333"
"2025-06-27";"42";"Demanda de Energia / Operacional";"Operacional";"1.1"
"2025-06-27";"33";"Demanda de Energia / Operacional";"Operacional";"3.1667"
"2025-06-27";"117";"Demanda de Energia / Operacional";"Operacional";"10.4667"
"2025-06-27";"118";"Demanda de Energia / Operacional";"Operacional";"10.85"
"2025-06-27";"13";"Demanda de Energia / Operacional";"Operacional";"1.1833"
"2025-06-27";"25";"Demanda de Energia / Operacional";"Operacional";"9.2167"
"2025-06-27";"43";"Demanda de Energia / Operacional";"Operacional";"0.7"
"2025-06-27";"118";"Demanda de Energia / Operacional";"Operacional";"6.4667"
"2025-06-27";"115";"Demanda de Energia / Operacional";"Operacional";"1.1833"
"2025-06-27";"6";"Demanda de Energia / Operacional";"Operacional";"0.6833"
"2025-06-28";"25";"Demanda de Energia / Operacional";"Operacional";"0.5"
"2025-06-28";"112";"Demanda de Energia / Operacional";"Operacional";"0.7"
"2025-06-30";"115";"Demanda de Energia / Operacional";"Operacional";"0.85"
"2025-06-30";"107";"Demanda de Energia / Operacional";"Operacional";"7.1167"
"2025-06-30";"8";"Demanda de Energia / Operacional";"Operacional";"0.6667"
"2025-06-30";"18";"Demanda de Energia / Operacional";"Operacional";"2.1333"
"2025-07-01";"52";"Demanda de Energia / Operacional";"Operacional";"6.1"
"2025-07-01";"110";"Demanda de Energia / Operacional";"Operacional";"7.3167"
"2025-07-01";"18";"Demanda de Energia / Operacional";"Operacional";"18"
"2025-07-01";"106";"Demanda de Energia / Operacional";"Operacional";"0.3667"
"2025-07-01";"8";"Demanda de Energia / Operacional";"Operacional";"1.6"
"2025-07-01";"118";"Demanda de Energia / Operacional";"Operacional";"0.4833"
"2025-07-01";"52";"Demanda de Energia / Operacional";"Operacional";"0.3833"
"2025-07-01";"12";"Demanda de Energia / Operacional";"Operacional";"0.45"
"2025-07-01";"28";"Demanda de Energia / Operacional";"Operacional";"2.8833"
"2025-07-01";"33";"Demanda de Energia / Operacional";"Operacional";"9.9333"
"2025-07-02";"46";"Demanda de Energia / Operacional";"Operacional";"0.35"
"2025-07-02";"5";"Demanda de Energia / Operacional";"Operacional";"10.5333"
"2025-07-02";"118";"Demanda de Energia / Operacional";"Operacional";"0.8833"
"2025-07-02";"68";"Demanda de Energia / Operacional";"Operacional";"1.3"
"2025-07-02";"8";"Demanda de Energia / Operacional";"Operacional";"9.2167"
"2025-07-02";"123";"Demanda de Energia / Operacional";"Operacional";"4.9833"
"2025-07-02";"128";"Demanda de Energia / Operacional";"Operacional";"3.2333"
"2025-07-02";"3";"Demanda de Energia / Operacional";"Operacional";"3.9"
"2025-07-02";"29";"Demanda de Energia / Operacional";"Operacional";"5.6333"
"2025-07-02";"63";"Demanda de Energia / Operacional";"Operacional";"0.6833"
"2025-07-03";"8";"Demanda de Energia / Operacional";"Operacional";"7.7333"
"2025-07-03";"38";"Demanda de Energia / Operacional";"Operacional";"0.6833"
"2025-07-03";"38";"Demanda de Energia / Operacional";"Operacional";"0.5167"
"2025-07-03";"117";"Demanda de Energia / Operacional";"Operacional";"2.0833"
"2025-07-04";"46";"Demanda de Energia / Operacional";"Operacional";"0.4667"
"2025-07-05";"9";"Demanda de Energia / Operacional";"Operacional";"0.6833"
"2025-07-08";"107";"Demanda de Energia / Operacional";"Operacional";"8.8833"
"2025-07-08";"115";"Demanda de Energia / Operacional";"Operacional";"1.4167"
"2025-07-08";"10";"Demanda de Energia / Operacional";"Operacional";"8.2833"
"2025-07-08";"25";"Demanda de Energia / Operacional";"Operacional";"17.35"
"2025-07-08";"23";"Demanda de Energia / Operacional";"Operacional";"3.6333"
"2025-07-08";"38";"Demanda de Energia / Operacional";"Operacional";"4.7333"
"2025-07-09";"35";"Demanda de Energia / Operacional";"Operacional";"0.2667"
"2025-07-09";"119";"Demanda de Energia / Operacional";"Operacional";"9.2833"
"2025-07-09";"117";"Demanda de Energia / Operacional";"Operacional";"0.7667"
"2025-07-09";"41";"Demanda de Energia / Operacional";"Operacional";"1.9"
"2025-07-09";"19";"Demanda de Energia / Operacional";"Operacional";"2"
"2025-07-09";"58";"Demanda de Energia / Operacional";"Operacional";"2.8333"
"2025-07-09";"130";"Demanda de Energia / Operacional";"Operacional";"1.1667"
"2025-07-09";"11";"Demanda de Energia / Operacional";"Operacional";"0.0167"
"2025-07-10";"11";"Demanda de Energia / Operacional";"Operacional";"1.7667"
"2025-07-10";"11";"Demanda de Energia / Operacional";"Operacional";"7.9333"
"2025-07-10";"46";"Demanda de Energia / Operacional";"Operacional";"0.2333"
"2025-07-10";"117";"Demanda de Energia / Operacional";"Operacional";"0.5167"
"2025-07-10";"24";"Demanda de Energia / Operacional";"Operacional";"1.4333"
"2025-07-10";"46";"Demanda de Energia / Operacional";"Operacional";"3.0167"
"2025-07-10";"118";"Demanda de Energia / Operacional";"Operacional";"7.2333"
"2025-07-10";"117";"Demanda de Energia / Operacional";"Operacional";"7.2333"
"2025-07-10";"133";"Demanda de Energia / Operacional";"Operacional";"2.8667"
"2025-07-10";"101";"Contator e Micro / Elétrico";"Elétrico";"1.5667"
"2025-07-10";"41";"Falha de Alinhamento / Operacional";"Operacional";"0.15"
"2025-07-10";"29";"Falha de Alinhamento / Operacional";"Operacional";"0.7667"
"2025-07-11";"29";"Falha de Alinhamento / Operacional";"Operacional";"1.05"
"2025-07-11";"116";"Falha de Alinhamento / Operacional";"Operacional";"0.6333"
"2025-07-12";"116";"Falha de Alinhamento / Operacional";"Operacional";"6.1"
"2025-07-14";"24";"Falha de Alinhamento / Operacional";"Operacional";"0.7"
"2025-07-15";"12";"Falha de Alinhamento / Operacional";"Operacional";"0.7167"
"2025-07-15";"46";"Falha de Alinhamento / Operacional";"Operacional";"6.3"
"2025-07-16";"11";"Motorredutor / Mecânico";"Mecânico";"3.8333"
"2025-07-16";"28";"Falha de Alinhamento / Operacional";"Operacional";"2.3333"
"2025-07-16";"22";"Falha de Alinhamento / Operacional";"Operacional";"2.4667"
"2025-07-16";"38";"Falha de Alinhamento / Operacional";"Operacional";"8.2333"
"2025-07-17";"116";"Falha de Alinhamento / Operacional";"Operacional";"3.4167"
"2025-07-17";"60";"Pneu / Mecânico";"Mecânico";"8.3833"
"2025-07-21";"41";"Troca de Mangueira  / Operacional";"";"5.6167"
"2025-07-21";"46";"Adubação  / Operacional";"Operacional";"5.2167"
"2025-07-22";"5";"Falha de Alinhamento / Operacional";"Operacional";"6.3667"
"2025-07-22";"118";"Falha de Alinhamento / Operacional";"Operacional";"1.9833"
"2025-07-23";"53";"Falha de Alinhamento / Operacional";"Operacional";"4.5167"
"2025-07-23";"42";"Painel do Pivô / Elétrico";"Elétrico";"8.55"
"2025-07-23";"42";"Motorredutor / Mecânico";"Mecânico";"2.9333"
"2025-07-23";"52";"Troca de Mangueira  / Operacional";"";"0.1833"
"2025-07-23";"41";"Adubação  / Operacional";"Operacional";"3"
"2025-07-23";"53";"Falha de Alinhamento / Operacional";"Operacional";"2.2333"
"2025-07-23";"46";"Redutor / Mecânico";"Mecânico";"2.8667"
"2025-07-23";"54";"Redutor / Mecânico";"Mecânico";"2.9833"
"2025-07-24";"54";"Redutor / Mecânico";"Mecânico";"9.8"
"2025-07-24";"46";"Redutor / Mecânico";"Mecânico";"10"
"2025-07-24";"52";"Falha de Alinhamento / Operacional";"Operacional";"1.4333"
"2025-07-24";"63";"Falha de Alinhamento / Operacional";"Operacional";"0.5"
"2025-07-24";"29";"Adutora / Mecânico";"Mecânico";"18"
"2025-07-24";"10";"Pneu / Mecânico";"Mecânico";"1.9667"
"2025-07-24";"53";"Falha de Alinhamento / Operacional";"Operacional";"0.9167"
"2025-07-24";"10";"Redutor / Mecânico";"Mecânico";"8.8333"
"2025-07-24";"5";"Falha de Alinhamento / Operacional";"Operacional";"2.9167"
"2025-07-24";"5";"Falha de Alinhamento / Operacional";"Operacional";"0.9333"
"2025-07-25";"118";"Falha de Alinhamento / Operacional";"Operacional";"6.4833"
"2025-07-25";"53";"Falha de Alinhamento / Operacional";"Operacional";"1.1167"
"2025-07-25";"9";"Troca de Mangueira  / Operacional";"";"0.85"
"2025-07-25";"47";"Falha de Alinhamento / Operacional";"Operacional";"1.9667"
"2025-07-25";"9";"Motorredutor / Mecânico";"Mecânico";"0.9667"
"2025-07-25";"115";"Falha de Alinhamento / Operacional";"Operacional";"4.6167"
"2025-07-25";"53";"Falha de Alinhamento / Operacional";"Operacional";"1.0667"
"2025-07-26";"53";"Falha de Alinhamento / Operacional";"Operacional";"1.6333"
"2025-07-26";"53";"Falha de Alinhamento / Operacional";"Operacional";"2.5333"
"2025-07-28";"53";"Falha de Alinhamento / Operacional";"Operacional";"4.0833"
"2025-07-28";"47";"Troca de Mangueira  / Operacional";"";"0.9167"
"2025-07-28";"102";"Falha de Alinhamento / Operacional";"Operacional";"0.3"
"2025-07-28";"7";"Painel do Pivô / Elétrico";"Elétrico";"3.5333"
"2025-07-28";"53";"Falha de Alinhamento / Operacional";"Operacional";"0.4667"
"2025-07-28";"12";"Painel do Pivô / Elétrico";"Elétrico";"1.6667"
"2025-07-28";"102";"Micro  / Elétrico";"Elétrico";"1.9333"
"2025-07-28";"14";"Falha de Alinhamento / Operacional";"Operacional";"5.4833"
"2025-07-28";"9";"Falha de Alinhamento / Operacional";"Operacional";"1.75"
"2025-07-29";"53";"Falha de Alinhamento / Operacional";"Operacional";"1.5"
"2025-07-29";"53";"Falha de Alinhamento / Operacional";"Operacional";"0.6"
"2025-07-29";"53";"Falha de Alinhamento / Operacional";"Operacional";"0.9333"
"2025-07-29";"117";"Falha de Alinhamento / Operacional";"Operacional";"0.6167"
"2025-07-29";"117";"Painel do Pivô / Elétrico";"Elétrico";"1.0833"
"2025-07-29";"117";"Falha de Alinhamento / Operacional";"Operacional";"0.15"
"2025-07-29";"53";"Falha de Alinhamento / Operacional";"Operacional";"0.1167"
"2025-07-29";"53";"Falha de Alinhamento / Operacional";"Operacional";"0.4"
"2025-07-29";"53";"Falha de Alinhamento / Operacional";"Operacional";"0.0333"
"2025-07-29";"53";"Falha de Alinhamento / Operacional";"Operacional";"0.0833"
"2025-07-30";"53";"Falha de Alinhamento / Operacional";"Operacional";"0.2333"
"2025-07-30";"118";"Falha de Alinhamento / Operacional";"Operacional";"0.1833"
"2025-07-30";"47";"Falha de Alinhamento / Operacional";"Operacional";"1.0833"
"2025-07-30";"48";"Falha de Alinhamento / Operacional";"Operacional";"1"
"2025-07-30";"10";"Troca de Mangueira  / Operacional";"";"1.3833"
"2025-07-30";"12";"Painel do Pivô / Elétrico";"Elétrico";"2.9"
"2025-07-30";"53";"Falha de Alinhamento / Operacional";"Operacional";"0.7"
"2025-07-30";"47";"Adubação  / Operacional";"Operacional";"9.0833"
"2025-07-30";"14";"Falha de Alinhamento / Operacional";"Operacional";"2.85"
"2025-07-30";"12";"Redutor / Mecânico";"Mecânico";"0.8333"
"2025-07-31";"53";"Falha de Alinhamento / Operacional";"Operacional";"0.15"
"2025-07-31";"53";"Falha de Alinhamento / Operacional";"Operacional";"1.3667"
"2025-07-31";"12";"Redutor / Mecânico";"Mecânico";"13.9833"
"2025-07-31";"53";"Transplante Tabaco / Operacional";"Operacional";"2.1167"
"2025-07-31";"56";"Preparo de Solo / Operacional";"Operacional";"4.2333"
"2025-07-31";"53";"Falha de Alinhamento / Operacional";"Operacional";"2.2667"
"2025-08-01";"115";"Falha de Alinhamento / Operacional";"Operacional";"0.6167"
"2025-08-01";"58";"Motorredutor / Mecânico";"Mecânico";"4.8833"
"2025-08-01";"12";"Pneu / Mecânico";"Mecânico";"7.9667"
"2025-08-01";"68";"Pulverização / Operacional";"Operacional";"2.9167"
"2025-08-04";"14";"Pneu / Mecânico";"Mecânico";"6.1"
"2025-08-04";"28";"Pivô Atolado / Operacional";"Operacional";"9.2667"
"2025-08-06";"53";"Falha de Alinhamento / Operacional";"Operacional";"2.8833"
"2025-08-06";"28";"Pivô Atolado / Operacional";"Operacional";"4.8167"
"2025-08-06";"58";"Redutor / Mecânico";"Mecânico";"5.0667"
"2025-08-06";"54";"Redutor / Mecânico";"Mecânico";"4.1"
"2025-08-07";"41";"Falha de Alinhamento / Operacional";"Operacional";"1.0833"
"2025-08-07";"118";"Falha de Alinhamento / Operacional";"Operacional";"1.75"
"2025-08-08";"29";"Falha de Alinhamento / Operacional";"Operacional";"1.7167"
"2025-08-08";"52";"Falha de Alinhamento / Operacional";"Operacional";"0.45"
"2025-08-08";"53";"Falha de Alinhamento / Operacional";"Operacional";"0.6"
"2025-08-08";"115";"Falha de Alinhamento / Operacional";"Operacional";"0.5167"
"2025-08-08";"52";"Capina / Operacional";"Operacional";"1.9"
"2025-08-08";"29";"Adutora / Mecânico";"Mecânico";"3.2833"
"2025-08-08";"52";"Falha de Alinhamento / Operacional";"Operacional";"0.55"
"2025-08-08";"118";"Falha de Alinhamento / Operacional";"Operacional";"1.9333"
"2025-08-08";"52";"Redutor / Mecânico";"Mecânico";"1.2"
"2025-08-09";"52";"Redutor / Mecânico";"Mecânico";"7.6667"
"2025-08-09";"53";"Falha de Alinhamento / Operacional";"Operacional";"0.7167"
"2025-08-12";"11";"Motorredutor / Mecânico";"Mecânico";"15.1667"
"2025-08-12";"28";"Pivô Atolado / Operacional";"Operacional";"3.9"
"2025-08-12";"46";"Redutor / Mecânico";"Mecânico";"0"
"2025-08-12";"15";"Falha de Alinhamento / Operacional";"Operacional";"2.3"
"2025-08-12";"56";"Falha de Alinhamento / Operacional";"Operacional";"0.7833"
"2025-08-13";"15";"Falha de Alinhamento / Operacional";"Operacional";"0.5833"
"2025-08-13";"56";"Falha de Alinhamento / Operacional";"Operacional";"0.7833"
"2025-08-13";"10";"Falta de Água / Operacional";"Operacional";"3.9667"
"2025-08-13";"25";"Redutor / Mecânico";"Mecânico";"5.3833"
"2025-08-13";"124";"Limpeza e Afeirição / Operacional";"Operacional";"4.8"
"2025-08-13";"126";"Limpeza e Afeirição / Operacional";"Operacional";"4.7667"
"2025-08-13";"56";"Falha de Alinhamento / Operacional";"Operacional";"0.7333"
"2025-08-13";"14";"Redutor / Mecânico";"Mecânico";"1.1167"
"2025-08-13";"56";"Falha de Alinhamento / Operacional";"Operacional";"0.5"
"2025-08-14";"14";"Redutor / Mecânico";"Mecânico";"16.7667"
"2025-08-14";"56";"Falha de Alinhamento / Operacional";"Operacional";"0.2"
"2025-08-14";"56";"Redutor / Mecânico";"Mecânico";"8.3167"
"2025-08-14";"118";"Falha de Alinhamento / Operacional";"Operacional";"0.6833"
"2025-08-14";"25";"Redutor / Mecânico";"Mecânico";"11.6833"
"2025-08-14";"52";"Redutor / Mecânico";"Mecânico";"4.1667"
"2025-08-14";"52";"Falha de Alinhamento / Operacional";"Operacional";"7.8"
"2025-08-14";"27";"Rede Interna / Elétrico";"Elétrico";"9.6"
"2025-08-14";"28";"Rede Interna / Elétrico";"Elétrico";"4.5"
"2025-08-14";"13";"Rede Interna / Elétrico";"Elétrico";"8.75"
"2025-08-14";"25";"Rede Interna / Elétrico";"Elétrico";"4.5"
"2025-08-14";"56";"Redutor / Mecânico";"Mecânico";"0.3667"
"2025-08-14";"115";"Falha de Alinhamento / Operacional";"Operacional";"0.2667"
"2025-08-15";"115";"Falha de Alinhamento / Operacional";"Operacional";"0.1667"
"2025-08-15";"53";"Falha de Alinhamento / Operacional";"Operacional";"2.6"
"2025-08-15";"3";"Falha de Alinhamento / Operacional";"Operacional";"0.6833"
"2025-08-15";"14";"Falha de Alinhamento / Operacional";"Operacional";"0.6167"
"2025-08-15";"14";"Falha de Alinhamento / Operacional";"Operacional";"2.8167"
"2025-08-15";"1";"Falha de Alinhamento / Operacional";"Operacional";"2.35"
"2025-08-18";"52";"Falha de Alinhamento / Operacional";"Operacional";"1.85"
"2025-08-18";"56";"Manutenção Preventiva  / Mecânico";"Mecânico";"4.5167"
"2025-08-18";"37";"Cabo Acionamento / Elétrico";"Elétrico";"5.85"
"2025-08-18";"69";"Micro  / Elétrico";"Elétrico";"5.05"
"2025-08-18";"42";"Troca de Mangueira  / Operacional";"";"0.7167"
"2025-08-20";"28";"Cardã / Mecânico";"Mecânico";"1.4333"
"2025-08-20";"9";"Limpeza e Afeirição / Operacional";"Operacional";"0.7"
"2025-08-20";"104";"Limpeza e Afeirição / Operacional";"Operacional";"0.7667"
"2025-08-20";"108";"Syngenta / Operacional";"Operacional";"3.7667"
"2025-08-20";"56";"Equipamentos Fert / Operacional";"Operacional";"3.3"
"2025-08-20";"46";"Adubação  / Operacional";"Operacional";"9.5833"
"2025-08-22";"56";"Falha de Alinhamento / Operacional";"Operacional";"0.7333"
"2025-08-25";"22";"Falha de Alinhamento / Operacional";"Operacional";"1.2333"
"2025-08-25";"28";"Pivô Atolado / Operacional";"Operacional";"4.2167"
"2025-08-25";"69";"Redutor / Mecânico";"Mecânico";"3.4333"
"2025-08-25";"56";"Pneu / Mecânico";"Mecânico";"5.3833"
"2025-08-25";"60";"Redutor / Mecânico";"Mecânico";"6.6"
"2025-08-25";"47";"Bomba - Sucção / Mecânico";"Mecânico";"18"
"2025-08-25";"14";"Falha de Alinhamento / Operacional";"Operacional";"4.1"
"2025-08-26";"58";"Falha de Alinhamento / Operacional";"Operacional";"1.2167"
"2025-08-26";"42";"Falha de Alinhamento / Operacional";"Operacional";"1.1667"
"2025-08-26";"15";"Falha de Alinhamento / Operacional";"Operacional";"2.4"
"2025-08-27";"46";"Motorredutor / Mecânico";"Mecânico";"9.5167"
"2025-08-27";"14";"Redutor / Mecânico";"Mecânico";"4.4667"
"2025-08-27";"47";"Troca de Mangueira  / Operacional";"";"2.7"
"2025-08-27";"14";"Falha de Alinhamento / Operacional";"Operacional";"3.9167"
"2025-08-28";"115";"Syngenta / Operacional";"Operacional";"4.9"
"2025-08-28";"8";"Falha de Alinhamento / Operacional";"Operacional";"1.4667"
"2025-08-28";"119";"Falha de Alinhamento / Operacional";"Operacional";"0.7833"
"2025-08-29";"46";"Falha de Alinhamento / Operacional";"Operacional";"1.4833"
"2025-08-29";"52";"Falha de Alinhamento / Operacional";"Operacional";"0.65"
"2025-08-29";"12";"Pneu / Mecânico";"Mecânico";"1.25"
"2025-08-30";"52";"Redutor / Mecânico";"Mecânico";"11.7167"
"2025-09-01";"47";"Falha de Alinhamento / Operacional";"Operacional";"1.2833"
"2025-09-01";"66";"Pneu / Mecânico";"Mecânico";"1.6"
"2025-09-02";"39";"Falha de Alinhamento / Operacional";"Operacional";"0.8"
"2025-09-02";"115";"Syngenta / Operacional";"Operacional";"8.5"
"2025-09-02";"47";"Limpeza e Afeirição / Operacional";"Operacional";"0.8667"
"2025-09-02";"46";"Capina / Operacional";"Operacional";"1.1167"
"2025-09-03";"47";"Falha de Alinhamento / Operacional";"Operacional";"6.6333"
"2025-09-03";"8";"Falha de Alinhamento / Operacional";"Operacional";"2.8"
"2025-09-03";"5";"Castanha / Mecânico";"Mecânico";"3.4333"
"2025-09-03";"115";"Syngenta / Operacional";"Operacional";"8.1333"
"2025-09-03";"117";"Alta Demanda / Operacional";"Operacional";"3.2667"
"2025-09-03";"120";"Chave Elo Fusível / Elétrico";"Elétrico";"2.6167"
"2025-09-03";"69";"Redutor / Mecânico";"Mecânico";"1.65"
"2025-09-03";"29";"Limpeza e Afeirição / Operacional";"Operacional";"1.1833"
"2025-09-03";"29";"Troca de Mangueira  / Operacional";"";"2.8"
"2025-09-03";"29";"Falha de Alinhamento / Operacional";"Operacional";"0.5"
"2025-09-04";"69";"Redutor / Mecânico";"Mecânico";"9.0167"
"2025-09-04";"69";"Capina / Operacional";"Operacional";"1.2167"
"2025-09-04";"115";"Falha de Alinhamento / Operacional";"Operacional";"0.4167"
"2025-09-04";"120";"Chave Elo Fusível / Elétrico";"Elétrico";"10.9667"
"2025-09-04";"120";"Falha de Alinhamento / Operacional";"Operacional";"0.3"
"2025-09-04";"28";"Pivô Atolado / Operacional";"Operacional";"1.5167"
"2025-09-04";"46";"Falha de Alinhamento / Operacional";"Operacional";"1.5333"
"2025-09-05";"46";"Falha de Alinhamento / Operacional";"Operacional";"1.5"
"2025-09-05";"8";"Falha de Alinhamento / Operacional";"Operacional";"0.45"
"2025-09-05";"8";"Falha de Alinhamento / Operacional";"Operacional";"0.2333"
"2025-09-05";"8";"Falha de Alinhamento / Operacional";"Operacional";"2.2167"
"2025-09-05";"38";"Falha de Alinhamento / Operacional";"Operacional";"5.1833"
"2025-09-05";"115";"Syngenta / Operacional";"Operacional";"0"
"2025-09-05";"130";"Syngenta / Operacional";"Operacional";"0"
"2025-09-05";"62";"Capina / Operacional";"Operacional";"1.1167"
"2025-09-05";"1";"Falha de Alinhamento / Operacional";"Operacional";"3.95"
"2025-09-05";"1";"Falha de Alinhamento / Operacional";"Operacional";"0.9"
"2025-09-06";"53";"Falha de Alinhamento / Operacional";"Operacional";"1.3667"
"2025-09-08";"12";"Castanha / Mecânico";"Mecânico";"3.0333"
"2025-09-08";"108";"Falta de Produto / Operacional";"Operacional";"6.9667"
"2025-09-08";"115";"Syngenta / Operacional";"Operacional";"8.5"
"2025-09-09";"12";"Redutor / Mecânico";"Mecânico";"8.75"
"2025-09-09";"33";"Falha de Alinhamento / Operacional";"Operacional";"0.4"
"2025-09-09";"46";"Cardã / Mecânico";"Mecânico";"2.4667"
"2025-09-09";"130";"Rede Interna / Elétrico";"Elétrico";"1.2333"
"2025-09-09";"12";"Troca de Mangueira  / Operacional";"";"2.4667"
"2025-09-09";"62";"Falha de Alinhamento / Operacional";"Operacional";"7.3833"
"2025-09-10";"115";"Contator e Micro / Elétrico";"Elétrico";"3.6"
"2025-09-10";"120";"Micro  / Elétrico";"Elétrico";"6.5667"
"2025-09-10";"32";"Redutor / Mecânico";"Mecânico";"4.9833"
"2025-09-10";"62";"contator";"";"0.8167"
"2025-09-10";"53";"Falha de Alinhamento / Operacional";"Operacional";"1.1167"
"2025-09-10";"120";"Falha de Alinhamento / Operacional";"Operacional";"0"
"2025-09-11";"21";"Falha de Alinhamento / Operacional";"Operacional";"2.7667"
"2025-09-11";"120";"Falha de Alinhamento / Operacional";"Operacional";"0.6"
"2025-09-11";"9";"Falha de Alinhamento / Operacional";"Operacional";"0.4667"
"2025-09-15";"39";"Falha de Alinhamento / Operacional";"Operacional";"4.7"
"2025-09-15";"41";"Falha de Alinhamento / Operacional";"Operacional";"1.8667"
"2025-09-16";"41";"Falha de Alinhamento / Operacional";"Operacional";"14.3167"
"2025-09-16";"58";"Pneu / Mecânico";"Mecânico";"8.5333"
"2025-09-16";"58";"Redutor / Mecânico";"Mecânico";"0.3833"
"2025-09-17";"2";"Falha de Alinhamento / Operacional";"Operacional";"1.05"
"2025-09-17";"46";"Castanha / Mecânico";"Mecânico";"5.6667"
"2025-09-17";"2";"Falha de Alinhamento / Operacional";"Operacional";"4.1"
"2025-09-17";"53";"Falha de Alinhamento / Operacional";"Operacional";"8.6"
"2025-09-17";"58";"Falha de Alinhamento / Operacional";"Operacional";"10.9167"
"2025-09-17";"5";"Falha de Alinhamento / Operacional";"Operacional";"1.6333"
"2025-09-17";"2";"Contator e Micro / Elétrico";"Elétrico";"7.6167"
"2025-09-17";"68";"Falta de Água / Operacional";"Operacional";"2.4833"
"2025-09-17";"28";"Pneu / Mecânico";"Mecânico";"7.4833"
"2025-09-18";"68";"Falta de Água / Operacional";"Operacional";"5"
"2025-09-18";"68";"Pulverização / Operacional";"Operacional";"4.05"
"2025-09-18";"2";"Contator e Micro / Elétrico";"Elétrico";"9.8833"
"2025-09-18";"53";"Castanha / Mecânico";"Mecânico";"0.85"
"2025-09-18";"104";"Redutor / Mecânico";"Mecânico";"5.4"
"2025-09-19";"113";"Falha de Alinhamento / Operacional";"Operacional";"0.45"
"2025-09-19";"53";"Capina / Operacional";"Operacional";"7.15"
"2025-09-19";"39";"Falha de Alinhamento / Operacional";"Operacional";"0.1167"
"2025-09-21";"8";"Redutor / Mecânico";"Mecânico";"1.7667"
"2025-09-22";"8";"Redutor / Mecânico";"Mecânico";"14.95"
"2025-09-22";"41";"Falha de Alinhamento / Operacional";"Operacional";"8.1167"
"2025-09-22";"32";"Redutor / Mecânico";"Mecânico";"2.2167"
"2025-09-22";"119";"Falha de Alinhamento / Operacional";"Operacional";"0.1833"
"2025-09-23";"115";"Syngenta / Operacional";"Operacional";"5.4167"
"2025-09-23";"41";"Redutor / Mecânico";"Mecânico";"12.65"
"2025-09-23";"21";"Falha de Alinhamento / Operacional";"Operacional";"0.6833"
"2025-09-23";"25";"Cacau / Operacional";"Operacional";"7.6167"
"2025-09-23";"104";"Syngenta / Operacional";"Operacional";"14.9167"
"2025-09-24";"113";"Falha de Alinhamento / Operacional";"Operacional";"1.0167"
"2025-09-24";"23";"Falta de Água / Operacional";"Operacional";"6.5"
"2025-09-24";"18";"Troca de Mangueira  / Operacional";"";"5.05"
"2025-09-24";"25";"Cacau / Operacional";"Operacional";"12.9833"
"2025-09-24";"56";"Pneu / Mecânico";"Mecânico";"9.7333"
"2025-09-24";"104";"Falha de Alinhamento / Operacional";"Operacional";"2.1167"
"2025-09-24";"108";"Painel do Pivô / Elétrico";"Elétrico";"2.4833"
"2025-09-25";"113";"Falha de Alinhamento / Operacional";"Operacional";"0.5167"
"2025-09-25";"25";"Cacau / Operacional";"Operacional";"13.6667"
"2025-09-25";"104";"Contator e Micro / Elétrico";"Elétrico";"8.0833"
"2025-09-25";"104";"Syngenta / Operacional";"Operacional";"7.9"
"2025-09-25";"56";"Falha de Alinhamento / Operacional";"Operacional";"2.1667"
"2025-09-25";"108";"Painel do Pivô / Elétrico";"Elétrico";"9.15"
"2025-09-25";"23";"Troca de Mangueira  / Operacional";"";"0.8833"
"2025-09-25";"130";"Syngenta / Operacional";"Operacional";"5.2833"
"2025-09-25";"56";"Falha de Alinhamento / Operacional";"Operacional";"1.3333"
"2025-09-25";"121";"Micro  / Elétrico";"Elétrico";"2.0167"
"2025-09-26";"26";"Falha de Alinhamento / Operacional";"Operacional";"3.35"
"2025-09-26";"23";"Falha de Alinhamento / Operacional";"Operacional";"8.0833"
"2025-09-26";"41";"Falha de Alinhamento / Operacional";"Operacional";"2.9"
"2025-09-26";"29";"Cacau / Operacional";"Operacional";"14.1333"
"2025-09-26";"17";"Falha de Alinhamento / Operacional";"Operacional";"7.7667"
"2025-09-26";"130";"Pulverização / Operacional";"Operacional";"7"
"2025-09-29";"21";"Redutor / Mecânico";"Mecânico";"7.1333"
"2025-09-29";"25";"Pneu / Mecânico";"Mecânico";"11.1333"
"2025-09-30";"35";"Redutor / Mecânico";"Mecânico";"7.4"
"2025-09-30";"25";"Redutor / Mecânico";"Mecânico";"15.6"
"2025-09-30";"32";"Cacau / Operacional";"Operacional";"7.3333"
"2025-09-30";"69";"Pneu / Mecânico";"Mecânico";"4.1333"
"2025-09-30";"4";"Redutor / Mecânico";"Mecânico";"0.6333"
"2025-10-01";"4";"Redutor / Mecânico";"Mecânico";"13.8"
"2025-10-01";"53";"Redutor / Mecânico";"Mecânico";"12.3667"
"2025-10-01";"35";"Falta de Fase / Elétrico";"Elétrico";"4.05"
"2025-10-02";"112";"Falha de Alinhamento / Operacional";"Operacional";"2.0333"
"2025-10-02";"114";"Falha de Alinhamento / Operacional";"Operacional";"0.2667"
"2025-10-02";"17";"Pulverização / Operacional";"Operacional";"4.5"
"2025-10-02";"56";"Redutor / Mecânico";"Mecânico";"3.35"
"2025-10-06";"12";"Castanha / Mecânico";"Mecânico";"1.95"
"2025-10-06";"56";"Falha de Alinhamento / Operacional";"Operacional";"0.7333"
"2025-10-06";"7";"Motorredutor / Mecânico";"Mecânico";"12.0667"
"2025-10-06";"53";"Pneu / Mecânico";"Mecânico";"12.6667"
"2025-10-06";"44";"Falha de Alinhamento / Operacional";"Operacional";"0.5167"
"2025-10-07";"53";"Falha de Alinhamento / Operacional";"Operacional";"1.1833"
"2025-10-07";"4";"Falha de Alinhamento / Operacional";"Operacional";"4.05"
"2025-10-07";"114";"Falha de Alinhamento / Operacional";"Operacional";"0.8833"
"2025-10-07";"36";"Pneu / Mecânico";"Mecânico";"11.3833"
"2025-10-07";"38";"Pneu / Mecânico";"Mecânico";"8.6667"
"2025-10-07";"17";"Falha de Alinhamento / Operacional";"Operacional";"0.2833"
"2025-10-07";"41";"Falha de Alinhamento / Operacional";"Operacional";"2.1333"
"2025-10-08";"44";"Falha de Alinhamento / Operacional";"Operacional";"1.85"
"2025-10-08";"25";"Falha de Alinhamento / Operacional";"Operacional";"0.35"
"2025-10-08";"17";"Falha de Alinhamento / Operacional";"Operacional";"0.25"
"2025-10-08";"47";"Pivô Atolado / Operacional";"Operacional";"10.1167"
"2025-10-08";"8";"Falta de Água / Operacional";"Operacional";"2.4833"
"2025-10-09";"47";"Pivô Atolado / Operacional";"Operacional";"14.5167"
"2025-10-09";"44";"Falha de Alinhamento / Operacional";"Operacional";"1.3167"
"2025-10-09";"25";"Redutor / Mecânico";"Mecânico";"11.65"
"2025-10-09";"44";"Falha de Alinhamento / Operacional";"Operacional";"0.4833"
"2025-10-09";"17";"Falha de Alinhamento / Operacional";"Operacional";"1.6167"
"2025-10-09";"58";"Contator e Micro / Elétrico";"Elétrico";"11.1333"
"2025-10-09";"8";"Falta de Água / Operacional";"Operacional";"14.6333"
"2025-10-09";"14";"Redutor / Mecânico";"Mecânico";"4.6333"
"2025-10-09";"122";"Falha de Alinhamento / Operacional";"Operacional";"0.8167"
"2025-10-10";"14";"Falha de Alinhamento / Operacional";"Operacional";"0.6667"
"2025-10-10";"17";"Falha de Alinhamento / Operacional";"Operacional";"0.4667"
"2025-10-10";"56";"Falha de Alinhamento / Operacional";"Operacional";"0.35"
"2025-10-10";"58";"Falha de Alinhamento / Operacional";"Operacional";"6.9833"
"2025-10-10";"108";"Syngenta / Operacional";"Operacional";"19.8167"
"2025-10-10";"56";"Falha de Alinhamento / Operacional";"Operacional";"3.9"
"2025-10-10";"104";"Falta de Água / Operacional";"Operacional";"8.8167"
"2025-10-10";"115";"Falta de Água / Operacional";"Operacional";"12.5833"
"2025-10-10";"58";"Contator e Micro / Elétrico";"Elétrico";"1.1333"
"2025-09-10";"17";"Falha de Alinhamento / Operacional";"Operacional";"0.2333"
"2025-09-10";"56";"Pneu / Mecânico";"Mecânico";"9.9"
"2025-09-10";"53";"Pneu / Mecânico";"Mecânico";"9.5667"
"2025-10-11";"56";"Pneu / Mecânico";"Mecânico";"10.3667"
"2025-10-11";"53";"Pneu / Mecânico";"Mecânico";"8.5667"
"2025-10-13";"44";"Rede Coelba / Elétrico";"Elétrico";"8.9833"
"2025-10-13";"108";"Rede Coelba / Elétrico";"Elétrico";"7.9833"
"2025-10-13";"112";"Rede Coelba / Elétrico";"Elétrico";"7.9833"
"2025-10-13";"114";"Rede Coelba / Elétrico";"Elétrico";"7.9833"
"2025-10-13";"115";"Rede Coelba / Elétrico";"Elétrico";"7.9833"
"2025-10-13";"130";"Rede Coelba / Elétrico";"Elétrico";"7.9833"
"2025-10-14";"44";"Rede Coelba / Elétrico";"Elétrico";"12.6667"
"2025-10-14";"108";"Rede Coelba / Elétrico";"Elétrico";"12.6667"
"2025-10-14";"112";"Rede Coelba / Elétrico";"Elétrico";"12.6667"
"2025-10-14";"114";"Rede Coelba / Elétrico";"Elétrico";"12.6667"
"2025-10-14";"115";"Rede Coelba / Elétrico";"Elétrico";"12.6667"
"2025-10-14";"130";"Rede Coelba / Elétrico";"Elétrico";"12.6667"
"2025-10-14";"47";"Falha de Alinhamento / Operacional";"Operacional";"1.2833"
"2025-10-14";"25";"Redutor / Mecânico";"Mecânico";"0.5"
"2025-10-15";"32";"Falha de Alinhamento / Operacional";"Operacional";"0.5833"
"2025-10-15";"10";"Redutor / Mecânico";"Mecânico";"7.4167"
"2025-10-15";"47";"Falha de Alinhamento / Operacional";"Operacional";"0.25"
"2025-10-15";"43";"Falha de Alinhamento / Operacional";"Operacional";"0.25"
"2025-10-15";"38";"Falha de Alinhamento / Operacional";"Operacional";"0.7333"
"2025-10-15";"17";"Falha de Alinhamento / Operacional";"Operacional";"0.7"
"2025-10-15";"108";"Pulverização / Operacional";"Operacional";"9.6"
"2025-10-15";"25";"Redutor / Mecânico";"Mecânico";"10.5333"
"2025-10-15";"38";"Pneu / Mecânico";"Mecânico";"3.0333"
"2025-10-15";"26";"Pulverização / Operacional";"Operacional";"0.7333"
"2025-10-15";"112";"Falha de Alinhamento / Operacional";"Operacional";"0.4"
"2025-10-15";"38";"Adubação  / Operacional";"Operacional";"9.7667"
"2025-10-16";"38";"Falha de Alinhamento / Operacional";"Operacional";"1.6833"
"2025-10-16";"38";"Redutor / Mecânico";"Mecânico";"5.5"
"2025-10-16";"64";"Falha de Alinhamento / Operacional";"Operacional";"1.0167"
"2025-10-16";"64";"Falha de Alinhamento / Operacional";"Operacional";"3.8333"
"2025-10-16";"32";"Cardã / Mecânico";"Mecânico";"0.5833"
"2025-10-16";"47";"Falha de Alinhamento / Operacional";"Operacional";"0.8667"
"2025-10-16";"44";"Falha de Alinhamento / Operacional";"Operacional";"0.35"
"2025-10-16";"44";"Falha de Alinhamento / Operacional";"Operacional";"0.7667"
"2025-10-16";"44";"Falha de Alinhamento / Operacional";"Operacional";"2.5667"
"2025-10-16";"17";"Falha de Alinhamento / Operacional";"Operacional";"0.2167"
"2025-10-16";"39";"Falha de Alinhamento / Operacional";"Operacional";"1.2333"
"2025-10-17";"112";"Falha de Alinhamento / Operacional";"Operacional";"0.95"
"2025-10-17";"4";"Castanha / Mecânico";"Mecânico";"1.8833"
"2025-10-17";"17";"Falha de Alinhamento / Operacional";"Operacional";"0.5167"
"2025-10-17";"122";"Falha de Alinhamento / Operacional";"Operacional";"3.2"
"2025-10-17";"47";"Falha de Alinhamento / Operacional";"Operacional";"6.6667"
"2025-10-17";"123";"Falha de Alinhamento / Operacional";"Operacional";"7.65"
"2025-10-21";"114";"Falha de Alinhamento / Operacional";"Operacional";"0.35"
"2025-10-21";"123";"Falha de Alinhamento / Operacional";"Operacional";"0.9833"
"2025-10-22";"44";"Falha de Alinhamento / Operacional";"Operacional";"0.35"
"2025-10-22";"123";"Falha de Alinhamento / Operacional";"Operacional";"4.9667"
"2025-10-22";"122";"Falha de Alinhamento / Operacional";"Operacional";"0.5"
"2025-10-22";"64";"Falha de Alinhamento / Operacional";"Operacional";"1.7333"
"2025-10-22";"114";"Falha de Alinhamento / Operacional";"Operacional";"1.45"
"2025-10-22";"10";"Falha de Alinhamento / Operacional";"Operacional";"6.7833"
"2025-10-22";"64";"Falha de Alinhamento / Operacional";"Operacional";"5.8833"
"2025-10-22";"25";"Castanha / Mecânico";"Mecânico";"2.2167"
"2025-10-22";"41";"Falha de Alinhamento / Operacional";"Operacional";"2.4"
"2025-10-22";"36";"Pneu / Mecânico";"Mecânico";"0.6333"
"2025-10-23";"10";"Falha de Alinhamento / Operacional";"Operacional";"0.55"
"2025-10-23";"10";"Falha de Alinhamento / Operacional";"Operacional";"7.15"
"2025-10-23";"41";"Falha de Alinhamento / Operacional";"Operacional";"8.0167"
"2025-10-23";"58";"Motorredutor / Mecânico";"Mecânico";"11.3333"
"2025-10-23";"56";"Falha de Alinhamento / Operacional";"Operacional";"1.0167"
"2025-10-23";"36";"Pneu / Mecânico";"Mecânico";"11.6167"
"2025-10-23";"129";"Falha de Alinhamento / Operacional";"Operacional";"5.6"
"2025-10-23";"64";"Falha de Alinhamento / Operacional";"Operacional";"1.1667"
"2025-10-23";"113";"Falha de Alinhamento / Operacional";"Operacional";"1.8333"
"2025-10-23";"129";"Falha de Alinhamento / Operacional";"Operacional";"5.6167"
"2025-10-23";"129";"Falha de Alinhamento / Operacional";"Operacional";"3.1333"
"2025-10-24";"41";"Redutor / Mecânico";"Mecânico";"15.6833"
"2025-10-24";"64";"Falha de Alinhamento / Operacional";"Operacional";"6.1333"
"2025-10-24";"43";"Falha de Alinhamento / Operacional";"Operacional";"0.5333"
"2025-10-24";"17";"Falha de Alinhamento / Operacional";"Operacional";"0.8"
"2025-10-27";"11";"Falha de Alinhamento / Operacional";"Operacional";"2.7167"
"2025-10-27";"113";"Falha de Alinhamento / Operacional";"Operacional";"0.9667"
"2025-10-27";"114";"Falha de Alinhamento / Operacional";"Operacional";"0.1833"
"2025-10-27";"38";"Pneu / Mecânico";"Mecânico";"7.6167"
"2025-10-27";"130";"Falha de Alinhamento / Operacional";"Operacional";"2.95"
"2025-10-28";"39";"Pulverização / Operacional";"Operacional";"19.9833"
"2025-10-28";"41";"Pulverização / Operacional";"Operacional";"17.85"
"2025-10-28";"68";"Pulverização / Operacional";"Operacional";"19.9833"
"2025-10-28";"17";"Falha de Alinhamento / Operacional";"Operacional";"1.5"
"2025-10-28";"52";"Pneu / Mecânico";"Mecânico";"16.6833"
"2025-10-28";"113";"Falha de Alinhamento / Operacional";"Operacional";"1.5"
"2025-10-29";"44";"Falha de Alinhamento / Operacional";"Operacional";"0.45"
"2025-10-29";"43";"Falha de Alinhamento / Operacional";"Operacional";"0.55"
"2025-10-29";"6";"Falha de Alinhamento / Operacional";"Operacional";"8.1833"
"2025-10-29";"116";"Falha de Alinhamento / Operacional";"Operacional";"1.9667"
"2025-10-29";"122";"Falha de Alinhamento / Operacional";"Operacional";"2.05"
"2025-10-29";"68";"Pulverização / Operacional";"Operacional";"8.0833"
"2025-10-29";"39";"Pulverização / Operacional";"Operacional";"7.8167"
"2025-10-29";"43";"Falha de Alinhamento / Operacional";"Operacional";"5.95"
"2025-10-29";"39";"Falha de Alinhamento / Operacional";"Operacional";"1.3667"
"2025-10-29";"58";"Falha de Alinhamento / Operacional";"Operacional";"0.3667"
"2025-10-30";"58";"Falha de Alinhamento / Operacional";"Operacional";"1.1"
"2025-10-30";"5";"Falha de Alinhamento / Operacional";"Operacional";"1.4"
"2025-10-30";"41";"Falha de Alinhamento / Operacional";"Operacional";"2.45"
"2025-10-30";"47";"Pneu / Mecânico";"Mecânico";"16.7"
"2025-10-30";"58";"Falha de Alinhamento / Operacional";"Operacional";"8.2"
"2025-10-30";"113";"Falha de Alinhamento / Operacional";"Operacional";"0.5167"
"2025-10-31";"7";"Redutor / Mecânico";"Mecânico";"7.1833"
"2025-10-31";"26";"Falta de Água / Operacional";"Operacional";"18.5"
"2025-10-31";"27";"Falta de Água / Operacional";"Operacional";"14.1667"
"2025-10-31";"25";"Falta de Água / Operacional";"Operacional";"18.75"
"2025-11-04";"58";"Falha de Alinhamento / Operacional";"Operacional";"7.4"
"2025-11-04";"116";"Falha de Alinhamento / Operacional";"Operacional";"0.2667"
"2025-11-05";"41";"Erosões e Rastro / Operacional";"Operacional";"14.9667"
"2025-11-05";"116";"Falha de Alinhamento / Operacional";"Operacional";"2.7333"
"2025-11-05";"44";"Falha de Alinhamento / Operacional";"Operacional";"0.7"
"2025-11-05";"103";"Sem Energia / Elétrico";"Elétrico";"2.4833"
"2025-11-05";"106";"Sem Energia / Elétrico";"Elétrico";"2.4833"
"2025-11-05";"114";"Sem Energia / Elétrico";"Elétrico";"2.4833"
"2025-11-05";"116";"Sem Energia / Elétrico";"Elétrico";"2.4833"
"2025-11-05";"117";"Sem Energia / Elétrico";"Elétrico";"2.4833"
"2025-11-05";"126";"Sem Energia / Elétrico";"Elétrico";"2.4833"
"2025-11-05";"127";"Sem Energia / Elétrico";"Elétrico";"2.4833"
"2025-11-05";"133";"Sem Energia / Elétrico";"Elétrico";"2.4833"
"2025-11-06";"41";"Erosões e Rastro / Operacional";"Operacional";"11.8"
"2025-11-06";"44";"Falha de Alinhamento / Operacional";"Operacional";"0.4333"
"2025-11-06";"44";"Falha de Alinhamento / Operacional";"Operacional";"0.75"
"2025-11-06";"103";"Sem Energia / Elétrico";"Elétrico";"2"
"2025-11-06";"106";"Sem Energia / Elétrico";"Elétrico";"2"
"2025-11-06";"114";"Sem Energia / Elétrico";"Elétrico";"2"
"2025-11-06";"116";"Sem Energia / Elétrico";"Elétrico";"2"
"2025-11-06";"117";"Sem Energia / Elétrico";"Elétrico";"2"
"2025-11-06";"126";"Sem Energia / Elétrico";"Elétrico";"2"
"2025-11-06";"127";"Sem Energia / Elétrico";"Elétrico";"2"
"2025-11-06";"133";"Sem Energia / Elétrico";"Elétrico";"2"
"2025-11-06";"15";"Contator e Micro / Elétrico";"Elétrico";"2.8"
"2025-11-07";"15";"Contator e Micro / Elétrico";"Elétrico";"8.5833"
"2025-11-07";"25";"Falha de Alinhamento / Operacional";"Operacional";"1.75"
"2025-11-07";"41";"Redutor / Mecânico";"Mecânico";"14.6333"
"2025-11-07";"44";"Falha de Alinhamento / Operacional";"Operacional";"1.2"
"2025-11-07";"17";"Falha de Alinhamento / Operacional";"Operacional";"1.15"
"2025-11-10";"17";"Motorredutor / Mecânico";"Mecânico";"2.1"
"2025-11-11";"17";"Motorredutor / Mecânico";"Mecânico";"10.6333"
"2025-11-11";"10";"Pulverização / Operacional";"Operacional";"8.6833"
"2025-11-11";"11";"Pulverização / Operacional";"Operacional";"8.75"
"2025-11-11";"7";"Redutor / Mecânico";"Mecânico";"3.6167"
"2025-11-11";"112";"Falha de Alinhamento / Operacional";"Operacional";"2.1833"
"2025-11-11";"14";"Redutor / Mecânico";"Mecânico";"4.3833"
"2025-11-11";"12";"Redutor / Mecânico";"Mecânico";"2.4833"
"2025-11-12";"12";"Redutor / Mecânico";"Mecânico";"8.55"
"2025-11-12";"14";"Falha de Alinhamento / Operacional";"Operacional";"2.3"
"2025-11-12";"44";"Falha de Alinhamento / Operacional";"Operacional";"0.4667"
"2025-11-12";"46";"Motorredutor / Mecânico";"Mecânico";"8.65"
"2025-11-12";"41";"Pivô Atolado / Operacional";"Operacional";"17.3667"
"2025-11-12";"45";"Falha de Alinhamento / Operacional";"Operacional";"9.6667"
"2025-11-12";"37";"Cabo Acionamento / Elétrico";"Elétrico";"2.4833"
"2025-11-13";"7";"Pneu / Mecânico";"Mecânico";"7.55"
"2025-11-13";"37";"Cabo Acionamento / Elétrico";"Elétrico";"0"
"2025-11-13";"41";"Pivô Atolado / Operacional";"Operacional";"21.8333"
"2025-11-13";"55";"Redutor / Mecânico";"Mecânico";"5.4167"
"2025-11-13";"5";"Castanha / Mecânico";"Mecânico";"2.8833"
"2025-11-13";"10";"Castanha / Mecânico";"Mecânico";"3.2667"
"2025-11-13";"122";"Falha de Alinhamento / Operacional";"Operacional";"9.1333"
"2025-11-13";"112";"Contator e Micro / Elétrico";"Elétrico";"2.5333"
"2025-11-13";"41";"Falha de Alinhamento / Operacional";"Operacional";"0.8667"
"2025-11-13";"12";"Falha de Alinhamento / Operacional";"Operacional";"1"
"2025-11-14";"14";"Falha de Alinhamento / Operacional";"Operacional";"0.25"
"2025-11-14";"41";"Falha de Alinhamento / Operacional";"Operacional";"23.9833"
"2025-11-14";"36";"Redutor / Mecânico";"Mecânico";"4.3"
"2025-11-14";"64";"Falha de Alinhamento / Operacional";"Operacional";"7.0833"
"2025-11-18";"44";"Falha de Alinhamento / Operacional";"Operacional";"1.9667"
"2025-11-18";"47";"Redutor / Mecânico";"Mecânico";"16.7333"
"2025-11-18";"37";"Castanha / Mecânico";"Mecânico";"1.3833"
"2025-11-18";"41";"Falha de Alinhamento / Operacional";"Operacional";"2.05"
"2025-11-19";"41";"Falha de Alinhamento / Operacional";"Operacional";"10.2333"
"2025-11-19";"35";"Castanha / Mecânico";"Mecânico";"5.1333"
"2025-11-19";"10";"Redutor / Mecânico";"Mecânico";"5.8667"
"2025-11-19";"116";"Maquina Quebrada  / Operacional";"Operacional";"8.8333"
"2025-11-19";"46";"Redutor / Mecânico";"Mecânico";"10.7667"
"2025-11-19";"64";"Falha de Alinhamento / Operacional";"Operacional";"1.8"
"2025-11-19";"38";"Redutor / Mecânico";"Mecânico";"2.95"
"2025-11-19";"14";"Redutor / Mecânico";"Mecânico";"9.6667"
"2025-11-19";"64";"Falha de Alinhamento / Operacional";"Operacional";"4"
"2025-11-20";"14";"Redutor / Mecânico";"Mecânico";"9.2833"
"2025-11-20";"58";"Maquina Quebrada  / Operacional";"Operacional";"7.2167"
"2025-11-20";"14";"Redutor / Mecânico";"Mecânico";"1.9667"
"2025-11-20";"123";"Falha de Alinhamento / Operacional";"Operacional";"4.8167"
"2025-11-21";"122";"Falha de Alinhamento / Operacional";"Operacional";"0.6833"
"2025-11-21";"122";"Falha de Alinhamento / Operacional";"Operacional";"0.5"
"2025-11-24";"29";"Sem Energia / Elétrico";"Elétrico";"2.4833"
"2025-11-24";"43";"Sem Energia / Elétrico";"Elétrico";"2.4833"
"2025-11-24";"64";"Sem Energia / Elétrico";"Elétrico";"2.4833"
"2025-11-25";"29";"Sem Energia / Elétrico";"Elétrico";"23.9833"
"2025-11-25";"43";"Sem Energia / Elétrico";"Elétrico";"7.7167"
"2025-11-25";"64";"Sem Energia / Elétrico";"Elétrico";"23.9833"
"2025-11-26";"64";"Sem Energia / Elétrico";"Elétrico";"8.15"
"2025-11-26";"29";"Sem Energia / Elétrico";"Elétrico";"23.9833"
"2025-11-27";"29";"Sem Energia / Elétrico";"Elétrico";"23.9833"
"2025-11-27";"11";"Sem Energia / Elétrico";"Elétrico";"12.4333"
"2025-11-28";"44";"Falha de Alinhamento / Operacional";"Operacional";"1.7"
"2025-12-02";"5";"Falha de Alinhamento / Operacional";"Operacional";"1.3167"
"2025-12-10";"112";"Sem Energia / Elétrico";"Elétrico";"11.55"
"2025-12-10";"13";"Adubação  / Operacional";"Operacional";"2.9833"
"2025-12-10";"52";"Adubação  / Operacional";"Operacional";"2.9833"
"2025-12-11";"112";"Sem Energia / Elétrico";"Elétrico";"14.4167"
"2025-12-11";"12";"Adubação  / Operacional";"Operacional";"9.0333"
"2025-12-11";"13";"Canal - Reservatório / Mecânico";"Mecânico";"23.5167"
"2025-12-11";"52";"Adubação  / Operacional";"Operacional";"2.9833"
"2025-12-12";"52";"Adubação  / Operacional";"Operacional";"7"
"2025-12-12";"13";"Painel do Pivô / Elétrico";"Elétrico";"1.9833"
"2025-12-12";"60";"Painel do Pivô / Elétrico";"Elétrico";"17.3333"
"2025-12-16";"64";"Falha de Alinhamento / Operacional";"Operacional";"1.1833"
"2025-12-22";"122";"Falha de Alinhamento / Operacional";"Operacional";"1.7333"
"2025-12-22";"15";"Pivô Atolado / Operacional";"Operacional";"1.2667"
"2025-12-22";"29";"Pulverização / Operacional";"Operacional";"12.2"
"2025-12-22";"44";"Falha de Alinhamento / Operacional";"Operacional";"0.6833"
"2025-12-22";"43";"Falha de Alinhamento / Operacional";"Operacional";"1.2333"
"2025-12-22";"1";"Sem Energia / Elétrico";"Elétrico";"2.4833"
"2025-12-22";"4";"Sem Energia / Elétrico";"Elétrico";"2.4833"
"2025-12-22";"15";"Redutor / Mecânico";"Mecânico";"2.4833"
"2025-12-22";"38";"Painel do Pivô / Elétrico";"Elétrico";"2.4833"
"2025-12-22";"14";"Contator e Micro / Elétrico";"Elétrico";"2.4833"
"2025-12-22";"31";"Redutor / Mecânico";"Mecânico";"2.4833"
"2025-12-23";"17";"Falha de Alinhamento / Operacional";"Operacional";"1.35"
"2025-12-23";"15";"Pneu / Mecânico";"Mecânico";"12.5833"
"2025-12-23";"1";"Sem Energia / Elétrico";"Elétrico";"13.9833"
"2025-12-23";"4";"Sem Energia / Elétrico";"Elétrico";"23.9833"
"2025-12-23";"36";"Painel da Bomba / Elétrico";"Elétrico";"9.6167"
"2025-12-23";"38";"Painel do Pivô / Elétrico";"Elétrico";"21.75"
"2025-12-23";"15";"Redutor / Mecânico";"Mecânico";"12.5833"
"2025-12-23";"14";"Contator e Micro / Elétrico";"Elétrico";"8.5"
"2025-12-23";"33";"Falha de Alinhamento / Operacional";"Operacional";"1.7333"
"2025-12-23";"25";"Redutor / Mecânico";"Mecânico";"5.1667"
"2025-12-23";"31";"Redutor / Mecânico";"Mecânico";"0.9333"
"2025-12-23";"45";"Falha de Alinhamento / Operacional";"Operacional";"5.5833"
"2025-12-23";"17";"Falha de Alinhamento / Operacional";"Operacional";"1.3"
"2025-12-23";"107";"Falha de Alinhamento / Operacional";"Operacional";"1.5333"
"2025-12-23";"18";"Falha de Alinhamento / Operacional";"Operacional";"0.5833"
"2025-12-24";"18";"Falha de Alinhamento / Operacional";"Operacional";"2.25"
"2025-12-24";"17";"Falha de Alinhamento / Operacional";"Operacional";"2.1833"
"2025-12-24";"45";"Falha de Alinhamento / Operacional";"Operacional";"5.25"
"2025-12-30";"9";"Falha de Alinhamento / Operacional";"Operacional";"2.8"
"2025-12-30";"114";"Falha de Alinhamento / Operacional";"Operacional";"5.85"
"2025-12-30";"110";"Falha de Alinhamento / Operacional";"Operacional";"4.3667"
"2025-12-30";"124";"Falha de Alinhamento / Operacional";"Operacional";"0.7333"
"2026-01-05";"25";"Painel da Bomba / Elétrico";"Elétrico";"2.4833"
"2026-01-05";"27";"Painel da Bomba / Elétrico";"Elétrico";"2.4833"
"2026-01-05";"126";"Falha de Alinhamento / Operacional";"Operacional";"0.6"
"2026-01-06";"25";"Painel da Bomba / Elétrico";"Elétrico";"2"
"2026-01-06";"27";"Painel da Bomba / Elétrico";"Elétrico";"2"
"2026-01-08";"122";"Falha de Alinhamento / Operacional";"Operacional";"0.95"
"2026-01-08";"124";"Contator e Micro / Elétrico";"Elétrico";"0.9333"
"2026-01-08";"124";"Contator e Micro / Elétrico";"Elétrico";"2.3833"
"2026-01-09";"117";"Falha de Alinhamento / Operacional";"Operacional";"2.4333"
"2026-01-09";"113";"Falta de Água / Operacional";"Operacional";"14.35"
"2026-01-09";"115";"Falta de Água / Operacional";"Operacional";"8.4667"
"2026-01-09";"124";"Falha de Alinhamento / Operacional";"Operacional";"0.55"
"2026-01-09";"124";"Falha de Alinhamento / Operacional";"Operacional";"10.5"
"2026-01-09";"123";"Falta de Água / Operacional";"Operacional";"10.3333"
"2026-01-10";"44";"Painel da Bomba / Elétrico";"Elétrico";"22.5"
"2026-01-12";"115";"Falha de Alinhamento / Operacional";"Operacional";"0.7667"
"2026-01-12";"126";"Falha de Alinhamento / Operacional";"Operacional";"3.3833"
"2026-01-12";"44";"Painel da Bomba / Elétrico";"Elétrico";"23.9833"
"2026-01-12";"7";"Falha de Alinhamento / Operacional";"Operacional";"15.1"
"2026-01-12";"5";"Falha de Alinhamento / Operacional";"Operacional";"13.2833"
"2026-01-12";"124";"Falha de Alinhamento / Operacional";"Operacional";"4.4667"
"2026-01-12";"126";"Falha de Alinhamento / Operacional";"Operacional";"0.6"
"2026-01-12";"10";"Contator e Micro / Elétrico";"Elétrico";"5.3833"
"2026-01-12";"25";"Falha de Alinhamento / Operacional";"Operacional";"4.0667"
"2026-01-12";"119";"Falha de Alinhamento / Operacional";"Operacional";"0.4833"
"2026-01-13";"124";"Falha de Alinhamento / Operacional";"Operacional";"0.9167"
"2026-01-13";"10";"Pneu / Mecânico";"Mecânico";"7.3"
"2026-01-14";"115";"Pulverização / Operacional";"Operacional";"4.5833"
"2026-01-14";"10";"Pneu / Mecânico";"Mecânico";"13.6667"
"2026-01-14";"126";"Falha de Alinhamento / Operacional";"Operacional";"2.45"
"2026-01-14";"115";"Falha de Alinhamento / Operacional";"Operacional";"0.5167"
"2026-01-15";"126";"Adubação  / Operacional";"Operacional";"1.9833"
"2026-01-15";"123";"Falha de Alinhamento / Operacional";"Operacional";"0.9167"
"2026-01-15";"106";"Cabo Acionamento / Elétrico";"Elétrico";"2.9833"
"2026-01-15";"55";"Painel do Pivô / Elétrico";"Elétrico";"2.4833"
"2026-01-16";"126";"Adubação  / Operacional";"Operacional";"9"
"2026-01-16";"64";"Sem Energia / Elétrico";"Elétrico";"2.0833"
"2026-01-16";"124";"Adubação  / Operacional";"Operacional";"2.05"
"2026-01-16";"7";"Falha de Alinhamento / Operacional";"Operacional";"14.7833"
"2026-01-16";"106";"Cabo Acionamento / Elétrico";"Elétrico";"23.9833"
"2026-01-16";"55";"Painel do Pivô / Elétrico";"Elétrico";"23.9833"
"2026-01-16";"123";"Pulverização / Operacional";"Operacional";"2.5833"
"2026-01-16";"116";"Pneu / Mecânico";"Mecânico";"11.4333"
"2026-01-16";"45";"Pneu / Mecânico";"Mecânico";"12.2667"
"2026-01-20";"10";"Contator e Micro / Elétrico";"Elétrico";"13.9333"
"2026-01-20";"48";"Falha de Alinhamento / Operacional";"Operacional";"1.35"
"2026-01-20";"124";"Entupimento na Sucção / Operacional";"Operacional";"4.6833"
"2026-01-21";"10";"Contator e Micro / Elétrico";"Elétrico";"13.9167"
"2026-01-26";"126";"Pulverização / Operacional";"Operacional";"0.45"
"2026-01-26";"121";"Painel do Pivô / Elétrico";"Elétrico";"0.4833"
"2026-01-27";"33";"Pulverização / Operacional";"Operacional";"2.4833"
"2026-01-27";"34";"Pulverização / Operacional";"Operacional";"2.4833"
"2026-01-27";"126";"Pulverização / Operacional";"Operacional";"3"
"2026-01-27";"121";"Painel do Pivô / Elétrico";"Elétrico";"8.4667"
"2026-01-27";"103";"Bomba / Elétrico";"Elétrico";"0.9833"
"2026-01-27";"116";"Falha de Alinhamento / Operacional";"Operacional";"0.9833"
"2026-01-27";"48";"Adutora / Mecânico";"Mecânico";"6.85"
"2026-01-28";"103";"Bomba / Elétrico";"Elétrico";"0.3667"
"2026-01-28";"116";"Falha de Alinhamento / Operacional";"Operacional";"23.9833"
"2026-01-28";"123";"Falha de Alinhamento / Operacional";"Operacional";"1.0167"
"2026-01-28";"33";"Pulverização / Operacional";"Operacional";"3.1167"
"2026-01-28";"34";"Pulverização / Operacional";"Operacional";"9.5"
"2026-01-28";"129";"Disjuntor / Elétrico";"Elétrico";"20.9833"
"2026-01-28";"48";"Adutora / Mecânico";"Mecânico";"9.5"
"2026-01-28";"45";"Castanha / Mecânico";"Mecânico";"9.4667"
"2026-01-28";"46";"Falha de Alinhamento / Operacional";"Operacional";"1.8167"
"2026-01-28";"45";"Redutor / Mecânico";"Mecânico";"6.1833"
"2026-01-28";"128";"Falha de Alinhamento / Operacional";"Operacional";"2.7333"
"2026-01-28";"116";"Falha de Alinhamento / Operacional";"Operacional";"8.8667"
"2026-01-28";"123";"Falha de Alinhamento / Operacional";"Operacional";"1.45"
"2026-01-29";"110";"Erosões e Rastro / Operacional";"Operacional";"0"
"2026-01-29";"116";"Falha de Alinhamento / Operacional";"Operacional";"10.1333"
"2026-01-29";"7";"Falha de Alinhamento / Operacional";"Operacional";"23.9833"
"2026-01-29";"119";"Redutor / Mecânico";"Mecânico";"8.1167"
"2026-01-29";"37";"Pneu / Mecânico";"Mecânico";"10.6"
"2026-01-29";"113";"Falha de Alinhamento / Operacional";"Operacional";"1.0667"
"2026-01-29";"116";"Falha de Alinhamento / Operacional";"Operacional";"2.4833"
"2026-01-29";"119";"Falha de Alinhamento / Operacional";"Operacional";"2.4833"
"2026-01-29";"63";"Falha de Alinhamento / Operacional";"Operacional";"1.2"
"2026-01-30";"116";"Falha de Alinhamento / Operacional";"Operacional";"10"
"2026-01-30";"63";"Falha de Alinhamento / Operacional";"Operacional";"3.7"
"2026-02-05";"24";"Falha de Alinhamento / Operacional";"Operacional";"1.2"
"2026-02-09";"119";"Falha de Alinhamento / Operacional";"Operacional";"1.0167"
"2026-02-09";"119";"Falha de Alinhamento / Operacional";"Operacional";"0.55"
"2026-02-09";"12";"Falha de Alinhamento / Operacional";"Operacional";"2.45"
"2026-02-09";"17";"Falha de Alinhamento / Operacional";"Operacional";"0.5333"
"2026-02-09";"63";"Falha de Alinhamento / Operacional";"Operacional";"0.6333"
"2026-02-10";"63";"Falha de Alinhamento / Operacional";"Operacional";"2.3833"
"2026-02-10";"105";"Sem Energia / Elétrico";"Elétrico";"2.4833"
"2026-02-10";"112";"Sem Energia / Elétrico";"Elétrico";"2.4833"
"2026-02-10";"114";"Sem Energia / Elétrico";"Elétrico";"2.4833"
"2026-02-10";"116";"Sem Energia / Elétrico";"Elétrico";"2.4833"
"2026-02-10";"117";"Sem Energia / Elétrico";"Elétrico";"2.4833"
"2026-02-10";"123";"Sem Energia / Elétrico";"Elétrico";"2.4833"
"2026-02-10";"124";"Sem Energia / Elétrico";"Elétrico";"2.4833"
"2026-02-10";"125";"Sem Energia / Elétrico";"Elétrico";"2.4833"
"2026-02-10";"128";"Sem Energia / Elétrico";"Elétrico";"2.4833"
"2026-02-10";"129";"Sem Energia / Elétrico";"Elétrico";"2.4833"
"2026-02-10";"133";"Sem Energia / Elétrico";"Elétrico";"2.4833"
"2026-02-11";"105";"Sem Energia / Elétrico";"Elétrico";"23.9833"
"2026-02-11";"112";"Sem Energia / Elétrico";"Elétrico";"23.9833"
"2026-02-11";"114";"Sem Energia / Elétrico";"Elétrico";"23.9833"
"2026-02-11";"116";"Sem Energia / Elétrico";"Elétrico";"23.9833"
"2026-02-11";"117";"Sem Energia / Elétrico";"Elétrico";"23.9833"
"2026-02-11";"123";"Sem Energia / Elétrico";"Elétrico";"23.9833"
"2026-02-11";"124";"Sem Energia / Elétrico";"Elétrico";"23.9833"
"2026-02-11";"125";"Sem Energia / Elétrico";"Elétrico";"23.9833"
"2026-02-11";"128";"Sem Energia / Elétrico";"Elétrico";"23.9833"
"2026-02-11";"129";"Sem Energia / Elétrico";"Elétrico";"23.9833"
"2026-02-11";"133";"Sem Energia / Elétrico";"Elétrico";"23.9833"
"2026-02-11";"118";"Sem Energia / Elétrico";"Elétrico";"23.9833"
"2026-02-13";"127";"Sem Energia / Elétrico";"Elétrico";"2.4833"
"2026-02-17";"121";"Redutor / Mecânico";"Mecânico";"4.3167"
"2026-02-17";"43";"Falha de Alinhamento / Operacional";"Operacional";"1.25"
"2026-02-17";"63";"Falha de Alinhamento / Operacional";"Operacional";"2.4833"
"2026-02-17";"65";"Falha de Alinhamento / Operacional";"Operacional";"0.85"
"2026-02-18";"63";"Falha de Alinhamento / Operacional";"Operacional";"0.6"
"2026-02-18";"119";"Falha de Alinhamento / Operacional";"Operacional";"1.7833"
"2026-02-18";"120";"Falha de Alinhamento / Operacional";"Operacional";"0.6"
"2026-02-18";"128";"Desponte - Anti Brotante / Operacional";"Operacional";"14.4833"
"2026-02-19";"110";"Disjuntor / Elétrico";"Elétrico";"4.6667"
"2026-02-19";"110";"Disjuntor / Elétrico";"Elétrico";"0.9333"
"2026-02-19";"128";"Falha de Alinhamento / Operacional";"Operacional";"0.4"
"2026-02-19";"110";"Falha de Alinhamento / Operacional";"Operacional";"4.1667"
"2026-02-19";"120";"Falha de Alinhamento / Operacional";"Operacional";"1.0333"
"2026-02-19";"118";"Falha de Alinhamento / Operacional";"Operacional";"1.3833"
"2026-02-20";"113";"Micro  / Elétrico";"Elétrico";"2.05"
"2026-02-25";"120";"Falha de Alinhamento / Operacional";"Operacional";"0.9333"
"2026-02-25";"26";"Painel da Bomba / Elétrico";"Elétrico";"5.2"
"2026-02-25";"70";"Sem Energia / Elétrico";"Elétrico";"2.4833"
"2026-02-25";"115";"Adubação  / Operacional";"Operacional";"2.4833"
"2026-02-26";"70";"Sem Energia / Elétrico";"Elétrico";"23.9833"
"2026-02-26";"115";"Adubação  / Operacional";"Operacional";"3.0167"
"2026-02-26";"60";"Sem Energia / Elétrico";"Elétrico";"2.4833"
"2026-02-26";"108";"Adubação  / Operacional";"Operacional";"2.4833"
"2026-02-26";"109";"Adubação  / Operacional";"Operacional";"2.4833"
"2026-02-26";"110";"Adubação  / Operacional";"Operacional";"2.4833"
"2026-02-27";"60";"Sem Energia / Elétrico";"Elétrico";"23.9833"
"2026-02-27";"108";"Adubação  / Operacional";"Operacional";"1.45"
"2026-02-27";"109";"Adubação  / Operacional";"Operacional";"0.9667"
"2026-02-27";"110";"Adubação  / Operacional";"Operacional";"3.9667"
"2026-03-11";"107";"Bomba / Elétrico";"Elétrico";"2.4833"
"2026-03-11";"120";"Falha de Alinhamento / Operacional";"Operacional";"0.2833"
"2026-03-11";"18";"Sem Energia / Elétrico";"Elétrico";"2.4833"
"2026-03-11";"48";"Falha de Alinhamento / Operacional";"Operacional";"2.4833"
"2026-03-11";"58";"Falha de Alinhamento / Operacional";"Operacional";"1.7333"
"2026-03-11";"132";"Disjuntor / Elétrico";"Elétrico";"2.4833"
"2026-03-12";"107";"Bomba / Elétrico";"Elétrico";"23.9833"
"2026-03-12";"18";"Sem Energia / Elétrico";"Elétrico";"14"
"2026-03-12";"132";"Disjuntor / Elétrico";"Elétrico";"23.9833"
"2026-03-12";"58";"Falha de Alinhamento / Operacional";"Operacional";"2.7833"
"2026-03-12";"48";"Falha de Alinhamento / Operacional";"Operacional";"23.9833"
"2026-03-12";"63";"Falha de Alinhamento / Operacional";"Operacional";"1.1167"
"2026-03-12";"13";"Sem Energia / Elétrico";"Elétrico";"2.4833"
"2026-03-13";"18";"Falha de Alinhamento / Operacional";"Operacional";"2.6"
"2026-03-13";"118";"Adubação  / Operacional";"Operacional";"2"
"2026-03-14";"118";"Pulverização / Operacional";"Operacional";"2"
"2026-03-16";"33";"Falha de Alinhamento / Operacional";"Operacional";"2.4833"
"2026-03-16";"122";"Equipe Irrigação / Operacional";"Operacional";"2.4833"
"2026-03-16";"119";"Chuva  / Operacional";"Operacional";"2.4833"
"2026-03-17";"33";"Falha de Alinhamento / Operacional";"Operacional";"0.2833"
"2026-03-17";"122";"Equipe Irrigação / Operacional";"Operacional";"4.9833"
"2026-03-17";"119";"Chuva  / Operacional";"Operacional";"23.9833"
"2026-03-17";"122";"Falha de Alinhamento / Operacional";"Operacional";"1.35"
"2026-03-17";"24";"Falha de Alinhamento / Operacional";"Operacional";"0.4667"
"2026-03-17";"117";"Trator Quebrado / Operacional";"Operacional";"0.2333"
"2026-03-17";"29";"Falha de Alinhamento / Operacional";"Operacional";"1.7667"
"2026-03-17";"20";"Programação  / Operacional";"Operacional";"1.9833"
"2026-03-18";"116";"Falha de Alinhamento / Operacional";"Operacional";"0.2667"
"2026-03-18";"20";"Programação  / Operacional";"Operacional";"3.4"
"2026-03-18";"65";"Falha de Alinhamento / Operacional";"Operacional";"2.4833"
"2026-03-18";"73";"Baixa Pressão / Operacional";"Operacional";"2.4833"
"2026-03-19";"73";"Adutora / Mecânico";"Mecânico";"21.5"
"2026-03-19";"65";"Falha de Alinhamento / Operacional";"Operacional";"1.7667"
"2026-03-19";"107";"Bomba  / Mecânico";"Mecânico";"1.65"
"2026-03-19";"105";"Falha de Alinhamento / Operacional";"Operacional";"0.7167"
"2026-03-19";"74";"Falha de Alinhamento / Operacional";"Operacional";"2.4833"
"2026-03-19";"30";"Erosões e Rastro / Operacional";"Operacional";"2.4833"
"2026-03-20";"74";"Erosões e Rastro / Operacional";"Operacional";"23.9833"
"2026-03-20";"52";"Falha de Alinhamento / Operacional";"Operacional";"3.7667"
"2026-03-20";"73";"Pneu / Mecânico";"Mecânico";"0.95"
"2026-03-20";"41";"Erosões e Rastro / Operacional";"Operacional";"2.8667"
"2026-03-20";"30";"Erosões e Rastro / Operacional";"Operacional";"23.9833"
"2026-03-20";"109";"Bomba / Elétrico";"Elétrico";"1.75"
"2026-03-20";"110";"Falha de Alinhamento / Operacional";"Operacional";"1.75"
"2026-03-21";"109";"Bomba / Elétrico";"Elétrico";"14.6"
"2026-03-21";"110";"Falha de Alinhamento / Operacional";"Operacional";"0.1667"
"2026-03-23";"106";"Adubação  / Operacional";"Operacional";"2.4833"
"2026-03-23";"112";"Falta de Produto / Operacional";"Operacional";"2.4833"
"2026-03-23";"19";"Vedação / Mecânico";"Mecânico";"2.4833"
"2026-03-24";"19";"Vedação / Mecânico";"Mecânico";"23.9833"
"2026-03-24";"106";"Adubação  / Operacional";"Operacional";"14.4833"
"2026-03-24";"112";"Vedação / Mecânico";"Mecânico";"23.9833"
"2026-03-26";"4";"Falta de Produto / Operacional";"Operacional";"23.9833"
"2026-03-26";"25";"Falta de Produto / Operacional";"Operacional";"23.9833"
"2026-03-26";"37";"Falta de Produto / Operacional";"Operacional";"23.9833"
"2026-03-26";"72";"Falta de Produto / Operacional";"Operacional";"23.9833"
"2026-03-27";"4";"Falta de Produto / Operacional";"Operacional";"23.9833"
"2026-03-27";"25";"Falta de Produto / Operacional";"Operacional";"23.9833"
"2026-03-27";"37";"Falta de Produto / Operacional";"Operacional";"23.9833"
"2026-03-27";"72";"Falta de Produto / Operacional";"Operacional";"23.9833"
"2026-03-30";"48";"Castanha / Mecânico";"Mecânico";"5.7667"
"2026-03-30";"15";"Redutor / Mecânico";"Mecânico";"0.8167"
"2026-03-30";"30";"Redutor / Mecânico";"Mecânico";"5.7667"
"2026-03-30";"40";"Falha de Alinhamento / Operacional";"Operacional";"10.6833"
"2026-03-30";"1";"Falha de Alinhamento / Operacional";"Operacional";"2.4833"
"2026-03-31";"1";"Falha de Alinhamento / Operacional";"Operacional";"9.25"
"2026-03-31";"66";"Falta de Produto / Operacional";"Operacional";"2.4833"
"2026-03-31";"72";"Falta de Produto / Operacional";"Operacional";"2.4833"
"2026-04-06";"120";"Falha de Alinhamento / Operacional";"Operacional";"0.3"
"2026-04-06";"123";"Vedação / Mecânico";"Mecânico";"6.95"
"2026-04-06";"118";"Falta de Produto / Operacional";"Operacional";"2.4833"
"2026-04-06";"22";"Falha de Alinhamento / Operacional";"Operacional";"1.9167"
"2026-04-06";"37";"Falta de Produto / Operacional";"Operacional";"2.4833"
"2026-04-07";"118";"Falha de Alinhamento / Operacional";"Operacional";"1.9333"
"2026-04-07";"37";"Falta de Produto / Operacional";"Operacional";"23.9833"
"2026-04-07";"122";"Falha de Alinhamento / Operacional";"Operacional";"1.8833"
"2026-04-07";"124";"Falha de Alinhamento / Operacional";"Operacional";"3.55"
"2026-04-07";"24";"Falha de Alinhamento / Operacional";"Operacional";"1.6333"
"2026-04-07";"26";"Adubação  / Operacional";"Operacional";"2.4833"
"2026-04-07";"46";"Equipe Irrigação / Operacional";"Operacional";"2.4833"
"2026-04-07";"131";"Disjuntor / Elétrico";"Elétrico";"2.4833"
"2026-04-07";"132";"Disjuntor / Elétrico";"Elétrico";"2.4833"
"2026-04-08";"115";"Falha de Alinhamento / Operacional";"Operacional";"1.1667"
"2026-04-08";"3";"Falha de Alinhamento / Operacional";"Operacional";"0.5833"
"2026-04-08";"115";"Falha de Alinhamento / Operacional";"Operacional";"2.2667"
"2026-04-08";"124";"Falha de Alinhamento / Operacional";"Operacional";"2.4833"
"2026-04-08";"120";"Falta de Produto / Operacional";"Operacional";"2.4833"
"2026-04-08";"115";"Falha de Alinhamento / Operacional";"Operacional";"1.75"
"2026-04-08";"73";"Baixa Pressão / Operacional";"Operacional";"2.4833"
"2026-04-09";"115";"Falha de Alinhamento / Operacional";"Operacional";"0.6833"
"2026-04-09";"124";"Falha de Alinhamento / Operacional";"Operacional";"8.0667"
"2026-04-09";"120";"Falta de Produto / Operacional";"Operacional";"21.8167"
"2026-04-09";"73";"Baixa Pressão / Operacional";"Operacional";"0.3333"
"2026-04-09";"36";"Falha de Alinhamento / Operacional";"Operacional";"0.8667"
"2026-04-09";"124";"Falha de Alinhamento / Operacional";"Operacional";"0.4"
"2026-04-09";"123";"Adubação  / Operacional";"Operacional";"2.4833"
"2026-04-09";"122";"Adubação  / Operacional";"Operacional";"2.4833"
"2026-04-09";"118";"Bomba  / Mecânico";"Mecânico";"1.7167"
"2026-04-09";"121";"Bomba  / Mecânico";"Mecânico";"1.7333"
"2026-04-09";"3";"Pulverização / Operacional";"Operacional";"1.8667"
"2026-04-09";"110";"Pneu / Mecânico";"Mecânico";"0.8"
"2026-04-10";"122";"Adubação  / Operacional";"Operacional";"15.3333"
"2026-04-10";"123";"Adubação  / Operacional";"Operacional";"11.15"
"2026-04-10";"110";"Pneu / Mecânico";"Mecânico";"23.9833"
"2026-04-10";"3";"Pulverização / Operacional";"Operacional";"3.25"
"2026-04-13";"5";"Falha de Alinhamento / Operacional";"Operacional";"2.8167"
"2026-04-13";"24";"Falha de Alinhamento / Operacional";"Operacional";"2.6167"
"2026-04-13";"116";"Adubação  / Operacional";"Operacional";"2.4833"
"2026-04-13";"101";"Adubação  / Operacional";"Operacional";"2.4833"
"2026-04-13";"103";"Adubação  / Operacional";"Operacional";"2.4833"
"2026-04-13";"64";"Adubação  / Operacional";"Operacional";"2.4833"
"2026-04-13";"44";"Plantio / Operacional";"Operacional";"2.4833"
"2026-04-13";"29";"Pulverização / Operacional";"Operacional";"2.4833"
"2026-04-13";"5";"Bomba / Elétrico";"Elétrico";"0.9"
"2026-04-14";"116";"Adubação  / Operacional";"Operacional";"23.9833"
"2026-04-14";"101";"Adubação  / Operacional";"Operacional";"8.8667"
"2026-04-14";"103";"Adubação  / Operacional";"Operacional";"12.7"
"2026-04-14";"29";"Pulverização / Operacional";"Operacional";"23.9833"
"2026-04-14";"117";"Falha de Alinhamento / Operacional";"Operacional";"1.0667"
"2026-04-14";"118";"Pulverização / Operacional";"Operacional";"2.4833"
"2026-04-14";"40";"Pulverização / Operacional";"Operacional";"2.4833"
"2026-04-14";"44";"Plantio / Operacional";"Operacional";"2.4833"
"2026-04-14";"63";"Falha de Alinhamento / Operacional";"Operacional";"2.1667"
"2026-04-14";"129";"Falha de Alinhamento / Operacional";"Operacional";"2.4833"
"2026-04-14";"107";"Bomba / Elétrico";"Elétrico";"2.2"
"2026-04-14";"30";"Disjuntor / Elétrico";"Elétrico";"2.4833"
"2026-04-15";"118";"Pulverização / Operacional";"Operacional";"21.5"
"2026-04-15";"129";"Falha de Alinhamento / Operacional";"Operacional";"0.25"
"2026-04-15";"65";"Falha de Alinhamento / Operacional";"Operacional";"2.15"
"2026-04-15";"122";"Falha de Alinhamento / Operacional";"Operacional";"7.5833"
"2026-04-15";"3";"Pulverização / Operacional";"Operacional";"1.3333"
"2026-04-15";"127";"Plantio / Operacional";"Operacional";"2.9833"
"2026-04-15";"22";"Adubação  / Operacional";"Operacional";"2.4833"
"2026-04-16";"127";"Plantio / Operacional";"Operacional";"23.9833"
"2026-04-16";"118";"Falha de Alinhamento / Operacional";"Operacional";"0.3833"
"2026-04-16";"22";"Adubação  / Operacional";"Operacional";"2.2333"
"2026-04-16";"118";"Falha de Alinhamento / Operacional";"Operacional";"0.1667"
"2026-04-16";"24";"Adubação  / Operacional";"Operacional";"5.3667"
"2026-04-16";"36";"Redutor / Mecânico";"Mecânico";"5.2333"
"2026-04-16";"2";"Adubação  / Operacional";"Operacional";"2.4833"
"2026-04-16";"35";"Demanda de Energia / Operacional";"Operacional";"1.0167"
"2026-04-16";"36";"Demanda de Energia / Operacional";"Operacional";"1.0167"
"2026-04-17";"53";"Painel do Pivô / Elétrico";"Elétrico";"23.9833"
"2026-04-17";"2";"Adubação  / Operacional";"Operacional";"4.35"
"2026-04-17";"44";"Pneu / Mecânico";"Mecânico";"6.85"
"2026-04-17";"115";"Falha de Alinhamento / Operacional";"Operacional";"5.95"
"2026-04-17";"73";"Falha de Alinhamento / Operacional";"Operacional";"8.7833"
"2026-04-17";"19";"Adubação  / Operacional";"Operacional";"2.4833"
"2026-04-17";"57";"Adubação  / Operacional";"Operacional";"2.4833"
"2026-04-17";"59";"Adubação  / Operacional";"Operacional";"2.4833"
"2026-04-21";"44";"Falha de Alinhamento / Operacional";"Operacional";"1.6167"
"2026-04-21";"4";"Micro  / Elétrico";"Elétrico";"8.2"
"2026-04-21";"48";"Falha de Alinhamento / Operacional";"Operacional";"2.6333"
"2026-04-21";"120";"Falha de Alinhamento / Operacional";"Operacional";"2.4833"
"2026-04-21";"118";"Falha de Alinhamento / Operacional";"Operacional";"2.4833"
"2026-04-21";"122";"Falha de Alinhamento / Operacional";"Operacional";"2.4833"
"2026-04-22";"120";"Falha de Alinhamento / Operacional";"Operacional";"1.5833"
"2026-04-22";"128";"Falha de Alinhamento / Operacional";"Operacional";"1.6"
"2026-04-22";"41";"Falha de Alinhamento / Operacional";"Operacional";"0.2833"
"2026-04-22";"37";"Falha de Alinhamento / Operacional";"Operacional";"3.3167"
"2026-04-23";"24";"Falha de Alinhamento / Operacional";"Operacional";"8.5"
"2026-04-23";"5";"Rede Coelba / Elétrico";"Elétrico";"5.1667"
"2026-04-23";"11";"Rede Coelba / Elétrico";"Elétrico";"5.1667"
"2026-04-23";"12";"Rede Coelba / Elétrico";"Elétrico";"5.1667"
"2026-04-23";"25";"Rede Coelba / Elétrico";"Elétrico";"5.1667"
"2026-04-23";"27";"Rede Coelba / Elétrico";"Elétrico";"5.1667"
"2026-04-23";"44";"Rede Coelba / Elétrico";"Elétrico";"5.1667"
"2026-04-23";"122";"Rede Coelba / Elétrico";"Elétrico";"5.1667"
"2026-04-23";"123";"Rede Coelba / Elétrico";"Elétrico";"5.1667"
"2026-04-23";"131";"Rede Coelba / Elétrico";"Elétrico";"5.1667"
"2026-04-23";"106";"Adubação  / Operacional";"Operacional";"2.4833"
"2026-04-23";"113";"Adubação  / Operacional";"Operacional";"2.05"
"2026-04-23";"2";"Adubação  / Operacional";"Operacional";"2.4833"
"2026-04-23";"44";"Falha de Alinhamento / Operacional";"Operacional";"0.6167"
"2026-04-24";"2";"Adubação  / Operacional";"Operacional";"0.6333"
"2026-04-24";"106";"Adubação  / Operacional";"Operacional";"0.3333"
"2026-04-24";"44";"Tubulação / Mecânico";"Mecânico";"4.75"
"2026-04-24";"44";"Falha de Alinhamento / Operacional";"Operacional";"1.1167"
"2026-04-24";"44";"Falha de Alinhamento / Operacional";"Operacional";"0.35"
"2026-04-24";"48";"Falha de Alinhamento / Operacional";"Operacional";"0.5833"
"2026-04-24";"103";"Adubação  / Operacional";"Operacional";"2.4833"
"2026-04-27";"3";"Falha de Alinhamento / Operacional";"Operacional";"6.6833"
"2026-04-27";"124";"Falha de Alinhamento / Operacional";"Operacional";"4.3833"
"2026-04-27";"8";"Falha de Alinhamento / Operacional";"Operacional";"4.1167"
"2026-04-27";"41";"Adubação  / Operacional";"Operacional";"2.4833"
"2026-04-27";"40";"Trator Quebrado / Operacional";"Operacional";"2.4833"
"2026-04-27";"120";"Falha de Alinhamento / Operacional";"Operacional";"2.4833"
"2026-04-27";"112";"Adubação  / Operacional";"Operacional";"2.9833"
"2026-04-28";"120";"Falha de Alinhamento / Operacional";"Operacional";"12.0167"
"2026-04-28";"44";"Redutor / Mecânico";"Mecânico";"16.3167"
"2026-04-28";"122";"Falta de Água / Operacional";"Operacional";"0.9667"
"2026-04-28";"114";"Falta de Água / Operacional";"Operacional";"0.9667"
"2026-04-28";"121";"Falta de Água / Operacional";"Operacional";"0.9667"
"2026-04-28";"112";"Falta de Água / Operacional";"Operacional";"14.9"
"2026-04-28";"113";"Falta de Água / Operacional";"Operacional";"0.9667"
"2026-04-28";"123";"Falta de Água / Operacional";"Operacional";"0.9667"
"2026-04-28";"114";"Falha de Alinhamento / Operacional";"Operacional";"2.1833"
"2026-04-28";"56";"Pneu / Mecânico";"Mecânico";"8.55"
"2026-04-28";"3";"Redutor / Mecânico";"Mecânico";"10.1333"
"2026-04-28";"113";"Chave Elo Fusível / Elétrico";"Elétrico";"1.25"
"2026-04-28";"114";"Chave Elo Fusível / Elétrico";"Elétrico";"1.25"
"2026-04-28";"121";"Chave Elo Fusível / Elétrico";"Elétrico";"2.0667"
"2026-04-28";"122";"Chave Elo Fusível / Elétrico";"Elétrico";"1.2667"
"2026-04-28";"123";"Falta de Água / Operacional";"Operacional";"3.5333"
"2026-04-28";"122";"Falha de Alinhamento / Operacional";"Operacional";"1.15"
"2026-04-28";"56";"Falha de Alinhamento / Operacional";"Operacional";"12.1167"
"2026-04-28";"3";"Falha de Alinhamento / Operacional";"Operacional";"2.7167"
"2026-04-28";"122";"Falta de Água / Operacional";"Operacional";"8.6"
"2026-04-28";"128";"Colheita Tabaco / Operacional";"Operacional";"2.4833"
"2026-04-28";"13";"Demanda de Energia / Operacional";"Operacional";"0.3667"
"2026-04-28";"47";"Demanda de Energia / Operacional";"Operacional";"0.2833"
"2026-04-29";"56";"Falha de Alinhamento / Operacional";"Operacional";"1.15"
"2026-04-29";"124";"Colheita Tabaco / Operacional";"Operacional";"9.3667"
"2026-04-29";"123";"Demanda de Energia / Operacional";"Operacional";"2.0833"
"2026-04-29";"122";"Demanda de Energia / Operacional";"Operacional";"1.9167"
"2026-04-29";"13";"Demanda de Energia / Operacional";"Operacional";"3.75"
"2026-04-29";"47";"Demanda de Energia / Operacional";"Operacional";"8.3"
"2026-04-29";"56";"Falha de Alinhamento / Operacional";"Operacional";"11.65"
"2026-04-29";"117";"Falha de Alinhamento / Operacional";"Operacional";"3.35"
"2026-04-29";"44";"Falha de Alinhamento / Operacional";"Operacional";"4.3667"
"2026-04-29";"112";"Falha de Alinhamento / Operacional";"Operacional";"1.3333"
"2026-04-29";"15";"Falta de Água / Operacional";"Operacional";"2.4833"
"2026-04-29";"22";"Falta de Água / Operacional";"Operacional";"2.4833"
"2026-04-29";"27";"Falta de Água / Operacional";"Operacional";"2.4833"
"2026-04-29";"29";"Falta de Água / Operacional";"Operacional";"2.4833"
"2026-04-29";"120";"Falha de Alinhamento / Operacional";"Operacional";"2.4833"
"2026-04-29";"117";"Falha de Alinhamento / Operacional";"Operacional";"5.45"
"2026-04-29";"123";"Falha de Alinhamento / Operacional";"Operacional";"2.4833"
"2026-04-30";"15";"Falta de Água / Operacional";"Operacional";"22.75"
"2026-04-30";"22";"Falta de Água / Operacional";"Operacional";"22.5833"
"2026-04-30";"27";"Falta de Água / Operacional";"Operacional";"9.95"
"2026-04-30";"29";"Falta de Água / Operacional";"Operacional";"10.0833"
"2026-04-30";"120";"Falha de Alinhamento / Operacional";"Operacional";"1.05"
"2026-04-30";"117";"Falha de Alinhamento / Operacional";"Operacional";"13.4333"
"2026-04-30";"123";"Falha de Alinhamento / Operacional";"Operacional";"1.3"
"2026-04-30";"120";"Falha de Alinhamento / Operacional";"Operacional";"3.4333"
"2026-04-30";"47";"Rede Interna / Elétrico";"Elétrico";"6.4833"
"2026-04-30";"48";"Rede Interna / Elétrico";"Elétrico";"7.2667"
"2026-04-30";"69";"Rede Interna / Elétrico";"Elétrico";"8.2"
"2026-04-30";"73";"Rede Interna / Elétrico";"Elétrico";"6.7833"
"2026-04-30";"124";"Falha de Alinhamento / Operacional";"Operacional";"1.95"
"2026-04-30";"48";"Falha de Alinhamento / Operacional";"Operacional";"6.4667"
"2026-04-30";"47";"Falha de Alinhamento / Operacional";"Operacional";"7.1333"
"2026-04-30";"63";"Adubação  / Operacional";"Operacional";"2.4833"
"2026-04-30";"65";"Adubação  / Operacional";"Operacional";"2.4833"
"2026-04-30";"35";"Falha de Alinhamento / Operacional";"Operacional";"0.8333"
"2026-04-30";"120";"Micro  / Elétrico";"Elétrico";"1.7667"
"2026-04-30";"118";"Falta de Produto / Operacional";"Operacional";"2.4833"
"2026-04-30";"35";"Pneu / Mecânico";"Mecânico";"0.6333"
"2026-04-30";"117";"Falta de Água / Operacional";"Operacional";"2.9833"
"2026-04-30";"124";"Falta de Água / Operacional";"Operacional";"2.9833"
"2026-04-30";"127";"Falta de Água / Operacional";"Operacional";"2.9833"
"2026-05-01";"47";"Falha de Alinhamento / Operacional";"Operacional";"10.6667"
"2026-05-01";"63";"Adubação  / Operacional";"Operacional";"13.95"
"2026-05-01";"65";"Adubação  / Operacional";"Operacional";"13.95"
"2026-05-01";"118";"Falta de Produto / Operacional";"Operacional";"23.9833"
"2026-05-01";"35";"Pneu / Mecânico";"Mecânico";"9.1"
"2026-05-01";"117";"Falta de Água / Operacional";"Operacional";"22.65"
"2026-05-01";"124";"Falta de Água / Operacional";"Operacional";"13.55"
"2026-05-01";"24";"Falha de Alinhamento / Operacional";"Operacional";"3.6833"
"2026-05-05";"17";"Falha de Alinhamento / Operacional";"Operacional";"8.1167"
"2026-05-05";"44";"Falha de Alinhamento / Operacional";"Operacional";"0.8"
"2026-05-05";"104";"Falta de Produto / Operacional";"Operacional";"2.4833"
"2026-05-05";"115";"Falta de Produto / Operacional";"Operacional";"2.4833"
"2026-04-05";"122";"Falta de Produto / Operacional";"Operacional";"2.4833"
"2026-05-05";"107";"Falha de Alinhamento / Operacional";"Operacional";"2.4833"
"2026-05-05";"101";"Falha de Alinhamento / Operacional";"Operacional";"1.2667"
"2026-05-06";"117";"Falha de Alinhamento / Operacional";"Operacional";"2.2833"
"2026-05-06";"116";"Falha de Alinhamento / Operacional";"Operacional";"0.9"
"2026-05-06";"101";"Falha de Alinhamento / Operacional";"Operacional";"3.2333"
"2026-05-06";"104";"Falta de Produto / Operacional";"Operacional";"7.75"
"2026-05-06";"115";"Falta de Produto / Operacional";"Operacional";"4.2167"
"2026-05-06";"122";"Falta de Produto / Operacional";"Operacional";"13.7333"
"2026-05-06";"107";"Falha de Alinhamento / Operacional";"Operacional";"6.7833"
"2026-05-06";"63";"Falha de Alinhamento / Operacional";"Operacional";"14.4667"
"2026-05-06";"44";"Pulverização / Operacional";"Operacional";"2.4833"
"2026-05-06";"18";"Falta de Água / Operacional";"Operacional";"2.4833"
"2026-05-06";"20";"Falta de Água / Operacional";"Operacional";"2.4833"
"2026-05-06";"22";"Falta de Água / Operacional";"Operacional";"2.4833"
"2026-05-06";"26";"Falta de Água / Operacional";"Operacional";"2.4833"
"2026-05-06";"69";"Adubação  / Operacional";"Operacional";"2.4833"
"2026-05-07";"69";"Adubação  / Operacional";"Operacional";"9.4"
"2026-05-07";"44";"Pulverização / Operacional";"Operacional";"9.0833"
"2026-05-07";"20";"Falta de Água / Operacional";"Operacional";"0.25"
"2026-05-07";"22";"Falta de Água / Operacional";"Operacional";"0.3833"
"2026-05-07";"26";"Falta de Água / Operacional";"Operacional";"5.3"
"2026-05-07";"18";"Falta de Água / Operacional";"Operacional";"0.95"
"2026-05-07";"113";"Falha de Alinhamento / Operacional";"Operacional";"7.95"
"2026-05-07";"122";"Falha de Alinhamento / Operacional";"Operacional";"0.45"
"2026-05-07";"24";"Falha de Alinhamento / Operacional";"Operacional";"1.6333"
"2026-05-07";"113";"Falha de Alinhamento / Operacional";"Operacional";"0.6167"
"2026-05-07";"114";"Mangote / Mecânico";"Mecânico";"0.95"
"2026-05-07";"120";"Desponte - Anti Brotante / Operacional";"Operacional";"1.2"
"2026-05-07";"9";"Redutor / Mecânico";"Mecânico";"4.5833"
"2026-05-07";"113";"Contator e Micro / Elétrico";"Elétrico";"1.5833"
"2026-05-07";"58";"Pneu / Mecânico";"Mecânico";"6.65"
"2026-05-07";"62";"Adubação  / Operacional";"Operacional";"2.4833"
"2026-05-07";"2";"Equipe Irrigação / Operacional";"Operacional";"2.4833"
"2026-05-07";"5";"Equipe Irrigação / Operacional";"Operacional";"2.4833"
"2026-05-07";"8";"Equipe Irrigação / Operacional";"Operacional";"2.4833"
"2026-05-07";"10";"Pneu / Mecânico";"Mecânico";"0.05"
"2026-05-08";"2";"Equipe Irrigação / Operacional";"Operacional";"7.5"
"2026-05-08";"5";"Equipe Irrigação / Operacional";"Operacional";"9.2"
"2026-05-08";"8";"Equipe Irrigação / Operacional";"Operacional";"10.3667"
"2026-05-08";"10";"Pneu / Mecânico";"Mecânico";"22.0833"
"2026-05-08";"116";"Falha de Alinhamento / Operacional";"Operacional";"1.4"
"2026-05-08";"118";"Falha de Alinhamento / Operacional";"Operacional";"0.6333"
"2026-05-08";"15";"Alta Demanda / Operacional";"Operacional";"14.0333"
"2026-05-08";"130";"Falta de Água / Operacional";"Operacional";"11.7333"
"2026-05-08";"118";"Falta de Água / Operacional";"Operacional";"4.4667"
"2026-05-08";"116";"Falta de Água / Operacional";"Operacional";"11.2667"
"2026-05-08";"27";"Cacau / Operacional";"Operacional";"4.15"
"2026-05-08";"41";"Pneu / Mecânico";"Mecânico";"2.4833"
"2026-05-09";"10";"Redutor / Mecânico";"Mecânico";"23.05"
"2026-05-10";"10";"Redutor / Mecânico";"Mecânico";"9.7333"
"2026-05-10";"123";"Pneu / Mecânico";"Mecânico";"3.5"
"2026-05-11";"123";"Pneu / Mecânico";"Mecânico";"23.9833"
"2026-05-11";"10";"Redutor / Mecânico";"Mecânico";"4.3333"
"2026-05-11";"3";"Motorredutor / Mecânico";"Mecânico";"16.9333"
"2026-05-11";"15";"Adubação  / Operacional";"Operacional";"2.4833"
"2026-05-11";"17";"Adubação  / Operacional";"Operacional";"2.4833"
"2026-05-11";"4";"Canal - Reservatório / Mecânico";"Mecânico";"1.6833"
"2026-05-11";"27";"Canal - Reservatório / Mecânico";"Mecânico";"2.4833"
"2026-05-11";"29";"Canal - Reservatório / Mecânico";"Mecânico";"2.4833"
"2026-05-12";"15";"Adubação  / Operacional";"Operacional";"23.9833"
"2026-05-12";"17";"Adubação  / Operacional";"Operacional";"23.9833"
"2026-05-12";"4";"Canal - Reservatório / Mecânico";"Mecânico";"15"
"2026-05-12";"27";"Canal - Reservatório / Mecânico";"Mecânico";"23.9833"
"2026-05-12";"29";"Canal - Reservatório / Mecânico";"Mecânico";"23.9833"
"2026-05-12";"123";"Pneu / Mecânico";"Mecânico";"10.5667"
"2026-05-12";"118";"Falha de Alinhamento / Operacional";"Operacional";"1.2167"
"2026-05-12";"117";"Falha de Alinhamento / Operacional";"Operacional";"0.2833"
"2026-05-12";"115";"Falha de Alinhamento / Operacional";"Operacional";"2.3"
"2026-05-12";"44";"Equipe Irrigação / Operacional";"Operacional";"2.4833"
"2026-05-12";"106";"Bomba / Elétrico";"Elétrico";"2.4833"
"2026-05-13";"116";"Equipamentos Fert / Operacional";"Operacional";"14.4833"
"2026-05-13";"44";"Equipe Irrigação / Operacional";"Operacional";"1.2667"
"2026-05-13";"106";"Bomba / Elétrico";"Elétrico";"21.75"
"2026-05-13";"122";"Falha de Alinhamento / Operacional";"Operacional";"1.25"
"2026-05-13";"113";"Pneu / Mecânico";"Mecânico";"2.7333"
"2026-05-13";"58";"Adubação  / Operacional";"Operacional";"2.4833"
"2026-05-13";"8";"Demanda de Energia / Operacional";"Operacional";"1.2"
"2026-05-13";"17";"Demanda de Energia / Operacional";"Operacional";"1.2"
"2026-05-13";"40";"Demanda de Energia / Operacional";"Operacional";"2.4833"
"2026-05-14";"58";"Adubação  / Operacional";"Operacional";"0.3833"
"2026-05-14";"8";"Demanda de Energia / Operacional";"Operacional";"2.6667"
"2026-05-14";"40";"Demanda de Energia / Operacional";"Operacional";"0.4667"
"2026-05-14";"40";"Demanda de Energia / Operacional";"Operacional";"3.45"
"2026-05-14";"40";"Falha de Alinhamento / Operacional";"Operacional";"1.4333"
"2026-05-14";"40";"Falha de Alinhamento / Operacional";"Operacional";"0.6833"
"2026-05-14";"40";"Falha de Alinhamento / Operacional";"Operacional";"2.4"
"2026-05-14";"73";"Falha de Alinhamento / Operacional";"Operacional";"12.05"
"2026-05-14";"40";"Falha de Alinhamento / Operacional";"Operacional";"9.65"
"2026-05-15";"3";"Falha de Alinhamento / Operacional";"Operacional";"3.2333"
"2026-05-15";"3";"Falha de Alinhamento / Operacional";"Operacional";"1.2833"
"2026-05-15";"40";"Falha de Alinhamento / Operacional";"Operacional";"9.7333"
"2026-05-15";"40";"Falha de Alinhamento / Operacional";"Operacional";"0.6833"
"2026-05-15";"115";"Falha de Alinhamento / Operacional";"Operacional";"0.8833"
"2026-05-15";"40";"Falha de Alinhamento / Operacional";"Operacional";"9.0333"
"2026-05-15";"9";"Mangote / Mecânico";"Mecânico";"4.1833"
"2026-05-01";"58";"Falta de Água / Operacional";"Operacional";"0.8"
"2026-05-15";"62";"Falta de Água / Operacional";"Operacional";"0.8"
"2026-05-15";"41";"Adubação  / Operacional";"Operacional";"2.4833"
"2026-05-15";"2";"Adubação  / Operacional";"Operacional";"2.4833"
"2026-05-16";"58";"Falta de Água / Operacional";"Operacional";"6.8"
"2026-05-16";"62";"Falta de Água / Operacional";"Operacional";"6.75"
"2026-05-16";"2";"Adubação  / Operacional";"Operacional";"23.8667"
"2026-05-16";"41";"Cardã / Mecânico";"Mecânico";"0.3833"
"2026-05-16";"105";"Falha de Alinhamento / Operacional";"Operacional";"8"
"2026-05-18";"11";"Falha de Alinhamento / Operacional";"Operacional";"0.8"
"2026-05-18";"44";"Falha de Alinhamento / Operacional";"Operacional";"0.4167"
"2026-05-18";"11";"Falha de Alinhamento / Operacional";"Operacional";"1.95"
"2026-05-18";"44";"Falha de Alinhamento / Operacional";"Operacional";"0.4333"
"2026-05-18";"120";"Falha de Alinhamento / Operacional";"Operacional";"0.0667"
"2026-05-18";"105";"Adubação  / Operacional";"Operacional";"2.4833"
"2026-05-18";"107";"Adubação  / Operacional";"Operacional";"2.4833"
"2026-05-19";"11";"Falha de Alinhamento / Operacional";"Operacional";"0.6667"
"2026-05-19";"120";"Falha de Alinhamento / Operacional";"Operacional";"1.05"
"2026-05-19";"105";"Adubação  / Operacional";"Operacional";"17"
"2026-05-19";"107";"Adubação  / Operacional";"Operacional";"17"
"2026-05-19";"44";"Falha de Alinhamento / Operacional";"Operacional";"1.25"
"2026-05-19";"40";"Falha de Alinhamento / Operacional";"Operacional";"0.85"
"2026-05-19";"44";"Falha de Alinhamento / Operacional";"Operacional";"12.65"
"2026-05-19";"36";"Adubação  / Operacional";"Operacional";"2.4833"
"2026-05-20";"44";"Falha de Alinhamento / Operacional";"Operacional";"2.3333"
"2026-05-20";"36";"Adubação  / Operacional";"Operacional";"12.1667"
"2026-05-20";"20";"Falha de Alinhamento / Operacional";"Operacional";"14.3"
"2026-05-20";"56";"Bomba / Elétrico";"Elétrico";"1.2667"
"2026-05-20";"11";"Cardã / Mecânico";"Mecânico";"2.55"
"2026-05-20";"22";"Falha de Alinhamento / Operacional";"Operacional";"2.3833"
"2026-05-20";"9";"Baixa Pressão / Operacional";"Operacional";"4.5667"
"2026-05-20";"44";"Falha de Alinhamento / Operacional";"Operacional";"2.6667"
"2026-05-20";"115";"Falha de Alinhamento / Operacional";"Operacional";"0.95"
"2026-05-20";"118";"Falha de Alinhamento / Operacional";"Operacional";"0.2833"
"2026-05-20";"5";"Pulverização / Operacional";"Operacional";"2.4833"
"2026-05-20";"20";"Adubação  / Operacional";"Operacional";"2.4833"
"2026-05-20";"22";"Mangote / Mecânico";"Mecânico";"2.4833"
"2026-05-20";"23";"Canal - Reservatório / Mecânico";"Mecânico";"2.4833"
"2026-05-20";"24";"Canal - Reservatório / Mecânico";"Mecânico";"2.4833"
"2026-05-21";"5";"Pulverização / Operacional";"Operacional";"2.65"
"2026-05-21";"20";"Adubação  / Operacional";"Operacional";"15.7333"
"2026-05-21";"123";"Falha de Alinhamento / Operacional";"Operacional";"2.5833"
"2026-05-21";"5";"Canal - Reservatório / Mecânico";"Mecânico";"4.5167"
"2026-05-21";"44";"Falha de Alinhamento / Operacional";"Operacional";"0.5"
"2026-05-21";"12";"Pneu / Mecânico";"Mecânico";"2.3167"
"2026-05-21";"44";"Falha de Alinhamento / Operacional";"Operacional";"1.3333"
"2026-05-21";"4";"Falha de Alinhamento / Operacional";"Operacional";"0.45"
"2026-05-21";"40";"Falha de Alinhamento / Operacional";"Operacional";"0.4833"
"2026-05-21";"20";"Adubação  / Operacional";"Operacional";"2.4833"
"2026-05-22";"4";"Redutor / Mecânico";"Mecânico";"21.75"
"2026-05-22";"20";"Adubação  / Operacional";"Operacional";"1.8"
"2026-05-22";"20";"Pulverização / Operacional";"Operacional";"13.6"
"2026-05-22";"10";"Pneu / Mecânico";"Mecânico";"7.5"
"2026-05-22";"12";"Redutor / Mecânico";"Mecânico";"8.7833"
"2026-05-22";"9";"Falha de Alinhamento / Operacional";"Operacional";"0.5833"
"2026-05-22";"36";"Falha de Alinhamento / Operacional";"Operacional";"1.1333"
"2026-05-22";"38";"Falha de Alinhamento / Operacional";"Operacional";"10.4333"
"2026-05-22";"36";"Falha de Alinhamento / Operacional";"Operacional";"8.9667"
"2026-05-22";"112";"Falha de Alinhamento / Operacional";"Operacional";"0.9667"
"2026-05-26";"38";"Equipe Irrigação / Operacional";"Operacional";"14.6"
"2026-05-26";"44";"Falha de Alinhamento / Operacional";"Operacional";"0.9833"
"2026-05-26";"44";"Falha de Alinhamento / Operacional";"Operacional";"1.4333"
"2026-05-26";"115";"Falha de Alinhamento / Operacional";"Operacional";"1.1667"
"2026-05-26";"14";"Falha de Alinhamento / Operacional";"Operacional";"11.2333"
"2026-05-26";"10";"Falha de Alinhamento / Operacional";"Operacional";"10.65"
"2026-05-26";"44";"Falha de Alinhamento / Operacional";"Operacional";"0.4333"
"2026-05-27";"119";"Falha de Alinhamento / Operacional";"Operacional";"2.5333"
"2026-05-27";"129";"Falha de Alinhamento / Operacional";"Operacional";"1.0833"
"2026-05-27";"3";"Redutor / Mecânico";"Mecânico";"11.5333"
"2026-05-27";"44";"Falha de Alinhamento / Operacional";"Operacional";"1.4167"
"2026-05-27";"120";"Falha de Alinhamento / Operacional";"Operacional";"1.1667"
"2026-05-27";"10";"Falha de Alinhamento / Operacional";"Operacional";"12.95"
"2026-05-27";"40";"Falha de Alinhamento / Operacional";"Operacional";"7.0333"
"2026-05-27";"2";"Rede Interna / Elétrico";"Elétrico";"9.2667"
"2026-05-27";"5";"Rede Interna / Elétrico";"Elétrico";"6.7833"
"2026-05-27";"7";"Rede Interna / Elétrico";"Elétrico";"1.15"
"2026-05-27";"12";"Rede Interna / Elétrico";"Elétrico";"1.1167"
"2026-05-27";"13";"Rede Interna / Elétrico";"Elétrico";"1.1"
"2026-05-27";"20";"Rede Interna / Elétrico";"Elétrico";"1.2"
"2026-05-28";"114";"Falha de Alinhamento / Operacional";"Operacional";"3.7167"
"2026-05-28";"5";"Falha de Alinhamento / Operacional";"Operacional";"0.8333"
"2026-05-28";"11";"Falha de Alinhamento / Operacional";"Operacional";"2.3667"
"2026-05-28";"44";"Falha de Alinhamento / Operacional";"Operacional";"0.5333"
"2026-05-28";"11";"Redutor / Mecânico";"Mecânico";"8.6"
"2026-05-28";"122";"Falha de Alinhamento / Operacional";"Operacional";"1.9833"
"2026-05-28";"22";"Falha de Alinhamento / Operacional";"Operacional";"8.65"
"2026-05-28";"120";"Falha de Alinhamento / Operacional";"Operacional";"0.3"
"2026-05-29";"116";"Falha de Alinhamento / Operacional";"Operacional";"0.5333"
"2026-05-29";"44";"Falha de Alinhamento / Operacional";"Operacional";"13.65"
"2026-05-29";"41";"Falha de Alinhamento / Operacional";"Operacional";"0.95"
"2026-05-29";"44";"Falha de Alinhamento / Operacional";"Operacional";"0.55"
"2026-06-02";"7";"Falha de Alinhamento / Operacional";"Operacional";"6.5833"
"2026-06-02";"44";"Falha de Alinhamento / Operacional";"Operacional";"0.3167"
"2026-06-02";"14";"Falha de Alinhamento / Operacional";"Operacional";"5.55"
"2026-06-02";"117";"Falha de Alinhamento / Operacional";"Operacional";"0.7833"
"2026-06-02";"7";"Falha de Alinhamento / Operacional";"Operacional";"2.1667"
"2026-06-02";"44";"Falha de Alinhamento / Operacional";"Operacional";"1.4833"
"2026-06-02";"44";"Falha de Alinhamento / Operacional";"Operacional";"5.1833"
"2026-06-02";"44";"Falha de Alinhamento / Operacional";"Operacional";"0.6"
"2026-06-02";"44";"Falha de Alinhamento / Operacional";"Operacional";"1.45"
"2026-06-02";"7";"Redutor / Mecânico";"Mecânico";"0.9333"
"2026-06-03";"7";"Redutor / Mecânico";"Mecânico";"9.9333"
"2026-06-03";"44";"Falha de Alinhamento / Operacional";"Operacional";"1.1667"
"2026-06-03";"14";"Falha de Alinhamento / Operacional";"Operacional";"0.7667"
"2026-06-03";"120";"Falha de Alinhamento / Operacional";"Operacional";"0.65"
"2026-06-03";"14";"Redutor / Mecânico";"Mecânico";"6.2667"
"2026-06-03";"18";"Falha de Alinhamento / Operacional";"Operacional";"1.3667"
"2026-06-03";"44";"Falha de Alinhamento / Operacional";"Operacional";"1.75"
"2026-06-03";"48";"Falha de Alinhamento / Operacional";"Operacional";"13.9167"
"2026-06-04";"2";"Redutor / Mecânico";"Mecânico";"6.6"
"2026-06-04";"116";"Falha de Alinhamento / Operacional";"Operacional";"2"
"2026-06-04";"24";"Falha de Alinhamento / Operacional";"Operacional";"1.3"
"2026-06-04";"14";"Falha de Alinhamento / Operacional";"Operacional";"2.65"
"2026-06-04";"7";"Falha de Alinhamento / Operacional";"Operacional";"1.1167"
"2026-06-05";"7";"Falha de Alinhamento / Operacional";"Operacional";"9.6333"
"2026-06-05";"18";"Falha de Alinhamento / Operacional";"Operacional";"2.1333"
"2026-06-05";"131";"Falha de Alinhamento / Operacional";"Operacional";"0.6333"
"2026-06-06";"44";"Falha de Alinhamento / Operacional";"Operacional";"0.4167"
"2026-06-06";"7";"Falha de Alinhamento / Operacional";"Operacional";"6.25"
"2026-06-08";"8";"Falha de Alinhamento / Operacional";"Operacional";"1.0667"
"2026-06-08";"112";"Falha de Alinhamento / Operacional";"Operacional";"0.9167"
"2026-06-08";"12";"Falha de Alinhamento / Operacional";"Operacional";"5.9167"
"2026-06-08";"18";"Falha de Alinhamento / Operacional";"Operacional";"1.3333"
"2026-06-08";"18";"Falha de Alinhamento / Operacional";"Operacional";"0.2333"
"2026-06-08";"44";"Falha de Alinhamento / Operacional";"Operacional";"1.3833"
"2026-06-09";"44";"Falha de Alinhamento / Operacional";"Operacional";"10.9333"
"2026-06-09";"18";"Falha de Alinhamento / Operacional";"Operacional";"1.2333"
"2026-06-09";"122";"Falha de Alinhamento / Operacional";"Operacional";"5.1"
"2026-06-09";"126";"Falha de Alinhamento / Operacional";"Operacional";"2.1167"
"2026-06-09";"8";"Falha de Alinhamento / Operacional";"Operacional";"7.25"
"2026-06-09";"23";"Falha de Alinhamento / Operacional";"Operacional";"1.4833"
"2026-06-09";"130";"Plantio / Operacional";"Operacional";"11.9167"
"2026-06-09";"7";"Falha de Alinhamento / Operacional";"Operacional";"1"
"2026-06-09";"44";"Falha de Alinhamento / Operacional";"Operacional";"0.3"
"2026-06-09";"44";"Falha de Alinhamento / Operacional";"Operacional";"0"
"2026-06-09";"122";"Falha de Alinhamento / Operacional";"Operacional";"0.45"
"2026-06-10";"44";"Falha de Alinhamento / Operacional";"Operacional";"0.8833"
"2026-06-10";"122";"Falha de Alinhamento / Operacional";"Operacional";"5.3667"
"2026-06-10";"47";"Falha de Alinhamento / Operacional";"Operacional";"6.4667"
"2026-06-10";"44";"Falha de Alinhamento / Operacional";"Operacional";"2.3"
"2026-06-10";"8";"Falha de Alinhamento / Operacional";"Operacional";"1.1167"
"2026-06-11";"44";"Falha de Alinhamento / Operacional";"Operacional";"0.5833"
"2026-06-11";"8";"Falha de Alinhamento / Operacional";"Operacional";"1.2"
"2026-06-11";"116";"Falta de Água / Operacional";"Operacional";"14.3833"
"2026-06-11";"117";"Falta de Água / Operacional";"Operacional";"7.1167"
"2026-06-11";"122";"Falha de Alinhamento / Operacional";"Operacional";"9.2833"
"2026-06-11";"130";"Falta de Água / Operacional";"Operacional";"5.4"
"2026-06-11";"44";"Falha de Alinhamento / Operacional";"Operacional";"3.5833"
"2026-06-11";"117";"Falha de Alinhamento / Operacional";"Operacional";"0.6667"
"2026-06-11";"123";"Falta de Água / Operacional";"Operacional";"7.45"
"2026-06-11";"11";"Falha de Alinhamento / Operacional";"Operacional";"7.25"
"2026-06-12";"18";"Falha de Alinhamento / Operacional";"Operacional";"2.3833"
"2026-06-12";"103";"Sem Energia / Elétrico";"Elétrico";"5.6667"
"2026-06-12";"108";"Sem Energia / Elétrico";"Elétrico";"5.6667"
"2026-06-12";"112";"Sem Energia / Elétrico";"Elétrico";"5.6667"
"2026-06-12";"114";"Sem Energia / Elétrico";"Elétrico";"5.6667"
"2026-06-12";"125";"Sem Energia / Elétrico";"Elétrico";"5.6667"
"2026-06-12";"128";"Sem Energia / Elétrico";"Elétrico";"5.6667"
"2026-06-12";"130";"Sem Energia / Elétrico";"Elétrico";"5.6667"
"2026-06-12";"133";"Sem Energia / Elétrico";"Elétrico";"5.6667"
"2026-06-12";"117";"Falha de Alinhamento / Operacional";"Operacional";"7.6333"
"2026-06-12";"44";"Falha de Alinhamento / Operacional";"Operacional";"0.8167"
"2026-06-13";"117";"Falha de Alinhamento / Operacional";"Operacional";"0.2167"
"2026-06-13";"44";"Falha de Alinhamento / Operacional";"Operacional";"0.1833"
"2026-06-13";"7";"Falha de Alinhamento / Operacional";"Operacional";"1.2333"
"2026-06-15";"106";"Sem Energia / Elétrico";"Elétrico";"2.45"
"2026-06-15";"126";"Sem Energia / Elétrico";"Elétrico";"2.4333"
"2026-06-15";"133";"Sem Energia / Elétrico";"Elétrico";"2.4667"
"2026-06-15";"5";"Programação  / Operacional";"Operacional";"5.9"
"2026-06-16";"44";"Falha de Alinhamento / Operacional";"Operacional";"3.7667"
"2026-06-16";"14";"Falha de Alinhamento / Operacional";"Operacional";"5.6"
"2026-06-16";"118";"Falha de Alinhamento / Operacional";"Operacional";"2.2"
"2026-06-16";"44";"Falha de Alinhamento / Operacional";"Operacional";"15.5667"
"2026-06-16";"112";"Falha de Alinhamento / Operacional";"Operacional";"1.4167"
"2026-06-16";"129";"Baixa Pressão / Operacional";"Operacional";"3.2333"
"2026-06-17";"11";"Falha de Alinhamento / Operacional";"Operacional";"5.0833"
"2026-06-17";"48";"Limpeza e Afeirição / Operacional";"Operacional";"13.5"
"2026-06-17";"22";"Falha de Alinhamento / Operacional";"Operacional";"2.7833"
"2026-06-17";"24";"Falha de Alinhamento / Operacional";"Operacional";"4.1667"
"2026-06-17";"14";"Adubação  / Operacional";"Operacional";"2.6"
"2026-06-18";"106";"Sem Energia / Elétrico";"Elétrico";"12.25"
"2026-06-18";"109";"Sem Energia / Elétrico";"Elétrico";"12.25"
"2026-06-18";"117";"Sem Energia / Elétrico";"Elétrico";"12.25"
"2026-06-18";"118";"Sem Energia / Elétrico";"Elétrico";"12.25"
"2026-06-18";"125";"Sem Energia / Elétrico";"Elétrico";"12.25"
"2026-06-18";"127";"Sem Energia / Elétrico";"Elétrico";"12.25"
"2026-06-18";"129";"Sem Energia / Elétrico";"Elétrico";"12.25"
"2026-06-18";"130";"Sem Energia / Elétrico";"Elétrico";"12.25"
"2026-06-18";"48";"Limpeza e Afeirição / Operacional";"Operacional";"10.9167"
"2026-06-18";"9";"Mangote / Mecânico";"Mecânico";"6.6667"
"2026-06-18";"36";"Redutor / Mecânico";"Mecânico";"5.3833"
"2026-06-18";"38";"Falha de Alinhamento / Operacional";"Operacional";"7.4667"
"2026-06-19";"117";"Falha de Alinhamento / Operacional";"Operacional";"7.2"
"2026-06-19";"23";"Limpeza e Afeirição / Operacional";"Operacional";"0.6167"
"2026-06-19";"8";"Bomba / Elétrico";"Elétrico";"3.05"
"2026-06-19";"14";"Transplante Tabaco / Operacional";"Operacional";"12.75"
"2026-06-19";"18";"Adubação  / Operacional";"Operacional";"10.2833"
"2026-06-23";"125";"Equipe Irrigação / Operacional";"Operacional";"16.0333"
"2026-06-23";"18";"Adubação  / Operacional";"Operacional";"2.4833"
"2026-06-24";"18";"Falha de Alinhamento / Operacional";"Operacional";"22.35"
"2026-06-24";"8";"Castanha / Mecânico";"Mecânico";"3.6167"
"2026-06-24";"14";"Pneu / Mecânico";"Mecânico";"7.5"
"2026-06-25";"116";"Canal - Reservatório / Mecânico";"Mecânico";"6.4"
"2026-06-25";"123";"Falha de Alinhamento / Operacional";"Operacional";"4.3667"
"2026-06-25";"129";"Falha de Alinhamento / Operacional";"Operacional";"0.2667"
"2026-06-25";"14";"Falha de Alinhamento / Operacional";"Operacional";"0.9833"
"2026-06-25";"9";"Falha de Alinhamento / Operacional";"Operacional";"2.0667"
"2026-06-25";"47";"Falha de Alinhamento / Operacional";"Operacional";"1.9833"
"2026-06-26";"47";"Falha de Alinhamento / Operacional";"Operacional";"1.7"
"2026-06-26";"9";"Falha de Alinhamento / Operacional";"Operacional";"0.0333"
"2026-06-26";"18";"Falha de Alinhamento / Operacional";"Operacional";"1.3"
"2026-06-26";"18";"Falha de Alinhamento / Operacional";"Operacional";"0.3167"
"2026-06-29";"117";"Redutor / Mecânico";"Mecânico";"23.9833"
"2026-06-29";"45";"Falha de Alinhamento / Operacional";"Operacional";"0.3333"
"2026-06-29";"36";"Falha de Alinhamento / Operacional";"Operacional";"0.1167"
"2026-06-29";"38";"Falha de Alinhamento / Operacional";"Operacional";"1.35"
"2026-06-30";"36";"Falha de Alinhamento / Operacional";"Operacional";"23.9833"
"2026-06-30";"38";"Falha de Alinhamento / Operacional";"Operacional";"0.6833"
"2026-06-30";"14";"Falha de Alinhamento / Operacional";"Operacional";"7.0667"
"2026-06-30";"130";"Adubação  / Operacional";"Operacional";"10.4167"
"2026-06-30";"11";"Falha de Alinhamento / Operacional";"Operacional";"0.5"
"2026-06-30";"122";"Falha de Alinhamento / Operacional";"Operacional";"0.4167"
"2026-06-30";"45";"Falha de Alinhamento / Operacional";"Operacional";"1.7167"
"2026-07-01";"45";"Falha de Alinhamento / Operacional";"Operacional";"8.4167"
"2026-07-01";"122";"Falha de Alinhamento / Operacional";"Operacional";"5.35"
"2026-07-01";"117";"Falha de Alinhamento / Operacional";"Operacional";"13.0333"
"2026-07-01";"18";"Falha de Alinhamento / Operacional";"Operacional";"1.5833"
"2026-07-01";"125";"Adutora / Mecânico";"Mecânico";"7.9167"
"2026-07-02";"129";"Falha de Alinhamento / Operacional";"Operacional";"2.0667"
"2026-07-02";"125";"Adutora / Mecânico";"Mecânico";"23.9833"
"2026-07-02";"41";"Falha de Alinhamento / Operacional";"Operacional";"9.5333"
"2026-07-03";"125";"Painel do Pivô / Elétrico";"Elétrico";"9.2167"
"2026-07-03";"41";"Falha de Alinhamento / Operacional";"Operacional";"23.9833"
"2026-07-07";"29";"Redutor / Mecânico";"Mecânico";"5.05"
"2026-07-07";"41";"Falha de Alinhamento / Operacional";"Operacional";"3.5167"
"2026-07-07";"11";"Redutor / Mecânico";"Mecânico";"7.8667"
"2026-07-08";"11";"Redutor / Mecânico";"Mecânico";"9.1333"
"2026-07-08";"127";"Alta Demanda / Operacional";"Operacional";"0.6167"
"2026-07-08";"44";"Falha de Alinhamento / Operacional";"Operacional";"0"
"2026-07-08";"122";"Entupimento na Sucção / Operacional";"Operacional";"0"
"2026-07-08";"38";"Colheita Tabaco / Operacional";"Operacional";"11"
"2026-07-08";"125";"Entrega de Produto / Operacional";"Operacional";"3.2167"
"2026-07-08";"10";"Entrega de Produto / Operacional";"Operacional";"1.9833"
"2026-07-08";"12";"Redutor / Mecânico";"Mecânico";"0"
"2026-07-08";"19";"Pivô Atolado / Operacional";"Operacional";"0"
"2026-07-08";"75";"Pivô Atolado / Operacional";"Operacional";"0"
"2026-07-08";"21";"Painel do Pivô / Elétrico";"Elétrico";"15.2833"