data;pivo;cultura;aplicacao;observacao;status;motivo;dataFinal
"03/01/2024";"127";"Soja";"BIO ND";"Todo";"OK";"Realizado";"05/01/2024"
"03/01/2024";"46";"Soja";"BIO ND";"Todo";"OK";"Realizado";"08/01/2024"
"03/01/2024";"52";"Soja";"BIO ND";"Todo";"Feito com Avião";"Cancelado";"03/01/2024"
"04/01/2024";"125";"Soja";"BIO ND";"Todo";"OK";"Realizado";"05/01/2024"
"04/01/2024";"56";"Algodão";"UREIA";"Todo";"Feito a Lanço";"Cancelado";"04/01/2024"
"05/01/2024";"102";"Soja";"PRIMAFERT";"1/2 Pivô";"OK";"Realizado";"05/01/2024"
"05/01/2024";"30";"Algodão";"UREIA";"Todo";"Feito a Lanço";"Cancelado";"05/01/2024"
"05/01/2024";"45";"Soja";"BIO ND";"Todo";"Fusivel Estourado";"Elétrico";"10/01/2024"
"09/01/2024";"45";"Soja";"BIO ND";"Todo";"OK";"Realizado";"10/01/2024"
"10/01/2024";"31";"Algodão";"BIO MEGA";"Todo";"OK";"Realizado";"11/01/2024"
"10/01/2024";"104";"Algodão";"BIO MEGA";"Todo";"OK";"Realizado";"10/01/2024"
"11/01/2024";"56";"Algodão";"BIO MEGA";"Todo";"OK";"Realizado";"12/01/2024"
"11/01/2024";"103";"Algodão";"BIO MEGA";"Todo";"OK";"Realizado";"11/01/2024"
"11/01/2024";"60";"Algodão";"UREIA";"1/2 Pivô";"OK";"Realizado";"11/01/2024"
"12/01/2024";"101";"Algodão";"BIO MEGA";"Todo";"OK";"Realizado";"12/01/2024"
"12/01/2024";"60";"Algodão";"UREIA";"1/2 Pivô";"OK";"Realizado";"12/01/2024"
"12/01/2024";"67";"Algodão";"UREIA";"Todo";"OK";"Realizado";"16/01/2024"
"15/01/2024";"70";"Algodão";"PRIMAFERT+BIO GREEN";"1/2 Pivô";"OK";"Realizado";"17/01/2024"
"15/01/2024";"44";"Algodão";"BIO MEGA";"Todo";"OK";"Realizado";"16/01/2024"
"15/01/2024";"26";"Algodão";"UREIA";"Todo";"OK";"Realizado";"16/01/2024"
"16/01/2024";"29";"Cacau";"ARIABHATTAI+AZOSPIRILLUM";"AB";"OK";"Realizado";"16/01/2024"
"16/01/2024";"24";"Algodão";"UREIA";"Todo";"OK";"Realizado";"18/01/2024"
"16/01/2024";"17";"Algodão";"UREIA";"Todo";"OK";"Realizado";"18/01/2024"
"17/01/2024";"29";"Cacau";"ARIABHATTAI+AZOSPIRILLUM";"CD";"OK";"Realizado";"17/01/2024"
"17/01/2024";"55";"Algodão";"BIO MEGA";"Todo";"OK";"Realizado";"18/01/2024"
"17/01/2024";"30";"Algodão";"BIO MEGA";"Todo";"OK";"Realizado";"19/01/2024"
"18/01/2024";"25";"Cacau";"ARIABHATTAI+AZOSPIRILLUM";"AB";"OK";"Realizado";"18/01/2024"
"18/01/2024";"33";"Algodão";"BIO MEGA";"Todo";"OK";"Realizado";"19/01/2024"
"18/01/2024";"23";"Algodão";"UREIA";"Todo";"OK";"Realizado";"19/01/2024"
"19/01/2024";"25";"Cacau";"ARIABHATTAI+AZOSPIRILLUM";"CD";"OK";"Realizado";"19/01/2024"
"19/01/2024";"34";"Algodão";"BIO MEGA";"Todo";"Bomba";"Operacional";"23/01/2024"
"19/01/2024";"73";"Algodão";"BIO MEGA";"Todo";"OK";"Realizado";"19/01/2024"
"22/01/2024";"34";"Algodão";"BIO MEGA";"Todo";"OK";"Realizado";"23/01/2024"
"22/01/2024";"39";"Algodão";"UREIA";"Todo";"OK";"Realizado";"23/01/2024"
"22/01/2024";"27";"Cacau";"ARIABHATTAI+AZOSPIRILLUM";"CD";"OK";"Realizado";"23/01/2024"
"23/01/2024";"27";"Cacau";"ARIABHATTAI+AZOSPIRILLUM";"AB";"OK";"Realizado";"25/01/2024"
"23/01/2024";"40";"Algodão";"UREIA";"Todo";"OK";"Realizado";"24/01/2024"
"23/01/2024";"32";"Algodão";"BIO MEGA";"Todo";"OK";"Realizado";"24/01/2024"
"24/01/2024";"109";"Algodão";"BIO MEGA";"Todo";"OK";"Realizado";"25/01/2024"
"24/01/2024";"41";"Algodão";"UREIA";"Todo";"OK";"Realizado";"26/01/2024"
"24/01/2024";"26";"Algodão";"BIO MEGA";"Todo";"Falta de Energia";"Elétrico";"30/01/2024"
"25/01/2024";"116";"Tabaco";"BIO RAIZ+BIO RAIZ MAIS+TEC CATP";"Todo";"OK";"Realizado";"26/01/2024"
"25/01/2024";"133";"Soja";"BIO ND";"Todo";"OK";"Realizado";"26/01/2024"
"25/01/2024";"74";"Algodão";"BIO MEGA";"1/2 Pivô";"OK";"Realizado";"25/01/2024"
"25/01/2024";"130";"Soja";"BIO ND";"Todo";"OK";"Realizado";"25/01/2024"
"26/01/2024";"110";"Algodão";"BIO MEGA";"Todo";"OK";"Realizado";"26/01/2024"
"26/01/2024";"23";"Algodão";"BIO MEGA";"Todo";"Mudança de Manejo";"Operacional";"06/02/2024"
"26/01/2024";"128";"Soja";"BIO ND";"Todo";"OK";"Realizado";"26/01/2024"
"29/01/2024";"26";"Algodão";"BIO MEGA";"Todo";"OK";"Realizado";"30/01/2024"
"29/01/2024";"23";"Algodão";"BIO MEGA";"Todo";"OK";"Realizado";"29/01/2024"
"30/01/2024";"24";"Algodão";"BIO MEGA";"1/2 Pivô";"Estrutura";"Operacional";""
"30/01/2024";"129";"Soja";"BIO ND";"Todo";"OK";"Realizado";"31/01/2024"
"30/01/2024";"69";"Algodão";"BIO MEGA";"Todo";"OK";"Realizado";"30/01/2024"
"30/01/2024";"39";"Algodão";"BIO MEGA";"Todo";"OK";"Realizado";"01/02/2024"
"30/01/2024";"40";"Algodão";"BIO MEGA";"Todo";"OK";"Realizado";"01/02/2024"
"01/02/2024";"118";"Tabaco";"BIO RAIZ+BIO RAIZ MAIS+TEC CATP";"Todo";"Chuva";"Operacional";""
"01/02/2024";"41";"Algodão";"BIO MEGA";"Todo";"Transformador";"Elétrico";""
"01/02/2024";"70";"Algodão";"BIO MEGA";"Todo";"OK";"Realizado";"01/02/2024"
"02/02/2024";"116";"Tabaco";"BIO RAIZ+BIO RAIZ MAIS+BORO";"Todo";"Chuva";"Operacional";""
"02/02/2024";"72";"Algodão";"BIO MEGA";"Todo";"OK";"Realizado";"02/02/2024"
"02/02/2024";"43";"Algodão";"BIO MEGA";"Todo";"Falta de Energia";"Elétrico";"19/02/2024"
"05/02/2024";"24";"Algodão";"BIO MEGA";"1/2 Pivô";"OK";"Realizado";"05/02/2024"
"05/02/2024";"118";"Tabaco";"BIO RAIZ+BIO RAIZ MAIS+TEC CATP";"Todo";"OK";"Realizado";"05/02/2024"
"05/02/2024";"116";"Tabaco";"BIO RAIZ+BIO RAIZ MAIS+BORO";"Todo";"OK";"Realizado";"05/02/2024"
"06/02/2024";"41";"Algodão";"BIO MEGA";"Todo";"Transformador";"Elétrico";""
"06/02/2024";"23";"Algodão";"BIO MEGA";"Todo";"OK";"Realizado";"06/02/2024"
"06/02/2024";"11";"Soja";"UREIA";"1/2 Pivô";"OK";"Realizado";"06/02/2024"
"07/02/2024";"43";"Algodão";"BIO MEGA";"Todo";"Transformador";"Elétrico";"19/02/2024"
"07/02/2024";"67";"Algodão";"BIO MEGA";"Todo";"OK";"Realizado";"07/02/2024"
"07/02/2024";"117";"Algodão";"UREIA";"Todo";"Feito a Lanço";"Cancelado";"07/02/2024"
"08/02/2024";"68";"Algodão";"BIO MEGA";"Todo";"Cabo Rompido";"Elétrico";"20/02/2024"
"08/02/2024";"58";"Algodão";"BIO MEGA";"Todo";"OK";"Realizado";"08/02/2024"
"08/02/2024";"118";"Tabaco";"BIO RAIZ+BIO RAIZ MAIS+BORO";"Todo";"Chuva";"Operacional";"13/02/2024"
"09/02/2024";"119";"Algodão";"UREIA";"Todo";"Feito a Lanço";"Cancelado";"09/02/2024"
"09/02/2024";"66";"Algodão";"BIO MEGA";"Todo";"Cabo Rompido";"Elétrico";"19/02/2024"
"09/02/2024";"1";"Algodão";"UREIA";"Todo";"OK";"Realizado";"09/02/2024"
"13/02/2024";"43";"Algodão";"BIO MEGA";"Todo";"Erosão/Rastro";"Operacional";"19/02/2024"
"13/02/2024";"68";"Algodão";"BIO MEGA";"Todo";"Cabo Rompido";"Elétrico";"20/02/2024"
"13/02/2024";"118";"Tabaco";"BIO RAIZ+BIO RAIZ MAIS+BORO";"Todo";"OK";"Realizado";"13/02/2024"
"14/02/2024";"22";"Algodão";"BIO MEGA";"Todo";"Erosão/Rastro";"Operacional";"26/02/2024"
"14/02/2024";"58";"Algodão";"UREIA";"Todo";"OK";"Realizado";"14/02/2024"
"15/02/2024";"21";"Algodão";"BIO MEGA";"Todo";"OK";"Realizado";"15/02/2024"
"15/02/2024";"126";"Tabaco";"BIO RAIZ+BIO RAIZ MAIS+TECCATP";"Todo";"Cancelado";"Cancelado";"15/02/2024"
"16/02/2024";"16";"Algodão";"BIO MEGA";"Todo";"Erosão/Rastro";"Operacional";""
"16/02/2024";"68";"Algodão";"UREIA";"Todo";"OK";"Realizado";"16/02/2024"
"16/02/2024";"70";"Algodão";"BIO GREEN+PRIMAFERT";"Todo";"OK";"Realizado";"16/02/2024"
"19/02/2024";"43";"Algodão";"BIO MEGA";"Todo";"OK";"Realizado";"19/02/2024"
"19/02/2024";"66";"Algodão";"BIO MEGA";"Todo";"OK";"Realizado";"19/02/2024"
"20/02/2024";"22";"Algodão";"BIO MEGA";"Todo";"Cabo Rompido";"Elétrico";"26/02/2024"
"20/02/2024";"68";"Algodão";"BIO MEGA";"Todo";"OK";"Realizado";"20/02/2024"
"20/02/2024";"25";"Cacau";"ARIABHATTAI+AZOSPIRILLUM";"1/2 Pivô";"OK";"Realizado";"20/02/2024"
"20/02/2024";"25";"Cacau";"ARIABHATTAI+AZOSPIRILLUM";"1/2 Pivô";"OK";"Realizado";"20/02/2024"
"20/02/2024";"43";"Algodão";"UREIA";"Todo";"Chuva";"Operacional";""
"22/02/2024";"53";"Algodão";"UREIA";"Todo";"Chuva";"Operacional";""
"22/02/2024";"29";"Cacau";"ARIABHATTAI+AZOSPIRILLUM";"1/2 Pivô";"OK";"Realizado";"22/02/2024"
"22/02/2024";"29";"Cacau";"ARIABHATTAI+AZOSPIRILLUM";"1/2 Pivô";"OK";"Realizado";"22/02/2024"
"26/02/2024";"43";"Algodão";"UREIA";"Todo";"OK";"Realizado";"26/02/2024"
"26/02/2024";"22";"Algodão";"BIO MEGA";"Todo";"OK";"Realizado";"26/02/2024"
"27/02/2024";"53";"Algodão";"UREIA";"Todo";"OK";"Realizado";"27/02/2024"
"27/02/2024";"5";"Algodão";"BIO MEGA";"Todo";"OK";"Realizado";"27/02/2024"
"28/02/2024";"24";"Algodão";"UREIA";"1/2 Pivô";"OK";"Realizado";"28/02/2024"
"28/02/2024";"126";"Tabaco";"BIO RAIZ PLUS+BIO RAIZ PRO+BIO RAIS MAIS PRO+TECHCTP+BORO";"Todo";"OK";"Realizado";"28/02/2024"
"28/02/2024";"116";"Tabaco";"NUTRISYSTEM+MAGNESIO+BORO";"Todo";"OK";"Realizado";"28/02/2024"
"29/02/2024";"121";"Tabaco";"BIO RAIZ PLUS+BIO RAIZ PRO+BIO RAIS MAIS PRO+TECHCTP";"Todo";"OK";"Realizado";"29/02/2024"
"29/02/2024";"58";"Algodão";"UREIA";"Todo";"OK";"Realizado";"29/02/2024"
"01/03/2024";"126";"Tabaco";"BIO RAIZ PLUS+BIO RAIZ PRO+BIO RAIS MAIS PRO";"Todo";"OK";"Realizado";"01/03/2024"
"01/03/2024";"2";"Algodão";"BIO MEGA";"Todo";"Cabo Rompido";"Elétrico";"05/03/2024"
"04/03/2024";"118";"Tabaco";"NUTRISYSTEM+MAGNESIO+BORO";"Todo";"OK";"Realizado";"12/03/2024"
"04/03/2024";"2";"Algodão";"BIO MEGA";"1/2 Pivô";"OK";"Realizado";"04/03/2024"
"04/03/2024";"27";"Cacau";"ARIABHATTAI+AZOSPIRILLUM";"1/2 Pivô";"OK";"Realizado";"04/03/2024"
"04/03/2024";"24";"Algodão";"UREIA";"1/2 Pivô";"OK";"Realizado";"04/03/2024"
"05/03/2024";"116";"Tabaco";"NUTRISYSTEM";"Todo";"OK";"Realizado";"05/03/2024"
"05/03/2024";"2";"Algodão";"BIO MEGA";"1/2 Pivô";"OK";"Realizado";"05/03/2024"
"05/03/2024";"27";"Cacau";"ARIABHATTAI+AZOSPIRILLUM";"1/2 Pivô";"OK";"Realizado";"05/03/2024"
"05/03/2024";"32";"Algodão";"UREIA";"Todo";"Adutora Estourada";"Mecânico";"20/03/2024"
"07/03/2024";"121";"Tabaco";"BIO RAIZ PLUS+BIO RAIZ PRO+BIO RAIS MAIS PRO+BORO";"Todo";"Chuva";"Operacional";"14/03/2024"
"08/03/2024";"1";"Algodão";"BIO MEGA";"Todo";"OK";"Realizado";"08/03/2024"
"08/03/2024";"57";"Algodão";"BIO MEGA";"Todo";"Chuva";"Operacional";"12/03/2024"
"08/03/2024";"124";"Tabaco";"BIO RAIZ PLUS+BIO RAIZ PRO+BIO RAIS MAIS PRO+TECHCTP";"Todo";"OK";"Realizado";"08/03/2024"
"11/03/2024";"116";"Tabaco";"PRO K";"Todo";"OK";"Realizado";"12/03/2024"
"11/03/2024";"31";"Algodão";"UREIA";"1/2 Pivô";"OK";"Realizado";"11/03/2024"
"11/03/2024";"25";"Cacau";"BIO FUNGI";"AB";"OK";"Realizado";"12/03/2024"
"12/03/2024";"25";"Cacau";"BIO FUNGI";"CD";"OK";"Realizado";"12/03/2024"
"12/03/2024";"57";"Algodão";"BIO MEGA";"Todo";"OK";"Realizado";"12/03/2024"
"12/03/2024";"32";"Algodão";"UREIA";"1/2 Pivô";"Adutora Estourada";"Mecânico";"20/03/2024"
"13/03/2024";"121";"Tabaco";"BIO RAIZ PLUS+BIO RAIZ PRO+BIO RAIS MAIS PRO+BORO";"Todo";"OK";"Realizado";"14/03/2024"
"13/03/2024";"29";"Cacau";"BIOCROMOS+BIOESPINOSA";"CD";"OK";"Realizado";"14/03/2024"
"13/03/2024";"61";"Algodão";"UREIA";"Todo";"OK";"Realizado";"15/03/2024"
"14/03/2024";"126";"Tabaco";"NUTRISYSTEM+MAGNESIO+BORO";"Todo";"OK";"Realizado";"15/03/2024"
"14/03/2024";"29";"Cacau";"BIOCROMOS+BIOESPINOSA";"AB";"OK";"Realizado";"15/03/2024"
"15/03/2024";"69";"Algodão";"UREIA";"Todo";"OK";"Realizado";"15/03/2024"
"15/03/2024";"15";"Algodão";"BIO MEGA";"Todo";"OK";"Realizado";"21/03/2024"
"15/03/2024";"118";"Tabaco";"NUTRISYSTEM";"Todo";"OK";"Realizado";"18/03/2024"
"18/03/2024";"116";"Tabaco";"PRO K";"Todo";"OK";"Realizado";"19/03/2024"
"18/03/2024";"32";"Algodão";"UREIA";"Todo";"OK";"Realizado";"20/03/2024"
"18/03/2024";"71";"Algodão";"UREIA+BIO MEGA";"1/2 Pivô";"OK";"Realizado";"19/03/2024"
"19/03/2024";"123";"Tabaco";"BIO RAIZ PLUS+BIO RAIZ PRO+BIO RAIS MAIS PRO+TECCATP";"Todo";"OK";"Realizado";"21/03/2024"
"19/03/2024";"33";"Algodão";"UREIA";"Todo";"OK";"Realizado";"19/03/2024"
"20/03/2024";"126";"Tabaco";"NUTRISYSTEM DESENVOLVIMENTO";"Todo";"OK";"Realizado";"21/03/2024"
"20/03/2024";"106";"Algodão";"BIO MEGA+BIO AZ";"Todo";"OK";"Realizado";"22/03/2024"
"20/03/2024";"20";"Algodão";"BIO MEGA";"Todo";"OK";"Realizado";"21/03/2024"
"21/03/2024";"118";"Tabaco";"PRO K";"Todo";"OK";"Realizado";"22/03/2024"
"21/03/2024";"105";"Algodão";"BIO MEGA+BIO AZ";"Todo";"OK";"Realizado";"26/03/2024"
"21/03/2024";"59";"Algodão";"BIO MEGA";"Todo";"Pivô Atolado";"Operacional";"25/03/2024"
"22/03/2024";"124";"Tabaco";"BIO RAIZ PLUS+BIO RAIZ PRO+BIO RAIZ MAIS PRO+BORO";"Todo";"Falta de Energia";"Elétrico";"01/04/2024"
"22/03/2024";"107";"Algodão";"BIO MEGA+BIO AZ";"Todo";"Falta de Energia";"Elétrico";"27/03/2024"
"22/03/2024";"61";"Algodão";"BIO MEGA";"Todo";"OK";"Realizado";"22/03/2024"
"25/03/2024";"70";"Algodão";"PRIMAFERT";"1/2 Pivô";"OK";"Realizado";"26/03/2024"
"25/03/2024";"118";"Tabaco";"PRO K";"Todo";"OK";"Realizado";"26/03/2024"
"25/03/2024";"59";"Algodão";"BIO MEGA";"Todo";"OK";"Realizado";"26/03/2024"
"26/03/2024";"116";"Tabaco";"PRO K";"Todo";"Pulverização";"Operacional";"02/04/2024"
"26/03/2024";"28";"Algodão";"UREIA+BIO MEGA";"Todo";"OK";"Realizado";"27/03/2024"
"26/03/2024";"107";"Algodão";"BIO MEGA+BIO AZ";"Todo";"OK";"Realizado";"27/03/2024"
"27/03/2024";"121";"Tabaco";"NUTRISYSTEM+BORO+MAGNESIO";"Todo";"OK";"Realizado";"28/03/2024"
"27/03/2024";"123";"Tabaco";"BIO RAIZ PLUS+BIO RAIZ PRO+BIO RAIS MAIS PRO+BORO";"Todo";"OK";"Realizado";"28/03/2024"
"27/03/2024";"62";"Algodão";"BIO MEGA";"Todo";"OK";"Realizado";"28/03/2024"
"28/03/2024";"126";"Tabaco";"PRO K";"1/2 Pivô";"OK";"Realizado";"29/03/2024"
"28/03/2024";"124";"Tabaco";"BIO RAIZ PLUS+BIO RAIZ PRO+BIO RAIZ MAIS PRO+BORO";"1/2 Pivô";"OK";"Realizado";"29/03/2024"
"28/03/2024";"20";"Algodão";"UREIA";"Todo";"OK";"Realizado";"02/04/2024"
"01/04/2024";"126";"Tabaco";"PRO K";"1/2 Pivô";"OK";"Realizado";"02/04/2024"
"01/04/2024";"124";"Tabaco";"BIO RAIZ PLUS+BIO RAIZ PRO+BIO RAIZ MAIS PRO+BORO";"1/2 Pivô";"OK";"Realizado";"02/04/2024"
"01/04/2024";"116";"Tabaco";"PRO K";"Todo";"OK";"Realizado";"02/04/2024"
"02/04/2024";"113";"Algodão";"BIO MEGA";"Todo";"OK";"Realizado";"03/04/2024"
"02/04/2024";"121";"Tabaco";"PRO  K";"Todo";"OK";"Realizado";"03/04/2024"
"02/04/2024";"5";"Algodão";"UREIA";"Todo";"OK";"Realizado";"03/04/2024"
"03/04/2024";"115";"Algodão";"BIO MEGA";"Todo";"OK";"Realizado";"05/04/2024"
"03/04/2024";"3";"Tabaco";"BIO RAIZ PLUS+BIO RAIZ PRO+BIO RAIS MAIS PRO+TECCATP";"Todo";"Chuva";"Operacional";"09/04/2024"
"03/04/2024";"126";"Tabaco";"PRO K";"Todo";"Chuva";"Operacional";"09/04/2024"
"04/04/2024";"112";"Algodão";"BIO MEGA";"1/2 Pivô";"OK";"Realizado";"05/04/2024"
"04/04/2024";"118";"Tabaco";"PRO K";"Todo";"OK";"Realizado";"09/04/2024"
"04/04/2024";"43";"Algodão";"UREIA";"Todo";"OK";"Realizado";"09/04/2024"
"05/04/2024";"114";"Algodão";"BIO MEGA";"Todo";"Chuva";"Operacional";"11/04/2024"
"05/04/2024";"4";"Tabaco";"BIO RAIZ PLUS+BIO RAIZ PRO+BIO RAIS MAIS PRO+TECCATP";"Todo";"OK";"Realizado";"05/04/2024"
"08/04/2024";"29";"Cacau";"BIOBATAI+AZOSPIRILUM";"AB";"OK";"Realizado";"09/04/2024"
"08/04/2024";"3";"Tabaco";"BIO RAIZ PLUS+BIO RAIZ PRO+BIO RAIS MAIS PRO+TECCATP";"Todo";"OK";"Realizado";"09/04/2024"
"08/04/2024";"112";"Algodão";"BIO MEGA";"1/2 Pivô";"OK";"Realizado";"09/04/2024"
"09/04/2024";"29";"Cacau";"BIOBATAI+AZOSPIRILUM";"CD";"Falta de Produto";"Operacional";"16/04/2024"
"09/04/2024";"41";"Algodão";"UREIA";"Todo";"OK";"Realizado";"11/04/2024"
"09/04/2024";"126";"Tabaco";"PRO K";"Todo";"OK";"Realizado";"10/04/2024"
"09/04/2024";"116";"Tabaco";"SOLULEAF+BIO RAIZ PRO";"Todo";"OK";"Realizado";"11/04/2024"
"10/04/2024";"25";"Cacau";"BIOBATAI+AZOSPIRILUM";"AB";"OK";"Realizado";"12/04/2024"
"10/04/2024";"117";"Algodão";"UREIA+BIO MEGA";"Todo";"OK";"Realizado";"11/04/2024"
"10/04/2024";"3";"Tabaco";"BIO RAIZ PLUS+BIO RAIZ PRO+BIO RAIS MAIS PRO+BIO MOM+BORO";"Todo";"OK";"Realizado";"11/04/2024"
"10/04/2024";"114";"Algodão";"BIO MEGA";"Todo";"OK";"Realizado";"11/04/2024"
"11/04/2024";"25";"Cacau";"BIOBATAI+AZOSPIRILUM";"CD";"OK";"Realizado";"12/04/2024"
"11/04/2024";"119";"Algodão";"UREIA+BIO MEGA";"Todo";"OK";"Realizado";"12/04/2024"
"11/04/2024";"126";"Tabaco";"PRO K";"Todo";"OK";"Realizado";"12/04/2024"
"12/04/2024";"108";"Algodão";"BIO MEGA";"Todo";"mudança de Manejo";"Operacional";"18/04/2024"
"12/04/2024";"124";"Tabaco";"NUTRISYSTEM+MAGNESIO+BORO";"Todo";"OK";"Realizado";"15/04/2024"
"12/04/2024";"4";"Tabaco";"BIO RAIZ PLUS+BIO RAIZ PRO+BIO RAIZ MAIS PRO+BORO";"Todo";"OK";"Realizado";"12/04/2024"
"15/04/2024";"121";"Tabaco";"PRO K";"Todo";"OK";"Realizado";"16/04/2024"
"15/04/2024";"61";"Algodão";"UREIA";"Todo";"OK";"Realizado";"16/04/2024"
"15/04/2024";"29";"Cacau";"BIOBATAI+AZOSPIRILUM";"CD";"OK";"Realizado";"16/04/2024"
"15/04/2024";"124";"Tabaco";"NUTRISYSTEM";"Todo";"OK";"Realizado";"17/04/2024"
"15/04/2024";"62";"Algodão";"UREIA";"Todo";"OK";"Realizado";"17/04/2024"
"17/04/2024";"123";"Tabaco";"NUTRISYSTEM+BORO+MAGNESIO";"Todo";"OK";"Realizado";"18/04/2024"
"17/04/2024";"108";"Algodão";"BIO MEGA";"Todo";"OK";"Realizado";"18/04/2024"
"18/04/2024";"124";"Tabaco";"PRO K";"Todo";"Atroso Fertirrigação Anterior";"Logística";"23/04/2024"
"18/04/2024";"107";"Algodão";"BIO MEGA";"Todo";"OK";"Realizado";"19/04/2024"
"19/04/2024";"121";"Tabaco";"PRO K";"Todo";"OK";"Realizado";"20/04/2024"
"19/04/2024";"42";"Tabaco";"BIO RAIZ PLUS+BIO RAIZ PRO+BIO RAIS MAIS PRO+TECCATP";"Todo";"OK";"Realizado";"20/04/2024"
"22/04/2024";"124";"Tabaco";"PRO K";"Todo";"OK";"Realizado";"23/04/2024"
"22/04/2024";"27";"Cacau";"BIOBATAI+AZOSPIRILLUM";"CD";"OK";"Realizado";"23/04/2024"
"23/04/2024";"121";"Tabaco";"PRO K";"Todo";"OK";"Realizado";"24/04/2024"
"23/04/2024";"27";"Cacau";"BIOBATAI+AZOSPIRILLUM";"AB";"OK";"Realizado";"24/04/2024"
"24/04/2024";"37";"Tabaco";"BIO RAIZ PLUS+BIO RAIZ PRO+BIO RAIS MAIS PRO+TECBUG";"Todo";"OK";"Realizado";"25/04/2024"
"24/04/2024";"123";"Tabaco";"PRO K";"Todo";"OK";"Realizado";"25/04/2024"
"24/04/2024";"59";"Algodão";"UREIA";"Todo";"OK";"Realizado";"25/04/2024"
"25/04/2024";"3";"Tabaco";"NUTRISYSTEM+BORO+MAGNESIO";"Todo";"OK";"Realizado";"26/04/2024"
"26/04/2024";"42";"Tabaco";"BIO RAIZ PLUS+BIO RAIZ PRO+BIO RAIS MAIS PRO+BORO";"Todo";"OK";"Realizado";"27/04/2024"
"26/04/2024";"124";"Tabaco";"PRO K";"Todo";"OK";"Realizado";"26/04/2024"
"30/04/2024";"123";"Tabaco";"PRO K";"Todo";"OK";"Realizado";"01/05/2024"
"01/05/2024";"38";"Tabaco";"BIO RAIZ PLUS+BIO RAIZ PRO+BIO RAIS MAIS PRO+TECBUG";"Todo";"OK";"Realizado";"02/05/2024"
"03/05/2024";"37";"Tabaco";"BIO RAIZ PLUS+BIO RAIZ PRO+BIO RAIS MAIS PRO+BORO";"Todo";"OK";"Realizado";"04/05/2024"
"03/05/2024";"124";"Tabaco";"PRO K";"Todo";"OK";"Realizado";"03/05/2024"
"07/05/2024";"25";"Cacau";"AZOTOTAL+BIOBATAI+BIO MEGA";"AB";"OK";"Realizado";"08/05/2024"
"07/05/2024";"3";"Tabaco";"NUTRISYSTEM";"Todo";"OK";"Realizado";"08/05/2024"
"08/05/2024";"25";"Cacau";"AZOTOTAL+BIOBATAI+BIO MEGA";"CD";"OK";"Realizado";"09/05/2024"
"08/05/2024";"1";"Algodão";"ATMO+UREIA";"Todo";"OK";"Realizado";"09/05/2024"
"08/05/2024";"123";"Tabaco";"NUTRISYSTEM";"Todo";"OK";"Realizado";"09/05/2024"
"09/05/2024";"29";"Cacau";"AZOTOTAL+BIOBATAI+BIO MEGA";"AB";"OK";"Realizado";"10/05/2024"
"09/05/2024";"120";"Feijão";"BIO RAIZ+BIO RAIZ MAIS";"Todo";"OK";"Realizado";"10/05/2024"
"09/05/2024";"35";"Tabaco";"BIO RAIZ PLUS+BIO RAIZ PRO+BIO RAIS MAIS PRO+TECBUG";"Todo";"OK";"Realizado";"10/05/2024"
"09/05/2024";"52";"Mix";"TEC CATP+BIO MOM";"1/2 Pivô";"OK";"Realizado";"10/05/2024"
"10/05/2024";"29";"Cacau";"AZOTOTAL+BIOBATAI+BIO MEGA";"CD";"OK";"Realizado";"11/05/2024"
"10/05/2024";"38";"Tabaco";"BIO RAIZ PLUS+BIO RAIZ PRO+BIO RAIS MAIS PRO+BORO";"Todo";"OK";"Realizado";"11/05/2024"
"10/05/2024";"124";"Tabaco";"PRO K";"Todo";"OK";"Realizado";"11/05/2024"
"10/05/2024";"52";"Mix";"TEC CATP+BIO MOM";"1/2 Pivô";"OK";"Realizado";"11/05/2024"
"13/05/2024";"123";"Tabaco";"NUTRISYSTEM PRO K";"Todo";"OK";"Realizado";"14/05/2024"
"13/05/2024";"27";"Cacau";"AZOTOTAL+BIOBATAI+BIO MEGA";"AB";"OK";"Realizado";"14/05/2024"
"13/05/2024";"128";"Feijão";"BIO N+BIO RAIZ+BIO RAIZ MAIS+BIO MEGA+BIO AZ";"Todo";"OK";"Realizado";"14/05/2024"
"14/05/2024";"4";"Tabaco";"NUTRISYSTEM DESENVOLVIENTO+BORO+MAGNESIO";"Todo";"OK";"Realizado";"14/05/2024"
"14/05/2024";"27";"Cacau";"AZOTOTAL+BIOBATAI+BIO MEGA";"CD";"OK";"Realizado";"15/05/2024"
"15/05/2024";"122";"Feijão";"BIO RAIZ+BIO RAIZ MAIS";"Todo";"OK";"Realizado";"15/05/2024"
"15/05/2024";"3";"Tabaco";"NUTRISYSTEM PRO K";"Todo";"OK";"Realizado";"16/05/2024"
"16/05/2024";"45";"Mix";"TEC CATP+BIO MOM";"Todo";"OK";"Realizado";"17/05/2024"
"16/05/2024";"35";"Tabaco";"BIO RAIZ PLUS+BIO RAIZ PRO+BIO RAIS MAIS PRO+BORO";"Todo";"OK";"Realizado";"17/05/2024"
"17/05/2024";"46";"Mix";"TEC CATP+BIO MOM";"Todo";"OK";"Realizado";"18/05/2024"
"22/05/2024";"4";"Tabaco";"NUTRISYSTEM PRO K";"Todo";"OK";"Realizado";"23/05/2024"
"23/05/2024";"133";"Feijão";"BIO N+BIO RAIZ+BIO RAIZ MAIS+BIO MEGA+BIO AZ";"Todo";"OK";"Realizado";"24/05/2024"
"23/05/2024";"3";"Tabaco";"NUTRISYSTEM PRO K";"Todo";"OK";"Realizado";"24/05/2024"
"24/05/2024";"42";"Tabaco";"NUTRISYSTEM DESENVOLVIMENTO+BORO+MAGNESIO";"Todo";"OK";"Realizado";"25/05/2024"
"24/05/2024";"36";"Tabaco";"BIO RAIZ PRO+BIO RAIZ MAIS PRO+BIO RAIZ PLUS+TECCATP";"Todo";"OK";"Realizado";"25/05/2024"
"28/05/2024";"130";"Feijão";"BIO N+BIO RAIZ+BIO RAIZ MAIS+BIO MEGA+BIO AZ";"Todo";"OK";"Realizado";"29/05/2024"
"28/05/2024";"4";"Tabaco";"NUTRISYSTEM PRO K";"Todo";"OK";"Realizado";"29/05/2024"
"29/05/2024";"57";"Algodão";"KCL BRANCO";"Todo";"OK";"Realizado";"30/05/2024"
"29/05/2024";"59";"Algodão";"KCL BRANCO";"Todo";"OK";"Realizado";"30/05/2024"
"29/05/2024";"61";"Algodão";"KCL BRANCO";"Todo";"OK";"Realizado";"30/05/2024"
"30/05/2024";"6";"Tabaco";"BIO RAIZ PRO+BIO RAIZ MAIS PRO+BIO RAIZ PLUS+TECCATP";"Todo";"OK";"Realizado";"31/05/2024"
"30/05/2024";"42";"Tabaco";"DRIPSOL";"AB";"OK";"Realizado";"31/05/2024"
"30/05/2024";"42";"Tabaco";"NUTRISYSTEM PRO K";"CD";"OK";"Realizado";"31/05/2024"
"30/05/2024";"3";"Tabaco";"NUTRISYSTEM PRO K";"Todo";"OK";"Realizado";"31/05/2024"
"31/05/2024";"36";"Tabaco";"BIO RAIZ PRO+BIO RAIZ MAIS PRO+BIO RAIZ PLUS+BORO";"Todo";"OK";"Realizado";"01/06/2024"
"31/05/2024";"37";"Tabaco";"NUTRISYSTEM DESENVOLVIMENTO+BORO+MAGNESIO";"Todo";"OK";"Realizado";"01/06/2024"
"31/05/2024";"122";"Feijão";"BIO N+BIO RAIZ+BIO RAIZ MAIS+BIO MEGA+BIO AZ";"Todo";"OK";"Realizado";"01/06/2024"
"04/06/2024";"108";"Algodão";"KCL BRANCO";"Todo";"OK";"Realizado";"06/06/2024"
"04/06/2024";"4";"Tabaco";"NUTRISYSTEM PRO K";"Todo";"OK";"Realizado";"05/06/2024"
"05/06/2024";"106";"Algodão";"KCL BRANCO";"Todo";"OK";"Realizado";"07/06/2024"
"05/06/2024";"42";"Tabaco";"DRIPSOL PRODUÇÃO";"AB";"OK";"Realizado";"05/06/2024"
"05/06/2024";"42";"Tabaco";"NUTRISYSTEM PRO K";"CD";"OK";"Realizado";"06/06/2024"
"06/06/2024";"105";"Algodão";"KCL BRANCO";"Todo";"OK";"Realizado";"07/06/2024"
"06/06/2024";"7";"Tabaco";"BIO RAIZ PRO+BIO RAIZ MAIS PRO+BIO RAIZ PLUS+TECCATP";"Todo";"OK";"Realizado";"07/06/2024"
"06/06/2024";"38";"Tabaco";"NUTRISYSTEM DESENVOLVIMENTO+BORO+MAGNESIO";"Todo";"OK";"Realizado";"07/06/2024"
"07/06/2024";"107";"Algodão";"KCL BRANCO";"Todo";"OK";"Realizado";"07/06/2024"
"07/06/2024";"6";"Tabaco";"BIO RAIZ PRO+BIO RAIZ MAIS PRO+BIO RAIZ PLUS+BORO";"Todo";"OK";"Realizado";"10/06/2024"
"07/06/2024";"37";"Tabaco";"NUTRISYSTEM PRO K";"Todo";"OK";"Realizado";"10/06/2024"
"10/06/2024";"25";"Cacau";"BIOFORMES+BIOSTREPT";"AB";"OK";"Realizado";"11/06/2024"
"11/06/2024";"37";"Tabaco";"NUTRISYSTEM PRO K";"Todo";"OK";"Realizado";"12/06/2024"
"11/06/2024";"25";"Cacau";"BIOFORMES+BIOSTREPT";"CD";"OK";"Realizado";"12/06/2024"
"11/06/2024";"120";"Feijão";"BIO N+BIO RAIZ+BIO RAIZ MAIS+BIO MEGA+BIO AZ";"1/2 Pivô";"OK";"Realizado";"11/06/2024"
"11/06/2024";"42";"Tabaco";"DRIPSOL PRODUÇÃO";"AB";"OK";"Realizado";"11/06/2024"
"12/06/2024";"38";"Tabaco";"NUTRISYSTEM PRO K";"Todo";"OK";"Realizado";"13/06/2024"
"12/06/2024";"29";"Cacau";"BIOFORMES+BIOSTREPT";"AB";"OK";"Realizado";"13/06/2024"
"12/06/2024";"120";"Feijão";"BIO N+BIO RAIZ+BIO RAIZ MAIS+BIO MEGA+BIO AZ";"1/2 Pivô";"OK";"Realizado";"12/06/2024"
"13/06/2024";"35";"Tabaco";"NUTRISYSTEM DESENVOLVIMENTO+BORO+MAGNESIO";"Todo";"OK";"Realizado";"14/06/2024"
"13/06/2024";"8";"Tabaco";"BIO RAIZ PRO+BIO RAIZ MAIS PRO+BIO RAIZ PLUS+TECCATP";"Todo";"OK";"Realizado";"16/06/2024"
"14/06/2024";"7";"Tabaco";"BIO RAIZ PRO+BIO RAIZ MAIS PRO+BIO RAIZ PLUS+BORO";"Todo";"OK";"Realizado";"17/06/2024"
"14/06/2024";"29";"Cacau";"BIOFORMES+BIOSTREPT";"CD";"Falta de Produto";"Operacional";"18/06/2024"
"17/06/2024";"29";"Cacau";"BIOFORMES+BIOSTREPT";"CD";"OK";"Realizado";"18/06/2024"
"18/06/2024";"128";"Feijão";"BIO MEGA+BIO RAIZ+BIO RAIZ MAIS+BIO HIDRIC";"Todo";"OK";"Realizado";"19/06/2024"
"18/06/2024";"38";"Tabaco";"PRO K";"Todo";"OK";"Realizado";"19/06/2024"
"18/06/2024";"27";"Cacau";"BIOFORMES+BIOSTREPT";"AB";"OK";"Realizado";"19/06/2024"
"19/06/2024";"130";"Feijão";"BIO MEGA+BIO RAIZ+BIO RAIZ MAIS+BIO HIDRIC";"Todo";"OK";"Realizado";"20/06/2024"
"19/06/2024";"9";"Tabaco";"BIO RAIZ PRO+BIO RAIZ MAIS PRO+BIO RAIZ PLUS+TECCATP";"Todo";"OK";"Realizado";"20/06/2024"
"19/06/2024";"27";"Cacau";"BIOFORMES+BIOSTREPT";"CD";"OK";"Realizado";"20/06/2024"
"20/06/2024";"122";"Feijão";"BIO MEGA+BIO RAIZ+BIO RAIZ MAIS+BIO HIDRIC";"Todo";"OK";"Realizado";"21/06/2024"
"20/06/2024";"8";"Tabaco";"BIO RAIZ PRO+BIO RAIZ MAIS PRO+BIO RAIZ PLUS+BORO";"Todo";"OK";"Realizado";"21/06/2024"
"21/06/2024";"133";"Feijão";"BIO MEGA+BIO RAIZ+BIO RAIZ MAIS+BIO HIDRIC+BIO AZ";"Todo";"OK";"Realizado";"22/06/2024"
"21/06/2024";"10";"Tabaco";"BIO RAIZ PRO+BIO RAIZ MAIS PRO+BIO RAIZ PLUS+TECCATP";"Todo";"OK";"Realizado";"22/06/2024"
"21/06/2024";"35";"Tabaco";"PRO K";"Todo";"OK";"Realizado";"21/06/2024"
"24/06/2024";"36";"Tabaco";"NUTRISYSTEM DESENVOLVIMENTO";"Todo";"OK";"Realizado";"26/06/2024"
"25/06/2024";"120";"Feijão";"UREIA";"Todo";"OK";"Realizado";"25/06/2024"
"25/06/2024";"38";"Tabaco";"NUTRISYSTEM PRO K";"Todo";"OK";"Realizado";"27/06/2024"
"26/06/2024";"36";"Tabaco";"BORO+MAGNÉSIO";"Todo";"OK";"Realizado";"27/06/2024"
"26/06/2024";"10";"Tabaco";"BIO RAIZ PRO+BIO RAIZ MAIS PRO+BIO RAIZ PLUS+BORO";"Todo";"OK";"Realizado";"27/06/2024"
"27/06/2024";"120";"Feijão";"BIO MEGA+BIO RAIZ+BIO RAIZ MAIS+BIO HIDRIC";"Todo";"OK";"Realizado";"28/06/2024"
"27/06/2024";"11";"Tabaco";"BIO RAIZ PRO+BIO RAIZ MAIS PRO+BIO RAIZ PLUS+TECCATP";"Todo";"Atroso Fertirrigação Anterior";"Logística";"03/07/2024"
"27/06/2024";"35";"Tabaco";"NUTRISYSTEM PRO K";"Todo";"OK";"Realizado";"28/06/2024"
"28/06/2024";"9";"Tabaco";"BIO RAIZ PRO+BIO RAIZ MAIS PRO+BIO RAIZ PLUS+BORO";"Todo";"OK";"Realizado";"28/06/2024"
"28/06/2024";"71";"Milho E Gergilim";"UREIA";"1/2 Pivô";"OK";"Realizado";"28/06/2024"
"02/07/2024";"11";"Tabaco";"BIO RAIZ PRO+BIO RAIZ MAIS PRO+BIO RAIZ PLUS+TECCATP";"Todo";"OK";"Realizado";"03/07/2024"
"02/07/2024";"37";"Tabaco";"NUTRISYSTEM DESENVOLVIMENTO";"Todo";"OK";"Realizado";"02/07/2024"
"03/07/2024";"4";"Tabaco";"NUTRISYSTEM DESENVOLVIMENTO";"B";"OK";"Realizado";"04/07/2024"
"03/07/2024";"35";"Tabaco";"PRO K";"Todo";"OK";"Realizado";"04/07/2024"
"04/07/2024";"36";"Tabaco";"PRO K";"Todo";"OK";"Realizado";"05/07/2024"
"04/07/2024";"7";"Tabaco";"NUTRISYSTEM DESENVOLVIMENTO+BORO+MAGNESIO";"Todo";"OK";"Realizado";"05/07/2024"
"05/07/2024";"6";"Tabaco";"NUTRISYSTEM DESENVOLVIMENTO+BORO+MAGNESIO";"Todo";"OK";"Realizado";"08/07/2024"
"05/07/2024";"11";"Tabaco";"BIO RAIZ PRO+BIO RAIZ MAIS PRO+BIO RAIZ PLUS+BORO";"Todo";"OK";"Realizado";"06/07/2024"
"08/07/2024";"6";"Tabaco";"NUTRISYSTEM DESENVOLVIMENTO+BORO+MAGNESIO";"Todo";"OK";"Realizado";"08/07/2024"
"08/07/2024";"128";"Feijão";"UREIA";"Todo";"OK";"Realizado";"09/07/2024"
"09/07/2024";"130";"Feijão";"UREIA";"Todo";"OK";"Realizado";"10/07/2024"
"09/07/2024";"12";"Tabaco";"BIO RAIZ PRO+BIO RAIZ MAIS PRO+BIO RAIZ PLUS+TECCATP";"Todo";"OK";"Realizado";"10/07/2024"
"10/07/2024";"36";"Tabaco";"PRO K";"Todo";"OK";"Realizado";"11/07/2024"
"11/07/2024";"6";"Tabaco";"PRO K";"Todo";"OK";"Realizado";"12/07/2024"
"11/07/2024";"12";"Tabaco";"BIO RAIZ PRO+BIO RAIZ MAIS PRO+BIO RAIZ PLUS+BORO";"Todo";"OK";"Realizado";"12/07/2024"
"11/07/2024";"10";"Tabaco";"BIO RAIZ MAIS PRO+BIO RAIZ PRO";"1/2 Pivô";"OK";"Realizado";"11/07/2024"
"12/07/2024";"7";"Tabaco";"PRO K";"Todo";"OK";"Realizado";"13/07/2024"
"12/07/2024";"13";"Tabaco";"BIO RAIZ PRO+BIO RAIZ MAIS PRO+BIO RAIZ PLUS+TECCATP";"Todo";"OK";"Realizado";"12/07/2024"
"12/07/2024";"10";"Tabaco";"BIO RAIZ MAIS PRO+BIO RAIZ PRO";"1/2 Pivô";"OK";"Realizado";"12/07/2024"
"15/07/2024";"29";"Cacau";"AZOSPIRILLUM+BIOBATAI";"AB";"OK";"Realizado";"16/07/2024"
"15/07/2024";"36";"Tabaco";"PRO K";"Todo";"OK";"Realizado";"16/07/2024"
"15/07/2024";"13";"Tabaco";"BIO RAIZ PRO+BIO RAIZ MAIS PRO+BIO RAIZ PLUS+TECCATP";"Todo";"OK";"Realizado";"16/07/2024"
"16/07/2024";"29";"Cacau";"AZOSPIRILLUM+BIOBATAI";"CD";"OK";"Realizado";"16/07/2024"
"16/07/2024";"7";"Tabaco";"PRO K";"Todo";"OK";"Realizado";"17/07/2024"
"17/07/2024";"25";"Cacau";"AZOSPIRILLUM+BIOBATAI";"AB";"OK";"Realizado";"18/07/2024"
"17/07/2024";"8";"Tabaco";"NUTRISYSTEM DESENVOLVIMENTO+BORO+MAGNESIO";"Todo";"OK";"Realizado";"18/07/2024"
"17/07/2024";"6";"Tabaco";"PRO K";"Todo";"OK";"Realizado";"18/07/2024"
"18/07/2024";"25";"Cacau";"AZOSPIRILLUM+BIOBATAI";"CD";"OK";"Realizado";"19/07/2024"
"18/07/2024";"14";"Tabaco";"BIO RAIZ PRO+BIO RAIZ MAIS PRO+BIO RAIZ PLUS+TEC CATP";"Todo";"OK";"Realizado";"19/07/2024"
"19/07/2024";"133";"Feijão";"UREIA";"Todo";"OK";"Realizado";"19/07/2024"
"19/07/2024";"13";"Tabaco";"BIO RAIZ PRO+BIO RAIZ MAIS PRO+BIO RAIZ PLUS+BORO";"Todo";"OK";"Realizado";"20/07/2024"
"22/07/2024";"122";"Feijão";"UREIA";"Todo";"OK";"Realizado";"23/07/2024"
"23/07/2024";"9";"Tabaco";"BORO+MAGNESIO";"Todo";"OK";"Realizado";"24/07/2024"
"24/07/2024";"7";"Tabaco";"PRO K";"Todo";"OK";"Realizado";"25/07/2024"
"24/07/2024";"14";"Tabaco";"BIO RAIZ PRO+BIO RAIZ MAIS PRO+BIO RAIZ PLUS+BORO";"Todo";"OK";"Realizado";"25/07/2024"
"25/07/2024";"6";"Tabaco";"PRO K";"Todo";"OK";"Realizado";"26/07/2024"
"25/07/2024";"46";"Tabaco";"BIO RAIZ PRO+BIO RAIZ MAIS PRO+BIO RAIZ PLUS+TEC CATP";"Todo";"Falta de Produto";"Operacional";"26/07/2024"
"26/07/2024";"8";"Tabaco";"PRO K";"Todo";"OK";"Realizado";"26/07/2024"
"26/07/2024";"9";"Tabaco";"NUTRISYSTEM DESENVOLVIMENTO";"Todo";"Operação Ferti";"Operacional";"26/07/2024"
"29/07/2024";"10";"Tabaco";"NUTRISYSTEM DESENVOLVIMENTO";"Todo";"OK";"Realizado";"30/07/2024"
"29/07/2024";"27";"Cacau";"AZOSPIRILLUM+BIOBATAI";"AB";"OK";"Realizado";"30/07/2024"
"30/07/2024";"46";"Tabaco";"BIO RAIZ PRO+BIO RAIZ MAIS PRO+BIO RAIZ PLUS+TEC CATP";"Todo";"OK";"Realizado";"02/08/2024"
"30/07/2024";"27";"Cacau";"AZOSPIRILLUM+BIOBATAI";"CD";"OK";"Realizado";"31/07/2024"
"31/07/2024";"8";"Tabaco";"PRO K";"Todo";"OK";"Realizado";"01/08/2024"
"31/07/2024";"52";"Tabaco";"BIO RAIZ PRO+BIO RAIZ MAIS PRO+BIO RAIZ PLUS+TEC CATP";"Todo";"OK";"Realizado";"01/08/2024"
"01/08/2024";"46";"Tabaco";"BIO RAIZ PRO+BIO RAIZ MAIS PRO+BIO RAIZ PLUS+BORO";"Todo";"OK";"Realizado";"02/08/2024"
"01/08/2024";"9";"Tabaco";"NUTRISYSTEM DESENVOLVIMENTO";"Todo";"OK";"Realizado";"01/08/2024"
"02/08/2024";"11";"Tabaco";"BORO+MAGNESIO+NUTRISYSTEM DESENVOLVIMENTO";"Todo";"OK";"Realizado";"03/08/2024"
"02/08/2024";"10";"Tabaco";"BORO+MAGNESIO";"Todo";"OK";"Realizado";"02/08/2024"
"02/08/2024";"9";"Tabaco";"PRO K";"Todo";"OK";"Realizado";"03/08/2024"
"05/08/2024";"122";"Feijão";"UREIA";"Todo";"OK";"Realizado";"06/08/2024"
"06/08/2024";"8";"Tabaco";"PRO K";"Todo";"OK";"Realizado";"07/08/2024"
"07/08/2024";"12";"Tabaco";"BORO+MAGNÉSIO+NUTRISYSTEM DESENVOLVIMENTO";"Todo";"OK";"Realizado";"08/08/2024"
"07/08/2024";"52";"Tabaco";"BIO RAIZ PRO+BIO RAIZ MAIS PRO+BIO RAIZ PLUS+BORO";"Todo";"OK";"Realizado";"08/08/2024"
"07/08/2024";"29";"Cacau";"BIOCROMOS+BIOSPINOSA";"AD";"OK";"Realizado";"08/08/2024"
"08/08/2024";"9";"Tabaco";"PRO K";"Todo";"OK";"Realizado";"09/08/2024"
"08/08/2024";"11";"Tabaco";"PRO K";"Todo";"OK";"Realizado";"09/08/2024"
"08/08/2024";"29";"Cacau";"BIOCROMOS+BIOSPINOSA";"BC";"OK";"Realizado";"09/08/2024"
"09/08/2024";"10";"Tabaco";"PRO K";"Todo";"OK";"Realizado";"10/08/2024"
"09/08/2024";"45";"Tabaco";"BIO RAIZ PRO+BIO RAIZ MAIS PRO+BIO RAIZ PLUS+TEC CATP";"Todo";"OK";"Realizado";"10/08/2024"
"13/08/2024";"10";"Tabaco";"PRO K";"Todo";"OK";"Realizado";"14/08/2024"
"13/08/2024";"12";"Tabaco";"PRO K";"Todo";"OK";"Realizado";"14/08/2024"
"13/08/2024";"25";"Cacau";"BIOCROMOS+BIOSPINOSA";"AB";"OK";"Realizado";"14/08/2024"
"14/08/2024";"9";"Tabaco";"PRO K";"Todo";"OK";"Realizado";"15/08/2024"
"14/08/2024";"11";"Tabaco";"PRO K";"Todo";"OK";"Realizado";"15/08/2024"
"14/08/2024";"25";"Cacau";"BIOCROMOS+BIOSPINOSA";"CD";"OK";"Realizado";"15/08/2024"
"15/08/2024";"45";"Tabaco";"BIO RAIZ PRO+BIO RAIZ MAIS PRO+BIO RAIZ PLUS+BORO";"Todo";"OK";"Realizado";"16/08/2024"
"15/08/2024";"54";"Feijão";"UREIA";"Todo";"OK";"Realizado";"16/08/2024"
"15/08/2024";"27";"Cacau";"BIOCROMOS+BIOSPINOSA";"AB";"OK";"Realizado";"16/08/2024"
"16/08/2024";"13";"Tabaco";"NUTRISYSTEM+BORO+MAGNESIO";"B";"OK";"Realizado";"17/08/2024"
"16/08/2024";"50";"Tabaco";"BIO HIDRIC+BIO RAIZ MAIS PRO+BIO RAIZ PLUS+TEC CATP";"Todo";"OK";"Realizado";"17/08/2024"
"16/08/2024";"27";"Cacau";"BIOCROMOS+BIOSPINOSA";"CD";"Operação Ferti";"Operacional";"16/08/2024"
"19/08/2024";"14";"Tabaco";"NUTRISYSTEM DESENVOLVIMENTO";"Todo";"OK";"Realizado";"20/08/2024"
"19/08/2024";"29";"Cacau";"BIOCROMOS+BIOSPINOSA";"AB";"OK";"Realizado";"20/08/2024"
"20/08/2024";"14";"Tabaco";"BORO+MAGNÉSIO";"Todo";"OK";"Realizado";"22/08/2024"
"20/08/2024";"10";"Tabaco";"PRO K";"Todo";"OK";"Realizado";"21/08/2024"
"20/08/2024";"29";"Cacau";"BIOCROMOS+BIOSPINOSA";"CD";"OK";"Realizado";"21/08/2024"
"21/08/2024";"56";"Feijão";"UREIA";"Todo";"OK";"Realizado";"22/08/2024"
"22/08/2024";"12";"Tabaco";"PRO K";"Todo";"OK";"Realizado";"23/08/2024"
"22/08/2024";"50";"Tabaco";"BIO HIDRIC+BIO RAIZ MAIS PRO+BIO RAIZ PLUS+BORO+BIO RAIZ";"AB";"OK";"Realizado";"23/08/2024"
"23/08/2024";"11";"Tabaco";"PRO K";"Todo";"Bomba/Poço";"Mecânico";"23/08/2024"
"23/08/2024";"50";"Tabaco";"BIO HIDRIC+BIO RAIZ MAIS PRO+BIO RAIZ PLUS+BORO";"CD";"Bomba/Poço";"Mecânico";"23/08/2024"
"26/08/2024";"13";"Tabaco";"NUTRISYSTEM DESENVOLVIMENTO+BORO+MAGNÉSIO";"A";"OK";"Realizado";"27/08/2024"
"26/08/2024";"13";"Tabaco";"PRO K";"B";"OK";"Realizado";"26/08/2024"
"26/08/2024";"51";"Tabaco";"BIO HIDRIC+BIO RAIZ MAIS PRO+BIO RAIZ +TEC CATP";"Todo";"OK";"Realizado";"27/08/2024"
"26/08/2024";"27";"Cacau";"BIOCROMOS+BIOSPINOSA";"CD";"OK";"Realizado";"27/08/2024"
"27/08/2024";"12";"Tabaco";"PRO K";"Todo";"OK";"Realizado";"28/08/2024"
"27/08/2024";"69";"Feijão";"UREIA";"1/2 Pivô";"OK";"Realizado";"28/08/2024"
"27/08/2024";"46";"Tabaco";"NUTRISYSTEM DESENVOLVIMENTO+BORO+MAGNÉSIO";"Todo";"OK";"Realizado";"28/08/2024"
"28/08/2024";"50";"Tabaco";"BIO HIDRIC+BIO RAIZ MAIS PRO+BIO RAIZ PLUS+BORO";"CD";"OK";"Realizado";"28/08/2024"
"28/08/2024";"14";"Tabaco";"PRO K";"Todo";"Contator";"Elétrico";"28/08/2024"
"28/08/2024";"1";"Feijão";"BIO MOM";"Todo";"OK";"Realizado";"29/08/2024"
"28/08/2024";"69";"Feijão";"UREIA";"1/2 Pivô";"OK";"Realizado";"29/08/2024"
"28/08/2024";"11";"Tabaco";"PRO K";"1/2 Pivô";"OK";"Realizado";"29/08/2024"
"29/08/2024";"54";"Feijão";"UREIA";"1/2 Pivô";"OK";"Realizado";"30/08/2024"
"29/08/2024";"2";"Feijão";"BIO MOM";"Todo";"OK";"Realizado";"30/08/2024"
"29/08/2024";"70";"Tabaco";"BIO HIDRIC+BIO RAIZ PLUS+BIO RAIZ MAIS PRO+TEC CATP";"Todo";"OK";"Realizado";"30/08/2024"
"30/08/2024";"13";"Tabaco";"PRO K";"Todo";"OK";"Realizado";"31/08/2024"
"30/08/2024";"51";"Tabaco";"BIO HIDRIC+BIO RAIZ MAIS PRO+BIO RAIZ PLUS+BORO";"Todo";"OK";"Realizado";"31/08/2024"
"30/08/2024";"54";"Feijão";"UREIA";"1/2 Pivô";"OK";"Realizado";"31/08/2024"
"30/08/2024";"71";"Milho Semente";"EXALT+CLORPIRIFOS";"1/2 Pivô";"OK";"Realizado";"31/08/2024"
"02/09/2024";"56";"Feijão";"UREIA";"Todo";"OK";"Realizado";"03/09/2024"
"02/09/2024";"14";"Tabaco";"PRO K";"Todo";"OK";"Realizado";"03/09/2024"
"02/09/2024";"29";"Cacau";"BIOFORMES+BIOLIQUEM";"AB";"OK";"Realizado";"03/09/2024"
"03/09/2024";"54";"Feijão";"BIO MEGA+BIO RAIZ+BIO RAIZ MAIS+BIO AZ+BIOMA RHYZO";"Todo";"OK";"Realizado";"04/09/2024"
"03/09/2024";"52";"Tabaco";"NUTRISYSTEM DESENVOLVIMENTO+BORO+MAGNÉSIO";"Todo";"OK";"Realizado";"04/09/2024"
"03/09/2024";"66";"Feijão";"UREIA";"Todo";"OK";"Realizado";"04/09/2024"
"03/09/2024";"29";"Cacau";"BIOFORMES+BIOLIQUEM";"CD";"OK";"Realizado";"04/09/2024"
"04/09/2024";"56";"Feijão";"BIO MEGA+BIO RAIZ+BIO RAIZ MAIS+BIO AZ+BIOMA RHYZO";"Todo";"OK";"Realizado";"05/09/2024"
"04/09/2024";"14";"Tabaco";"PRO K";"Todo";"Limpeza e Aferição";"Operacional";"04/09/2024"
"04/09/2024";"57";"Tabaco";"BIO HIDRIC+BIO RAIZ PLUS+BIO RAIZ MAIS PRO+TEC CATP";"Todo";"OK";"Realizado";"07/09/2024"
"04/09/2024";"25";"Cacau";"BIOFORMES+BIOLIQUEM";"AB";"OK";"Realizado";"05/09/2024"
"05/09/2024";"1";"Feijão";"BIO RAIZ+BIO RAIZ MAIS+BIO AZ+BIO ND+BIO GREEN";"Todo";"OK";"Realizado";"06/09/2024"
"05/09/2024";"46";"Tabaco";"PRO K";"Todo";"OK";"Realizado";"06/09/2024"
"05/09/2024";"70";"Tabaco";"BIO HIDRIC+BIO RAIZ MAIS PRO+BIO RAIZ PLUS+BORO";"Todo";"OK";"Realizado";"06/09/2024"
"05/09/2024";"25";"Cacau";"BIOFORMES+BIOLIQUEM";"CD";"OK";"Realizado";"06/09/2024"
"06/09/2024";"2";"Feijão";"BIO RAIZ+BIO RAIZ MAIS+BIO AZ+BIO ND+BIO GREEN";"Todo";"OK";"Realizado";"07/09/2024"
"06/09/2024";"69";"Feijão";"UREIA";"Todo";"OK";"Realizado";"07/09/2024"
"06/09/2024";"13";"Tabaco";"PRO K";"Todo";"OK";"Realizado";"07/09/2024"
"09/09/2024";"14";"Tabaco";"PRO K";"Todo";"OK";"Realizado";"10/09/2024"
"09/09/2024";"27";"Cacau";"BIOFORMES+BIOLIQUEM";"AB";"OK";"Realizado";"10/09/2024"
"09/09/2024";"66";"Feijão";"UREIA";"Todo";"OK";"Realizado";"10/09/2024"
"10/09/2024";"45";"Tabaco";"NUTRISYSTEM DESENVOLVIMENTO";"Todo";"OK";"Realizado";"11/09/2024"
"10/09/2024";"27";"Cacau";"BIOFORMES+BIOLIQUEM";"CD";"OK";"Realizado";"11/09/2024"
"10/09/2024";"70";"Tabaco";"BIO RAIZ PLUS";"Todo";"OK";"Realizado";"11/09/2024"
"11/09/2024";"46";"Tabaco";"PRO K";"Todo";"OK";"Realizado";"12/09/2024"
"11/09/2024";"59";"Tabaco";"BIO HIDRIC+BIO RAIZ PLUS+BIO RAIZ MAIS PRO+TEC CATP";"Todo";"OK";"Realizado";"12/09/2024"
"11/09/2024";"69";"Feijão";"BIO MEGA+BIO RAIZ+BIO RAIZ MAIS+BIO AZ+BIOMA RHYZO";"Todo";"OK";"Realizado";"12/09/2024"
"12/09/2024";"57";"Tabaco";"BIO HIDRIC+BIO RAIZ PLUS+BIO RAIZ MAIS PRO+BORO";"Todo";"Atroso Fertirrigação Anterior";"Logística";"13/09/2024"
"12/09/2024";"45";"Tabaco";"BORO+MAGNESIO";"Todo";"OK";"Realizado";"13/09/2024"
"12/09/2024";"52";"Tabaco";"PRO K";"Todo";"OK";"Realizado";"13/09/2024"
"13/09/2024";"66";"Feijão";"BIO MEGA+BIO RAIZ+BIO RAIZ MAIS+BIO AZ+BIOMA RHYZO";"Todo";"Veículo Indisponível";"Logística";"14/09/2024"
"13/09/2024";"13";"Tabaco";"PRO K";"A";"OK";"Realizado";"14/09/2024"
"13/09/2024";"71";"Milho Semente";"";"A";"OK";"Realizado";"14/09/2024"
"13/09/2024";"14";"Tabaco";"PRO K";"Todo";"OK";"Realizado";"14/09/2024"
"16/09/2024";"29";"Cacau";"BIOSOLO+BIOLIQUEM";"AB";"OK";"Realizado";"17/09/2024"
"16/09/2024";"50";"Tabaco";"NUTRISYSTEM DESENVOLVIMENTO";"Todo";"OK";"Realizado";"17/09/2024"
"16/09/2024";"66";"Feijão";"BIO MEGA+BIO RAIZ+BIO RAIZ MAIS+BIO AZ+BIOMA RHYZO";"Todo";"OK";"Realizado";"17/09/2024"
"17/09/2024";"29";"Cacau";"BIOSOLO+BIOLIQUEM";"CD";"OK";"Realizado";"18/09/2024"
"17/09/2024";"45";"Tabaco";"PRO K";"Todo";"OK";"Realizado";"18/09/2024"
"17/09/2024";"57";"Tabaco";"BIO HIDRIC+BIO RAIZ PLUS+BIO RAIZ MAIS PRO+BORO";"Todo";"OK";"Realizado";"18/09/2024"
"18/09/2024";"25";"Cacau";"BIOSOLO+BIOLIQUEM";"AB";"OK";"Realizado";"19/09/2024"
"18/09/2024";"46";"Tabaco";"PRO K";"Todo";"Redutor";"Mecânico";"19/09/2024"
"19/09/2024";"25";"Cacau";"BIOSOLO+BIOLIQUEM";"CD";"OK";"Realizado";"20/09/2024"
"19/09/2024";"52";"Tabaco";"PRO K";"Todo";"OK";"Realizado";"20/09/2024"
"19/09/2024";"59";"Tabaco";"BIO HIDRIC+BIO RAIZ PLUS+BIO RAIZ MAIS PRO+BORO";"Todo";"OK";"Realizado";"20/09/2024"
"20/09/2024";"50";"Tabaco";"BORO+MAGNESIO";"Todo";"OK";"Realizado";"21/09/2024"
"20/09/2024";"61";"Tabaco";"BIO HIDRIC+BIO RAIZ PLUS+BIO RAIZ MAIS PRO+TEC CATP";"Todo";"OK";"Realizado";"21/09/2024"
"23/09/2024";"27";"Cacau";"BIOSOLO+BIOLIQUEM";"AB";"OK";"Realizado";"24/09/2024"
"23/09/2024";"52";"Tabaco";"PRO K";"Todo";"OK";"Realizado";"24/09/2024"
"23/09/2024";"51";"Tabaco";"NUTRISYSTEM DESENVOLVIMENTO";"Todo";"OK";"Realizado";"24/09/2024"
"24/09/2024";"27";"Cacau";"BIOSOLO+BIOLIQUEM";"CD";"OK";"Realizado";"25/09/2024"
"24/09/2024";"46";"Tabaco";"PRO K";"Todo";"OK";"Realizado";"25/09/2024"
"25/09/2024";"51";"Tabaco";"PRO K";"Todo";"OK";"Realizado";"26/09/2024"
"25/09/2024";"59";"Tabaco";"TEC CATP";"Todo";"OK";"Realizado";"26/09/2024"
"26/09/2024";"45";"Tabaco";"PRO K";"Todo";"OK";"Realizado";"27/09/2024"
"26/09/2024";"61";"Tabaco";"BIO HIDRIC+BIO RAIZ PLUS+BIO RAIZ MAIS PRO+BORO";"Todo";"OK";"Realizado";"27/09/2024"
"27/09/2024";"50";"Tabaco";"PRO K";"Todo";"OK";"Realizado";"28/09/2024"
"30/09/2024";"46";"Tabaco";"NUTRISYSTEM DESENVOLVIMENTO";"Todo";"OK";"Realizado";"01/10/2024"
"30/09/2024";"70";"Tabaco";"ACIDO BORICO+MAGNESIO";"Todo";"OK";"Realizado";"01/10/2024"
"01/10/2024";"12";"Tabaco";"DRIPSOL PRODUÇÃO";"Todo";"OK";"Realizado";"02/10/2024"
"01/10/2024";"45";"Tabaco";"PRO K";"Todo";"OK";"Realizado";"02/10/2024"
"02/10/2024";"51";"Tabaco";"PRO K";"Todo";"OK";"Realizado";"03/10/2024"
"03/10/2024";"50";"Tabaco";"PRO K";"Todo";"OK";"Realizado";"04/10/2024"
"04/10/2024";"70";"Tabaco";"NUTRISYSTEM DESENVOLVIMENTO";"Todo";"OK";"Realizado";"05/10/2024"
"07/10/2024";"50";"Tabaco";"PRO K";"Todo";"OK";"Realizado";"08/10/2024"
"08/10/2024";"51";"Tabaco";"PRO K";"Todo";"OK";"Realizado";"10/10/2024"
"08/10/2024";"27";"Cacau";"BIO MEGA+BIO ESPINOSA";"1/2 Pivô";"OK";"Realizado";"09/10/2024"
"09/10/2024";"57";"Tabaco";"NUTRISYSTEM DESENVOLVIMENTO";"Todo";"OK";"Realizado";"11/10/2024"
"09/10/2024";"122";"Soja";"BIO RAIZ+BIO RAIZ MAIS+BIO AZ+BIO MEGA+BIO HIDRIC+BIO ND";"Todo";"OK";"Realizado";"11/10/2024"
"09/10/2024";"27";"Cacau";"BIO MEGA+BIO ESPINOSA";"1/2 Pivô";"OK";"Realizado";"10/10/2024"
"10/10/2024";"57";"Tabaco";"ACIDO BORICO+SULFATO DE MAGNESIO";"Todo";"OK";"Realizado";"11/10/2024"
"10/10/2024";"70";"Tabaco";"NUTRISYSTEM DESENVOLVIMENTO";"Todo";"OK";"Realizado";"11/10/2024"
"10/10/2024";"126";"Soja";"BIO RAIZ+BIO RAIZ MAIS+BIO AZ+BIO MEGA+BIO HIDRIC+BIO ND";"Todo";"OK";"Realizado";"11/10/2024"
"11/10/2024";"66";"Feijão";"UREIA";"Todo";"OK";"Realizado";"12/10/2024"
"11/10/2024";"71";"Milho Semente";"OLEO+EXALT+SAMURAI";"A";"OK";"Realizado";"11/10/2024"
"14/10/2024";"51";"Tabaco";"PRO K";"Todo";"OK";"Realizado";"15/10/2024"
"14/10/2024";"59";"Tabaco";"UREIA";"Todo";"OK";"Realizado";"15/10/2024"
"15/10/2024";"46";"Tabaco";"NUTRISYSTEM DESENVOLVIMENTO";"Todo";"OK";"Realizado";"16/10/2024"
"15/10/2024";"70";"Tabaco";"PRO K";"Todo";"OK";"Realizado";"16/10/2024"
"16/10/2024";"59";"Tabaco";"NUTRISYSTEM DESENVOLVIMENTO";"Todo";"OK";"Realizado";"17/10/2024"
"16/10/2024";"112";"Soja";"BIO RAIZ+BIO RAIZ MAIS+BIO AZ+BIO MEGA+BIO HIDRIC+BIO ND";"Todo";"OK";"Realizado";"17/10/2024"
"16/10/2024";"124";"Soja";"BIO RAIZ+BIO RAIZ MAIS+BIO AZ+BIO MEGA+BIO HIDRIC+BIO ND";"Todo";"OK";"Realizado";"17/10/2024"
"17/10/2024";"114";"Soja";"BIO RAIZ+BIO RAIZ MAIS+BIO AZ+BIO MEGA+BIO HIDRIC+BIO ND";"Todo";"OK";"Realizado";"18/10/2024"
"17/10/2024";"102";"Soja";"BIO RAIZ+BIO RAIZ MAIS+BIO AZ+BIO MEGA+BIO HIDRIC+BIO ND";"Todo";"OK";"Realizado";"18/10/2024"
"17/10/2024";"59";"Tabaco";"ACIDO BORICO+SULFATO DE MAGNESIO";"Todo";"OK";"Realizado";"18/10/2024"
"18/10/2024";"57";"Tabaco";"PRO K";"Todo";"Chuva";"Operacional";"19/10/2024"
"18/10/2024";"46";"Tabaco";"SOLU CLEAN + TEC BUG";"Todo";"OK";"Realizado";"19/10/2024"
"22/10/2024";"25";"Cacau";"BIO ESPINOSA + BIOLIQUEM";"AB";"OK";"Realizado";"23/10/2024"
"22/10/2024";"61";"Tabaco";"NUTRISYSTEM DESENVOLVIMENTO";"Todo";"OK";"Realizado";"23/10/2024"
"22/10/2024";"107";"Soja";"BIO RAIZ+BIO RAIZ MAIS+BIO AZ+BIO MEGA+BIO HIDRIC+BIO ND";"Todo";"OK";"Realizado";"23/10/2024"
"23/10/2024";"70";"Tabaco";"PRO K";"Todo";"OK";"Realizado";"24/10/2024"
"23/10/2024";"105";"Soja";"BIO RAIZ+BIO RAIZ MAIS+BIO AZ+BIO MEGA+BIO HIDRIC+BIO ND";"Todo";"Veículo Indisponível";"Logística";"24/10/2024"
"23/10/2024";"25";"Cacau";"BIO ESPINOSA + BIOLIQUEM";"CD";"OK";"Realizado";"24/10/2024"
"24/10/2024";"106";"Soja";"BIO RAIZ+BIO RAIZ MAIS+BIO AZ+BIO MEGA+BIO HIDRIC+BIO ND";"Todo";"Cabo Rompido";"Elétrico";"25/10/2024"
"24/10/2024";"61";"Tabaco";"BORO+MAGNESIO";"Todo";"OK";"Realizado";"25/10/2024"
"24/10/2024";"57";"Tabaco";"PRO K";"Todo";"OK";"Realizado";"25/10/2024"
"24/10/2024";"29";"Cacau";"BIO ESPINOSA + BIOLIQUEM";"AB";"OK";"Realizado";"25/10/2024"
"25/10/2024";"59";"Tabaco";"PRO K";"Todo";"OK";"Realizado";"26/10/2024"
"25/10/2024";"50";"Tabaco";"NUTRISYSTEM DESENVOLVIMENTO";"Todo";"OK";"Realizado";"26/10/2024"
"25/10/2024";"29";"Cacau";"BIO ESPINOSA + BIOLIQUEM";"CD";"OK";"Realizado";"26/10/2024"
"28/10/2024";"133";"Soja";"BIO RAIZ+BIO RAIZ MAIS+BIO AZ+BIO MEGA+BIO HIDRIC+BIO ND";"Todo";"OK";"Realizado";"29/10/2024"
"28/10/2024";"51";"Tabaco";"BIO RAIZ+BIO RAIZ MAIS+BIO AZ+BIO MEGA+BIO HIDRIC+BIO ND";"Todo";"OK";"Realizado";"29/10/2024"
"28/10/2024";"105";"Soja";"BIO ESPINOSA + BIOLIQUEM";"Todo";"OK";"Realizado";"29/10/2024"
"29/10/2024";"21";"Soja";"BIO RAIZ+BIO RAIZ MAIS+BIO AZ+BIO MEGA+BIO HIDRIC+BIO ND";"Todo";"OK";"Realizado";"30/10/2024"
"29/10/2024";"124";"Soja";"BIO RAIZ+BIO RAIZ MAIS+BIO AZ+BIO MEGA+BIO HIDRIC+BIO ND";"Todo";"OK";"Realizado";"30/10/2024"
"29/10/2024";"27";"Cacau";"BIO ESPINOSA + BIOLIQUEM";"AB";"Chuva";"Operacional";"30/10/2024"
"30/10/2024";"22";"Soja";"BIO RAIZ+BIO RAIZ MAIS+BIO AZ+BIO MEGA+BIO HIDRIC+BIO ND";"Todo";"mudança de Manejo";"Operacional";"31/10/2024"
"30/10/2024";"24";"Soja";"BIO RAIZ+BIO RAIZ MAIS+BIO AZ+BIO MEGA+BIO HIDRIC+BIO ND";"Todo";"mudança de Manejo";"Operacional";"31/10/2024"
"30/10/2024";"57";"Tabaco";"PRO K";"Todo";"OK";"Realizado";"31/10/2024"
"30/10/2024";"27";"Cacau";"BIO ESPINOSA + BIOLIQUEM";"CD";"OK";"Realizado";"31/10/2024"
"31/10/2024";"26";"Soja";"BIO RAIZ+BIO RAIZ MAIS+BIO AZ+BIO MEGA+BIO HIDRIC+BIO ND";"Todo";"mudança de Manejo";"Operacional";"01/11/2024"
"31/10/2024";"59";"Tabaco";"PRO K";"Todo";"OK";"Realizado";"01/11/2024"
"31/10/2024";"34";"Soja";"BIO RAIZ+BIO RAIZ MAIS+BIO AZ+BIO MEGA+BIO HIDRIC+BIO ND";"Todo";"mudança de Manejo";"Operacional";"01/11/2024"
"01/11/2024";"61";"Tabaco";"PRO K";"Todo";"Cabo Rompido";"Elétrico";"02/11/2024"
"01/11/2024";"33";"Soja";"BIO RAIZ+BIO RAIZ MAIS+BIO AZ+BIO MEGA+BIO HIDRIC+BIO ND";"Todo";"mudança de Manejo";"Operacional";"02/11/2024"
"01/11/2024";"37";"Soja";"BIO RAIZ+BIO RAIZ MAIS+BIO AZ+BIO MEGA+BIO HIDRIC+BIO ND";"Todo";"Cabo Rompido";"Elétrico";"02/11/2024"
"05/11/2024";"22";"Soja";"BIO RAIZ+BIO RAIZ MAIS+BIO AZ+BIO MEGA+BIO HIDRIC+BIO ND";"Todo";"OK";"Realizado";"06/11/2024"
"05/11/2024";"24";"Soja";"BIO RAIZ+BIO RAIZ MAIS+BIO AZ+BIO MEGA+BIO HIDRIC+BIO ND";"Todo";"OK";"Realizado";"06/11/2024"
"06/11/2024";"59";"Tabaco";"PRO K";"Todo";"OK";"Realizado";"07/11/2024"
"06/11/2024";"61";"Tabaco";"PRO K";"Todo";"OK";"Realizado";"07/11/2024"
"07/11/2024";"26";"Soja";"BIO RAIZ+BIO RAIZ MAIS+BIO AZ+BIO MEGA+BIO HIDRIC+BIO ND";"Todo";"OK";"Realizado";"08/11/2024"
"08/11/2024";"33";"Soja";"BIO RAIZ+BIO RAIZ MAIS+BIO AZ+BIO MEGA+BIO HIDRIC+BIO ND";"Todo";"Falta de Produto";"Operacional";"09/11/2024"
"08/11/2024";"37";"Soja";"BIO RAIZ+BIO RAIZ MAIS+BIO AZ+BIO MEGA+BIO HIDRIC";"Todo";"OK";"Realizado";"09/11/2024"
"08/11/2024";"106";"Soja";"BIO RAIZ+BIO RAIZ MAIS+BIO AZ+BIO MEGA+BIO HIDRIC+BIO ND";"Todo";"Falta de Produto";"Operacional";"09/11/2024"
"11/11/2024";"27";"Cacau";"BIO MEGA+BIO ESPINOSA";"AB";"OK";"Realizado";"12/11/2024"
"11/11/2024";"61";"Tabaco";"PRO K";"Todo";"OK";"Realizado";"12/11/2024"
"11/11/2024";"106";"Soja";"BIO RAIZ+BIO RAIZ MAIS+BIO AZ+BIO MEGA+BIO HIDRIC+BIO ND";"Todo";"OK";"Realizado";"12/11/2024"
"11/11/2024";"33";"Soja";"BIO RAIZ+BIO RAIZ MAIS+BIO AZ+BIO MEGA+BIO HIDRIC+BIO ND";"Todo";"OK";"Realizado";"13/11/2024"
"12/11/2024";"27";"Cacau";"BIO MEGA+BIO ESPINOSA";"CD";"OK";"Realizado";"13/11/2024"
"12/11/2024";"125";"Soja";"BIO RAIZ+BIO RAIZ MAIS+BIO AZ+BIO MEGA+BIO HIDRIC+BIO ND";"Todo";"OK";"Realizado";"13/11/2024"
"12/11/2024";"35";"Soja";"BIO RAIZ+BIO RAIZ MAIS+BIO AZ+BIO MEGA+BIO HIDRIC+BIO ND";"Todo";"Chuva";"Operacional";"13/11/2024"
"12/11/2024";"59";"Tabaco";"NUTRISYSTEM DESENVOLVIMENTO";"Todo";"OK";"Realizado";"13/11/2024"
"13/11/2024";"29";"Cacau";"BIO MEGA+BIO ESPINOSA";"AB";"Chuva";"Operacional";"14/11/2024"
"13/11/2024";"70";"Tabaco";"NUTRISYSTEM DESENVOLVIMENTO";"Todo";"OK";"Realizado";"14/11/2024"
"13/11/2024";"36";"Soja";"BIO RAIZ+BIO RAIZ MAIS+BIO AZ+BIO MEGA+BIO HIDRIC+BIO ND";"Todo";"Chuva";"Operacional";"14/11/2024"
"13/11/2024";"112";"Soja";"BIO RAIZ+BIO RAIZ MAIS+BIO ND";"Todo";"OK";"Realizado";"15/11/2024"
"14/11/2024";"29";"Cacau";"BIO MEGA+BIO ESPINOSA";"CD";"Chuva";"Operacional";"15/11/2024"
"14/11/2024";"114";"Soja";"BIO RAIZ+BIO RAIZ MAIS+BIO ND";"Todo";"Chuva";"Operacional";"15/11/2024"
"14/11/2024";"59";"Tabaco";"BIO RAIZ+BIO RAIZ MAIS";"Todo";"Chuva";"Operacional";"15/11/2024"
"14/11/2024";"3";"Soja";"BIO RAIZ+BIO RAIZ MAIS+BIO AZ+BIO MEGA+BIO HIDRIC+BIO ND";"Todo";"Chuva";"Operacional";"15/11/2024"
"15/11/2024";"133";"Soja";"BIO RAIZ+BIO RAIZ MAIS+BIO ND";"Todo";"Chuva";"Operacional";"16/11/2024"
"15/11/2024";"4";"Soja";"BIO RAIZ+BIO RAIZ MAIS+BIO AZ+BIO MEGA+BIO HIDRIC+BIO ND";"Todo";"Chuva";"Operacional";"16/11/2024"
"15/11/2024";"38";"Soja";"BIO RAIZ+BIO RAIZ MAIS+BIO AZ+BIO MEGA+BIO HIDRIC+BIO ND";"Todo";"Chuva";"Operacional";"16/11/2024"
"15/11/2024";"25";"Cacau";"BIO MEGA+BIO ESPINOSA";"Todo";"OK";"Realizado";"16/11/2024"
"19/11/2024";"27";"Cacau";"BIO MEGA+BIO ESPINOSA";"AB";"OK";"Realizado";"20/11/2024"
"19/11/2024";"35";"Soja";"BIO RAIZ+BIO RAIZ MAIS+BIO AZ+BIO MEGA+BIO HIDRIC+BIO ND";"Todo";"Chuva";"Operacional";"21/11/2024"
"19/11/2024";"59";"Tabaco";"BIO RAIZ+BIO RAIZ MAIS";"Todo";"OK";"Realizado";"20/11/2024"
"19/11/2024";"133";"Soja";"BIO RAIZ+BIO RAIZ MAIS+BIO ND";"Todo";"OK";"Realizado";"22/11/2024"
"20/11/2024";"27";"Cacau";"BIO MEGA+BIO ESPINOSA";"CD";"OK";"Realizado";"21/11/2024"
"20/11/2024";"61";"Tabaco";"NUTRISYSTEM DESENVOLVIMENTO";"Todo";"OK";"Realizado";"21/11/2024"
"20/11/2024";"36";"Soja";"BIO RAIZ+BIO RAIZ MAIS+BIO AZ+BIO MEGA+BIO HIDRIC+BIO ND";"Todo";"Falta de Produto";"Operacional";"21/11/2024"
"20/11/2024";"114";"Soja";"BIO RAIZ+BIO RAIZ MAIS+BIO ND";"Todo";"OK";"Realizado";"21/11/2024"
"21/11/2024";"29";"Cacau";"BIO MEGA+BIO ESPINOSA";"AB";"OK";"Realizado";"22/11/2024"
"21/11/2024";"116";"Soja";"BIO RAIZ+BIO RAIZ MAIS+BIO AZ+BIO MEGA+BIO HIDRIC+BIO ND";"1/2 Pivô";"OK";"Realizado";"23/11/2024"
"21/11/2024";"3";"Soja";"BIO RAIZ+BIO RAIZ MAIS+BIO AZ+BIO MEGA+BIO HIDRIC+BIO ND";"Todo";"Falta de Produto";"Operacional";"21/11/2024"
"21/11/2024";"59";"Tabaco";"NUTRISYSTEM DESENVOLVIMENTO";"Todo";"OK";"Realizado";"22/11/2024"
"22/11/2024";"29";"Cacau";"BIO MEGA+BIO ESPINOSA";"CD";"OK";"Realizado";"23/11/2024"
"22/11/2024";"4";"Soja";"BIO RAIZ+BIO RAIZ MAIS+BIO AZ+BIO MEGA+BIO HIDRIC+BIO ND";"Todo";"OK";"Realizado";"23/11/2024"
"22/11/2024";"10";"Soja";"BIO FERTILIZANTE";"1/2 Pivô";"OK";"Realizado";"22/11/2024"
"25/11/2024";"25";"Cacau";"BIO ESPINOSA";"AB";"OK";"Realizado";"26/11/2024"
"25/11/2024";"8";"Soja";"BIO RAIZ+BIO RAIZ MAIS+BIO AZ+BIO MEGA+BIO HIRIC+BIO ND";"Todo";"Chuva";"Operacional";"26/11/2024"
"25/11/2024";"6";"Soja";"BIO RAIZ+BIO RAIZ MAIS+BIO AZ+BIO MEGA+BIO HIRIC+BIO ND";"Todo";"Chuva";"Operacional";"26/11/2024"
"26/11/2024";"25";"Cacau";"BIO ESPINOSA";"CD";"OK";"Realizado";"27/11/2024"
"26/11/2024";"57";"Tabaco";"NUTRISYSTEM DESENVOLVIMENTO";"Todo";"Chuva";"Operacional";"27/11/2024"
"26/11/2024";"35";"Soja";"BIO RAIZ+BIO RAIZ MAIS+BIO AZ+BIO MEGA+BIO HIRIC+BIO ND";"Todo";"OK";"Realizado";"27/11/2024"
"27/11/2024";"3";"Soja";"BIO RAIZ+BIO RAIZ MAIS+BIO AZ+BIO MEGA+BIO HIRIC+BIO ND";"Todo";"OK";"Realizado";"28/11/2024"
"27/11/2024";"72";"Soja";"BIO RAIZ+BIO RAIZ MAIS+BIO AZ+BIO MEGA+BIO HIRIC+BIO ND";"Todo";"OK";"Realizado";"28/11/2024"
"27/11/2024";"36";"Soja";"BIO RAIZ+BIO RAIZ MAIS+BIO AZ+BIO MEGA+BIO HIRIC+BIO ND";"Todo";"OK";"Realizado";"28/11/2024"
"27/11/2024";"29";"Cacau";"BIO ESPINOSA";"AB";"OK";"Realizado";"28/11/2024"
"28/11/2024";"61";"Tabaco";"NUTRISYSTEM DESENVOLVIMENTO";"Todo";"OK";"Realizado";"29/11/2024"
"28/11/2024";"38";"Soja";"BIO RAIZ+BIO RAIZ MAIS+BIO AZ+BIO MEGA+BIO HIRIC+BIO ND";"Todo";"OK";"Realizado";"29/11/2024"
"28/11/2024";"29";"Cacau";"BIO ESPINOSA";"CD";"OK";"Realizado";"29/11/2024"
"29/11/2024";"10";"Soja";"BIO RAIZ+BIO RAIZ MAIS+BIO AZ+BIO MEGA+BIO HIRIC+BIO ND";"1/2 Pivô";"mudança de Manejo";"Operacional";"30/11/2024"
"29/11/2024";"37";"Soja";"BIO ND";"Todo";"OK";"Realizado";"30/11/2024"
"29/11/2024";"7";"Soja";"BIO RAIZ+BIO RAIZ MAIS+BIO AZ+BIO MEGA+BIO HIRIC+BIO ND";"Todo";"OK";"Realizado";"30/11/2024"
"02/12/2024";"27";"Cacau";"BIO MEGA";"AB";"OK";"Realizado";"03/12/2024"
"02/12/2024";"57";"Tabaco";"NUTRISYSTEM DESENVOLVIMENTO";"Todo";"Cabo Rompido";"Elétrico";"06/12/2024"
"02/12/2024";"8";"Soja";"BIO RAIZ+BIO RAIZ MAIS+BIO AZ+BIO MEGA+BIO HIDRIC+BIO ND";"Todo";"OK";"Realizado";"04/12/2024"
"03/12/2024";"27";"Cacau";"BIO MEGA";"CD";"OK";"Realizado";"04/12/2024"
"03/12/2024";"6";"Soja";"BIO RAIZ+BIO RAIZ MAIS+BIO AZ+BIO MEGA+BIO HIDRIC+BIO ND";"Todo";"OK";"Realizado";"04/12/2024"
"04/12/2024";"25";"Cacau";"BIO MEGA";"AB";"OK";"Realizado";"05/12/2024"
"04/12/2024";"5";"Soja";"BIO RAIZ+BIO RAIZ MAIS+BIO AZ+BIO MEGA+BIO HIDRIC+BIO ND";"Todo";"OK";"Realizado";"06/12/2024"
"04/12/2024";"127";"Soja";"BIO ND+BIO RAIZ+BIO RAIZ MAIS";"Todo";"OK";"Realizado";"05/12/2024"
"05/12/2024";"25";"Cacau";"BIO MEGA";"CD";"OK";"Realizado";"06/12/2024"
"05/12/2024";"129";"Soja";"BIO ND+BIO RAIZ+BIO RAIZ MAIS";"Todo";"OK";"Realizado";"06/12/2024"
"05/12/2024";"10";"Soja";"BIO RAIZ+BIO RAIZ MAIS+BIO AZ+BIO MEGA+BIO HIDRIC+BIO ND";"Todo";"OK";"Realizado";"07/12/2024"
"06/12/2024";"132";"Soja";"BIO ND+BIO RAIZ+BIO RAIZ MAIS";"Todo";"OK";"Realizado";"07/12/2024"
"06/12/2024";"13";"Soja";"BIO FERTILIZANTE";"Todo";"OK";"Realizado";"06/12/2024"
"09/12/2024";"9";"Soja";"BIO RAIZ+BIO RAIZ MAIS+BIO AZ+BIO MEGA+BIO HIDRIC+BIO ND";"Todo";"OK";"Realizado";"10/12/2024"
"09/12/2024";"131";"Soja";"BIO RAIZ+BIO RAIZ MAIS+BIO AZ+BIO MEGA+BIO HIDRIC+BIO ND";"Todo";"Cabo de Acionamento";"Elétrico";"10/12/2024"
"10/12/2024";"54";"Algodão";"BIO BOKAXI";"Todo";"OK";"Realizado";"11/12/2024"
"10/12/2024";"130";"Soja Sequeiro";"BIO RAIZ+BIO RAIZ MAIS+BIO AZ+BIO MEGA+BIO HIDRIC+BIO ND";"Todo";"Logística";"Logística";"11/12/2024"
"11/12/2024";"11";"Soja";"BIO RAIZ+BIO RAIZ MAIS+BIO AZ+BIO MEGA+BIO HIDRIC+BIO ND";"Todo";"OK";"Realizado";"12/12/2024"
"11/12/2024";"128";"Soja Sequeiro";"BIO RAIZ+BIO RAIZ MAIS+BIO AZ+BIO MEGA+BIO HIDRIC+BIO ND";"Todo";"OK";"Realizado";"12/12/2024"
"11/12/2024";"56";"Algodão";"BIO BOKAXI";"Todo";"OK";"Realizado";"11/12/2024"
"12/12/2024";"28";"Soja";"BIO RAIZ+BIO RAIZ MAIS+BIO AZ+BIO MEGA+BIO HIDRIC+BIO ND";"Todo";"Fonte Queimada";"Elétrico";"13/12/2024"
"12/12/2024";"115";"Soja Sequeiro";"BIO RAIZ+BIO RAIZ MAIS+BIO AZ+BIO MEGA+BIO HIDRIC+BIO ND";"Todo";"OK";"Realizado";"13/12/2024"
"13/12/2024";"127";"Soja";"BIO RAIZ+BIO RAIZ MAIS+BIO AZ+BIO MEGA+BIO HIDRIC+BIO ND";"Todo";"OK";"Realizado";"14/12/2024"
"13/12/2024";"10";"Soja";"BIO FERTILIZANTE";"1/2 Pivô";"OK";"Realizado";"13/12/2024"
"13/12/2024";"13";"Soja";"BIO FERTILIZANTE";"Todo";"OK";"Realizado";"13/12/2024"
"16/12/2024";"131";"Soja";"BIO RAIZ+BIO RAIZ MAIS+BIO AZ+BIO MEGA+BIO HIDRIC+BIO ND";"Todo";"OK";"Realizado";"17/12/2024"
"16/12/2024";"28";"Soja";"BIO RAIZ+BIO RAIZ MAIS+BIO AZ+BIO MEGA+BIO HIDRIC+BIO ND";"Todo";"Erosão/Rastro";"Operacional";"17/12/2024"
"17/12/2024";"130";"Soja";"BIO RAIZ+BIO RAIZ MAIS+BIO AZ+BIO MEGA+BIO HIDRIC+BIO ND";"Todo";"OK";"Realizado";"18/12/2024"
"17/12/2024";"13";"Soja";"BIO RAIZ+BIO RAIZ MAIS+BIO AZ+BIO MEGA+BIO HIDRIC+BIO ND";"Todo";"OK";"Realizado";"17/12/2024"
"17/12/2024";"61";"Tabaco";"NUTRISYSTEM DESENVOLVIMENTO";"Todo";"OK";"Realizado";"19/12/2024"
"18/12/2024";"12";"Soja";"BIO RAIZ+BIO RAIZ MAIS+BIO AZ+BIO MEGA+BIO HIDRIC+BIO ND";"Todo";"OK";"Realizado";"20/12/2024"
"18/12/2024";"129";"Soja";"BIO RAIZ+BIO RAIZ MAIS+BIO AZ+BIO MEGA+BIO HIDRIC+BIO ND";"Todo";"OK";"Realizado";"20/12/2024"
"19/12/2024";"131";"Soja";"BIO RAIZ+BIO RAIZ MAIS+BIO ND";"Todo";"OK";"Realizado";"20/12/2024"
"19/12/2024";"14";"Soja";"BIO RAIZ+BIO RAIZ MAIS+BIO AZ+BIO MEGA+BIO HIDRIC+BIO ND";"Todo";"mudança de Manejo";"Operacional";"20/12/2024"
"20/12/2024";"132";"Soja";"BIO RAIZ+BIO RAIZ MAIS+BIO AZ+BIO MEGA+BIO HIDRIC+BIO ND";"Todo";"Pulverização";"Operacional";"21/12/2024"
"23/12/2024";"44";"Algodão";"BIO FERTILIZANTE";"Todo";"Chuva";"Operacional";"24/12/2024"
"23/12/2024";"132";"Soja";"BIO RAIZ+BIO RAIZ MAIS+BIO AZ+BIO MEGA+BIO HIDRIC+BIO ND";"Todo";"OK";"Realizado";"24/12/2024"
"24/12/2024";"28";"Soja";"BIO RAIZ+BIO RAIZ MAIS+BIO AZ+BIO MEGA+BIO HIDRIC+BIO ND";"Todo";"Chuva";"Operacional";"25/12/2024"
"24/12/2024";"14";"Soja";"BIO RAIZ+BIO RAIZ MAIS+BIO AZ+BIO MEGA+BIO HIDRIC+BIO ND";"Todo";"Chuva";"Operacional";"25/12/2024"
"26/12/2024";"13";"Soja";"BIO FERTILIZANTE";"Todo";"OK";"Realizado";"27/12/2024"
"26/12/2024";"117";"Tabaco";"SOLUBIORAIZ PERFORMANCE+BIO RAIZ PLUS+BIO BALANCE";"Todo";"OK";"Realizado";"27/12/2024"
"27/12/2024";"10";"Soja";"BIO FERTILIZANTE";"1/2 Pivô";"OK";"Realizado";"28/12/2024"
"30/12/2024";"28";"Soja";"BIO RAIZ+BIO RAIZ MAIS+BIO AZ+BIO MEGA+BIO HIDRIC+BIO ND";"Todo";"Chuva";"Operacional";"31/12/2024"
"30/12/2024";"14";"Soja";"BIO RAIZ+BIO RAIZ MAIS+BIO AZ+BIO MEGA+BIO HIDRIC+BIO ND";"Todo";"Chuva";"Operacional";"31/12/2024"
"31/12/2024";"44";"Algodão";"BIO FERTILIZANTE";"Todo";"Chuva";"Operacional";"03/01/2025"
"02/01/2025";"117";"Tabaco";"BIO RAIZ+BIO RAIZ MAIS+BIO RAIZ PLUS+ACIDO BORICO";"Todo";"OK";"Realizado";"03/01/2025"
"07/01/2025";"44";"Algodão";"BIO FERTILIZANTE";"Todo";"OK";"Realizado";"09/01/2025"
"08/01/2025";"28";"Soja";"BIO RAIZ+BIO RAIZ MAIS+BIO AZ+BIO MEGA+BIO HIDRIC+BIO ND";"Todo";"Chuva";"Operacional";"09/01/2025"
"08/01/2025";"14";"Soja";"BIO RAIZ+BIO RAIZ MAIS+BIO AZ+BIO MEGA+BIO HIDRIC+BIO ND";"Todo";"Chuva";"Operacional";"09/01/2025"
"13/01/2025";"10";"Soja";"BIO FERTILIZANTE";"1/2 Pivô";"OK";"Realizado";"15/01/2025"
"13/01/2025";"13";"Soja";"BIO FERTILIZANTE";"Todo";"OK";"Realizado";"15/01/2025"
"14/01/2025";"44";"Algodão";"BIO FERTILIZANTE";"Todo";"Chuva";"Operacional";"15/01/2025"
"14/01/2025";"14";"Soja";"BIO RAIZ+BIO RAIZ MAIS+BIO AZ+BIO MEGA+BIO HIDRIC+BIO ND";"1/2 Pivô";"OK";"Realizado";"15/01/2025"
"15/01/2025";"28";"Soja";"BIO RAIZ+BIO RAIZ MAIS+BIO AZ+BIO MEGA+BIO HIDRIC+BIO ND";"Todo";"Chuva";"Operacional";"16/01/2025"
"16/01/2025";"118";"Tabaco";"BIO RAIZ+BIO RAIZ MAIS+BIO RAIZ PLUS";"Todo";"Chuva";"Operacional";"17/01/2025"
"21/01/2025";"14";"Soja";"BIO RAIZ+BIO RAIZ MAIS+BIO AZ+BIO MEGA+BIO HIDRIC+BIO ND";"1/2 Pivô";"OK";"Realizado";"22/01/2025"
"21/01/2025";"9";"Soja";"BIO RAIZ+BIO RAIZ MAIS+BIO AZ+BIO MEGA+BIO HIDRIC+BIO ND";"Todo";"OK";"Realizado";"23/01/2025"
"22/01/2025";"44";"Algodão";"BIO FERTILIZANTE";"Todo";"OK";"Realizado";"23/01/2025"
"22/01/2025";"117";"Tabaco";"NUTRISYSTEM DESENVOLVIMENTO+BORO";"Todo";"OK";"Realizado";"23/01/2025"
"22/01/2025";"42";"Algodão";"BIO RAIZ+BIO RAIZ MAIS+BIO MEGA+BIO HIDRIC";"Todo";"OK";"Realizado";"24/01/2025"
"23/01/2025";"118";"Tabaco";"BIO RAIZ+BIO RAIZ MAIS+BIO RAIZ PLUS+BORO";"Todo";"OK";"Realizado";"24/01/2025"
"23/01/2025";"46";"Algodão";"BIO RAIZ+BIO RAIZ MAIS+BIO MEGA+BIO HIDRIC";"Todo";"OK";"Realizado";"24/01/2025"
"24/01/2025";"119";"Tabaco";"BIO RAIZ+BIO RAIZ MAIS+BIO RAIZ PLUS";"Todo";"mudança de Manejo";"Operacional";"25/01/2025"
"24/01/2025";"69";"Algodão";"BIO RAIZ+BIO RAIZ MAIS+BIO MEGA+BIO HIDRIC";"Todo";"OK";"Realizado";"25/01/2025"
"27/01/2025";"10";"Soja";"BIO FERTILIZANTE";"1/2 Pivô";"OK";"Realizado";"30/01/2025"
"27/01/2025";"13";"Soja";"BIO FERTILIZANTE";"Todo";"OK";"Realizado";"28/01/2025"
"27/01/2025";"65";"Algodão";"BIO BOCAXI";"Todo";"OK";"Realizado";"30/01/2025"
"28/01/2025";"63";"Algodão";"BIO FERTILIZANTE+BIO BOCAXI";"Todo";"OK";"Realizado";"31/01/2025"
"28/01/2025";"117";"Tabaco";"NUTRISYSTEM DESENVOLVIMENTO+SULFATO DE MAGNESIO";"Todo";"OK";"Realizado";"30/01/2025"
"28/01/2025";"25";"Cacau";"BIO HIDRIC+BIO AZ";"AB";"OK";"Realizado";"29/01/2025"
"29/01/2025";"64";"Algodão";"BIO FERTILIZANTE+BIO BOCAXI";"Todo";"OK";"Realizado";"30/01/2025"
"29/01/2025";"119";"Tabaco";"BIO RAIZ+BIO RAIZ MAIS+BIO RAIZ PLUS";"Todo";"OK";"Realizado";"30/01/2025"
"29/01/2025";"25";"Cacau";"BIO HIDRIC+BIO AZ";"CD";"OK";"Realizado";"30/01/2025"
"30/01/2025";"44";"Algodão";"BIO FERTILIZANTE";"Todo";"OK";"Realizado";"31/01/2025"
"30/01/2025";"67";"Algodão";"BIO RAIZ+BIO RAIZ MAIS+BIO MEGA+BIO HIDRIC";"Todo";"OK";"Realizado";"31/01/2025"
"30/01/2025";"29";"Cacau";"BIO HIDRIC+BIO AZ";"AB";"Canal/Reservatório";"Mecânico";"31/01/2025"
"31/01/2025";"29";"Cacau";"BIO HIDRIC+BIO AZ";"CD";"Canal/Reservatório";"Mecânico";"01/02/2025"
"31/01/2025";"119";"Tabaco";"BIO RAIZ+BIO RAIZ MAIS+BIO RAIZ PLUS+BORO";"Todo";"Chuva";"Operacional";"01/02/2025"
"31/01/2025";"68";"Algodão";"BIO RAIZ+BIO RAIZ MAIS+BIO MEGA+BIO HIDRIC";"Todo";"OK";"Realizado";"01/02/2025"
"03/02/2025";"29";"Cacau";"BIO HIDRIC+BIO AZ";"AB";"OK";"Realizado";"04/02/2025"
"03/02/2025";"44";"Algodão";"BIO FERTILIZANTE";"Todo";"OK";"Realizado";"04/02/2025"
"03/02/2025";"63";"Algodão";"BIO FERTILIZANTE";"1/2 Pivô";"OK";"Realizado";"04/02/2025"
"04/02/2025";"119";"Tabaco";"BIO RAIZ+BIO RAIZ MAIS+BIO RAIZ PLUS+BORO";"Todo";"OK";"Realizado";"05/02/2025"
"04/02/2025";"29";"Cacau";"BIO HIDRIC+BIO AZ";"C D";"OK";"Realizado";"05/02/2025"
"04/02/2025";"63";"Algodão";"BIO FERTILIZANTE";"1/2 Pivô";"OK";"Realizado";"05/02/2025"
"04/02/2025";"10";"Soja";"BIO FERTILIZANTE";"1/2 Pivô";"OK";"Realizado";"05/02/2025"
"05/02/2025";"117";"Tabaco";"PRO K+BORO";"Todo";"mudança de Manejo";"Operacional";"06/02/2025"
"05/02/2025";"62";"Algodão";"BIO RAIZ+BIO RAIZ MAIS+BIO MEGA+BIO HIDRIC+BIO AZ";"Todo";"OK";"Realizado";"06/02/2025"
"05/02/2025";"13";"Soja";"BIO FERTILIZANTE";"Todo";"OK";"Realizado";"06/02/2025"
"06/02/2025";"120";"Tabaco";"BIO RAIZ+BIO RAIZ MAIS+BIO RAIZ PLUS";"Todo";"OK";"Realizado";"07/02/2025"
"06/02/2025";"27";"Cacau";"BIO HIDRIC+BIO AZ";"AB";"OK";"Realizado";"07/02/2025"
"06/02/2025";"64";"Algodão";"BIO FERTILIZANTE";"Todo";"Falta de Produto";"Operacional";"07/02/2025"
"07/02/2025";"27";"Cacau";"BIO HIDRIC+BIO AZ";"CD";"OK";"Realizado";"08/02/2025"
"07/02/2025";"66";"Algodão";"BIO RAIZ+BIO RAIZ MAIS+BIO MEGA+BIO HIDRIC+BIO AZ";"Todo";"OK";"Realizado";"08/02/2025"
"07/02/2025";"53";"Algodão";"BIO RAIZ+BIO RAIZ MAIS+BIO MEGA+BIO HIDRIC+BIO AZ";"Todo";"OK";"Realizado";"08/02/2025"
"10/02/2025";"117";"Tabaco";"PRO K+BORO";"Todo";"mudança de Manejo";"Operacional";"11/02/2025"
"10/02/2025";"53";"Algodão";"BIO RAIZ+BIO RAIZ MAIS+BIO MEGA+BIO HIDRIC+BIO AZ";"1/2 Pivô";"OK";"Realizado";"11/02/2025"
"10/02/2025";"29";"Cacau";"BIO RAIZ";"1/2 Pivô";"OK";"Realizado";"11/02/2025"
"11/02/2025";"66";"Algodão";"BIO RAIZ+BIO RAIZ MAIS+BIO MEGA+BIO HIDRIC+BIO AZ";"Todo";"Logística";"Logística";"12/02/2025"
"11/02/2025";"64";"Algodão";"BIO FERTILIZANTE";"Todo";"OK";"Realizado";"12/02/2025"
"11/02/2025";"29";"Cacau";"BIO RAIZ";"1/2 Pivô";"OK";"Realizado";"12/02/2025"
"12/02/2025";"118";"Tabaco";"NUTRISYSTEM DESENVOLVIMENTO+ACIDO BORICO";"Todo";"OK";"Realizado";"13/02/2025"
"12/02/2025";"120";"Tabaco";"SOLUBIORAIZ+BIOBALANCE+BIO RAIZ PLUS+ACIDO BORICO";"Todo";"OK";"Realizado";"13/02/2025"
"12/02/2025";"69";"Algodão";"BIO RAIZ+BIO RAIZ MAIS+BIO MEGA+BIO HIDRIC+BIO AZ";"Todo";"OK";"Realizado";"13/02/2025"
"13/02/2025";"10";"Soja";"BIO FERTILIZANTE";"1/2 Pivô";"Falta de produto";"Operacional";"14/02/2025"
"13/02/2025";"121";"Tabaco";"SOLUBIORAIZ+BIOBALANCE+BIO RAIZ PLUS";"Todo";"Logística";"Logística";"14/02/2025"
"13/02/2025";"13";"Soja";"BIO FERTILIZANTE";"1/2 Pivô";"OK";"Realizado";"14/02/2025"
"13/02/2025";"27";"Cacau";"BIO RAIZ";"1/2 Pivô";"OK";"Realizado";"14/02/2025"
"14/02/2025";"46";"Algodão";"UREIA";"Todo";"OK";"Realizado";"15/02/2025"
"14/02/2025";"27";"Cacau";"BIO RAIZ";"1/2 Pivô";"OK";"Realizado";"15/02/2025"
"17/02/2025";"117";"Tabaco";"PRO K+BORO";"Todo";"OK";"Realizado";"18/02/2025"
"17/02/2025";"121";"Tabaco";"SOLUBIORAIZ+BIOBALANCE+BIO RAIZ PLUS";"Todo";"OK";"Realizado";"18/02/2025"
"18/02/2025";"118";"Tabaco";"NUTRISYSTEM DESENVOLVIMENTO+MAGNESIO";"Todo";"OK";"Realizado";"19/02/2025"
"18/02/2025";"66";"Algodão";"BIO RAIZ+BIO RAIZ MAIS+BIO MEGA+BIO HIDRIC+BIO AZ";"Todo";"OK";"Realizado";"19/02/2025"
"18/02/2025";"10";"Soja";"BIO FERTILIZANTE";"1/2 Pivô";"OK";"Realizado";"19/02/2025"
"19/02/2025";"119";"Tabaco";"NUTRISYSTEM DESENVOLVIMENTO+ACIDO BORICO";"Todo";"OK";"Realizado";"20/02/2025"
"19/02/2025";"13";"Soja";"BIO FERTILIZANTE";"1/2 Pivô";"OK";"Realizado";"20/02/2025"
"20/02/2025";"121";"Tabaco";"SOLUBIORAIZ+BIOBALANCE+BIO RAIZ PLUS+BORO";"Todo";"OK";"Realizado";"21/02/2025"
"20/02/2025";"54";"Algodão";"BIO RAIZ+BIO RAIZ MAIS+BIO MEGA+BIO HIDRIC+BIO AZ";"Todo";"OK";"Realizado";"21/02/2025"
"21/02/2025";"123";"Tabaco";"SOLUBIORAIZ+BIOBALANCE+BIO RAIZ PLUS";"Todo";"OK";"Realizado";"22/02/2025"
"21/02/2025";"117";"Tabaco";"PRO K";"Todo";"OK";"Realizado";"22/02/2025"
"24/02/2025";"118";"Tabaco";"PRO K";"Todo";"OK";"Realizado";"25/02/2025"
"25/02/2025";"119";"Tabaco";"NUTRISYSTEM DESENVOLVIMENTO+ACIDO BORICO";"Todo";"OK";"Realizado";"26/02/2025"
"25/02/2025";"10";"Soja";"BIO FERTILIZANTE";"1/2 Pivô";"OK";"Realizado";"26/02/2025"
"25/02/2025";"56";"Algodão";"BIO RAIZ+BIO RAIZ MAIS+BIO MEGA+BIO HIDRIC+BIO AZ";"Todo";"OK";"Realizado";"26/02/2025"
"26/02/2025";"117";"Tabaco";"NUTRISYSTEM DESENVOLVIMENTO";"Todo";"OK";"Realizado";"27/02/2025"
"26/02/2025";"27";"Cacau";"BIO RAIZ";"1/2 Pivô";"OK";"Realizado";"27/02/2025"
"27/02/2025";"123";"Tabaco";"SOLUBIORAIZ+BIOBALANCE+BIO RAIZ PLUS+BORO";"Todo";"OK";"Realizado";"28/02/2025"
"27/02/2025";"27";"Cacau";"BIO RAIZ";"1/2 Pivô";"OK";"Realizado";"28/02/2025"
"28/02/2025";"44";"Algodão";"BIO RAIZ+BIO RAIZ MAIS+BIO MEGA+BIO HIDRIC+BIO AZ";"Todo";"OK";"Realizado";"01/03/2025"
"28/02/2025";"49";"Algodão";"UREIA";"Todo";"Equipamento Ferti";"Operacional";"01/03/2025"
"28/02/2025";"13";"Soja";"BIO FERTILIZANTE";"1/2 Pivô";"OK";"Realizado";"01/03/2025"
"04/03/2025";"118";"Tabaco";"PRO K";"Todo";"OK";"Realizado";"05/03/2025"
"04/03/2025";"56";"Algodão";"BIO RAIZ+BIO RAIZ MAIS+BIO MEGA+BIO HIDRIC+BIO AZ";"Todo";"OK";"Realizado";"05/03/2025"
"05/03/2025";"119";"Tabaco";"NUTRISYSTEM DESENVOLVIMENTO+MAGNESIO";"Todo";"OK";"Realizado";"06/03/2025"
"05/03/2025";"120";"Tabaco";"NUTRISYSTEM DESENVOLVIMENTO+ACIDO BORICO";"AB";"OK";"Realizado";"06/03/2025"
"05/03/2025";"120";"Tabaco";"SOLUBIORAIZ+BIOBALANCE+BIO RAIZ PLUS";"CD";"OK";"Realizado";"06/03/2025"
"05/03/2025";"10";"Soja";"BIO FERTILIZANTE";"1/2 Pivô";"OK";"Realizado";"06/03/2025"
"06/03/2025";"118";"Tabaco";"PRO K";"Todo";"mudança de Manejo";"Operacional";"07/03/2025"
"06/03/2025";"49";"Algodão";"UREIA";"Todo";"OK";"Realizado";"07/03/2025"
"07/03/2025";"119";"Tabaco";"PRO K";"Todo";"Deslocamento na Entrega de Produto";"Logística";"08/03/2025"
"07/03/2025";"4";"Tabaco";"SOLUBIORAIZ+BIOBALANCE+BIO RAIZ PLUS";"Todo";"Equipamento Ferti";"Operacional";"08/03/2025"
"07/03/2025";"13";"Soja";"BIO FERTILIZANTE";"Todo";"OK";"Realizado";"08/03/2025"
"10/03/2025";"119";"Tabaco";"PRO K";"Todo";"OK";"Realizado";"11/03/2025"
"10/03/2025";"4";"Tabaco";"SOLUBIORAIZ+BIOBALANCE+BIO RAIZ PLUS";"Todo";"OK";"Realizado";"11/03/2025"
"10/03/2025";"55";"Algodão";"BIO RAIZ+BIO RAIZ MAIS+BIO MEGA+BIO HIDRIC+BIO AZ";"Todo";"OK";"Realizado";"11/03/2025"
"11/03/2025";"118";"Tabaco";"PRO K";"Todo";"OK";"Realizado";"12/03/2025"
"11/03/2025";"44";"Algodão";"BIO FERTILIZANTE";"Todo";"OK";"Realizado";"12/03/2025"
"12/03/2025";"121";"Tabaco";"NUTRISYSTEM DESENVOLVIMENTO+ACIDO BORICO";"Todo";"OK";"Realizado";"13/03/2025"
"12/03/2025";"25";"Cacau";"BIO MEGA";"Todo";"OK";"Realizado";"13/03/2025"
"13/03/2025";"117";"Tabaco";"NUTRISYSTEM DESENVOLVIMENTO";"Todo";"OK";"Realizado";"14/03/2025"
"13/03/2025";"29";"Cacau";"BIO MEGA";"Todo";"Funcionário Indisponível";"Operacional";"14/03/2025"
"13/03/2025";"58";"Algodão";"UREIA+BIO RAIZ+BIO RAIZ MAIS+BIO MEGA+BIO HIDRIC+BIO AZ";"Todo";"OK";"Realizado";"14/03/2025"
"14/03/2025";"120";"Tabaco";"NUTRISYSTEM DESENVOLVIMENTO+MAGNESIO";"AB";"OK";"Realizado";"15/03/2025"
"17/03/2025";"119";"Tabaco";"PRO K";"Todo";"OK";"Realizado";"18/03/2025"
"17/03/2025";"60";"Algodão";"UREIA";"Todo";"OK";"Realizado";"18/03/2025"
"17/03/2025";"4";"Tabaco";"SOLUBIORAIZ+BIOBALANCE+BIO RAIZ PLUS+BORO";"Todo";"OK";"Realizado";"18/03/2025"
"18/03/2025";"13";"Soja";"BIO FERTILIZANTE";"Todo";"OK";"Realizado";"19/03/2025"
"18/03/2025";"123";"Tabaco";"NUTRISYSTEM DESENVOLVIMENTO+ACIDO BORICO";"Todo";"OK";"Realizado";"19/03/2025"
"18/03/2025";"29";"Cacau";"BIO MEGA";"Todo";"OK";"Realizado";"19/03/2025"
"19/03/2025";"3";"Tabaco";"SOLU LEAF+BIO RAIZ PLUS+BIO RAIZ MAIS";"Todo";"OK";"Realizado";"20/03/2025"
"19/03/2025";"17";"Algodão";"BIO RAIZ+BIO RAIZ MAIS+BIO MEGA+BIO HIDRIC+BIO AZ+UREIA";"Todo";"OK";"Realizado";"20/03/2025"
"19/03/2025";"121";"Tabaco";"NUTRISYSTEM DESENVOLVIMENTO+MAGNESIO";"Todo";"OK";"Realizado";"20/03/2025"
"20/03/2025";"15";"Algodão";"BIO RAIZ+BIO RAIZ MAIS+BIO MEGA+BIO HIDRIC+BIO AZ+UREIA";"Todo";"OK";"Realizado";"21/03/2025"
"20/03/2025";"119";"Tabaco";"PRO K+BORO";"Todo";"mudança de Manejo";"Operacional";"21/03/2025"
"20/03/2025";"27";"Cacau";"BIO MEGA";"Todo";"OK";"Realizado";"21/03/2025"
"21/03/2025";"39";"Algodão";"BIO RAIZ+BIO RAIZ MAIS+BIO MEGA+BIO HIDRIC+BIO AZ";"Todo";"Logística";"Logística";"22/03/2025"
"21/03/2025";"120";"Tabaco";"PRO K";"AB";"OK";"Realizado";"22/03/2025"
"21/03/2025";"37";"Tabaco";"SOLU LEAF+BIO RAIZ PLUS+BIO RAIZ MAIS";"Todo";"OK";"Realizado";"22/03/2025"
"24/03/2025";"119";"Tabaco";"PRO K+ACIDO BORICO";"Todo";"OK";"Realizado";"25/03/2025"
"24/03/2025";"39";"Algodão";"BIO RAIZ+BIO RAIZ MAIS+BIO MEGA+BIO HIDRIC+BIO AZ";"Todo";"OK";"Realizado";"25/03/2025"
"24/03/2025";"27";"Cacau";"BIO MEGA";"Todo";"OK";"Realizado";"25/03/2025"
"25/03/2025";"46";"Algodão";"UREIA";"Todo";"OK";"Realizado";"26/03/2025"
"25/03/2025";"118";"Tabaco";"NUTRISYSTEM DESENVOLVIMENTO+ACIDO BORICO";"Todo";"Chuva";"Operacional";"26/03/2025"
"25/03/2025";"63";"Algodão";"BIO FERTILIZANTE";"Todo";"Equipamento Ferti";"Operacional";"26/03/2025"
"26/03/2025";"121";"Tabaco";"PRO K";"Todo";"OK";"Realizado";"27/03/2025"
"26/03/2025";"3";"Tabaco";"SOLULEAF+BIO BALANCE+BIO RAIZ PLUS+ACIDO BORICO";"Todo";"OK";"Realizado";"27/03/2025"
"26/03/2025";"108";"Algodão";"BIO RAIZ+BIO RAIZ MAIS+BIO MEGA+BIO HIDRIC+BIO AZ";"1/2 Pivô";"OK";"Realizado";"27/03/2025"
"27/03/2025";"123";"Tabaco";"NUTRISYSTEM DESENVOLVIMENTO+SULFATO DE MAGNESIO";"Todo";"Chuva";"Operacional";"28/03/2025"
"27/03/2025";"35";"Tabaco";"SOLULEAF+BIO BALANCE+BIO RAIZ PLUS";"Todo";"OK";"Realizado";"28/03/2025"
"27/03/2025";"101";"Algodão";"BIO RAIZ+BIO RAIZ MAIS+BIO MEGA+BIO HIDRIC+BIO AZ";"Todo";"Iluminação Casa de Bombas";"Elétrico";"28/03/2025"
"28/03/2025";"120";"Tabaco";"PRO K";"AB";"Chuva";"Operacional";"29/03/2025"
"28/03/2025";"120";"Tabaco";"NUTRISYSTEM DESENVOLVIMENTO+ACIDO BORICO";"CD";"Chuva";"Operacional";"29/03/2025"
"28/03/2025";"37";"Tabaco";"SOLULEAF+BIO BALANCE+BIO RAIZ PLUS+ACIDO BORICO";"Todo";"OK";"Realizado";"29/03/2025"
"31/03/2025";"120";"Tabaco";"PRO K";"AB";"OK";"Realizado";"01/04/2025"
"31/03/2025";"120";"Tabaco";"NUTRISYSTEM DESENVOLVIMENTO+ACIDO BORICO";"CD";"OK";"Realizado";"01/04/2025"
"01/04/2025";"118";"Tabaco";"ACIDO BORICO";"Todo";"OK";"Realizado";"02/04/2025"
"01/04/2025";"47";"Algodão";"BIO RAIZ+BIO RAIZ MAIS+BIO MEGA+BIO HIDRIC+BIO AZ";"Todo";"Cancelado";"Cancelado";"02/04/2025"
"02/04/2025";"60";"Algodão";"BIO RAIZ+BIO RAIZ MAIS+BIO MEGA+BIO HIDRIC+BIO AZ";"Todo";"OK";"Realizado";"03/04/2025"
"02/04/2025";"35";"Tabaco";"SOLULEAF+BIO BALANCE+BIO RAIZ PLUS+ACIDO BORICO";"Todo";"OK";"Realizado";"03/04/2025"
"02/04/2025";"121";"Tabaco";"PRO K";"Todo";"OK";"Realizado";"03/04/2025"
"03/04/2025";"41";"Algodão";"BIO RAIZ+BIO RAIZ MAIS+BIO MEGA+BIO HIDRIC+BIO AZ";"Todo";"OK";"Realizado";"04/04/2025"
"03/04/2025";"36";"Tabaco";"SOLULEAF+BIO BALANCE+BIO RAIZ PLUS";"Todo";"OK";"Realizado";"04/04/2025"
"03/04/2025";"123";"Tabaco";"NUTRISYSTEM DESENVOLVIMENTO+SULFATO DE MAGNÉSIO";"Todo";"OK";"Realizado";"04/04/2025"
"04/04/2025";"101";"Algodão";"BIO RAIZ+BIO RAIZ MAIS+BIO MEGA+BIO HIDRIC+BIO AZ";"1/2 Pivô";"OK";"Realizado";"05/04/2025"
"04/04/2025";"4";"Tabaco";"NUTRISYSTEM DESENVOLVIMENTO+SULFATO DE MAGNÉSIO";"Todo";"OK";"Realizado";"05/04/2025"
"04/04/2025";"120";"Tabaco";"NUTRISYSTEM DESENVOLVIMENTO+SULFATO DE MAGNÉSIO";"CD";"mudança de Manejo";"Operacional";"05/04/2025"
"07/04/2025";"119";"Tabaco";"NUTRISYSTEM DESENVOLVIMENTO";"Todo";"OK";"Realizado";"07/04/2025"
"07/04/2025";"10";"Milheto";"BIO FERTILIZANTE";"Todo";"OK";"Realizado";"07/04/2025"
"07/04/2025";"43";"Algodão";"BIO RAIZ+BIO RAIZ MAIS+BIO MEGA+BIO HIDRIC+BIO AZ";"Todo";"OK";"Realizado";"07/04/2025"
"08/04/2025";"120";"Tabaco";"NUTRISYSTEM DESENVOLVIMENTO+SULFATO DE MAGNÉSIO";"CD";"OK";"Realizado";"08/04/2025"
"08/04/2025";"120";"Tabaco";"PRO K+BORO";"AB";"OK";"Realizado";"08/04/2025"
"08/04/2025";"3";"Tabaco";"NUTRISYSTEM DESENVOLVIMENTO+SULFATO DE MAGNÉSIO";"Todo";"OK";"Realizado";"08/04/2025"
"09/04/2025";"123";"Tabaco";"PRO K";"Todo";"OK";"Realizado";"09/04/2025"
"09/04/2025";"36";"Tabaco";"SOLULEAF+BIO BALANCE+BIO RAIZ PLUS+BORO";"Todo";"OK";"Realizado";"09/04/2025"
"09/04/2025";"19";"Algodão";"BIO RAIZ+BIO RAIZ MAIS+BIO MEGA+BIO HIDRIC+BIO AZ";"Todo";"OK";"Realizado";"09/04/2025"
"09/04/2025";"25";"Cacau";"BIO AZ+BIO HIDRIC";"Todo";"OK";"Realizado";"09/04/2025"
"10/04/2025";"121";"Tabaco";"PRO K+BORO";"Todo";"OK";"Realizado";"10/04/2025"
"10/04/2025";"38";"Tabaco";"SOLULEAF+BIO BALANCE+BIO RAIZ PLUS";"Todo";"OK";"Realizado";"10/04/2025"
"10/04/2025";"52";"Milheto";"BIO FERTILIZANTE";"Todo";"Estrutura";"Operacional";"10/04/2025"
"11/04/2025";"120";"Tabaco";"PRO K";"CD";"Equipamento Ferti";"Operacional";"11/04/2025"
"11/04/2025";"4";"Tabaco";"NUTRISYSTEM DESENVOLVIMENTO+BORO";"Todo";"Equipamento Ferti";"Operacional";"11/04/2025"
"11/04/2025";"29";"Cacau";"BIO AZ+BIO HIDRIC";"Todo";"OK";"Realizado";"11/04/2025"
"14/04/2025";"37";"Tabaco";"NUTRISYSTEM DESENVOLVIMENTO+SULFATO DE MAGNÉSIO";"Todo";"Equipamento Ferti";"Operacional";"14/04/2025"
"14/04/2025";"123";"Tabaco";"PRO K";"Todo";"Chuva";"Operacional";"14/04/2025"
"14/04/2025";"52";"Tabaco";"BIO FERTILIZANTE";"Todo";"OK";"Realizado";"14/04/2025"
"15/04/2025";"120";"Tabaco";"NUTRISYSTEM DESENVOLVIMENTO";"AB";"Chuva";"Operacional";"15/04/2025"
"15/04/2025";"120";"Tabaco";"PRO K";"CD";"Chuva";"Operacional";"15/04/2025"
"15/04/2025";"38";"Tabaco";"SOLULEAF+BIO BALANCE+BIO RAIZ PLUS+BORO";"Todo";"Chuva";"Operacional";"15/04/2025"
"15/04/2025";"4";"Tabaco";"PRO K";"Todo";"Chuva";"Operacional";"15/04/2025"
"16/04/2025";"3";"Tabaco";"NUTRISYSTEM DESENVOLVIMENTO+BORO";"Todo";"Chuva";"Operacional";"16/04/2025"
"16/04/2025";"1";"Algodão";"BIO RAIZ+BIO RAIZ MAIS+BIO MEGA+BIO HIDRIC+BIO AZ";"Todo";"Redutor";"Mecânico";"16/04/2025"
"16/04/2025";"125";"Gergilin";"BIO FERTILIZANTE";"Todo";"OK";"Realizado";"16/04/2025"
"17/04/2025";"4";"Tabaco";"NUTRISYSTEM DESENVOLVIMENTO+BORO";"Todo";"OK";"Realizado";"17/04/2025"
"17/04/2025";"40";"Tabaco";"SOLULEAF+BIO BALANCE+BIO RAIZ PLUS";"Todo";"Chuva";"Operacional";"17/04/2025"
"17/04/2025";"27";"Cacau";"BIO AZ+BIO HIDRIC";"Todo";"OK";"Realizado";"17/04/2025"
"21/04/2025";"123";"Tabaco";"NUTRISYSTEM  PRO K";"1/2 Pivô";"OK";"Realizado";"22/04/2025"
"21/04/2025";"121";"Tabaco";"NUTRISYSTEM PRO K+BORO";"1/2 Pivô";"OK";"Realizado";"22/04/2025"
"21/04/2025";"3";"Tabaco";"NUTRISYSTEM DESENVOLVIMENTO+BORO";"Todo";"OK";"Realizado";"22/04/2025"
"21/04/2025";"38";"Tabaco";"SOLULEAF+BIO BALANCE+BIO RAIZ PLUS+BORO";"Todo";"OK";"Realizado";"22/04/2025"
"22/04/2025";"120";"Tabaco";"NUTRISYSTEM DESENVOLVIMENTO";"AB";"OK";"Realizado";"23/04/2025"
"22/04/2025";"120";"Tabaco";"NUTRISYSTEM PRO K";"CD";"OK";"Realizado";"22/04/2025"
"22/04/2025";"4";"Tabaco";"NUTRISYSTEM PRO K";"Todo";"OK";"Realizado";"23/04/2025"
"23/04/2025";"37";"Tabaco";"NUTRISYSTEM DESENVOLVIMENTO+SULFATO DE MAGNÉSIO";"Todo";"OK";"Realizado";"23/04/2025"
"23/04/2025";"40";"Tabaco";"SOLULEAF+BIO BALANCE+BIO RAIZ PLUS+BORO";"Todo";"OK";"Realizado";"23/04/2025"
"23/04/2025";"131";"Milheto";"BIO FERTILIZANTE";"Todo";"OK";"Realizado";"23/04/2025"
"23/04/2025";"1";"Algodão";"BIO RAIZ+BIO RAIZ MAIS+BIO MEGA+BIO HIDRIC+BIO AZ";"1/2 Pivô";"OK";"Realizado";"23/04/2025"
"24/04/2025";"123";"Tabaco";"NUTRISYSTEM  PRO K+BORO";"Todo";"OK";"Realizado";"24/04/2025"
"24/04/2025";"35";"Tabaco";"N DESENVOLVIMENTO+SULFATO DE MAGNÉSIO";"Todo";"OK";"Realizado";"24/04/2025"
"24/04/2025";"25";"Cacau";"BIO SOLUBILIZE";"Todo";"OK";"Realizado";"24/04/2025"
"24/04/2025";"11";"Tabaco";"BIO FERTILIZANTE";"1/2 Pivô";"OK";"Realizado";"24/04/2025"
"25/04/2025";"120";"Tabaco";"NUTRISYSTEM PRO K";"CD";"Chuva";"Operacional";"25/04/2025"
"25/04/2025";"29";"Cacau";"BIO SOLUBILIZE";"Todo";"Operação Ferti";"Operacional";"25/04/2025"
"25/04/2025";"4";"Tabaco";"NUTRISYSTEM PRO K";"Todo";"OK";"Realizado";"25/04/2025"
"25/04/2025";"11";"Tabaco";"BIO FERTILIZANTE";"1/2 Pivô";"OK";"Realizado";"25/04/2025"
"29/04/2025";"3";"Tabaco";"NUTRISYSTEM DESENVOLVIMENTO";"AB";"OK";"Realizado";"29/04/2025"
"29/04/2025";"3";"Tabaco";"NUTRISYSTEM PRO K";"CD";"OK";"Realizado";"30/04/2025"
"29/04/2025";"120";"Tabaco";"NUTRISYSTEM PRO K";"CD";"Chuva";"Operacional";"30/04/2025"
"30/04/2025";"4";"Tabaco";"NUTRISYSTEM PRO K";"Todo";"OK";"Realizado";"01/05/2025"
"30/04/2025";"35";"Tabaco";"NUTRISYSTEM DESENVOLVIMENTO+BORO";"Todo";"OK";"Realizado";"01/05/2025"
"01/05/2025";"5";"Tabaco";"SOLUBIORAIZ PERFORMANCE+BIO BALANCE+BIO RAIZ PLUS";"Todo";"OK";"Realizado";"02/05/2025"
"01/05/2025";"36";"Tabaco";"NUTRISYSTEM DESENVOLVIMENTO+SULFATO DE MAGNÉSIO";"Todo";"Operação Preparo";"Operacional";"02/05/2025"
"01/05/2025";"27";"Cacau";"BIO SOLUBILIZE";"Todo";"OK";"Realizado";"02/05/2025"
"02/05/2025";"37";"Tabaco";"NUTRISYSTEM DESENVOLVIMENTO+BORO";"Todo";"OK";"Realizado";"03/05/2025"
"02/05/2025";"3";"Tabaco";"NUTRISYSTEM PRO K";"AB";"Chuva";"Operacional";"03/05/2025"
"02/05/2025";"6";"Tabaco";"SOLUBIORAIZ PERFORMANCE+BIO BALANCE+BIO RAIZ PLUS";"Todo";"OK";"Realizado";"02/05/2025"
"02/05/2025";"120";"Tabaco";"NUTRISYSTEM PRO K+BORO";"CD";"OK";"Realizado";"03/05/2025"
"06/05/2025";"120";"Tabaco";"NUTRISYSTEM PRO K";"CD";"OK";"Realizado";"07/05/2025"
"06/05/2025";"3";"Tabaco";"NUTRISYSTEM PRO K";"Todo";"OK";"Realizado";"07/05/2025"
"06/05/2025";"4";"Tabaco";"PRO K+BORO";"Todo";"OK";"Realizado";"07/05/2025"
"06/05/2025";"59";"Algodão";"BIO AZ";"1/2 Pivô";"OK";"Realizado";"07/05/2025"
"07/05/2025";"121";"Tabaco";"NUTRISYSTEM DESENVOLVIMENTO";"Todo";"OK";"Realizado";"08/05/2025"
"07/05/2025";"36";"Tabaco";"NUTRISYSTEM DESENVOLVIMENTO+SULFATO DE MAGNÉSIO";"Todo";"OK";"Realizado";"09/05/2025"
"07/05/2025";"12";"Milheto";"BIO FERTILIZANTE";"1/2 Pivô";"OK";"Realizado";"08/05/2025"
"07/05/2025";"59";"Algodão";"BIO AZ";"1/2 Pivô";"OK";"Realizado";"10/05/2025"
"08/05/2025";"5";"Tabaco";"SOLUBIORAIZ PERFORMANCE+BIO BALANCE+BIO RAIZ PLUS+BORO";"Todo";"OK";"Realizado";"09/05/2025"
"08/05/2025";"6";"Tabaco";"SOLUBIORAIZ PERFORMANCE+BIO BALANCE+BIO RAIZ PLUS+BORO";"Todo";"OK";"Realizado";"09/05/2025"
"08/05/2025";"123";"Tabaco";"NUTRISYSTEM DESENVOLVIMENTO";"Todo";"Cancelado";"Cancelado";"09/05/2025"
"08/05/2025";"38";"Tabaco";"NUTRISYSTEM DESENVOLVIMENTO+SULFATO DE MAGNÉSIO";"Todo";"OK";"Realizado";"09/05/2025"
"09/05/2025";"7";"Tabaco";"SOLUBIORAIZ PERFORMANCE+BIO BALANCE+BIO RAIZ PLUS";"Todo";"OK";"Realizado";"10/05/2025"
"09/05/2025";"37";"Tabaco";"NUTRISYSTEM PRO K";"Todo";"OK";"Realizado";"10/05/2025"
"09/05/2025";"29";"Cacau";"BIO SOLUBILIZE";"Todo";"OK";"Realizado";"10/05/2025"
"09/05/2025";"3";"Tabaco";"NUTRISYSTEM PRO K";"AB";"OK";"Realizado";"09/05/2025"
"12/05/2025";"35";"Tabaco";"PRO K";"Todo";"OK";"Realizado";"13/05/2025"
"12/05/2025";"3";"Tabaco";"NUTRISYSTEM DESENVOLVIMENTO";"Todo";"OK";"Realizado";"13/05/2025"
"12/05/2025";"51";"Algodão";"TEC BUG+TEC CATP+TEC WHITE";"1/2 Pivô";"OK";"Realizado";"13/05/2025"
"12/05/2025";"127";"Feijão";"BIO FERTILIZANTE";"1/2 Pivô";"OK";"Realizado";"14/05/2025"
"13/05/2025";"40";"Tabaco";"NUTRISYSTEM DESENVOLVIMENTO+SULFATO DE MAGNÉSIO";"Todo";"OK";"Realizado";"14/05/2025"
"13/05/2025";"38";"Tabaco";"NUTRISYSTEM DESENVOLVIMENTO+BORO";"Todo";"OK";"Realizado";"14/05/2025"
"13/05/2025";"51";"Algodão";"TEC BUG+TEC CATP+TEC WHITE";"1/2 Pivô";"OK";"Realizado";"14/05/2025"
"12/05/2025";"35";"Tabaco";"PRO K";"Todo";"OK";"Realizado";"13/05/2025"
"12/05/2025";"3";"Tabaco";"NUTRISYSTEM DESENVOLVIMENTO";"Todo";"OK";"Realizado";"13/05/2025"
"12/05/2025";"51";"Algodão";"TEC BUG+TEC CATP+TEC WHITE";"1/2 Pivô";"OK";"Realizado";"13/05/2025"
"12/05/2025";"127";"Feijão";"BIO FERTILIZANTE";"1/2 Pivô";"OK";"Realizado";"13/05/2025"
"13/05/2025";"40";"Tabaco";"NUTRISYSTEM DESENVOLVIMENTO+SULFATO DE MAGNÉSIO";"Todo";"OK";"Realizado";"14/05/2025"
"13/05/2025";"38";"Tabaco";"NUTRISYSTEM DESENVOLVIMENTO+BORO";"Todo";"OK";"Realizado";"14/05/2025"
"13/05/2025";"51";"Algodão";"TEC BUG+TEC CATP+TEC WHITE";"1/2 Pivô";"OK";"Realizado";"14/05/2025"
"13/05/2025";"127";"Feijão";"BIO FERTILIZANTE";"1/2 Pivô";"OK";"Realizado";"14/05/2025"
"14/05/2025";"36";"Tabaco";"NUTRISYSTEM DESENVOLVIMENTO+BORO";"Todo";"OK";"Realizado";"15/05/2025"
"14/05/2025";"25";"Cacau";"BIO RAIZ";"Todo";"OK";"Realizado";"15/05/2025"
"14/05/2025";"35";"Tabaco";"PRO K";"Todo";"OK";"Realizado";"15/05/2025"
"14/05/2025";"129";"Feijão";"BIO FERTILIZANTE";"1/2 Pivô";"OK";"Realizado";"15/05/2025"
"15/05/2025";"38";"Tabaco";"SOLUBIORAIZ PERFORMANCE+BIO BALANCE+BIO RELEASE";"Todo";"OK";"Realizado";"16/05/2025"
"15/05/2025";"8";"Tabaco";"SOLUBIORAIZ PERFORMANCE+BIO BALANCE+BIO RELEASE";"Todo";"OK";"Realizado";"16/05/2025"
"15/05/2025";"3";"Tabaco";"PRO K+ BORO";"AB";"mudança de Manejo";"Operacional";"16/05/2025"
"15/05/2025";"27";"Cacau";"BIO RAIZ";"Todo";"OK";"Realizado";"16/05/2025"
"16/05/2025";"37";"Tabaco";"PRO K";"Todo";"mudança de Manejo";"Operacional";"17/05/2025"
"16/05/2025";"7";"Tabaco";"SOLUBIORAIZ PERFORMANCE+BIO BALANCE+BIO RELEASE+BORO";"Todo";"Funcionário Indisponível";"Operacional";"17/05/2025"
"16/05/2025";"29";"Cacau";"BIO RAIZ";"Todo";"Equipamento Ferti";"Operacional";"17/05/2025"
"16/05/2025";"3";"Tabaco";"PRO K+ BORO";"CD";"mudança de Manejo";"Operacional";"17/05/2025"
"19/05/2025";"3";"Tabaco";"PRO K +BORO";"Todo";"OK";"Realizado";"20/05/2025"
"19/05/2025";"37";"Tabaco";"PRO K +BORO";"Todo";"Solo Umido";"Operacional";"20/05/2025"
"20/05/2025";"129";"Feijão";"BIO FERTILIZANTE";"1/2 Pivô";"Apoio com Caminhão Exotérmico";"Logística";"20/05/2025"
"20/05/2025";"35";"Tabaco";"PRO K+BORO";"Todo";"OK";"Realizado";"21/05/2025"
"20/05/2025";"40";"Tabaco";"NUTRISYSTEM DESENVOLVIMENTO+BORO";"Todo";"OK";"Realizado";"21/05/2025"
"21/05/2025";"4";"Tabaco";"NUTRISYSTEM DESENVOLVIMENTO";"Todo";"OK";"Realizado";"22/05/2025"
"21/05/2025";"36";"Tabaco";"PRO K";"Todo";"OK";"Realizado";"22/05/2025"
"21/05/2025";"123";"Tabaco";"TEC CATP";"Todo";"OK";"Realizado";"22/05/2025"
"22/05/2025";"5";"Tabaco";"NUTRISYSTEM DESENVOLVIMENTO+BORO";"Todo";"OK";"Realizado";"23/05/2025"
"22/05/2025";"8";"Tabaco";"SOLUBIORAIZ PERFORMANCE+BIO BALANCE+BIO RELEASE+BORO";"Todo";"OK";"Realizado";"23/05/2025"
"22/05/2025";"38";"Tabaco";"PRO K";"Todo";"Pulverização";"Operacional";"23/05/2025"
"22/05/2025";"121";"Tabaco";"TEC CATP";"Todo";"OK";"Realizado";"23/05/2025"
"23/05/2025";"9";"Tabaco";"SOLUBIORAIZ PERFORMANCE+BIO BALANCE+BIO RELEASE";"Todo";"OK";"Realizado";"24/05/2025"
"23/05/2025";"37";"Tabaco";"PRO K";"Todo";"OK";"Realizado";"23/05/2025"
"23/05/2025";"127";"Feijão";"BIO FERTILIZANTE";"Todo";"OK";"Realizado";"24/05/2025"
"23/05/2025";"29";"Cacau";"BIO AZ+BIO HIDRIC";"Todo";"OK";"Realizado";"23/05/2025"
"26/05/2025";"28";"Milheto";"BIO FERTILIZANTE";"1/2 Pivô";"OK";"Realizado";"26/05/2025"
"26/05/2025";"6";"Tabaco";"NUTRISYSTEM DESENVOLVIMENTO+SULFATO DE MAGNÉSIO";"Todo";"OK";"Realizado";"27/05/2025"
"26/05/2025";"129";"Feijão";"BIO FERTILIZANTE";"1/2 Pivô";"OK";"Realizado";"26/05/2025"
"26/05/2025";"28";"Milheto";"BIO FERTILIZANTE";"1/2 Pivô";"OK";"Realizado";"26/05/2025"
"27/05/2025";"7";"Tabaco";"SOLUBIORAIZ PERFORMANCE+BIO BALANCE+BIO RELEASE+BORO";"Todo";"OK";"Realizado";"27/05/2025"
"27/05/2025";"38";"Tabaco";"PRO K";"Todo";"OK";"Realizado";"27/05/2025"
"27/05/2025";"115";"Milho Semente";"BAZUCA+MATCH";"Todo";"OK";"Realizado";"30/05/2025"
"27/05/2025";"130";"Milho Semente";"BAZUCA+MATCH";"Todo";"OK";"Realizado";"29/05/2025"
"28/05/2025";"36";"Tabaco";"PRO K";"Todo";"OK";"Realizado";"29/05/2025"
"29/05/2025";"5";"Tabaco";"NUTRISYSTEM DESENVOLVIMENTO+SULFATO DE MAGNÉSIO";"Todo";"OK";"Realizado";"30/05/2025"
"30/05/2025";"25";"Cacau";"BIO AZ+BIO HIDRIC";"Todo";"OK";"Realizado";"29/05/2025"
"31/05/2025";"40";"Tabaco";"PRO K";"Todo";"OK";"Realizado";"28/05/2025"
"29/05/2025";"128";"Gergilim";"BIO FERTILIZANTE";"Todo";"Apoio com Caminhão Exotérmico";"Logística";"29/05/2025"
"30/05/2025";"10";"Tabaco";"SOLUBIORAIZ PERFORMANCE+BIO BALANCE+BIO RELEASE";"Todo";"OK";"Realizado";"30/01/1900"
"31/05/2025";"27";"Cacau";"BIO AZ+BIO HIDRIC";"Todo";"OK";"Realizado";"30/05/2025"
"30/05/2025";"9";"Tabaco";"SOLUBIORAIZ PERFORMANCE+BIO BALANCE+BIO RELEASE+BORO";"Todo";"OK";"Realizado";"31/05/2025"
"30/05/2025";"127";"Feijão";"BIO FERTILIZANTE";"Todo";"OK";"Realizado";"28/05/2025"
"30/05/2025";"35";"Tabaco";"NUTRISYSTEM DESENVOLVIMENTO";"ACD";"OK";"Realizado";"31/05/2025"
"30/05/2025";"37";"Tabaco";"PRO K+BORO";"Todo";"OK";"Realizado";"31/05/2025"
"03/06/2025";"38";"Tabaco";"PRO K";"Todo";"OK";"Realizado";"04/06/2025"
"03/06/2025";"40";"Tabaco";"PRO K";"Todo";"Apoio do Munck";"Logística";"04/06/2025"
"03/06/2025";"25";"Cacau";"BIO FERTILIZANTE";"Todo";"OK";"Realizado";"04/06/2025"
"03/06/2025";"129";"Feijão";"BIO FERTILIZANTE";"1/2 Pivô";"OK";"Realizado";"04/06/2025"
"04/06/2025";"6";"Tabaco";"NUTRISYSTEM DESENVOLVIMENTO+BORO";"Todo";"OK";"Realizado";"05/06/2025"
"04/06/2025";"36";"Tabaco";"PRO K+BORO";"Todo";"OK";"Realizado";"05/06/2025"
"04/06/2025";"28";"Milho Semente";"BIO FERTILIZANTE+BIO HIDRIC+BIO BALANCE+BIO RAIZ+BIO SOLUBILZE";"Todo";"OK";"Realizado";"05/06/2025"
"04/06/2025";"128";"Gergilim";"BIO FERTILIZANTE";"Todo";"OK";"Realizado";"05/06/2025"
"05/06/2025";"7";"Tabaco";"NUTRISYSTEM DESENVOLVIMENTO+MAGNÉSIO";"Todo";"OK";"Realizado";"06/06/2025"
"05/06/2025";"10";"Tabaco";"SOLUBIORAIZ PERFORMANCE+BIO BALANCE+BIO RELEASE+BORO";"Todo";"OK";"Realizado";"06/06/2025"
"05/06/2025";"29";"Cacau";"BIO FERTILIZANTE";"AB";"Adutora Estourada";"Mecânico";"06/06/2025"
"05/06/2025";"5";"Tabaco";"PRO K";"Todo";"OK";"Realizado";"06/05/2025"
"06/06/2025";"29";"Cacau";"BIO FERTILIZANTE";"CD";"Falta de Produto";"Operacional";"06/05/2025"
"06/06/2025";"38";"Tabaco";"PRO K+BORO";"Todo";"Equipamento Ferti";"Operacional";"06/05/2025"
"06/06/2025";"11";"Tabaco";"SOLUBIORAIZ PERFORMANCE+BIO BALANCE+BIO RELEASE";"Todo";"Falta de Energia";"Elétrico";"06/05/2025"
"06/06/2025";"133";"Gergilim";"BIO FERTILIZANTE";"1/2 Pivô";"Falta de Produto";"Operacional";"06/05/2025"
"09/06/2025";"8";"Tabaco";"NUTRISYSTEM DESENVOLVIMENTO+MAGNÉSIO";"Todo";"OK";"Realizado";"10/06/2025"
"09/06/2025";"40";"Tabaco";"PRO K";"Todo";"OK";"Realizado";"10/06/2025"
"10/06/2025";"6";"Tabaco";"PRO K";"Todo";"OK";"Realizado";"10/06/2025"
"10/06/2025";"27";"Cacau";"BIO FERTILIZANTE";"Todo";"OK";"Realizado";"11/06/2025"
"11/06/2025";"7";"Tabaco";"NUTRISYSTEM DESENVOLVIMENTO+BORO";"Todo";"OK";"Realizado";"12/06/2025"
"11/06/2025";"40";"Tabaco";"PRO K+BORO";"Todo";"OK";"Realizado";"12/06/2025"
"11/06/2025";"128";"Gergilim";"TEC BUG+TEC CATP+TEC FINISH+BIO RAIZ+BIO SOLUBILIZE";"Todo";"OK";"Realizado";"12/06/2025"
"11/06/2025";"129";"Milheto";"TEC BUG+TEC CATP+TEC FINISH";"1/2 Pivô";"OK";"Realizado";"12/06/2025"
"12/06/2025";"130";"Milho Semente";"TEC CATP+TEC FINISH";"Todo";"OK";"Realizado";"13/06/2025"
"12/06/2025";"12";"Tabaco";"SOLUBIORAIZ PERFORMANCE+BIO BALANCE+BIO RELEASE";"Todo";"OK";"Realizado";"13/06/2025"
"12/06/2025";"5";"Tabaco";"PRO K";"Todo";"OK";"Realizado";"13/06/2025"
"12/06/2025";"29";"Cacau";"BIO FERTILIZANTE";"ACD";"OK";"Realizado";"13/06/2025"
"13/06/2025";"11";"Tabaco";"SOLUBIORAIZ PERFORMANCE+BIO BALANCE+BIO RELEASE+BORO";"Todo";"OK";"Realizado";"13/06/2025"
"13/06/2025";"133";"Gergilim";"TEC BUG+TEC CATP+TEC FINISH+BIO RAIZ+BIO SOLUBILIZE";"Todo";"Falta de Energia";"Elétrico";"14/06/2025"
"13/06/2025";"132";"Gergilim";"TEC BUG+TEC CATP+TEC FINISH+BIO RAIZ+BIO SOLUBILIZE";"Todo";"OK";"Realizado";"13/06/2025"
"13/06/2025";"28";"Milho";"BIO FERTILIZANTE+BIO AZ";"Todo";"OK";"Realizado";"14/06/2025"
"16/06/2025";"6";"Tabaco";"PRO K";"Todo";"OK";"Realizado";"17/06/2025"
"16/06/2025";"33";"Algodão";"KCL";"Todo";"OK";"Realizado";"17/06/2025"
"16/06/2025";"29";"Cacau";"BIO FERTILIZANTE";"B";"OK";"Realizado";"17/06/2025"
"17/06/2025";"10";"Tabaco";"NUTRISYSTEM DESENVOLVIMENTO+SULFATO DE MAGNÉSIO";"Todo";"OK";"Realizado";"20/06/2025"
"17/06/2025";"34";"Algodão";"KCL";"Todo";"OK";"Realizado";"18/06/2025"
"17/06/2025";"13";"Tabaco";"SOLUBIORAIZ PERFORMANCE+BIO BALANCE+BIO RELEASE";"Todo";"OK";"Realizado";"18/06/2025"
"17/06/2025";"130";"Milho Semente";"BAZUCA+AVATAR+RUMBA";"Todo";"Cancelado";"Cancelado";"18/06/2025"
"18/06/2025";"38";"Tabaco";"PROK+BORO";"Todo";"OK";"Realizado";"18/06/2025"
"18/06/2025";"9";"Tabaco";"NUTRISYSTEM DESENVOLVIMENTO+SULFATO DE MAGNÉSIO";"Todo";"OK";"Realizado";"19/06/2025"
"18/06/2025";"12";"Tabaco";"SOLUBIORAIZ PERFORMANCE+BIO BALANCE+BIO RELEASE+BORO";"Todo";"OK";"Realizado";"20/06/2025"
"19/06/2025";"8";"Tabaco";"NUTRISYSTEM DESENVOLVIMENTO+BORO";"Todo";"OK";"Realizado";"20/06/2025"
"19/06/2025";"25";"Cacau";"BIO AZ+BIO HIDRIC";"Todo";"Contator";"Elétrico";"20/06/2025"
"19/06/2025";"133";"Feijão";"BIO FERTILIZANTE";"Todo";"OK";"Realizado";"20/06/2025"
"20/06/2025";"7";"Tabaco";"PRO K";"Todo";"OK";"Realizado";"21/06/2025"
"20/06/2025";"5";"Tabaco";"PRO K+BORO";"Todo";"Trator";"Mecânico";"21/06/2025"
"20/06/2025";"129";"Feijão";"BIO FERTILIZANTE";"1/2 Pivô";"Apoio do Munck";"Logística";"21/06/2025"
"20/06/2025";"29";"Cacau";"BIO AZ+BIO HIDRIC";"Todo";"OK";"Realizado";"21/06/2025"
"20/06/2025";"115";"Milho Semente";"SAMURAI+BAZUCA+RUMBA";"Todo";"OK";"Realizado";"21/06/2025"
"24/06/2025";"115";"Milho Semente";"CAPATAZ+CLORFENAPIR+BUMBA";"1/2 Pivô";"OK";"Realizado";"15/06/2025"
"24/06/2025";"5";"Tabaco";"PRO K+BORO";"Todo";"OK";"Realizado";"26/06/2025"
"24/06/2025";"7";"Tabaco";"PRO K";"Todo";"OK";"Realizado";"25/06/2025"
"25/06/2025";"115";"Milho Semente";"CAPATAZ+CLORFENAPIR+BUMBA";"1/2 Pivô";"OK";"Realizado";"25/06/2025"
"25/06/2025";"8";"Tabaco";"PROK";"Todo";"Trator";"Mecânico";"25/06/2025"
"25/06/2025";"25";"Cacau";"BIO AZ+BIO HIDRIC";"1/2 Pivô";"OK";"Realizado";"25/06/2025"
"25/06/2025";"129";"Feijão";"BIO FERTILIZANTE";"1/2 Pivô";"OK";"Realizado";"27/06/2025"
"26/06/2025";"130";"Milho Semente";"CAPATAZ+CLORFENAPIR+BUMBA";"1/2 Pivô";"OK";"Realizado";"26/06/2025"
"26/06/2025";"52";"Tabaco";"SOLUBIORAIZ PERFORMANCE+BIO BALANCE+BIO RELEASE";"Todo";"OK";"Realizado";"26/06/2025"
"26/06/2025";"10";"Tabaco";"NUTRISYSTEM DESENVOLVIMENTO+BORO";"Todo";"OK";"Realizado";"27/06/2025"
"26/06/2025";"14";"Tabaco";"SOLUBIORAIZ PERFORMANCE+BIO BALANCE+BIO RELEASE+BORO";"Todo";"OK";"Realizado";"27/06/2025"
"26/06/2025";"38";"Tabaco";"NUTRISYSTEM DESENVOLVIMENTO";"Todo";"OK";"Realizado";"27/06/2025"
"27/06/2025";"130";"Milho Semente";"CAPATAZ+CLORFENAPIR+BUMBA";"1/2 Pivô";"OK";"Realizado";"26/06/2025"
"27/06/2025";"9";"Tabaco";"NUTRISYSTEM DESENVOLVIMENTO+BORO";"Todo";"OK";"Realizado";"27/06/2025"
"27/06/2025";"11";"Tabaco";"NUTRISYSTEM DESENVOLVIMENTO+MAGNESIO";"Todo";"Equipamento Ferti";"Operacional";"27/06/2025"
"27/06/2025";"13";"Tabaco";"SOLUBIORAIZ PERFORMANCE+BIO BALANCE+BIO RELEASE+BORO";"Todo";"OK";"Realizado";"27/06/2025"
"27/06/2025";"6";"Tabaco";"PRO K+BORO";"Todo";"OK";"Realizado";"27/06/2025"
"30/06/2025";"8";"Tabaco";"PROK";"Todo";"OK";"Realizado";"01/07/2025"
"30/06/2025";"6";"Tabaco";"PROK+BORO";"Todo";"OK";"Realizado";"01/07/2025"
"30/06/2025";"29";"Cacau";"BIO FERTILIZANTE+SULFATO DE ZINCO";"Todo";"OK";"Realizado";"01/07/2025"
"30/06/2025";"9";"Tabaco";"PRO K";"AB";"OK";"Realizado";"30/07/2025"
"01/07/2025";"25";"Cacau";"BIO FERTILIZANTE+SULFATO DE MANGANES+SULFATO DE ZINCO";"ACD";"OK";"Realizado";"03/07/2025"
"01/07/2025";"115";"Milho Semente";"UREIA+SULFATO DE MAGNÉSIO";"Todo";"OK";"Realizado";"02/07/2025"
"01/07/2025";"25";"Cacau";"BIO FERTILIZANTE";"B";"OK";"Realizado";"02/07/2025"
"01/07/2025";"12";"Tabaco";"NUTRISYSTEM DESENVOLVIMENTO+SULFATO DE MAGNESIO";"Todo";"OK";"Realizado";"02/07/2025"
"01/07/2025";"9";"Tabaco";"PRO K";"CD";"OK";"Realizado";"01/07/2025"
"02/07/2025";"27";"Cacau";"BIO MEGA";"Todo";"OK";"Realizado";"04/07/2025"
"02/07/2025";"7";"Tabaco";"PRO K+BORO";"Todo";"OK";"Realizado";"03/07/2025"
"02/07/2025";"11";"Tabaco";"NUTRISYSTEM DESENVOLVIMENTO+BORO";"AB";"OK";"Realizado";"02/07/2025"
"03/07/2025";"130";"Milho Semente";"UREIA+SULFATO DE MAGNÉSIO";"Todo";"OK";"Realizado";"04/07/2025"
"03/07/2025";"10";"Tabaco";"PRO K";"Todo";"mudança de Manejo";"Operacional";"04/07/2025"
"03/07/2025";"52";"Tabaco";"SOLUBIORAIZ PERFORMANCE+BIO BALANCE+BIO RELEASE+BORO";"Todo";"OK";"Realizado";"04/07/2025"
"03/07/2025";"11";"Tabaco";"NUTRISYSTEM DESENVOLVIMENTO+BORO";"CD";"OK";"Realizado";"03/07/2025"
"04/07/2025";"42";"Tabaco";"SOLUBIORAIZ PERFORMANCE+BIO BALANCE+BIO RELEASE";"Todo";"OK";"Realizado";"05/07/2025"
"04/07/2025";"8";"Tabaco";"PRO K";"Todo";"OK";"Realizado";"04/07/2025"
"04/07/2025";"11";"Tabaco";"NUTRISYSTEM DESENVOLVIMENTO+MAGNESIO";"Todo";"OK";"Realizado";"03/07/2025"
"08/07/2025";"10";"Tabaco";"PRO K";"Todo";"OK";"Realizado";"09/07/2025"
"08/07/2025";"29";"Cacau";"SULFATO DE MANGANES";"Todo";"OK";"Realizado";"09/07/2025"
"08/07/2025";"12";"Tabaco";"NUTRISYSTEM DESENVOLVIMENTO+BORO";"Todo";"OK";"Realizado";"09/07/2025"
"09/07/2025";"27";"Cacau";"BIO FERTILIZANTE";"Todo";"OK";"Realizado";"10/07/2025"
"09/07/2025";"9";"Tabaco";"PRO K";"Todo";"OK";"Realizado";"10/07/2025"
"09/07/2025";"11";"Tabaco";"PRO K";"Todo";"OK";"Realizado";"10/07/2025"
"09/07/2025";"28";"Milho";"UREIA";"1/2 Pivô";"OK";"Realizado";"10/07/2025"
"09/07/2025";"8";"Tabaco";"NUTRISYSTEM DESENVOLVIMENTO+BORO";"BC";"OK";"Realizado";"11/07/2025"
"11/07/2025";"104";"Milho Semente";"BIO FERTILIZANTE";"Todo";"OK";"Realizado";"12/07/2025"
"11/07/2025";"42";"Tabaco";"SOLUBIORAIZ PERFORMANCE+BIO BALANCE+BIO RELEASE+BORO";"Todo";"mudança de Manejo";"Operacional";"12/07/2025"
"11/07/2025";"13";"Tabaco";"NUTRISYSTEM DESENVOLVIMENTO+SULFATO DE MAGNESIO";"Todo";"OK";"Realizado";"11/07/2025"
"11/07/2025";"28";"Milho";"UREIA";"1/2 Pivô";"OK";"Realizado";"11/07/2025"
"14/07/2025";"115";"Milho Semente";"UREIA + SULFATO DE MAGNÉSIO";"Todo";"OK";"Realizado";"15/07/2025"
"14/07/2025";"11";"Tabaco";"PRO K";"Todo";"OK";"Realizado";"15/07/2025"
"14/07/2025";"28";"Milho";"CLORFENAPIR";"Todo";"OK";"Realizado";"12/07/2025"
"15/07/2025";"130";"Milho Semente";"UREIA + SULFATO DE MAGNÉSIO";"Todo";"OK";"Realizado";"16/07/2025"
"15/07/2025";"14";"Tabaco";"NUTRISYSTEM DESENVOLVIMENTO + SULFATO DE MAGNÉSIO";"Todo";"OK";"Realizado";"16/07/2025"
"16/07/2025";"130";"Milho Semente";"BIO FERTILIZANTE+EXALT";"Todo";"OK";"Realizado";"17/07/2025"
"16/07/2025";"10";"Tabaco";"PRO K+BORO";"Todo";"OK";"Realizado";"17/07/2025"
"16/07/2025";"68";"Milho";"BIO MEGA+BIOHIDRIC+BIORAIZ+BIORAIZ MAIS";"Todo";"OK";"Realizado";"17/07/2025"
"16/07/2025";"28";"Milho";"UREIA+BIO MEGA+BIOHIDRIC+BIORAIZ+BIORAIZ MAIS";"Todo";"OK";"Realizado";"17/07/2025"
"17/07/2025";"115";"Milho Semente";"BIO FERTILIZANTE";"Todo";"OK";"Realizado";"18/07/2025"
"17/07/2025";"9";"Tabaco";"PRO K+BORO";"Todo";"mudança de Manejo";"Operacional";"17/07/2025"
"17/07/2025";"12";"Tabaco";"PRO K+BIO BALANCE+BIO RELEASE";"Todo";"OK";"Realizado";"18/07/2025"
"17/07/2025";"46";"Tabaco";"SOLUBIORAIZ PERFORMANCE+BIO BALANCE+BIO RELEASE";"Todo";"OK";"Realizado";"18/07/2025"
"18/07/2025";"13";"Tabaco";"NUTRISYSTEM DESENVOLVIMENTO+BORO";"Todo";"OK";"Realizado";"18/07/2025"
"18/07/2025";"42";"Tabaco";"SOLUBIORAIZ PERFORMANCE+BIO BALANCE+BIO RELEASE+BORO";"Todo";"OK";"Realizado";"18/07/2025"
"18/07/2025";"14";"Tabaco";"BIO BALANCE+BIO RELEASE";"Todo";"OK";"Realizado";"18/07/2025"
"18/07/2025";"9";"Tabaco";"DRIPSOL MANUTENÇÃO";"AD";"OK";"Realizado";"18/07/2025"
"18/07/2025";"133";"Gergelin";"UREIA";"1/2 Pivô";"OK";"Realizado";"18/07/2025"
"21/07/2025";"9";"Tabaco";"PRO K+BORO";"Todo";"OK";"Realizado";"22/07/2025"
"21/07/2025";"28";"Milho";"UREIA+CLORFENAPIR";"Todo";"OK";"Realizado";"22/07/2025"
"21/07/2025";"115";"Milho Semente";"EXALT+OCHIMA";"1/2 Pivô";"OK";"Realizado";"22/07/2025"
"22/07/2025";"11";"Tabaco";"PRO K+BORO";"Todo";"OK";"Realizado";"23/07/2025"
"22/07/2025";"14";"Tabaco";"NUTRISYSTEM DESENVOLVIMENTO+BORO";"Todo";"OK";"Realizado";"23/07/2025"
"22/07/2025";"115";"Milho Semente";"EXALT+OCHIMA";"1/2 Pivô";"OK";"Realizado";"23/07/2025"
"23/07/2025";"52";"Tabaco";"NUTRISYSTEM DESENVOLVIMENTO + SULFATO DE MAGNÉSIO";"Todo";"OK";"Realizado";"24/07/2025"
"23/07/2025";"130";"Milho Semente";"EXALT+OCHIMA";"Todo";"OK";"Realizado";"24/07/2025"
"23/07/2025";"9";"Tabaco";"DRIPSOL MANUTENÇÃO";"B";"OK";"Realizado";"24/07/2025"
"24/07/2025";"12";"Tabaco";"PRO K";"Todo";"Trator";"Mecânico";"24/07/2025"
"24/07/2025";"46";"Tabaco";"SOLUBIORAIZ PERFORMANCE+BIO BALANCE+BIO RELEASE+BORO";"Todo";"OK";"Realizado";"24/07/2025"
"24/07/2025";"62";"Tabaco";"SOLUBIORAIZ PERFORMANCE+BIO BALANCE+BIO RELEASE";"Todo";"OK";"Realizado";"25/07/2025"
"24/07/2025";"108";"Milho Semente";"UREIA+SULFATO DE MAGNÉSIO";"Todo";"OK";"Realizado";"25/07/2025"
"25/07/2025";"13";"Tabaco";"PRO K";"Todo";"Trator";"Mecânico";"25/07/2025"
"25/07/2025";"69";"Tabaco";"SOLUBIORAIZ PERFORMANCE+BIO BALANCE+BIO RELEASE";"Todo";"OK";"Realizado";"25/07/2025"
"25/07/2025";"104";"Milho Semente";"UREIA+SULFATO DE MAGNÉSIO";"Todo";"OK";"Realizado";"25/07/2025"
"25/07/2025";"42";"Tabaco";"SOLUBIORAIZ PERFORMANCE+BIO BALANCE+BIO RELEASE";"Todo";"OK";"Realizado";"25/07/2025"
"28/07/2025";"130";"Milho Semente";"UREIA+SULFATO DE MAGNESIO";"1/2 Pivô";"OK";"Realizado";"28/07/2025"
"28/07/2025";"12";"Tabaco";"PRO K";"Todo";"OK";"Realizado";"30/07/2025"
"28/07/2025";"108";"Milho Semente";"EXALT+OCHIMA";"1/2 Pivô";"OK";"Realizado";"29/07/2025"
"28/07/2025";"7";"Tabaco";"NITRATO DE MAGNESIO";"Todo";"OK";"Realizado";"29/07/2025"
"28/07/2025";"7";"Tabaco";"NITTRATO DE MAGNESIO+DRIPSOL ENERGIA";"AD";"OK";"Realizado";"29/07/2025"
"29/07/2025";"130";"Milho Semente";"UREIA+SULFATO DE MAGNESIO";"1/2 Pivô";"OK";"Realizado";"02/08/2025"
"29/07/2025";"14";"Tabaco";"PRO K";"Todo";"Trator";"Mecânico";"02/08/2025"
"29/07/2025";"108";"Milho Semente";"EXALT+OCHIMA";"1/2 Pivô";"OK";"Realizado";"30/07/2025"
"30/07/2025";"28";"Milho";"UREIA+CLOFERNAPI";"Todo";"OK";"Realizado";"31/07/2025"
"30/07/2025";"62";"Tabaco";"SOLUBIORAIZ PERFORMANCE+BIO BALANCE+BIO RELEASE+BORO";"Todo";"OK";"Realizado";"31/07/2025"
"30/07/2025";"104";"Milho Semente";"EXALT+OCHIMA";"1/2 Pivô";"OK";"Realizado";"31/07/2025"
"30/07/2025";"25";"Cacau";"SOLUBIO RAIZ PERFORMANCE";"Todo";"OK";"Realizado";"01/08/2025"
"31/07/2025";"27";"Cacau";"SOLUBIO RAIZ PERFORMANCE";"Todo";"OK";"Realizado";"01/08/2025"
"31/07/2025";"52";"Tabaco";"NUTRISYSTEM DESENVOLVIMENTO+BORO";"Todo";"OK";"Realizado";"01/08/2025"
"31/07/2025";"54";"Tabaco";"SOLUBIORAIZ PERFORMANCE+BIO BALANCE+BIO RELEASE";"Todo";"OK";"Realizado";"01/08/2025"
"31/07/2025";"104";"Milho Semente";"EXALT+OCHIMA";"1/2 Pivô";"OK";"Realizado";"01/08/2025"
"31/07/2025";"115";"Milho Semente";"UREIA+SULFATO DE MAGNESIO";"Todo";"OK";"Realizado";"01/08/2025"
"01/08/2025";"29";"Cacau";"SOLUBIO RAIZ PERFORMANCE";"Todo";"OK";"Realizado";"02/08/2025"
"01/08/2025";"69";"Tabaco";"SOLUBIORAIZ PERFORMANCE+BIO BALANCE+BIO RELEASE+BORO";"Todo";"Deslocamento  Funcionário";"Operacional";"02/08/2025"
"01/08/2025";"13";"Tabaco";"PRO K";"Todo";"OK";"Realizado";"02/08/2025"
"01/08/2025";"108";"Milho Semente";"UREIA+SULFATO DE MAGNESIO";"Todo";"mudança de Manejo";"Operacional";"01/08/2025"
"04/08/2025";"14";"Tabaco";"PRO K";"Todo";"OK";"Realizado";"05/08/2025"
"04/08/2025";"108";"Milho Semente";"UREIA+SULFATO DE MAGNESIO";"Todo";"OK";"Realizado";"05/08/2025"
"04/08/2025";"68";"Milho";"UREIA";"1/2";"OK";"Realizado";"04/08/2025"
"05/08/2025";"104";"Milho Semente";"UREIA+SULFATO DE MAGNESIO";"Todo";"OK";"Realizado";"06/08/2025"
"05/08/2025";"42";"Tabaco";"NUTRISYSTEM DESENVOLVIMENTO+BORO";"Todo";"OK";"Realizado";"06/08/2025"
"05/08/2025";"28";"Milho";"KCL GRANULADO VERMELHO";"1/2";"OK";"Realizado";"06/08/2025"
"05/08/2025";"68";"Milho";"UREIA";"1/2";"OK";"Realizado";"05/08/2025"
"06/08/2025";"28";"Milho";"KCL GRANULADO VERMELHO";"1/2";"OK";"Realizado";"08/08/2025"
"06/08/2025";"46";"Tabaco";"NUTRISYSTEM DESENVOLVIMENTO+BORO";"Todo";"OK";"Realizado";"07/08/2025"
"06/08/2025";"54";"Tabaco";"SOLUBIO RAIZ PERFORMANCE+ BIO BALANCE+BORO";"AB";"OK";"Realizado";"06/08/2025"
"07/08/2025";"130";"Milho Semente";"BIO FERTILIZANTE";"Todo";"OK";"Realizado";"08/08/2025"
"07/08/2025";"52";"Tabaco";"PRO K";"Todo";"OK";"Realizado";"08/08/2025"
"07/08/2025";"54";"Tabaco";"SOLUBIO RAIZ PERFORMANCE+ BIO BALANCE+BORO";"C D";"OK";"Realizado";"07/08/2025"
"08/08/2025";"53";"Tabaco";"SOLUBIO RAIZ PERFORMANCE+ BIO BALANCE";"Todo";"OK";"Realizado";"09/08/2025"
"08/08/2025";"13";"Tabaco";"PRO K+BORO";"Todo";"Aguard. Anterior";"Operacional";"09/08/2025"
"08/08/2025";"29";"Cacau";"BIO FERTILIZANTE+UREIA";"Todo";"Adutora Estourada";"Mecânico";"09/08/2025"
"08/08/2025";"69";"Tabaco";"SOLUBIORAIZ PERFORMANCE+BIO BALANCE+BIO RELEASE+BORO";"Todo";"OK";"Realizado";"08/08/2025"
"12/08/2025";"108";"Milho Semente";"UREIA+SULFATO DE MAGNÉSIO";"Todo";"OK";"Realizado";"13/08/2025"
"12/08/2025";"14";"Tabaco";"PRO K";"Todo";"OK";"Realizado";"13/08/2025"
"12/08/2025";"13";"Tabaco";"PRO K+BORO";"A";"OK";"Realizado";"12/08/2025"
"12/08/2025";"71";"Tabaco";"SOLUBIO RAIZ PERFORMANCE+BIO BALANCE";"A";"OK";"Realizado";"13/08/2025"
"13/08/2025";"104";"Milho Semente";"UREIA+SULFATO DE MAGNÉSIO";"Todo";"OK";"Realizado";"14/08/2025"
"13/08/2025";"12";"Tabaco";"PRO K+BORO";"Todo";"OK";"Realizado";"14/08/2025"
"13/08/2025";"68";"Milho";"CLORFENAPIR";"Todo";"OK";"Realizado";"14/08/2025"
"13/08/2025";"47";"Milho";"CLORFENAPIR";"Todo";"OK";"Realizado";"14/08/2025"
"13/08/2025";"13";"Tabaco";"PRO K+BORO";"B";"OK";"Realizado";"13/08/2025"
"14/08/2025";"115";"Milho Semente";"CLORFENAPIR";"Todo";"OK";"Realizado";"15/08/2025"
"14/08/2025";"46";"Tabaco";"NUTRISYSTEM DESENVOLVIMENTO+SULFATO DE MAGNÉSIO";"Todo";"mudança de Manejo";"Operacional";"15/08/2025"
"14/08/2025";"52";"Tabaco";"PRO K";"Todo";"OK";"Realizado";"15/08/2025"
"14/08/2025";"27";"Cacau";"BIO FERTILIZANTE";"Todo";"OK";"Realizado";"15/08/2025"
"14/08/2025";"25";"Cacau";"BIO FERTILIZANTE";"Todo";"Falta de Produto";"Operacional";"15/08/2025"
"15/08/2025";"42";"Tabaco";"NUTRISYSTEM DESENVOLVIMENTO+SULFATO DE MAGNÉSIO";"Todo";"Aguard. Anterior";"Operacional";"15/08/2025"
"15/08/2025";"53";"Tabaco";"SOLUBIO RAIZ PERFORMANCE+BIO BALANCE+BORO";"Todo";"OK";"Realizado";"15/08/2025"
"15/08/2025";"14";"Tabaco";"PRO K+BORO";"Todo";"Trator";"Mecânico";"15/08/2025"
"15/08/2025";"130";"Milho Semente";"CLORFENAPIR";"Todo";"OK";"Realizado";"15/08/2025"
"15/08/2025";"9";"Tabaco";"NUTRISYSTEM DESENVOLVIMENTO";"Todo";"OK";"Realizado";"15/08/2025"
"13/08/2025";"41";"Milho";"CLORFENAPIR";"Todo";"OK";"Realizado";"14/08/2025"
"18/08/2025";"46";"Tabaco";"NUTRISYSTEM DESENVOLVIMENTO+SULFATO DE MAGNÉSIO";"Todo";"OK";"Realizado";"19/08/2025"
"18/08/2025";"25";"Cacau";"BIO FERTILIZANTE";"Todo";"OK";"Realizado";"19/08/2025"
"18/08/2025";"108";"Milho Semente";"CLORFENAPIR+CAPATAZ";"Todo";"OK";"Realizado";"19/08/2025"
"18/08/2025";"14";"Tabaco";"PRO K+BORO";"Todo";"OK";"Realizado";"19/08/2025"
"18/08/2025";"68";"Milho Grãos";"UREIA+CLORFENAPIR";"Todo";"OK";"Realizado";"19/08/2025"
"19/08/2025";"42";"Tabaco";"NUTRISYSTEM DESENVOLVIMENTO+SULFATO DE MAGNÉSIO";"Todo";"OK";"Realizado";"20/08/2025"
"19/08/2025";"104";"Milho Semente";"CLORFENAPIR";"Todo";"OK";"Realizado";"20/08/2025"
"19/08/2025";"29";"Cacau";"BIO FERTILIZANTE+UREIA";"Todo";"Falta de Produto";"Operacional";"20/08/2025"
"19/08/2025";"9";"Tabaco";"DRIPSOL MANUTENÇÃO";"C";"OK";"Realizado";"19/08/2025"
"20/08/2025";"52";"Tabaco";"PRO K+BORO";"Todo";"OK";"Realizado";"21/08/2025"
"20/08/2025";"71";"Tabaco";"SOLUBIO RAIZ PERFORMANCE+BIO BALANCE+BORO";"1/2";"OK";"Realizado";"20/08/2025"
"20/08/2025";"130";"Milho Semente";"METOMY";"Todo";"OK";"Realizado";"21/08/2025"
"20/08/2025";"39";"Milho Grãos";"METRARO";"Todo";"OK";"Realizado";"21/08/2025"
"21/08/2025";"58";"Tabaco";"SOLUBIO RAIZ PERFORMANCE+ BIO BALANCE";"Todo";"Funcionário Indisponível";"Operacional";"21/08/2025"
"21/08/2025";"56";"Tabaco";"SOLUBIO RAIZ PERFORMANCE+ BIO BALANCE";"Todo";"Equipamento Ferti";"Operacional";"21/08/2025"
"21/08/2025";"115";"Milho Semente";"RUMBA+EXALT";"Todo";"OK";"Realizado";"22/08/2025"
"21/08/2025";"41";"Milho Grãos";"UREIA";"Todo";"OK";"Realizado";"22/08/2025"
"22/08/2025";"71";"Milho Semente";"UREIA";"C";"mudança de Manejo";"Operacional";"22/08/2025"
"22/08/2025";"115";"Milho Semente";"BIO FERTILIZANTE";"Todo";"OK";"Realizado";"23/08/2025"
"22/08/2025";"42";"Tabaco";"PRO K";"Todo";"Funcionário Indisponível";"Operacional";"23/08/2025"
"22/08/2025";"62";"Tabaco";"NUTRISYSTEM DESENVOLVIMENTO+ BORO";"Todo";"OK";"Realizado";"23/08/2025"
"25/08/2025";"71";"Milho Semente";"UREIA";"A";"OK";"Realizado";"25/08/2025"
"25/08/2025";"28";"Milho Grãos";"TRANSLOCK+CLORFENAPI";"Todo";"OK";"Realizado";"26/08/2025"
"25/08/2025";"115";"Milho Semente";"METOMY";"Todo";"OK";"Realizado";"26/08/2025"
"25/08/2025";"42";"Tabaco";"PRO K";"Todo";"OK";"Realizado";"25/08/2025"
"26/08/2025";"46";"Tabaco";"PRO K";"Todo";"OK";"Realizado";"27/08/2025"
"26/08/2025";"56";"Tabaco";"SOLUBIO RAIZ PERFORMANCE+ BIO BALANCE";"Todo";"OK";"Realizado";"29/08/2025"
"26/08/2025";"69";"Tabaco";"NUTRISYSTEM DESENVOLVIMENTO+ BORO";"Todo";"OK";"Realizado";"27/08/2025"
"26/08/2025";"108";"Milho Semente";"CLORFENAPI+CLORPIRIFOS";"Todo";"OK";"Realizado";"27/08/2025"
"27/08/2025";"62";"Tabaco";"NUTRISYSTEM DESENVOLVIMENTO+ SULFATO DE MAGNESIO";"Todo";"Trator";"Mecânico";"28/08/2025"
"27/08/2025";"41";"Milho";"BIO HIDRIC+BIO BALANCE+BIO RAIZ+BIO AZ";"Todo";"OK";"Realizado";"28/08/2025"
"27/08/2025";"58";"Tabaco";"SOLUBIO RAIZ PERFORMANCE+ BIO BALANCE+BORO";"Todo";"OK";"Realizado";"28/08/2025"
"27/08/2025";"104";"Milho Semente";"CLORFENAPI+CLORPIRIFOS";"Todo";"OK";"Realizado";"28/08/2025"
"28/08/2025";"52";"Tabaco";"PRO K";"C D";"OK";"Realizado";"29/08/2025"
"28/08/2025";"47";"Milho";"UREIA+BIO HIDRIC+BIO BALANCE+BIO RAIZ+BIO SOLUBILZE+BIO AZ";"Todo";"OK";"Realizado";"29/08/2025"
"28/08/2025";"39";"Milho Grãos";"BIO HIDRIC+BIO BALANCE+BIO RAIZ+BIO SOLUBILZE+BIO AZ";"Todo";"OK";"Realizado";"29/08/2025"
"28/08/2025";"130";"Milho Semente";"SUPERA+LANNATE";"Todo";"OK";"Realizado";"29/08/2025"
"28/08/2025";"58";"Tabaco";"SOLUBIO RAIZ PERFORMANCE+ BIO BALANCE+BORO";"Todo";"OK";"Realizado";"28/08/2025"
"29/08/2025";"42";"Tabaco";"PRO K";"Todo";"OK";"Realizado";"30/08/2025"
"29/08/2025";"39";"Milho Grãos";"BIO FERTILIZANTE";"Todo";"Cancelado";"Cancelado";"30/08/2025"
"29/08/2025";"130";"Milho Semente";"UREIA";"Todo";"Trator";"Mecânico";"30/08/2025"
"29/08/2025";"29";"Cacau";"BIO FERTILIZANTE+UREIA";"Todo";"Limpeza e Aferição";"Operacional";"30/08/2025"
"29/08/2025";"56";"Tabaco";"SOLUBIO RAIZ PERFORMANCE+ BIO BALANCE";"Todo";"mudança de Manejo";"Operacional";"30/08/2025"
"01/09/2025";"56";"Tabaco";"SOLUBIO RAIZ PERFORMANCE+ BIO BALANCE+BORO";"Todo";"OK";"Realizado";"02/09/2025"
"01/09/2025";"68";"Milho";"UREIA";"Todo";"OK";"Realizado";"02/09/2025"
"01/09/2025";"62";"Tabaco";"NUTRISYSTEM DESENVOLVIMENTO+ SULFATO DE MAGNESIO";"Todo";"OK";"Realizado";"01/09/2025"
"01/09/2025";"39";"Milho Grãos";"BIO HIDRIC+BIO BALANCE+BIO RAIZ+BIO SOLUBILZE+BIO AZ";"Todo";"OK";"Realizado";"02/09/2025"
"02/09/2025";"41";"Milho";"BIO SOLUBILIZE+UREIA";"Todo";"OK";"Realizado";"05/09/2025"
"02/09/2025";"62";"Tabaco";"PRO K";"Todo";"OK";"Realizado";"03/09/2025"
"02/09/2025";"104";"Milho Semente";"EXALT+CLORPIRIFOS";"Todo";"OK";"Realizado";"03/09/2025"
"03/09/2025";"46";"Tabaco";"PRO K";"Todo";"OK";"Realizado";"04/09/2025"
"03/09/2025";"47";"Milho";"BIO FERTILIZANTE";"Todo";"OK";"Realizado";"04/09/2025"
"03/09/2025";"108";"Milho Semente";"EXALT+CLORPIRIFOS";"Todo";"OK";"Realizado";"04/09/2025"
"03/09/2025";"25";"Cacau";"BIO HIDRIC+BIO AZ";"Todo";"OK";"Realizado";"04/09/2025"
"04/09/2025";"54";"Tabaco";"NUTRISYSTEM DESENVOLVIMENTO+BORO";"Todo";"OK";"Realizado";"05/09/2025"
"04/09/2025";"39";"Milho Grãos";"BIO FERTILIZANTE+UREIA";"Todo";"OK";"Realizado";"05/09/2025"
"04/09/2025";"27";"Cacau";"BIO HIDRIC+BIO AZ";"Todo";"OK";"Realizado";"04/09/2025"
"04/09/2025";"115";"Milho Semente";"UREIA";"Todo";"OK";"Realizado";"05/09/2025"
"05/09/2025";"42";"Tabaco";"PRO K+BORO";"Todo";"OK";"Realizado";"06/09/2025"
"05/09/2025";"69";"Tabaco";"NUTRISYSTEM DESENVOLVIMENTO+SULFATO DE MAGNESIO";"Todo";"OK";"Realizado";"06/09/2025"
"05/09/2025";"115";"Milho Semente";"PROCLAIN";"Todo";"mudança de Manejo";"Operacional";"06/09/2025"
"08/09/2025";"47";"Milho";"UREIA";"Todo";"OK";"Realizado";"09/09/2025"
"08/09/2025";"108";"Milho Semente";"LANNATE";"Todo";"OK";"Realizado";"09/09/2025"
"09/09/2025";"69";"Tabaco";"PRO K";"Todo";"Trator";"Mecânico";"09/09/2025"
"09/09/2025";"54";"Tabaco";"NUTRISYSTEM DESENVOLVIMENTO+ SULFATO DE MAGNESIO";"Todo";"Trator";"Mecânico";"09/09/2025"
"09/09/2025";"41";"Milho";"BIO FERTILIZANTE";"1/2";"OK";"Realizado";"09/09/2025"
"09/09/2025";"104";"Milho Semente";"LANNATE";"Todo";"OK";"Realizado";"10/09/2025"
"10/09/2025";"53";"Tabaco";"NUTRISYSTEM DESENVOLVIMENTO+ BORO";"Todo";"OK";"Realizado";"11/09/2025"
"10/09/2025";"62";"Tabaco";"PRO K";"Todo";"Funcionário Indisponível";"Operacional";"11/09/2025"
"10/09/2025";"41";"Milho";"BIO FERTILIZANTE";"1/2";"OK";"Realizado";"10/09/2025"
"10/09/2025";"115";"Milho Semente";"CLORFENAPI";"Todo";"OK";"Realizado";"11/09/2025"
"11/09/2025";"46";"Tabaco";"PRO K+BORO";"Todo";"OK";"Realizado";"12/09/2025"
"11/09/2025";"27";"Cacau";"BIO FERTILIZANTE";"Todo";"OK";"Realizado";"12/09/2025"
"11/09/2025";"25";"Cacau";"BIO FERTILIZANTE";"Todo";"OK";"Realizado";"12/09/2025"
"11/09/2025";"130";"Milho Semente";"CLORFENAPI";"Todo";"OK";"Realizado";"12/09/2025"
"11/09/2025";"47";"Milho";"BIO FERTILIZANTE";"Todo";"Redutor";"Mecânico";"12/09/2025"
"12/09/2025";"71";"Tabaco";"NUTRISYSTEM DESENVOLVIMENTO+ BORO";"1/2";"OK";"Realizado";"12/09/2025"
"12/09/2025";"39";"Milho";"BIO FERTILIZANTE";"Todo";"Equipamento Ferti";"Operacional";"12/09/2025"
"12/09/2025";"41";"Milho";"BIO FERTILIZANTE";"Todo";"Cancelado";"Cancelado";"12/09/2025"
"12/09/2025";"108";"Milho Semente";"SULFATO DE AMONIO+SULFATO DE MAGNESIO";"Todo";"OK";"Realizado";"13/09/2025"
"15/09/2025";"69";"Tabaco";"PRO K";"Todo";"OK";"Realizado";"16/09/2025"
"15/09/2025";"68";"Milho";"UREIA";"Todo";"OK";"Realizado";"16/09/2025"
"15/09/2025";"115";"Milho Semente";"PROCLAIN";"Todo";"OK";"Realizado";"17/09/2025"
"15/09/2025";"41";"Milho";"BIO FERTILIZANTE";"Todo";"OK";"Realizado";"17/09/2025"
"16/09/2025";"62";"Tabaco";"PRO K+BORO";"Todo";"OK";"Realizado";"17/09/2025"
"16/09/2025";"54";"Tabaco";"NUTRISYSTEM DESENVOLVIMENTO+SULFATO DE MAGNESIO";"Todo";"OK";"Realizado";"17/09/2025"
"16/09/2025";"130";"Milho Semente";"PROCLAIN";"Todo";"OK";"Realizado";"17/09/2025"
"16/09/2025";"47";"Milho";"BIO FERTILIZANTE";"Todo";"OK";"Realizado";"17/09/2025"
"17/09/2025";"53";"Tabaco";"NUTRISYSTEM DESENVOLVIMENTO+ SULFATO DE MAGNESIO";"Todo";"OK";"Realizado";"18/09/2025"
"17/09/2025";"29";"Cacau";"BIO FERTILIZANTE";"Todo";"Falta de Produto";"Operacional";"18/09/2025"
"17/09/2025";"108";"Milho Semente";"CLORFENAPI";"Todo";"OK";"Realizado";"18/09/2025"
"17/09/2025";"69";"Tabaco";"PRO K";"Todo";"OK";"Realizado";"18/09/2025"
"18/09/2025";"58";"Tabaco";"BORO";"Todo";"OK";"Realizado";"20/09/2025"
"18/09/2025";"54";"Tabaco";"PRO K";"Todo";"OK";"Realizado";"19/09/2025"
"18/09/2025";"104";"Milho Semente";"CLORFENAPI";"Todo";"OK";"Realizado";"19/09/2025"
"18/09/2025";"62";"Tabaco";"PRO K";"Todo";"OK";"Realizado";"19/09/2025"
"19/09/2025";"39";"Milho";"BIO FERTILIZANTE";"Todo";"OK";"Realizado";"19/09/2025"
"19/09/2025";"71";"Tabaco";"SULFATO DE MAGNESIO";"1/2";"OK";"Realizado";"19/09/2025"
"19/09/2025";"104";"Milho Semente";"UREIA";"Todo";"OK";"Realizado";"20/09/2025"
"19/09/2025";"68";"Milho";"CLORFENAPI+TRANSLOCK";"Todo";"OK";"Realizado";"20/09/2025"
"22/09/2025";"130";"Milho Semente";"CLORFENAPI";"Todo";"OK";"Realizado";"23/09/2025"
"22/09/2025";"39";"Milho";"UREIA";"Todo";"Cancelado";"Cancelado";"23/09/2025"
"23/09/2025";"53";"Tabaco";"PRO K";"Todo";"OK";"Realizado";"24/09/2025"
"23/09/2025";"58";"Tabaco";"NUTRISYSTEM DESENVOLVIMENTO+SULFATO DE MAGNESIO";"C D";"OK";"Realizado";"23/09/2025"
"23/09/2025";"56";"Tabaco";"BORO";"Todo";"OK";"Realizado";"24/09/2025"
"24/09/2025";"29";"Cacau";"BIO FERTILIZANTE+BIO MEGA+BIO HIDRIC+BIO AZ";"Todo";"OK";"Realizado";"25/09/2025"
"24/09/2025";"68";"Milho";"TRANSLOCK+CLORFENAPI";"Todo";"OK";"Realizado";"25/09/2025"
"24/09/2025";"58";"Tabaco";"SULFATO DE MAGNESIO";"AB";"OK";"Realizado";"24/09/2025"
"24/09/2025";"115";"Milho Semente";"CLORFENAPI";"Todo";"OK";"Realizado";"25/09/2025"
"25/09/2025";"56";"Tabaco";"NUTRISYSTEM DESENVOLVIMENTO";"Todo";"OK";"Realizado";"26/09/2025"
"25/09/2025";"54";"Tabaco";"PRO K";"Todo";"OK";"Realizado";"26/09/2025"
"25/09/2025";"41";"Milho";"TRANSLOCK+CLORFENAPI";"1/2";"OK";"Realizado";"25/09/2025"
"25/09/2025";"5";"Soja";"BIO HIDRIC+BIO ND+BIO SOLUBILIZE";"Todo";"OK";"Realizado";"26/09/2025"
"26/09/2025";"69";"Tabaco";"PRO K+BORO";"Todo";"Aguard. Anterior";"Operacional";"26/09/2025"
"26/09/2025";"4";"Soja";"BIO HIDRIC+BIO ND+BIO SOLUBILIZE";"Todo";"OK";"Realizado";"26/09/2025"
"26/09/2025";"71";"Tabaco";"PRO K";"1/2";"OK";"Realizado";"26/09/2025"
"26/09/2025";"41";"Milho";"TRANSLOCK+CLORFENAPI";"1/2";"OK";"Realizado";"26/09/2025"
"29/09/2025";"108";"Milho Semente";"CLORFENAPI";"Todo";"OK";"Realizado";"30/09/2025"
"29/09/2025";"69";"Tabaco";"PRO K+BORO";"Todo";"OK";"Realizado";"30/09/2025"
"29/09/2025";"54";"Tabaco";"PROK+BORO";"Todo";"OK";"Realizado";"30/09/2025"
"29/09/2025";"25";"Cacau";"BIO SOLUBILIZE";"Todo";"OK";"Realizado";"30/09/2025"
"30/09/2025";"104";"Milho Semente";"CLORFENAPI";"Todo";"OK";"Realizado";"01/10/2025"
"30/09/2025";"3";"Soja";"BIO FERTILIZANTE";"Todo";"OK";"Realizado";"01/10/2025"
"30/09/2025";"58";"Tabaco";"NUTRISYSTEM DESENVOLVIMENTO";"Todo";"OK";"Realizado";"01/10/2025"
"30/09/2025";"5";"Soja";"BIO FERTILIZANTE";"Todo";"Falta de Produto";"Operacional";"01/10/2025"
"01/10/2025";"108";"Milho Semente";"UREIA";"Todo";"Trator";"Mecânico";"01/10/2025"
"01/10/2025";"6";"Soja";"BIO SOLUBILIZE+BIO ND+BIO HIDRIC+BIO RAIZ+BIO BALANCE+BIO AZ";"Todo";"OK";"Realizado";"02/10/2025"
"01/10/2025";"56";"Tabaco";"SULFATO DE MAGNESIO";"Todo";"Funcionário Indisponível";"Operacional";"02/10/2025"
"02/10/2025";"115";"Milho Semente";"CLORPIRIFOS";"Todo";"OK";"Realizado";"03/10/2025"
"02/10/2025";"56";"Tabaco";"NUTRISYSTEM DESENVOLVIMENTO";"Todo";"OK";"Realizado";"03/10/2025"
"02/10/2025";"5";"Soja";"BIO RAIZ+BIO BALANCE+BIO AZ";"Todo";"OK";"Realizado";"03/10/2025"
"02/10/2025";"3";"Soja";"BIO SOLUBILIZE+BIO ND+BIO HIDRIC+BIO RAIZ+BIO BALANCE+BIO AZ";"Todo";"OK";"Realizado";"03/10/2025"
"03/10/2025";"130";"Milho Semente";"CLORPIRIFOS";"Todo";"OK";"Realizado";"03/10/2025"
"03/10/2025";"53";"Tabaco";"PRO K";"Todo";"Falta de Produto";"Operacional";"03/10/2025"
"03/10/2025";"71";"Tabaco";"PRO K";"1/2";"OK";"Realizado";"03/10/2025"
"03/10/2025";"4";"Soja";"BIO FERTILIZANTE+BIO RAIZ+BIO BALANCE+BIO AZ";"Todo";"OK";"Realizado";"03/10/2025"
"03/10/2025";"39";"Milho Grãos";"TRANSLOCK+SULFATO DE MAGNÉSIO";"Todo";"OK";"Realizado";"03/10/2025"
"06/10/2025";"108";"Milho Semente";"UREIA";"Todo";"OK";"Realizado";"08/10/2025"
"06/10/2025";"5";"Soja";"BIO FERTILIZANTE";"Todo";"OK";"Realizado";"07/10/2025"
"06/10/2025";"58";"Tabaco";"PRO K";"Todo";"OK";"Realizado";"07/10/2025"
"07/10/2025";"56";"Tabaco";"SULFATO DE MAGNESIO";"Todo";"OK";"Realizado";"08/10/2025"
"07/10/2025";"26";"Soja";"BIO FERTILIZANTE";"Todo";"Falta de Produto";"Operacional";"08/10/2025"
"07/10/2025";"108";"Milho Semente";"PROCLAIN";"Todo";"OK";"Realizado";"08/10/2025"
"07/10/2025";"47";"Milho Grãos";"TRANSLOCK+PROCLAIN";"Todo";"OK";"Realizado";"08/10/2025"
"08/10/2025";"53";"Tabaco";"PRO K";"Todo";"OK";"Realizado";"09/10/2025"
"08/10/2025";"6";"Soja";"BIO FERTILIZANTE";"Todo";"OK";"Realizado";"10/10/2025"
"08/10/2025";"25";"Cacau";"BIO FERTILIZANTE";"Todo";"OK";"Realizado";"09/10/2025"
"08/10/2025";"104";"Milho Semente";"PROCLAIN";"Todo";"OK";"Realizado";"08/10/2025"
"09/10/2025";"26";"Soja";"BIO SOLUBILIZE+BIO ND+BIO HIDRIC+BIO BALANCE+BIO AZ+BIO RAIZ";"Todo";"mudança de Manejo";"Operacional";"08/10/2025"
"09/10/2025";"17";"Soja";"BIO SOLUBILIZE+BIO ND+BIO HIDRIC+BIO BALANCE+BIO AZ+BIO RAIZ";"1/2";"OK";"Realizado";"10/10/2025"
"09/10/2025";"115";"Milho Semente";"LANNATE";"Todo";"OK";"Realizado";"10/10/2025"
"09/10/2025";"56";"Tabaco";"DRIPSOL PRODUÇÃO";"Todo";"Redutor";"Mecânico";"10/10/2025"
"09/10/2025";"41";"Milho Grãos";"SULFATO DE AMONIO";"Todo";"OK";"Realizado";"10/10/2025"
"10/10/2025";"53";"Tabaco";"PRO K+BORO";"Todo";"Pneu";"Operacional";"10/10/2025"
"10/10/2025";"27";"Cacau";"BIO FERTILIZANTE";"Todo";"mudança de Manejo";"Operacional";"10/10/2025"
"10/10/2025";"17";"Soja";"BIO SOLUBILIZE+BIO ND+BIO HIDRIC+BIO BALANCE+BIO AZ+BIO RAIZ";"1/2";"Falta de Energia";"Elétrico";"10/10/2025"
"10/10/2025";"130";"Milho Semente";"PROCLAIN";"Todo";"OK";"Realizado";"10/10/2025"
"13/10/2025";"108";"Milho Semente";"CLORPIRIFOS";"Todo";"OK";"Realizado";"16/10/2025"
"13/10/2025";"56";"Tabaco";"PRO K";"Todo";"OK";"Realizado";"16/10/2025"
"13/10/2025";"26";"Soja";"BIO SOLUBILIZE+BIO ND+BIO HIDRIC+BIO BALANCE+BIO AZ+BIO RAIZ";"Todo";"OK";"Realizado";"15/10/2025"
"13/10/2025";"27";"Cacau";"BIO FERTILIZANTE";"Todo";"OK";"Realizado";"14/10/2025"
"14/10/2025";"104";"Milho Semente";"LANNATE";"Todo";"OK";"Realizado";"15/10/2025"
"14/10/2025";"47";"Milho Grãos";"SULFATO DE AMONIO";"Todo";"OK";"Realizado";"16/10/2025"
"14/10/2025";"39";"Milho Grãos";"SULFATO DE AMONIO";"Todo";"OK";"Realizado";"14/10/2025"
"14/10/2025";"19";"Soja";"BIO SOLUBILIZE+BIO ND+BIO HIDRIC+BIO BALANCE+BIO AZ+BIO RAIZ";"Todo";"Falta de Energia";"Elétrico";"14/10/2025"
"14/10/2025";"56";"Tabaco";"DRIPSOL PRODUÇÃO";"Todo";"OK";"Realizado";"14/10/2025"
"15/10/2025";"56";"Tabaco";"PRO K";"Todo";"OK";"Realizado";"17/10/2025"
"15/10/2025";"26";"Soja";"BIO FERTILIZANTE";"Todo";"OK";"Realizado";"17/10/2025"
"15/10/2025";"17";"Soja";"BIO FERTILIZANTE";"Todo";"OK";"Realizado";"17/10/2025"
"15/10/2025";"101";"Soja";"BIO FERTILIZANTE";"Todo";"OK";"Realizado";"16/10/2025"
"16/10/2025";"19";"Soja";"BIO FERTILIZANTE";"Todo";"Falta de Energia";"Elétrico";"16/10/2025"
"16/10/2025";"27";"Cacau";"BIO SOLUBILIZE";"Todo";"Falta de Água";"Operacional";"16/10/2025"
"16/10/2025";"58";"Tabaco";"PRO K";"Todo";"OK";"Realizado";"17/10/2025"
"16/10/2025";"103";"Soja";"BIO SOLUBILIZE+BIO ND+BIO HIDRIC+BIO BALANCE+BIO AZ+BIO RAIZ";"Todo";"Falta de Energia";"Elétrico";"17/10/2025"
"16/10/2025";"17";"Soja";"BIO SOLUBILIZE+BIO ND+BIO HIDRIC+BIO BALANCE+BIO AZ+BIO RAIZ";"Todo";"OK";"Realizado";"16/10/2025"
"17/10/2025";"29";"Cacau";"BIO FERTILIZANTE+BIO SOLUBILIZE";"Todo";"OK";"Realizado";"17/10/2025"
"17/10/2025";"101";"Soja";"BIO SOLUBILIZE+BIO ND+BIO HIDRIC+BIO BALANCE+BIO AZ+BIO RAIZ";"Todo";"Apoio com Caminhão Tanque";"Logística";"17/10/2025"
"17/10/2025";"21";"Soja";"BIO SOLUBILIZE+BIO ND+BIO HIDRIC+BIO BALANCE+BIO AZ+BIO RAIZ";"Todo";"Falta de Energia";"Elétrico";"17/10/2025"
"17/10/2025";"25";"Cacau";"BIO SOLUBILIZE";"Todo";"Falta de Água";"Operacional";"17/10/2025"
"17/10/2025";"53";"Tabaco";"PRO K+BORO";"Todo";"OK";"Realizado";"17/10/2025"
"20/10/2025";"47";"Milho";"SULFATO DE MAGNESIO";"Todo";"OK";"Realizado";"24/10/2025"
"20/10/2025";"56";"Tabaco";"PRO K";"Todo";"OK";"Realizado";"22/10/2025"
"20/10/2025";"27";"Cacau";"BIO SOLUBILIZE";"Todo";"OK";"Realizado";"21/10/2025"
"20/10/2025";"25";"Cacau";"BIO SOLUBILIZE";"Todo";"OK";"Realizado";"21/10/2025"
"21/10/2025";"58";"Tabaco";"PRO K+BORO";"Todo";"OK";"Realizado";"24/10/2025"
"21/10/2025";"101";"Soja";"BIO SOLUBILIZE+BIO HIDRIC+BIO BALANCE+BIO AZ+BIO RAIZ";"Todo";"OK";"Realizado";"22/10/2025"
"21/10/2025";"19";"Soja";"BIO SOLUBILIZE+BIO HIDRIC+BIO BALANCE+BIO AZ+BIO RAIZ+BIO ND";"Todo";"OK";"Realizado";"22/10/2025"
"21/10/2025";"15";"Soja";"BIO FERTILIZANTE";"Todo";"Funcionário Indisponível";"Operacional";"22/10/2025"
"22/10/2025";"56";"Tabaco";"PRO K";"Todo";"mudança de Manejo";"Operacional";"22/10/2025"
"22/10/2025";"103";"Soja";"BIO SOLUBILIZE+BIO ND+BIO HIDRIC+BIO BALANCE+BIO AZ+BIO RAIZ";"Todo";"OK";"Realizado";"23/10/2025"
"22/10/2025";"21";"Soja";"BIO SOLUBILIZE+BIO ND+BIO HIDRIC+BIO BALANCE+BIO AZ+BIO RAIZ";"Todo";"OK";"Realizado";"24/10/2025"
"22/10/2025";"23";"Soja";"BIO FERTILIZANTE";"Todo";"Aguard. Anterior";"Operacional";"24/10/2025"
"23/10/2025";"56";"Tabaco";"ACIDO BORICO";"Todo";"OK";"Realizado";"24/10/2025"
"23/10/2025";"8";"Soja";"BIO FERTILIZANTE";"Todo";"OK";"Realizado";"24/10/2025"
"23/10/2025";"19";"Soja";"BIO FERTILIZANTE";"Todo";"Aguard. Anterior";"Operacional";"24/10/2025"
"23/10/2025";"104";"Milho Semente";"LANNATE+OCHIMA";"Todo";"OK";"Realizado";"24/10/2025"
"24/10/2025";"7";"Soja";"BIO FERTILIZANTE";"Todo";"OK";"Realizado";"25/10/2025"
"24/10/2025";"106";"Soja";"BIO RAIZ+BIO AZ+BIO ND";"Todo";"Cancelado";"Cancelado";"25/10/2025"
"24/10/2025";"108";"Milho Semente";"LANNATE+OCHIMA";"Todo";"OK";"Realizado";"25/10/2025"
"27/10/2025";"39";"Milho Grãos";"SULFATO DE MAGNÉSIO+PROCLAIN";"Todo";"OK";"Realizado";"28/10/2025"
"27/10/2025";"104";"Milho Semente";"TRIGGER";"Todo";"OK";"Realizado";"30/10/2025"
"27/10/2025";"19";"Soja";"BIO FERTILIZANTE";"Todo";"OK";"Realizado";"28/10/2025"
"28/10/2025";"103";"Soja";"BIO FERTILIZANTE";"Todo";"OK";"Realizado";"28/10/2025"
"28/10/2025";"15";"Soja";"BIO FERTILIZANTE";"Todo";"OK";"Realizado";"29/10/2025"
"28/10/2025";"56";"Tabaco";"PRO K";"Todo";"OK";"Realizado";"29/10/2025"
"29/10/2025";"106";"Soja";"BIO SOLUBILIZE+BIO ND+BIO HIDRIC+BIO BALANCE+BIO AZ+BIO RAIZ";"Todo";"OK";"Realizado";"30/10/2025"
"29/10/2025";"40";"Soja";"BIO FERTILIZANTE";"Todo";"OK";"Realizado";"31/10/2025"
"29/10/2025";"23";"Soja";"BIO RAIZ+BIO SOLUBILIZE+BIO BALANCE+BIO HIDRIC+BIO AZ";"Todo";"OK";"Realizado";"30/10/2025"
"30/10/2025";"23";"Soja";"BIO FERTILIZANTE";"Todo";"OK";"Realizado";"31/10/2025"
"30/10/2025";"35";"Soja";"BIO ND+BIO HIDRIC+BIO BALANCE+BIO AZ+BIO RAIZ";"Todo";"OK";"Realizado";"31/10/2025"
"30/10/2025";"15";"Soja";"BIO FERTILIZANTE";"Todo";"OK";"Realizado";"31/10/2025"
"31/10/2025";"106";"Soja";"BIO FERTILIZANTE";"Todo";"Falta de Produto";"Operacional";"31/10/2025"
"31/10/2025";"37";"Soja";"BIO ND+BIO HIDRIC+BIO BALANCE+BIO AZ+BIO RAIZ";"Todo";"OK";"Realizado";"31/10/2025"
"31/10/2025";"108";"Milho Semente";"TRIGGER";"Todo";"OK";"Realizado";"31/10/2025"
"04/11/2025";"23";"Soja";"BIO FERTILIZANTE+BIO ND+BIO SOLUBILIZE+BIO BALANCE";"Todo";"OK";"Realizado";"05/11/2025"
"04/11/2025";"35";"Soja";"BIO FERTILIZANTE+BIO SOLUBILIZE";"Todo";"OK";"Realizado";"06/11/2025"
"04/11/2025";"54";"Tabaco";"SULFATO DE MAGNESIO";"Todo";"Cancelado";"Cancelado";"06/11/2025"
"05/11/2025";"31";"Soja";"VERANGO";"Todo";"OK";"Realizado";"07/11/2025"
"05/11/2025";"21";"Soja";"BIO FERTILIZANTE";"Todo";"OK";"Realizado";"07/11/2025"
"05/11/2025";"58";"Tabaco";"SULFATO DE MAGNESIO";"Todo";"OK";"Realizado";"05/11/2025"
"05/11/2025";"116";"Soja";"BIO HIDRIC+BIO BALANCE+BIO AZ";"1/2";"OK";"Realizado";"06/11/2025"
"05/11/2025";"31";"Soja";"BIO SOLUBILIZE+BIO ND+BIO HIDRIC+BIO BALANCE+BIO AZ+BIO RAIZ";"Todo";"Falta de Produto";"Operacional";"06/11/2025"
"06/11/2025";"38";"Soja";"BIO FERTILIZANTE";"Todo";"Falta de Produto";"Operacional";"06/11/2025"
"06/11/2025";"15";"Soja";"BIO SOLUBILIZE+BIO ND+BIO HIDRIC+BIO BALANCE+BIO AZ+BIO RAIZ";"Todo";"OK";"Realizado";"07/11/2025"
"06/11/2025";"56";"Tabaco";"SULFATO DE MAGNESIO";"Todo";"OK";"Realizado";"07/11/2025"
"07/11/2025";"37";"Soja";"BIO FERTILIZANTE+BIO SOLUBILIZE";"Todo";"mudança de Manejo";"Operacional";"07/11/2025"
"07/11/2025";"40";"Soja";"BIO SOLUBILIZE+BIO ND+BIO HIDRIC+BIO BALANCE+BIO AZ+BIO RAIZ";"Todo";"Chuva";"Operacional";"07/11/2025"
"07/11/2025";"53";"Tabaco";"SULFATO DE MAGNESIO";"Todo";"Cancelado";"Cancelado";"07/11/2025"
"07/11/2025";"116";"Soja";"BIO HIDRIC+BIO BALANCE+BIO AZ";"1/2";"OK";"Realizado";"07/11/2025"
"10/11/2025";"37";"Soja";"BIO FERTILIZANTE+BIO SOLUBILIZE";"Todo";"OK";"Realizado";"11/11/2025"
"10/11/2025";"103";"Soja";"VERANGO";"Todo";"OK";"Realizado";"11/11/2025"
"11/11/2025";"31";"Soja";"BIO FERTILIZANTE";"Todo";"OK";"Realizado";"14/11/2025"
"11/11/2025";"116";"Soja";"BIO FERTILIZANTE";"Todo";"Apoio com Caminhão Tanque";"Logística";"14/11/2025"
"11/11/2025";"36";"Soja";"BIO SOLUBILIZE+BIO ND+BIO HIDRIC+BIO BALANCE+BIO AZ+BIO RAIZ";"Todo";"OK";"Realizado";"12/11/2025"
"11/11/2025";"27";"Cacau";"BIO FERTILIZANTE";"Todo";"OK";"Realizado";"12/11/2025"
"12/11/2025";"38";"Soja";"BIO FERTILIZANTE";"Todo";"OK";"Realizado";"12/11/2025"
"12/11/2025";"21";"Soja";"BIO FERTILIZANTE";"Todo";"OK";"Realizado";"12/11/2025"
"12/11/2025";"112";"Soja";"BIO SOLUBILIZE+BIO ND+BIO HIDRIC+BIO BALANCE+BIO AZ+BIO RAIZ";"Todo";"Falta de Produto";"Operacional";"12/11/2025"
"12/11/2025";"25";"Cacau";"BIO FERTILIZANTE";"Todo";"OK";"Realizado";"13/11/2025"
"13/11/2025";"116";"Soja";"BIO SOLUBILIZE+BIO RAIZ+BIO ND";"Todo";"Falta de Produto";"Operacional";"13/11/2025"
"13/11/2025";"31";"Soja";"BIO BALANCE+BIO HIDRIC+BIO AZ";"Todo";"OK";"Realizado";"13/11/2025"
"13/11/2025";"36";"Soja";"BIO FERTILIZANTE";"Todo";"OK";"Realizado";"14/11/2025"
"13/11/2025";"44";"Soja";"BIO BALANCE+BIO HIDRIC+BIO RAIZ";"Todo";"OK";"Realizado";"13/11/2025"
"14/11/2025";"64";"Soja";"BIO SOLUBILIZE+BIO ND+BIO HIDRIC+BIO BALANCE+BIO AZ+BIO RAIZ";"Todo";"Falta de Produto";"Operacional";"14/11/2025"
"14/11/2025";"106";"Soja";"BIO FERTILIZANTE";"Todo";"Apoio com Caminhão Tanque";"Logística";"14/11/2025"
"14/11/2025";"2";"Soja";"BIO FERTILIZANTE";"Todo";"Apoio com Caminhão Tanque";"Logística";"14/11/2025"
"14/11/2025";"44";"Soja";"BIO FERTILIZANTE";"Todo";"Apoio com Caminhão Tanque";"Logística";"14/11/2025"
"17/11/2025";"38";"Soja";"BIO SOLUBILIZE+BIO ND+BIO HIDRIC+BIO BALANCE+BIO AZ+BIO RAIZ";"Todo";"OK";"Realizado";"18/11/2025"
"17/11/2025";"2";"Soja";"BIO FERTILIZANTE";"Todo";"OK";"Realizado";"18/11/2025"
"17/11/2025";"116";"Soja";"BIO SOLUBILIZE+BIO RAIZ+BIO ND";"Todo";"OK";"Realizado";"18/11/2025"
"18/11/2025";"7";"Soja";"BIO SOLUBILIZE+BIO ND+BIO HIDRIC+BIO BALANCE+BIO AZ+BIO RAIZ";"Todo";"OK";"Realizado";"20/11/2025"
"18/11/2025";"43";"Soja";"BIO FERTILIZANTE";"Todo";"OK";"Realizado";"19/11/2025"
"18/11/2025";"106";"Soja";"BIO FERTILIZANTE";"Todo";"OK";"Realizado";"19/11/2025"
"19/11/2025";"116";"Soja";"BIO FERTILIZANTE";"Todo";"Apoio com Caminhão Exotérmico";"Logística";"19/11/2025"
"19/11/2025";"31";"Soja";"BIO SOLUBILIZE+BIO RAIZ+BIO ND";"Todo";"OK";"Realizado";"20/11/2025"
"19/11/2025";"44";"Soja";"BIO FERTILIZANTE";"Todo";"OK";"Realizado";"20/11/2025"
"20/11/2025";"112";"Soja";"BIO SOLUBILIZE+BIO ND+BIO HIDRIC+BIO BALANCE+BIO AZ+BIO RAIZ";"Todo";"Falta de Produto";"Operacional";"20/11/2025"
"20/11/2025";"43";"Soja";"BIO FERTILIZANTE";"Todo";"Chuva";"Operacional";"20/11/2025"
"20/11/2025";"8";"Soja";"BIO AZ+BIO HIDRIC+BIO BALANCE";"Todo";"Chuva";"Operacional";"20/11/2025"
"20/11/2025";"64";"Soja";"BIO FERTILIZANTE";"Todo";"Chuva";"Operacional";"20/11/2025"
"21/11/2025";"29";"Cacau";"BIO FERTILIZANTE";"Todo";"Chuva";"Operacional";"21/11/2025"
"21/11/2025";"114";"Soja";"BIO FERTILIZANTE";"Todo";"Apoio com Caminhão Exotérmico";"Logística";"21/11/2025"
"21/11/2025";"44";"Soja";"BIO SOLUBILIZE+BIO AZ+BIO ND";"Todo";"Falta de Produto";"Operacional";"21/11/2025"
"21/11/2025";"2";"Soja";"BIO SOLUBILIZE+BIO ND+BIO HIDRIC+BIO BALANCE+BIO AZ+BIO RAIZ";"Todo";"Falta de Produto";"Operacional";"21/11/2025"
"24/11/2025";"43";"Soja";"BIO FERTILIZANTE";"Todo";"OK";"Realizado";"26/11/2025"
"24/11/2025";"64";"Soja";"BIO FERTILIZANTE";"Todo";"Falta de Energia";"Elétrico";"26/11/2025"
"24/11/2025";"29";"Cacau";"BIO FERTILIZANTE";"Todo";"OK";"Realizado";"26/11/2025"
"25/11/2025";"116";"Soja";"BIO FERTILIZANTE";"Todo";"OK";"Realizado";"26/11/2025"
"25/11/2025";"2";"Soja";"BIO SOLUBILIZE+BIO ND+BIO HIDRIC+BIO BALANCE+BIO AZ+BIO RAIZ";"Todo";"OK";"Realizado";"26/11/2025"
"25/11/2025";"44";"Soja";"BIO SOLUBILIZE+BIO AZ+BIO ND";"Todo";"Falta de Energia";"Elétrico";"26/11/2025"
"26/11/2025";"114";"Soja";"BIO SOLUBILIZE+BIO ND+BIO HIDRIC+BIO BALANCE+BIO AZ+BIO RAIZ";"Todo";"OK";"Realizado";"28/11/2025"
"26/11/2025";"9";"Soja";"BIO SOLUBILIZE+BIO ND+BIO HIDRIC+BIO BALANCE+BIO AZ+BIO RAIZ";"Todo";"Falta de Energia";"Elétrico";"28/11/2025"
"27/11/2025";"112";"Soja";"BIO SOLUBILIZE+BIO ND+BIO HIDRIC+BIO BALANCE+BIO AZ+BIO RAIZ";"Todo";"Chuva";"Operacional";"28/11/2025"
"27/11/2025";"55";"Soja";"BIO FERTILIZANTE";"Todo";"Chuva";"Operacional";"28/11/2025"
"27/11/2025";"8";"Soja";"BIO SOLUBILIZE+BIO ND+BIO HIDRIC+BIO BALANCE+BIO AZ+BIO RAIZ";"Todo";"Chuva";"Operacional";"28/11/2025"
"28/11/2025";"114";"Soja";"BIO FERTILIZANTE";"Todo";"Chuva";"Operacional";"28/11/2025"
"28/11/2025";"64";"Soja";"BIO SOLUBILIZE+BIO ND+BIO HIDRIC+BIO BALANCE+BIO AZ+BIO RAIZ";"Todo";"Chuva";"Operacional";"28/11/2025"
"28/11/2025";"32";"Cacau";"BIO FERTILIZANTE";"1/2";"OK";"Realizado";"28/11/2025"
"01/12/2025";"43";"Soja";"BIO SOLUBILIZE+BIO ND+BIO HIDRIC+BIO BALANCE+BIO AZ+BIO RAIZ";"Todo";"OK";"Realizado";"04/12/2025"
"01/12/2025";"9";"Soja";"BIO SOLUBILIZE+BIO ND+BIO HIDRIC+BIO BALANCE+BIO AZ+BIO RAIZ";"Todo";"Cabo Rompido";"Elétrico";"04/12/2025"
"02/12/2025";"112";"Soja";"BIO SOLUBILIZE+BIO ND+BIO HIDRIC+BIO BALANCE+BIO AZ+BIO RAIZ";"Todo";"Falta de Produto";"Operacional";"04/12/2025"
"02/12/2025";"10";"Soja";"BIO SOLUBILIZE+BIO ND+BIO HIDRIC+BIO BALANCE+BIO AZ+BIO RAIZ";"Todo";"Falta de Produto";"Operacional";"04/12/2025"
"02/12/2025";"12";"Soja";"BIO FERTILIZANTE";"Todo";"Cancelado";"Cancelado";"04/12/2025"
"03/12/2025";"113";"Soja";"BIO FERTILIZANTE";"Todo";"OK";"Realizado";"05/12/2025"
"03/12/2025";"9";"Soja";"BIO FERTILIZANTE";"Todo";"Cabo Rompido";"Elétrico";"05/12/2025"
"03/12/2025";"8";"Soja";"BIO SOLUBILIZE+BIO ND+BIO HIDRIC+BIO BALANCE+BIO AZ+BIO RAIZ";"Todo";"Aguard. Anterior";"Operacional";"05/12/2025"
"04/12/2025";"64";"Soja";"BIO SOLUBILIZE+BIO ND+BIO HIDRIC+BIO BALANCE+BIO AZ+BIO RAIZ";"Todo";"Aguard. Anterior";"Operacional";"05/12/2025"
"04/12/2025";"10";"Soja";"BIO FERTILIZANTE";"Todo";"OK";"Realizado";"06/12/2025"
"04/12/2025";"112";"Soja";"BIO FERTILIZANTE";"Todo";"OK";"Realizado";"04/12/2025"
"05/12/2025";"32";"Cacau";"BIO FERTILIZANTE";"1/2";"Chuva";"Operacional";"05/12/2025"
"05/12/2025";"11";"Soja";"BIO SOLUBILIZE+BIO ND+BIO HIDRIC+BIO BALANCE+BIO AZ+BIO RAIZ";"Todo";"Chuva";"Operacional";"05/12/2025"
"08/12/2025";"64";"Soja";"BIO FERTILIZANTE";"Todo";"OK";"Realizado";"08/12/2025"
"08/12/2025";"112";"Soja";"BIO SOLUBILIZE+BIO ND+BIO HIDRIC+BIO BALANCE+BIO AZ+BIO RAIZ";"Todo";"OK";"Realizado";"11/12/2025"
"08/12/2025";"10";"Soja";"BIO SOLUBILIZE+BIO ND+BIO HIDRIC+BIO BALANCE+BIO AZ+BIO RAIZ";"Todo";"OK";"Realizado";"10/12/2025"
"09/12/2025";"12";"Soja";"BIO FERTILIZANTE";"Todo";"OK";"Realizado";"11/12/2025"
"09/12/2025";"114";"Soja";"BIO FERTILIZANTE";"Todo";"Falta de Energia";"Elétrico";"11/12/2025"
"09/12/2025";"8";"Soja";"BIO SOLUBILIZE+BIO ND+BIO RAIZ";"Todo";"OK";"Realizado";"10/12/2025"
"09/12/2025";"27";"Cacau";"BIO AZ+BIO HIDRIC";"Todo";"OK";"Realizado";"09/12/2025"
"10/12/2025";"64";"Soja";"BIO SOLUBILIZE+BIO ND+BIO HIDRIC+BIO BALANCE+BIO AZ+BIO RAIZ";"Todo";"Aguard. Anterior";"Operacional";"11/12/2025"
"10/12/2025";"11";"Soja";"BIO FERTILIZANTE";"Todo";"Cancelado";"Cancelado";"11/12/2025"
"10/12/2025";"122";"Soja";"BIO FERTILIZANTE";"Todo";"Falta de Energia";"Elétrico";"11/12/2025"
"10/12/2025";"25";"Cacau";"BIO AZ+BIO HIDRIC";"Todo";"OK";"Realizado";"14/12/2025"
"11/12/2025";"113";"Soja";"BIO SOLUBILIZE+BIO ND+BIO HIDRIC+BIO BALANCE+BIO AZ+BIO RAIZ";"Todo";"OK";"Realizado";"13/12/2025"
"11/12/2025";"55";"Soja";"BIO SOLUBILIZE+BIO ND+BIO HIDRIC+BIO BALANCE+BIO AZ+BIO RAIZ";"Todo";"OK";"Realizado";"12/12/2025"
"11/12/2025";"29";"Cacau";"BIO AZ+BIO HIDRIC";"Todo";"Falta de Água";"Operacional";"12/12/2025"
"12/12/2025";"13";"Soja";"BIO FERTILIZANTE";"Todo";"Cancelado";"Cancelado";"12/12/2025"
"12/12/2025";"9";"Soja";"BIO FERTILIZANTE";"Todo";"OK";"Realizado";"13/12/2025"
"12/12/2025";"32";"Cacau";"BIO FERTILIZANTE+BIO AZ+BIO HIDRIC";"1/2";"Cancelado";"Cancelado";"13/12/2025"
"15/12/2025";"64";"Soja";"BIO SOLUBILIZE+BIO ND+BIO HIDRIC+BIO BALANCE+BIO AZ+BIO RAIZ";"Todo";"OK";"Realizado";"18/12/2025"
"15/12/2025";"9";"Soja";"BIO SOLUBILIZE+BIO ND+BIO HIDRIC+BIO BALANCE+BIO AZ+BIO RAIZ";"Todo";"OK";"Realizado";"17/12/2025"
"15/12/2025";"29";"Cacau";"BIO FERTILIZANTE+BIO AZ+BIO HIDRIC";"Todo";"OK";"Realizado";"16/12/2025"
"15/12/2025";"130";"Soja";"BIO FERTILIZANTE";"Todo";"OK";"Realizado";"17/12/2025"
"16/12/2025";"18";"Soja";"BIO FERTILIZANTE";"Todo";"OK";"Realizado";"19/12/2025"
"16/12/2025";"117";"Soja";"BIO SOLUBILIZE+BIO ND+BIO HIDRIC+BIO BALANCE+BIO AZ+BIO RAIZ";"Todo";"OK";"Realizado";"18/12/2025"
"16/12/2025";"25";"Cacau";"BIO FERTILIZANTE";"Todo";"OK";"Realizado";"19/12/2025"
"16/12/2025";"11";"Soja";"BIO SOLUBILIZE+BIO ND+BIO HIDRIC+BIO BALANCE+BIO AZ+BIO RAIZ";"Todo";"OK";"Realizado";"17/12/2025"
"17/12/2025";"122";"Soja";"BIO SOLUBILIZE+BIO ND+BIO HIDRIC+BIO BALANCE+BIO AZ+BIO RAIZ";"Todo";"OK";"Realizado";"18/12/2025"
"17/12/2025";"27";"Cacau";"BIO FERTILIZANTE";"Todo";"OK";"Realizado";"18/12/2025"
"17/12/2025";"12";"Soja";"BIO SOLUBILIZE+BIO ND+BIO HIDRIC+BIO BALANCE+BIO AZ+BIO RAIZ";"Todo";"OK";"Realizado";"18/12/2025"
"18/12/2025";"52";"Soja";"BIO FERTILIZANTE";"Todo";"Aguard. Anterior";"Operacional";"19/12/2025"
"18/12/2025";"128";"Tabaco";"BIO RAIZ+BIO BALANCE";"Todo";"Chuva";"Operacional";"19/12/2025"
"18/12/2025";"51";"Soja";"BIO SOLUBILIZE+BIO ND+BIO HIDRIC+BIO BALANCE+BIO AZ+BIO RAIZ";"Todo";"Aguard. Anterior";"Operacional";"19/12/2025"
"19/12/2025";"123";"Soja";"BIO SOLUBILIZE+BIO ND+BIO HIDRIC+BIO BALANCE+BIO AZ+BIO RAIZ";"Todo";"Chuva";"Operacional";"19/12/2025"
"19/12/2025";"13";"Soja";"BIO SOLUBILIZE+BIO HIDRIC+BIO BALANCE+BIO AZ+BIO RAIZ";"Todo";"OK";"Realizado";"19/12/2025"
"19/12/2025";"45";"Soja";"BIO SOLUBILIZE+BIO ND+BIO HIDRIC+BIO BALANCE+BIO AZ+BIO RAIZ";"Todo";"Aguard. Anterior";"Operacional";"19/12/2025"
"22/12/2025";"128";"Tabaco";"BIO RAIZ+BIO BALANCE+BORO";"Todo";"OK";"Realizado";"23/12/2025"
"22/12/2025";"51";"Soja";"BIO SOLUBILIZE+BIO HIDRIC+BIO BALANCE+BIO AZ+BIO RAIZ";"Todo";"OK";"Realizado";"24/12/2025"
"22/12/2025";"46";"Soja";"BIO FERTILIZANTE";"Todo";"mudança de Manejo";"Operacional";"24/12/2025"
"23/12/2025";"125";"Soja";"BIO SOLUBILIZE+BIO HIDRIC+BIO BALANCE+BIO AZ+BIO RAIZ";"Todo";"OK";"Realizado";"24/12/2025"
"23/12/2025";"45";"Soja";"BIO SOLUBILIZE+BIO HIDRIC+BIO BALANCE+BIO AZ+BIO RAIZ";"Todo";"OK";"Realizado";"24/12/2025"
"23/12/2025";"18";"Soja";"BIO FERTILIZANTE";"Todo";"OK";"Realizado";"24/12/2025"
"29/12/2025";"13";"Soja";"BIO FERTILIZANTE";"Todo";"Falta de Água";"Operacional";"30/12/2025"
"29/12/2025";"46";"Soja";"BIO FERTILIZANTE";"Todo";"OK";"Realizado";"30/12/2025"
"29/12/2025";"126";"Tabaco";"BIO RAIZ+BIO BALANCE+BORO";"Todo";"OK";"Realizado";"31/12/2025"
"30/12/2025";"123";"Soja";"BIO SOLUBILIZE+BIO HIDRIC+BIO BALANCE+BIO AZ+BIO RAIZ";"Todo";"mudança de Manejo";"Operacional";"31/12/2025"
"30/12/2025";"12";"Soja";"BIO FERTILIZANTE";"Todo";"Falta de Água";"Operacional";"31/12/2025"
"30/12/2025";"10";"Soja";"BIO FERTILIZANTE";"Todo";"mudança de Manejo";"Operacional";"31/12/2025"
"05/01/2026";"10";"Soja";"BIO FERTILIZANTE";"Todo";"OK";"Realizado";"06/01/2026"
"05/01/2026";"12";"Soja";"BIO FERTILIZANTE";"Todo";"OK";"Realizado";"06/01/2026"
"05/01/2026";"123";"Soja";"BIO SOLUBILIZE+BIO HIDRIC+BIO BALANCE+BIO AZ+BIO RAIZ";"Todo";"OK";"Realizado";"06/01/2026"
"06/01/2026";"59";"Algodão";"SULFATO DE AMONIA";"Todo";"OK";"Realizado";"07/01/2026"
"06/01/2026";"13";"Soja";"BIO FERTILIZANTE";"Todo";"OK";"Realizado";"07/01/2026"
"06/01/2026";"126";"Tabaco";"BIO RAIZ+BIO BALANCE+BORO";"AB";"Falta de Energia";"Elétrico";"07/01/2026"
"06/01/2026";"32";"Cacau";"BIO FERTILIZANTE";"1/2";"OK";"Realizado";"07/01/2026"
"07/01/2026";"25";"Cacau";"BIO FERTILIZANTE";"Todo";"OK";"Realizado";"08/01/2026"
"07/01/2026";"133";"Soja";"BIO SOLUBILIZE+BIO HIDRIC+BIO BALANCE+BIO AZ+BIO RAIZ";"Todo";"OK";"Realizado";"08/01/2026"
"07/01/2026";"52";"Soja";"BIO SOLUBILIZE+BIO HIDRIC+BIO BALANCE+BIO AZ+BIO RAIZ";"Todo";"Transformador";"Elétrico";"08/01/2026"
"07/01/2026";"10";"Soja";"BIO FERTILIZANTE";"Todo";"Falta de Água";"Operacional";"08/01/2026"
"08/01/2026";"129";"Soja";"BIO SOLUBILIZE+BIO HIDRIC+BIO BALANCE+BIO AZ+BIO RAIZ";"Todo";"OK";"Realizado";"09/01/2026"
"08/01/2026";"27";"Cacau";"BIO FERTILIZANTE";"Todo";"OK";"Realizado";"09/01/2026"
"08/01/2026";"72";"Soja";"BIO SOLUBILIZE+BIO HIDRIC+BIO BALANCE+BIO AZ+BIO RAIZ";"Todo";"OK";"Realizado";"09/01/2026"
"08/01/2026";"12";"Soja";"BIO FERTILIZANTE";"Todo";"Falta de Água";"Operacional";"09/01/2026"
"09/01/2026";"29";"Cacau";"BIO FERTILIZANTE";"Todo";"Falta de Água";"Operacional";"09/01/2026"
"09/01/2026";"127";"Soja";"BIO SOLUBILIZE+BIO HIDRIC+BIO BALANCE+BIO AZ+BIO RAIZ";"Todo";"OK";"Realizado";"09/01/2026"
"09/01/2026";"57";"Algodão";"SULFATO DE AMONIA";"Todo";"OK";"Realizado";"09/01/2026"
"09/01/2026";"13";"Soja";"BIO FERTILIZANTE";"Todo";"OK";"Realizado";"09/01/2026"
"12/01/2026";"10";"Soja";"BIO FERTILIZANTE";"Todo";"OK";"Realizado";"13/01/2026"
"12/01/2026";"29";"Cacau";"BIO FERTILIZANTE";"Todo";"OK";"Realizado";"13/01/2026"
"12/01/2026";"126";"Tabaco";"BIO RAIZ+BIO BALANCE+BORO";"AB";"OK";"Realizado";"13/01/2026"
"12/01/2026";"126";"Tabaco";"BIO RAIZ+BIO BALANCE";"C D";"OK";"Realizado";"13/01/2026"
"13/01/2026";"57";"Algodão";"SULFATO DE AMONIA";"Todo";"OK";"Realizado";"14/01/2026"
"13/01/2026";"13";"Soja";"BIO FERTILIZANTE";"Todo";"OK";"Realizado";"14/01/2026"
"14/01/2026";"59";"Algodão";"SULFATO DE AMONIA";"Todo";"OK";"Realizado";"15/01/2026"
"14/01/2026";"12";"Soja";"BIO FERTILIZANTE";"Todo";"OK";"Realizado";"15/01/2026"
"15/01/2026";"61";"Algodão";"SULFATO DE AMONIA";"Todo";"Cancelado";"Cancelado";"16/01/2026"
"15/01/2026";"72";"Soja";"BIO SOLUBILIZE+BIO HIDRIC+BIO BALANCE+BIO AZ+BIO RAIZ";"Todo";"Falta de Água";"Operacional";"16/01/2026"
"15/01/2026";"128";"Tabaco";"NUTRISYSTEM DESENVOLVIMENTO+BORO";"Todo";"OK";"Realizado";"16/01/2026"
"16/01/2026";"70";"Algodão";"SULFATO DE AMONIA";"Todo";"Cancelado";"Cancelado";"16/01/2026"
"16/01/2026";"44";"Soja";"FLUAZINAN";"Todo";"OK";"Realizado";"16/01/2026"
"16/01/2026";"32";"Cacau";"BIO FERTILIZANTE";"1/2";"OK";"Realizado";"16/01/2026"
"20/01/2026";"10";"Soja";"BIO FERTILIZANTE";"Todo";"OK";"Realizado";"24/01/2026"
"20/01/2026";"52";"Soja";"BIO SOLUBILIZE+BIO HIDRIC+BIO BALANCE+BIO AZ+BIO RAIZ";"Todo";"Chuva";"Operacional";"21/01/2026"
"20/01/2026";"33";"Algodão";"SULFATO DE AMONIA";"Todo";"Chuva";"Operacional";"21/01/2026"
"21/01/2026";"50";"Soja";"BIO SOLUBILIZE+BIO HIDRIC+BIO BALANCE+BIO AZ+BIO RAIZ";"Todo";"Chuva";"Operacional";"22/01/2026"
"21/01/2026";"128";"Tabaco";"NUTRISYSTEM DESENVOLVIMENTO+SULFATO DE MAGNÉSIO";"Todo";"Chuva";"Operacional";"22/01/2026"
"21/01/2026";"34";"Algodão";"SULFATO DE AMONIA";"Todo";"Chuva";"Operacional";"22/01/2026"
"21/01/2026";"12";"Soja";"BIO FERTILIZANTE";"Todo";"Chuva";"Operacional";"22/01/2026"
"22/01/2026";"46";"Soja";"BIO SOLUBILIZE+BIO HIDRIC+BIO BALANCE+BIO AZ+BIO RAIZ";"Todo";"Chuva";"Operacional";"23/01/2026"
"22/01/2026";"126";"Tabaco";"NUTRISYSTEM DESENVOLVIMENTO+BORO";"Todo";"Chuva";"Operacional";"23/01/2026"
"22/01/2026";"130";"Soja";"BIO SOLUBILIZE+BIO HIDRIC+BIO BALANCE+BIO AZ+BIO RAIZ";"Todo";"Chuva";"Operacional";"23/01/2026"
"22/01/2026";"26";"Algodão";"BIO FERTILIZANTE";"Todo";"Chuva";"Operacional";"23/01/2026"
"23/01/2026";"13";"Soja";"BIO FERTILIZANTE";"Todo";"Chuva";"Operacional";"24/01/2026"
"23/01/2026";"124";"Tabaco";"BIO RAIZ+BIO BALANCE";"Todo";"Chuva";"Operacional";"24/01/2026"
"23/01/2026";"128";"Tabaco";"PRO K";"Todo";"Chuva";"Operacional";"24/01/2026"
"26/01/2026";"52";"Soja";"BIO SOLUBILIZE+BIO HIDRIC+BIO BALANCE+BIO AZ+BIO RAIZ";"Todo";"OK";"Realizado";"27/01/2026"
"26/01/2026";"11";"Soja";"FLUAZINAN";"Todo";"OK";"Realizado";"29/01/2026"
"26/01/2026";"10";"Soja";"BIO FERTILIZANTE";"Todo";"OK";"Realizado";"28/01/2026"
"26/01/2026";"128";"Tabaco";"NUTRISYSTEM DESENVOLVIMENTO+SULFATO DE MAGNESIO";"Todo";"OK";"Realizado";"27/01/2026"
"27/01/2026";"12";"Soja";"BIO GREEN+CARBON PRO+PRIMAFERT+BIOGALL";"Todo";"OK";"Realizado";"29/01/2026"
"27/01/2026";"26";"Algodão";"BIO FERTILIZANTE";"Todo";"OK";"Realizado";"29/01/2026"
"27/01/2026";"33";"Algodão";"SULFATO DE AMONIA";"Todo";"OK";"Realizado";"28/01/2026"
"27/01/2026";"124";"Tabaco";"SOLUBIO RAIZ PERFORMANCE+BIO BALANCE";"Todo";"mudança de Manejo";"Operacional";"28/01/2026"
"28/01/2026";"10";"Soja";"BIO GREEN+CARBON PRO+PRIMAFERT+BIOGALL";"Todo";"OK";"Realizado";"30/01/2026"
"28/01/2026";"29";"Cacau";"BIO RAIZ+STINGRAY+TRICHODERMIL";"Todo";"Veículo Indisponível";"Logística";"30/01/2026"
"28/01/2026";"34";"Algodão";"SULFATO DE AMONIA";"Todo";"Falta de Produto";"Operacional";"30/01/2026"
"28/01/2026";"126";"Tabaco";"NUTRISYSTEM DESENVOLVIMENTO+ACIDO BORICO";"Todo";"OK";"Realizado";"30/01/2026"
"29/01/2026";"14";"Soja";"BIO SOLUBILIZE+BIO HIDRIC+BIO BALANCE+BIO AZ+BIO RAIZ";"Todo";"Veículo Indisponível";"Logística";"30/01/2026"
"29/01/2026";"25";"Cacau";"BIO RAIZ+STINGRAY+TRICHODERMIL+TEC BUG";"Todo";"Veículo Indisponível";"Logística";"30/01/2026"
"29/01/2026";"46";"Soja";"BIO SOLUBILIZE+BIO HIDRIC+BIO BALANCE+BIO AZ+BIO RAIZ";"Todo";"OK";"Realizado";"30/01/2026"
"29/01/2026";"128";"Tabaco";"PRO K";"Todo";"Falta de Energia";"Elétrico";"30/01/2026"
"30/01/2026";"13";"Soja";"BIO GREEN+CARBON PRO+PRIMAFERT+BIOGALL+BIO FERTILIZANTE";"Todo";"OK";"Realizado";"31/01/2026"
"30/01/2026";"27";"Cacau";"TEC BUG";"Todo";"Veículo Indisponível";"Logística";"31/01/2026"
"30/01/2026";"39";"Algodão";"BIO FERTILIZANTE";"Todo";"Apoio com Caminhão Exotérmico";"Logística";"31/01/2026"
"30/01/2026";"130";"Soja";"BIO SOLUBILIZE+BIO HIDRIC+BIO BALANCE+BIO AZ+BIO RAIZ";"Todo";"Apoio com Caminhão Exotérmico";"Logística";"31/01/2026"
"02/02/2026";"27";"Cacau";"TEC BUG";"Todo";"OK";"Realizado";"03/02/2026"
"02/02/2026";"50";"Soja";"BIO SOLUBILIZE+BIO HIDRIC+BIO BALANCE+BIO AZ+BIO RAIZ";"Todo";"OK";"Realizado";"03/02/2026"
"02/02/2026";"128";"Tabaco";"PRO K";"Todo";"OK";"Realizado";"03/02/2026"
"02/02/2026";"34";"Algodão";"SULFATO DE AMONIA";"Todo";"OK";"Realizado";"03/02/2026"
"03/02/2026";"25";"Cacau";"BIO RAIZ +TEC BUG+STINGRAY+TRICHODERMIL";"Todo";"OK";"Realizado";"04/02/2026"
"03/02/2026";"59";"Algodao";"SULFATO DE AMONIA";"Todo";"OK";"Realizado";"04/02/2026"
"03/02/2026";"124";"Tabaco";"SOLUBIO RAIZ PERFORMANCE+BIO BALANCE+BORO";"Todo";"OK";"Realizado";"04/02/2026"
"03/02/2026";"126";"Tabaco";"NUTRISYSTEM DESENVOLVIMENTO+SULFATO DE MAGNESIO";"Todo";"OK";"Realizado";"04/02/2026"
"04/02/2026";"26";"Algodao";"BIO FERTILIZANTE";"Todo";"Apoio com Caminhão Exotérmico";"Logística";"05/02/2026"
"04/02/2026";"57";"Algodao";"SULFATO DE AMONIA";"Todo";"OK";"Realizado";"05/02/2026"
"04/02/2026";"128";"Tabaco";"PRO K";"Todo";"OK";"Realizado";"05/02/2026"
"04/02/2026";"119";"Tabaco";"SOLUBIO RAIZ PERFORMANCE+BIO BALANCE";"Todo";"OK";"Realizado";"05/02/2026"
"05/02/2026";"12";"Soja";"FLUAZINAN";"Todo";"OK";"Realizado";"06/02/2026"
"05/02/2026";"14";"Soja";"BIO SOLUBILIZE+BIO HIDRIC+BIO BALANCE+BIO AZ+BIO RAIZ+FLUAZINAN";"Todo";"OK";"Realizado";"06/02/2026"
"05/02/2026";"28";"Soja";"BIO SOLUBILIZE+BIO HIDRIC+BIO BALANCE+BIO AZ+BIO RAIZ";"Todo";"Apoio com Caminhão Exotérmico";"Logística";"06/02/2026"
"05/02/2026";"126";"Tabaco";"PRO K";"Todo";"OK";"Realizado";"06/02/2026"
"06/02/2026";"13";"Soja";"FLUAZINAN";"Todo";"OK";"Realizado";"06/02/2026"
"06/02/2026";"71";"Soja";"BIO SOLUBILIZE+BIO HIDRIC+BIO BALANCE+BIO AZ+BIO RAIZ";"Todo";"Contator";"Elétrico";"06/02/2026"
"06/02/2026";"29";"Cacau";"BIO RAIZ +STINGRAY";"Todo";"OK";"Realizado";"06/02/2026"
"06/02/2026";"128";"Tabaco";"PRO K";"Todo";"Chuva";"Operacional";"06/02/2026"
"09/02/2026";"128";"Tabaco";"PRO K";"Todo";"Redutor";"Mecânico";"10/02/2026"
"09/02/2026";"45";"Soja";"FLUAZINAN";"Todo";"OK";"Realizado";"10/02/2026"
"09/02/2026";"1";"Algodão";"SULFATO DE MAGNESIO+SULFATO DE ZINCO+SULFATO DE COBRE+UREIA";"Todo";"OK";"Realizado";"10/02/2026"
"10/02/2026";"126";"Tabaco";"PRO K";"Todo";"OK";"Realizado";"11/02/2026"
"10/02/2026";"26";"Algodão";"BIO FERTILIZANTE";"Todo";"OK";"Realizado";"12/02/2026"
"10/02/2026";"66";"Algodão";"SULFATO DE MAGNESIO+SULFATO DE ZINCO+SULFATO DE COBRE+UREIA";"Todo";"OK";"Realizado";"12/02/2026"
"10/02/2026";"10";"Soja";"BIO FERTILIZANTE";"Todo";"OK";"Realizado";"12/02/2026"
"11/02/2026";"121";"Tabaco";"SOLUBIORAIZ PERFORMANCE+BIO BALANCE";"Todo";"mudança de Manejo";"Operacional";"12/02/2026"
"11/02/2026";"12";"Soja";"BIO FERTILIZANTE";"Todo";"OK";"Realizado";"13/02/2026"
"11/02/2026";"117";"Soja";"MBIO BRAD";"Todo";"OK";"Realizado";"13/02/2026"
"11/02/2026";"28";"Soja";"BIO SOLUBILIZE+BIO HIDRIC+BIO BALANCE+BIO AZ+BIO RAIZ";"Todo";"Chuva";"Operacional";"13/02/2026"
"12/02/2026";"119";"Tabaco";"SOLUBIORAIZ PERFORMANCE+BIO BALANCE+BORO";"Todo";"Chuva";"Operacional";"13/02/2026"
"12/02/2026";"126";"Tabaco";"PRO K";"Todo";"Chuva";"Operacional";"13/02/2026"
"12/02/2026";"133";"Soja";"FLUAZINAN";"1/2";"OK";"Realizado";"13/02/2026"
"13/02/2026";"124";"Tabaco";"NUTRISYSTEM DESENVOLVIMENTO+ACIDO BORICO";"Todo";"OK";"Realizado";"13/02/2026"
"13/02/2026";"71";"Soja";"BRADYRHIZOBIUM";"Todo";"OK";"Realizado";"13/02/2026"
"13/02/2026";"39";"Algodão";"BIO FERTILIZANTE";"Todo";"OK";"Realizado";"13/02/2026"
"13/02/2026";"13";"Soja";"BIO FERTILIZANTE";"Todo";"OK";"Realizado";"13/02/2026"
"17/02/2026";"126";"Tabaco";"PRO-K";"Todo";"OK";"Realizado";"18/02/2026"
"17/02/2026";"121";"Tabaco";"SOLUBIO RAIZ PERFOMANCE, BIO BALANCE";"Todo";"OK";"Realizado";"18/02/2026"
"17/02/2026";"28";"Soja";"BIO SOLUBILIZE+BIO HIDRIC+BIO BALANCE+BIO AZ+BIO RAIZ";"Todo";"OK";"Realizado";"18/02/2026"
"18/02/2026";"33";"Algodão";"UREIA + SULFATO DE MANGANES";"Todo";"Chuva";"Operacional";"19/02/2026"
"18/02/2026";"26";"Algodão";"BIO FERTILIZANTE";"Todo";"Apoio com Caminhão Exotérmico";"Logística";"19/02/2026"
"18/02/2026";"12";"Soja";"BIO FERTILIZANTE";"Todo";"OK";"Realizado";"19/02/2026"
"18/02/2026";"124";"Tabaco";"NUTRISYSTEM DESENVOLVIMENTO+SULFATO DE MAGNESIO";"Todo";"OK";"Realizado";"19/02/2026"
"19/02/2026";"34";"Algodão";"UREIA + SULFATO DE MANGANES";"Todo";"OK";"Realizado";"20/02/2026"
"19/02/2026";"119";"Tabaco";"SOLUBIORAIZ PERFORMANCE+BIO BALANCE+BORO";"Todo";"OK";"Realizado";"20/02/2026"
"19/02/2026";"25";"Cacau";"BIO FERTILIZANTE";"Todo";"OK";"Realizado";"20/02/2026"
"20/02/2026";"126";"Tabaco";"PRO K";"Todo";"OK";"Realizado";"20/02/2026"
"20/02/2026";"121";"Tabaco";"SOLUBIO RAIZ PERFOMANCE, BIO BALANCE+BORO";"Todo";"OK";"Realizado";"20/02/2026"
"20/02/2026";"29";"Cacau";"BIO FERTILIZANTE";"Todo";"OK";"Realizado";"20/02/2026"
"23/02/2026";"126";"Tabaco";"NUTRISYSTEM DESENVOLVIMENTO";"Todo";"OK";"Realizado";"23/02/2026"
"23/02/2026";"26";"Algodão";"BIO FERTILIZANTE";"Todo";"OK";"Realizado";"23/02/2026"
"23/02/2026";"10";"Soja";"BIO FERTILIZANTE";"Todo";"OK";"Realizado";"23/02/2026"
"24/02/2026";"124";"Tabaco";"PRO-K";"Todo";"OK";"Realizado";"24/02/2026"
"24/02/2026";"118";"Tabaco";"SOLUBIORAIZ PERFORMANCE+BIO BALANCE";"Todo";"OK";"Realizado";"24/02/2026"
"24/02/2026";"12";"Soja";"BIO FERTILIZANTE";"Todo";"OK";"Realizado";"24/02/2026"
"25/02/2026";"13";"Soja";"BIO FERTILIZANTE";"Todo";"Chuva";"Operacional";"25/02/2026"
"25/02/2026";"1";"Algodão";"UREIA";"Todo";"OK";"Realizado";"25/02/2026"
"25/02/2026";"60";"Algodão";"UREIA";"Todo";"Falta de Energia";"Elétrico";"25/02/2026"
"26/02/2026";"118";"Tabaco";"SOLUBIORAIZ PERFORMANCE+BIO BALANCE+BORO";"Todo";"OK";"Realizado";"26/02/2026"
"26/02/2026";"70";"Algodão";"SULFATO DE MAGNESIO+SULFATO DE ZINCO+SULFATO DE COBRE+UREIA";"Todo";"Falta de Energia";"Elétrico";"26/02/2026"
"26/02/2026";"32";"Cacau";"BIO FERTILIZANTE+TRICHODERMIL+STINGREY";"Todo";"OK";"Realizado";"26/02/2026"
"27/02/2026";"120";"Tabaco";"SOLUBIORAIZ PERFORMANCE+BIO BALANCE";"Todo";"Chuva";"Operacional";"27/02/2026"
"27/02/2026";"69";"Algodão";"SULFATO DE MAGNESIO+SULFATO DE ZINCO+SULFATO DE COBRE+UREIA";"Todo";"Chuva";"Operacional";"27/02/2026"
"27/02/2026";"119";"Tabaco";"NUTRISYSTEM DESENVOLVIMENTO+BORO";"Todo";"Chuva";"Operacional";"27/02/2026"
"02/03/2026";"119";"Tabaco";"NUTRISYSTEM DESENVOLVIMENTO+BORO";"Todo";"CHUVA";"Operacional";"03/03/2026"
"02/03/2026";"26";"Algodão";"BIO FERTILIZANTE";"Todo";"OK";"Realizado";"03/03/2026"
"02/03/2026";"70";"Algodão";"SULFATO DE MAGNESIO+SULFATO DE ZINCO+SULFATO DE COBRE+UREIA";"Todo";"OK";"Realizado";"03/03/2026"
"03/03/2026";"69";"Algodão";"SULFATO DE MAGNESIO+SULFATO DE ZINCO+SULFATO DE COBRE+UREIA";"Todo";"OK";"Realizado";"04/03/2026"
"03/03/2026";"57";"Algodão";"SULFATO DE MAGNESIO+SULFATO DE ZINCO+SULFATO DE COBRE";"1/2";"OK";"Realizado";"04/03/2026"
"04/03/2026";"124";"Tabaco";"PRO-K";"Todo";"Chuva";"Operacional";"05/03/2026"
"04/03/2026";"115";"Algodão";"BIO SOLUBILIZE+BIO HIDRIC+BIO BALANCE+BIO AZ+BIO RAIZ";"Todo";"Apoio com Caminhão Tanque";"Logística";"05/03/2026"
"04/03/2026";"57";"Algodão";"SULFATO DE MAGNESIO+SULFATO DE ZINCO+SULFATO DE COBRE";"1/2";"OK";"Realizado";"05/03/2026"
"05/03/2026";"119";"Tabaco";"NUTRISYSTEM DESENVOLVIMENTO+MAGNESIO";"Todo";"Chuva";"Operacional";"06/03/2026"
"05/03/2026";"62";"Algodão";"BIO SOLUBILIZE+BIO HIDRIC+BIO BALANCE+BIO AZ+BIO RAIZ";"Todo";"Chuva";"Operacional";"06/03/2026"
"05/03/2026";"12";"Soja";"BIO FERTILIZANTE";"Todo";"OK";"Realizado";"06/03/2026"
"05/03/2026";"59";"Algodão";"SULFATO DE MAGNESIO+SULFATO DE ZINCO+SULFATO DE COBRE";"1/2";"OK";"Realizado";"06/03/2026"
"06/03/2026";"120";"Tabaco";"SOLUBIORAIZ PERFORMANCE+BIO BALANCE+BORO";"Todo";"Chuva";"Operacional";"06/03/2026"
"06/03/2026";"121";"Tabaco";"NUTRISYSTEM DESENVOLVIMENTO+BORO";"Todo";"Chuva";"Operacional";"06/03/2026"
"06/03/2026";"20";"Algodão";"BIO SOLUBILIZE+BIO HIDRIC+BIO BALANCE+BIO AZ+BIO RAIZ";"Todo";"Chuva";"Operacional";"06/03/2026"
"06/03/2026";"59";"Algodão";"SULFATO DE MAGNESIO+SULFATO DE ZINCO+SULFATO DE COBRE";"1/2";"OK";"Realizado";"06/03/2026"
"09/03/2026";"20";"Algodão";"CARBON PRO + BIO BALANCE + BIO RAIZ + BIO HIDRIC + BIO GREN + BIO AZ + PRIMA FERT + BIOSOLUBILIZE";"Todo";"OK";"Realizado";"10/03/2026"
"09/03/2026";"124";"Tabaco";"PRO-K";"Todo";"OK";"Realizado";"10/03/2026"
"09/03/2026";"49";"Algodão";"SULFATO DE MANGANES+SULFATO DE ZINCO+SULFATO DE COBRE+UREIA";"Todo";"OK";"Realizado";"10/03/2026"
"10/03/2026";"119";"Tabaco";"NUTRISYSTEM DESENVOLVIMENTO+ACIDO BORICO";"Todo";"OK";"Realizado";"11/03/2026"
"10/03/2026";"120";"Tabaco";"SOLUBIO RAIZ PERFORMANCE+BIO BALANCE+BORO";"Todo";"OK";"Realizado";"11/03/2026"
"10/03/2026";"48";"Algodão";"SULFATO DE MANGANES+SULFATO DE ZINCO+SULFATO DE COBRE+UREIA";"Todo";"Adutora Estourada";"Mecânico";"11/03/2026"
"11/03/2026";"121";"Tabaco";"NUTRISYSTEM DESENVOLVIMENTO+ACIDO BORICO";"Todo";"OK";"Realizado";"12/03/2026"
"11/03/2026";"20";"Algodão";"SULFATO DE MANGANES+SULFATO DE ZINCO+SULFATO DE COBRE+UREIA";"Todo";"Logística";"Logística";"12/03/2026"
"12/03/2026";"124";"Tabaco";"PRO-K";"Todo";"OK";"Realizado";"13/03/2026"
"12/03/2026";"34";"Algodão";"UREIA";"Todo";"OK";"Realizado";"13/03/2026"
"12/03/2026";"26";"Algodão";"BIO FERTILIZANTE+ CARBON PRO + BIO BALANCE + BIO RAIZ + BIO HIDRIC + BIO GREN + BIO AZ + PRIMA FERT + BIOSOLUBILIZE";"Todo";"OK";"Realizado";"13/03/2026"
"12/03/2026";"67";"Algodão";"SULFATO DE MAGNESIO+SULFATO DE ZINCO+SULFATO DE COBRE";"Todo";"OK";"Realizado";"13/03/2026"
"13/03/2026";"119";"Tabaco";"NUTRISYSTEM DESENVOLVIMENTO+ACIDO BORICO";"Todo";"Gerador";"Elétrico";"13/03/2026"
"13/03/2026";"33";"Algodão";"UREIA";"Todo";"Erosão/Rastro";"Operacional";"13/03/2026"
"13/03/2026";"39";"Algodão";"BIO FERTILIZANTE+ CARBON PRO + BIO BALANCE + BIO RAIZ + BIO HIDRIC + BIO GREN + BIO AZ + PRIMA FERT + BIOSOLUBILIZE";"Todo";"OK";"Realizado";"13/03/2026"
"13/03/2026";"115";"Algodão";"CARBON PRO + BIO BALANCE + BIO RAIZ + BIO HIDRIC + BIO GREN + BIO AZ + PRIMA FERT + BIOSOLUBILIZE";"Todo";"Logística";"Logística";"13/03/2026"
"16/03/2026";"124";"Tabaco";"NUTRISYSTEM DESENVOLVIMENTO";"ABD";"OK";"Realizado";"17/03/2026"
"16/03/2026";"20";"Algodão";"SULFATO DE MANGANES+SULFATO DE ZINCO+SULFATO DE COBRE+UREIA";"Todo";"OK";"Realizado";"17/03/2026"
"16/03/2026";"39";"Algodão";"BIO SOLUBILIZE+BIO HIDRIC+BIO BALANCE+BIO AZ+BIO RAIZ";"Todo";"OK";"Realizado";"17/03/2026"
"16/03/2026";"124";"Tabaco";"PRO-K";"C";"Chuva";"Operacional";"17/03/2026"
"17/03/2026";"119";"Tabaco";"PRO-K";"Todo";"OK";"Realizado";"18/03/2026"
"17/03/2026";"112";"Algodão";"SULFATO DE MAGNESIO+SULFATO DE COBRE";"Todo";"OK";"Realizado";"18/03/2026"
"17/03/2026";"33";"Algodão";"UREIA";"Todo";"OK";"Realizado";"18/03/2026"
"18/03/2026";"118";"Tabaco";"NUTRISYSTEM DESENVOLVIMENTO+ACIDO BORICO";"Todo";"Chuva";"Operacional";"19/03/2026"
"18/03/2026";"26";"Algodão";"BIO FERTILIZANTE";"Todo";"OK";"Realizado";"19/03/2026"
"18/03/2026";"114";"Algodão";"SULFATO DE MAGNESIO+SULFATO DE ZINCO+SULFATO DE COBRE";"Todo";"Chuva";"Operacional";"19/03/2026"
"19/03/2026";"119";"Tabaco";"PRO-K";"Todo";"OK";"Realizado";"20/03/2026"
"19/03/2026";"48";"Algodão";"SULFATO DE MANGANES+SULFATO DE ZINCO+SULFATO DE COBRE+UREIA";"Todo";"OK";"Realizado";"20/03/2026"
"19/03/2026";"61";"Algodão";"SULFATO DE MANGANES+SULFATO DE ZINCO+SULFATO DE COBRE";"Todo";"Atroso Fertirrigação Anterior";"Logística";"20/03/2026"
"20/03/2026";"121";"Tabaco";"NUTRISYSTEM DESENVOLVIMENTO+MAGNESIO";"ABD";"OK";"Realizado";"20/03/2026"
"20/03/2026";"4";"Tabaco";"SOLUBIO RAIZ PERFOMANCE, BIO BALANCE";"Todo";"OK";"Realizado";"20/03/2026"
"23/03/2026";"119";"Tabaco";"PRO-K";"Todo";"Chuva";"Operacional";"24/03/2026"
"23/03/2026";"114";"Algodão";"SULFATO DE MANGANES+SULFATO DE ZINCO+SULFATO DE COBRE";"Todo";"OK";"Realizado";"24/03/2026"
"23/03/2026";"61";"Algodão";"SULFATO DE MANGANES+SULFATO DE ZINCO+SULFATO DE COBRE+SULFATO DE AMONIA";"Todo";"Chuva";"Operacional";"24/03/2026"
"24/03/2026";"112";"Algodão";"BIO BALANCE + BIO RAIZ + BIO HIDRIC +BIOSOLUBILIZE";"Todo";"Chuva";"Operacional";"25/03/2026"
"24/03/2026";"121";"Tabaco";"PRO-K";"ABD";"Chuva";"Operacional";"25/03/2026"
"24/03/2026";"32";"Cacau";"BIO FERTILIZANTE+TRICHODERMIL+STINGREY";"B C";"Chuva";"Operacional";"25/03/2026"
"24/03/2026";"72";"Algodão";"SULFATO DE MANGANES+SULFATO DE ZINCO+SULFATO DE COBRE+UREIA";"Todo";"Chuva";"Operacional";"25/03/2026"
"24/03/2026";"118";"Tabaco";"NUTRISYSTEM + BORO";"Todo";"Chuva";"Operacional";"25/03/2026"
"25/03/2026";"113";"Algodão";"BIO BALANCE + BIO RAIZ + BIO HIDRIC +BIOSOLUBILIZE";"Todo";"Chuva";"Operacional";"26/03/2026"
"25/03/2026";"120";"Tabaco";"NUTRISYSTEM + BORO";"Todo";"Chuva";"Operacional";"26/03/2026"
"25/03/2026";"25";"Cacau";"BIO FERTILIZANTE+TRICHODERMIL+STINGREY";"Todo";"OK";"Realizado";"26/03/2026"
"25/03/2026";"58";"Algodão";"SULFATO DE MANGANES+SULFATO DE ZINCO+SULFATO DE COBRE+UREIA";"Todo";"Chuva";"Operacional";"26/03/2026"
"25/03/2026";"124";"Tabaco";"PRO-K";"C";"Chuva";"Operacional";"26/03/2026"
"26/03/2026";"115";"Algodão";"BIO BALANCE + BIO RAIZ + BIO HIDRIC +BIOSOLUBILIZE";"Todo";"Chuva";"Operacional";"27/03/2026"
"26/03/2026";"119";"Tabaco";"NUTRISYSTEM DESENVOLVIMENTO";"Todo";"Chuva";"Operacional";"27/03/2026"
"26/03/2026";"3";"Tabaco";"SOLUBIO RAIZ PERFOMANCE+ BIO BALANCE";"Todo";"Chuva";"Operacional";"27/03/2026"
"26/03/2026";"26";"Algodão";"BIO FERTILIZANTE";"Todo";"Chuva";"Operacional";"27/03/2026"
"26/03/2026";"121";"Tabaco";"PRO-K";"ABD";"Chuva";"Operacional";"27/03/2026"
"27/03/2026";"118";"Tabaco";"NUTRISYSTEM + MAGNESIO";"Todo";"Chuva";"Operacional";"27/03/2026"
"27/03/2026";"4";"Tabaco";"SOLUBIO RAIZ PERFOMANCE+ BIO BALANCE+BORO";"Todo";"OK";"Realizado";"27/03/2026"
"27/03/2026";"37";"Tabaco";"SOLUBIO RAIZ PERFOMANCE+ BIO BALANCE";"Todo";"OK";"Realizado";"27/03/2026"
"27/03/2026";"39";"Algodão";"BIO FERTILIZANTE";"Todo";"Chuva";"Operacional";"27/03/2026"
"30/03/2026";"118";"Tabaco";"NUTRISYSTEM + BORO";"Todo";"OK";"Realizado";"31/03/2026"
"30/03/2026";"119";"Tabaco";"PRO-K";"Todo";"OK";"Realizado";"31/03/2026"
"30/03/2026";"61";"Algodão";"SULFATO DE MANGANES+SULFATO DE ZINCO+SULFATO DE COBRE+SULFATO DE AMONIA";"Todo";"OK";"Realizado";"31/03/2026"
"30/03/2026";"1";"Algodão";"BIO BALANCE + BIO RAIZ + BIO HIDRIC +BIOSOLUBILIZE";"Todo";"OK";"Realizado";"31/03/2026"
"31/03/2026";"120";"Tabaco";"NUTRISYSTEM + BORO";"Todo";"Chuva";"Operacional";"01/04/2026"
"31/03/2026";"121";"Tabaco";"PRO-K";"ABD";"Chuva";"Operacional";"01/04/2026"
"31/03/2026";"72";"Algodão";"SULFATO DE MANGANES+SULFATO DE ZINCO+SULFATO DE COBRE+UREIA";"Todo";"Chuva";"Operacional";"01/04/2026"
"31/03/2026";"66";"Algodão";"BIO BALANCE + BIO RAIZ + BIO HIDRIC +BIOSOLUBILIZE";"Todo";"OK";"Realizado";"01/04/2026"
"01/04/2026";"118";"Tabaco";"NUTRISYSTEM + MAGNESIO";"Todo";"Chuva";"Operacional";"02/04/2026"
"01/04/2026";"124";"Tabaco";"PRO-K";"C";"Chuva";"Operacional";"02/04/2026"
"01/04/2026";"124";"Tabaco";"DESENVOLVIMENTO";"C";"Chuva";"Operacional";"02/04/2026"
"01/04/2026";"38";"Tabaco";"BIO BALANCE+SOLUBIO RAIZ PERFORMANCE";"Todo";"Chuva";"Operacional";"02/04/2026"
"01/04/2026";"68";"Algodão";"SULFATO DE MANGANES+SULFATO DE ZINCO+SULFATO DE COBRE+UREIA";"Todo";"Chuva";"Operacional";"02/04/2026"
"02/04/2026";"120";"Tabaco";"NUTRISYSTEM DESENVOLVIMENTO+MAGNESIO";"Todo";"Chuva";"Operacional";"02/04/2026"
"02/04/2026";"121";"Tabaco";"PRO-K";"ABD";"Chuva";"Operacional";"02/04/2026"
"02/04/2026";"37";"Tabaco";"BIO BALANCE+SOLUBIO RAIZ PERFORMANCE+BORO";"Todo";"Chuva";"Operacional";"02/04/2026"
"02/04/2026";"3";"Tabaco";"BIO BALANCE+SOLUBIO RAIZ PERFORMANCE";"Todo";"Chuva";"Operacional";"02/04/2026"
"06/04/2026";"119";"Tabaco";"NUTRISYSTEM DESENVOLVIMENTO";"Todo";"OK";"Realizado";"07/04/2026"
"06/04/2026";"38";"Tabaco";"BIO BALANCE+SOLUBIO RAIZ PERFORMANCE+BORO";"Todo";"OK";"Realizado";"07/04/2026"
"06/04/2026";"72";"Algodão";"SULFATO DE MANGANES+SULFATO DE ZINCO+SULFATO DE COBRE+UREIA";"Todo";"OK";"Realizado";"07/04/2026"
"06/04/2026";"27";"Cacau";"BIO FERTILIZANTE+STINGRAY+TRICHORDEMIL";"Todo";"OK";"Realizado";"07/04/2026"
"07/04/2026";"118";"Tabaco";"NUTRISYSTEM DESENVOLVIMENTO+MAGNESIO";"Todo";"OK";"Realizado";"08/04/2026"
"07/04/2026";"37";"Tabaco";"BIO BALANCE+SOLUBIO RAIZ PERFORMANCE+BORO";"Todo";"OK";"Realizado";"08/04/2026"
"07/04/2026";"26";"Algodão";"CARBOM PRO+PRIMAFERT+BIOGALL+BIOGREEN+BIOFERTILIZANTE";"Todo";"Funcionário Indisponível";"Operacional";"08/04/2026"
"07/04/2026";"32";"Cacau";"BIO FERTILIZANTE";"Todo";"OK";"Realizado";"08/04/2026"
"08/04/2026";"124";"Tabaco";"PRO-K";"C";"OK";"Realizado";"09/04/2026"
"08/04/2026";"124";"Tabaco";"DESENVOLVIMENTO";"C";"OK";"Realizado";"09/04/2026"
"08/04/2026";"3";"Tabaco";"BIO BALANCE+SOLUBIO RAIZ PERFORMANCE+BORO";"Todo";"OK";"Realizado";"09/04/2026"
"08/04/2026";"39";"Algodão";"CARBOM PRO+PRIMAFERT+BIOGALL+BIOGREEN";"Todo";"OK";"Realizado";"09/04/2026"
"08/04/2026";"60";"Algodão";"UREIA";"Todo";"Cancelado";"Cancelado";"09/04/2026"
"09/04/2026";"120";"Tabaco";"PRO-K+BORO";"Todo";"OK";"Realizado";"10/04/2026"
"09/04/2026";"54";"Algodão";"CARBOM PRO+PRIMAFERT+BIOGALL+BIOGREEN+BIO HIDRIC+BIO AZ+BIO SOLUBILIZE+BIO BALANCE+BIO RAIZ";"Todo";"Funcionário Indisponível";"Operacional";"10/04/2026"
"09/04/2026";"68";"Algodão";"SULFATO DE MANGANES+SULFATO DE ZINCO+SULFATO DE COBRE+UREIA";"Todo";"Chuva";"Operacional";"10/04/2026"
"09/04/2026";"102";"Algodão";"UREIA+SULFATO DE COBRE+SULFATO DE MANGANES+SULFATO DE ZINCO";"Todo";"Cancelado";"Cancelado";"10/04/2026"
"10/04/2026";"121";"Tabaco";"PRO K";"ABD";"Feito a Lanço";"Cancelado";"10/04/2026"
"10/04/2026";"40";"Tabaco";"BIO BALANCE+SOLUBIO RAIZ PERFORMANCE";"Todo";"OK";"Realizado";"10/04/2026"
"10/04/2026";"53";"Algodão";"CARBOM PRO+PRIMAFERT+BIOGALL+BIOGREEN+BIO HIDRIC+BIO AZ+BIO SOLUBILIZE+BIO BALANCE+BIO RAIZ";"1/2";"Funcionário Indisponível";"Operacional";"10/04/2026"
"10/04/2026";"104";"Algodão";"UREIA+SULFATO DE MANGANES";"Todo";"Cancelado";"Cancelado";"10/04/2026"
"13/04/2026";"118";"Tabaco";"PRO K";"Todo";"OK";"Realizado";"14/04/2026"
"13/04/2026";"68";"Algodão";"SULFATO DE MANGANES+SULFATO DE ZINCO+SULFATO DE COBRE+UREIA";"Todo";"OK";"Realizado";"14/04/2026"
"13/04/2026";"26";"Algodão";"CARBOM PRO+PRIMAFERT+BIOGALL+BIOGREEN";"Todo";"OK";"Realizado";"14/04/2026"
"13/04/2026";"54";"Algodão";"CARBOM PRO+PRIMAFERT+BIOGALL+BIOGREEN+BIO HIDRIC+BIO SOLUBILIZE+BIO BALANCE+BIO RAIZ";"Todo";"OK";"Realizado";"14/04/2026"
"14/04/2026";"53";"Algodão";"CARBOM PRO+PRIMAFERT+BIOGALL+BIOGREEN+BIO HIDRIC+BIO SOLUBILIZE+BIO BALANCE+BIO RAIZ";"1/2";"OK";"Realizado";"15/04/2026"
"14/04/2026";"120";"Tabaco";"PRO K+SULFATO DE MAGNESIO";"Todo";"OK";"Realizado";"15/04/2026"
"14/04/2026";"39";"Algodão";"UREIA";"Todo";"OK";"Realizado";"15/04/2026"
"14/04/2026";"15";"Algodão";"SULFATO DE MANGANES+SULFATO DE COBRE";"Todo";"OK";"Realizado";"15/04/2026"
"15/04/2026";"118";"Tabaco";"PRO K";"Todo";"OK";"Realizado";"16/04/2026"
"15/04/2026";"3";"Tabaco";"BIO BALANCE+SOLUBIO RAIZ PERFORMANCE";"Todo";"OK";"Realizado";"16/04/2026"
"15/04/2026";"32";"Cacau";"BIO FERTILIZANTE";"Todo";"OK";"Realizado";"16/04/2026"
"15/04/2026";"47";"Algodão";"SULFATO DE MANGANES+SULFATO DE ZINCO+SULFATO DE COBRE+UREIA";"Todo";"OK";"Realizado";"16/04/2026"
"16/04/2026";"38";"Tabaco";"BIO BALANCE+SOLUBIO RAIZ PERFORMANCE";"Todo";"OK";"Realizado";"17/04/2026"
"16/04/2026";"121";"Tabaco";"BIO FERTILIZANTE";"D";"OK";"Realizado";"17/04/2026"
"16/04/2026";"115";"Algodão";"SULFATO DE MANGANES+SULFATO DE ZINCO+SULFATO DE COBRE+UREIA";"Todo";"OK";"Realizado";"17/04/2026"
"16/04/2026";"31";"Algodão";"UREIA";"Todo";"OK";"Realizado";"17/04/2026"
"17/04/2026";"102";"Algodão";"SULFATO DE MANGANES+SULFATO DE ZINCO+SULFATO DE COBRE+UREIA";"Todo";"Cancelado";"Cancelado";"17/04/2026"
"17/04/2026";"29";"Cacau";"BIO FERTILIZANTE";"Todo";"Atroso Fertirrigação Anterior";"Logística";"17/04/2026"
"17/04/2026";"4";"Tabaco";"NUTRISYSTEM DESENVOLVIMENTO+BORO";"Todo";"Atroso Fertirrigação Anterior";"Logística";"17/04/2026"
"17/04/2026";"36";"Tabaco";"BIO BALANCE+SOLUBIO RAIZ PERFORMANCE";"Todo";"OK";"Realizado";"17/04/2026"
"21/04/2026";"120";"Tabaco";"PRO K";"Todo";"OK";"Realizado";"22/04/2026"
"21/04/2026";"43";"Algodão";"SULFATO DE MANGANES+SULFATO DE ZINCO+SULFATO DE COBRE";"Todo";"OK";"Realizado";"22/04/2026"
"21/04/2026";"29";"Cacau";"BIO FERTILIZANTE";"Todo";"OK";"Realizado";"22/04/2026"
"21/04/2026";"48";"Algodão";"UREIA";"Todo";"Redutor";"Mecânico";"22/04/2026"
"22/04/2026";"121";"Tabaco";"NUTRISYSTEM DESENVOLVIMENTO";"ABD";"OK";"Realizado";"23/04/2026"
"22/04/2026";"35";"Algodão";"SULFATO DE MANGANES+SULFATO DE COBRE";"Todo";"OK";"Realizado";"23/04/2026"
"22/04/2026";"4";"Tabaco";"NUTRISYSTEM DESENVOLVIMENTO+BORO";"Todo";"OK";"Realizado";"23/04/2026"
"22/04/2026";"2";"Algodão";"BIO BALANCE + BIO RAIZ + BIO HIDRIC +BIOSOLUBILIZE";"Todo";"OK";"Realizado";"23/04/2026"
"23/04/2026";"102";"Algodão";"SULFATO DE MANGANES+SULFATO DE ZINCO+SULFATO DE COBRE+UREIA";"Todo";"Funcionário Indisponível";"Operacional";"24/04/2026"
"23/04/2026";"40";"Tabaco";"BIO BALANCE+SOLUBIO RAIZ PERFORMANCE+BORO";"Todo";"Falta de Produto";"Operacional";"24/04/2026"
"23/04/2026";"1";"Algodão";"KCL";"Todo";"Funcionário Indisponível";"Operacional";"24/04/2026"
"23/04/2026";"32";"Cacau";"BIO FERTILIZANTE";"Todo";"Erosão/Rastro";"Operacional";"24/04/2026"
"24/04/2026";"104";"Algodão";"SULFATO DE MANGANES+UREIA";"Todo";"Funcionário Indisponível";"Operacional";"24/04/2026"
"24/04/2026";"4";"Tabaco";"NUTRISYSTEM DESENVOLVIMENTO+SULFATO DE MAGNESIO";"Todo";"OK";"Realizado";"24/04/2026"
"24/04/2026";"5";"Tabaco";"BIO BALANCE+SOLUBIO RAIZ PERFORMANCE";"Todo";"Falta de Produto";"Operacional";"24/04/2026"
"24/04/2026";"42";"Algodão";"SULFATO DE MANGANES+SULFATO DE ZINCO+SULFATO DE COBRE";"Todo";"Funcionário Indisponível";"Operacional";"24/04/2026"
"27/04/2026";"42";"Algodão";"SULFATO DE MANGANES+SULFATO DE ZINCO+SULFATO DE COBRE";"Todo";"OK";"Realizado";"28/04/2026"
"27/04/2026";"102";"Algodão";"SULFATO DE MANGANES+SULFATO DE ZINCO+SULFATO DE COBRE+KCL";"Todo";"OK";"Realizado";"28/04/2026"
"27/04/2026";"47";"Algodão";"UREIA";"Todo";"OK";"Realizado";"28/04/2026"
"27/04/2026";"63";"Algodão";"SULFATO DE MANGANES+SULFATO DE ZINCO+SULFATO DE COBRE";"Todo";"OK";"Realizado";"28/04/2026"
"28/04/2026";"40";"Tabaco";"BIO BALANCE+SOLUBIO RAIZ PERFORMANCE+BORO";"Todo";"OK";"Realizado";"29/04/2026"
"28/04/2026";"118";"Tabaco";"NUTRISYSTEM DESENVOLVIMENTO";"Todo";"OK";"Realizado";"29/04/2026"
"28/04/2026";"3";"Tabaco";"NUTRISYSTEM DESENVOLVIMENTO+BORO";"Todo";"OK";"Realizado";"29/04/2026"
"28/04/2026";"123";"Algodão";"SULFATO DE MANGANES+SULFATO DE ZINCO+SULFATO DE COBRE";"Todo";"Falta de Água";"Operacional";"29/04/2026"
"28/04/2026";"70";"Algodão";"KCL";"1/2";"OK";"Realizado";"29/04/2026"
"29/04/2026";"5";"Tabaco";"BIO BALANCE+SOLUBIO RAIZ PERFORMANCE";"Todo";"OK";"Realizado";"30/04/2026"
"29/04/2026";"104";"Algodão";"SULFATO DE MANGANES+KCL";"Todo";"mudança de Manejo";"Operacional";"30/04/2026"
"29/04/2026";"37";"Tabaco";"NUTRISYSTEM DESENVOLVIMENTO+BORO";"Todo";"OK";"Realizado";"30/04/2026"
"29/04/2026";"122";"Algodão";"SULFATO DE MANGANES+SULFATO DE ZINCO+SULFATO DE COBRE";"Todo";"Falta de Água";"Operacional";"30/04/2026"
"29/04/2026";"70";"Algodão";"KCL";"1/2";"OK";"Realizado";"30/04/2026"
"30/04/2026";"25";"Cacau";"UREIA+KCL";"Todo";"OK";"Realizado";"01/05/2026"
"30/04/2026";"36";"Tabaco";"BIO BALANCE+SOLUBIO RAIZ PERFORMANCE+BORO";"Todo";"OK";"Realizado";"01/05/2026"
"30/04/2026";"120";"Tabaco";"NUTRISYSTEM DESENVOLVIMENTO";"Todo";"OK";"Realizado";"01/05/2026"
"30/04/2026";"64";"Algodão";"SULFATO DE MANGANES+SULFATO DE ZINCO+SULFATO DE COBRE";"Todo";"OK";"Realizado";"01/05/2026"
"30/04/2026";"60";"Algodão";"KCL";"Todo";"OK";"Realizado";"01/05/2026"
"01/05/2026";"29";"Cacau";"UREIA+KCL";"Todo";"OK";"Realizado";"01/05/2026"
"01/05/2026";"102";"Algodão";"UREIA";"Todo";"OK";"Realizado";"01/05/2026"
"01/05/2026";"4";"Tabaco";"PRO K";"Todo";"Feito a Lanço";"Cancelado";"01/05/2026"
"01/05/2026";"7";"Tabaco";"BIO BALANCE+SOLUBIO RAIZ PERFORMANCE";"Todo";"OK";"Realizado";"01/05/2026"
"05/05/2026";"3";"Tabaco";"PRO K";"Todo";"OK";"Realizado";"06/05/2026"
"05/05/2026";"123";"Algodão";"SULFATO DE MANGANES+SULFATO DE ZINCO+SULFATO DE COBRE";"Todo";"OK";"Realizado";"06/05/2026"
"05/05/2026";"104";"Algodão";"SULFATO DE MANGANES+KCL";"Todo";"OK";"Realizado";"06/05/2026"
"05/05/2026";"6";"Algodão";"SULFATO DE MANGANES+COBRE";"Todo";"OK";"Realizado";"06/05/2026"
"05/05/2026";"66";"Algodão";"KCL";"Todo";"OK";"Realizado";"07/05/2026"
"06/05/2026";"38";"Tabaco";"NUTRISYSTEM DESENVOLVIMENTO+BORO";"Todo";"Pneu";"Operacional";"07/05/2026"
"06/05/2026";"122";"Algodão";"SULFATO DE MANGANES+SULFATO DE ZINCO+SULFATO DE COBRE";"Todo";"OK";"Realizado";"07/05/2026"
"06/05/2026";"115";"Algodão";"KCL";"Todo";"mudança de Manejo";"Operacional";"07/05/2026"
"06/05/2026";"1";"Algodão";"KCL";"Todo";"OK";"Realizado";"07/05/2026"
"06/05/2026";"15";"Algodão";"KCL";"1/2";"OK";"Realizado";"08/05/2026"
"07/05/2026";"7";"Tabaco";"BIO BALANCE+SOLUBIO RAIZ PERFORMANCE+BORO";"Todo";"OK";"Realizado";"09/05/2026"
"07/05/2026";"4";"Tabaco";"PRO K";"Todo";"OK";"Realizado";"08/05/2026"
"07/05/2026";"131";"Algodão";"KCL+UREIA";"Todo";"OK";"Realizado";"08/05/2026"
"07/05/2026";"113";"Algodão";"SULFATO DE MANGANES+SULFATO DE ZINCO+SULFATO DE COBRE";"Todo";"OK";"Realizado";"08/05/2026"
"08/05/2026";"37";"Tabaco";"PRO K";"Todo";"OK";"Realizado";"09/05/2026"
"08/05/2026";"5";"Tabaco";"BIO BALANCE+SOLUBIO RAIZ PERFORMANCE+BORO";"Todo";"OK";"Realizado";"09/05/2026"
"08/05/2026";"8";"Tabaco";"BIO BALANCE+SOLUBIO RAIZ PERFORMANCE";"Todo";"OK";"Realizado";"09/05/2026"
"08/05/2026";"132";"Algodão";"KCL+UREIA";"Todo";"mudança de Manejo";"Operacional";"09/05/2026"
"08/05/2026";"2";"Algodão";"SULFATO DE MANGANES+SULFATO DE ZINCO+SULFATO DE COBRE";"Todo";"OK";"Realizado";"11/05/2026"
"11/05/2026";"38";"Tabaco";"PRO K+SULFATO DE MAGNESIO";"Todo";"OK";"Realizado";"12/05/2026"
"11/05/2026";"3";"Tabaco";"PRO K+SULFATO DE MAGNESIO";"Todo";"OK";"Realizado";"14/05/2026"
"11/05/2026";"132";"Algodão";"KCL+UREIA";"Todo";"OK";"Realizado";"12/05/2026"
"11/05/2026";"19";"Algodão";"SULFATO DE MANGANES";"Todo";"OK";"Realizado";"13/05/2026"
"12/05/2026";"4";"Tabaco";"NUTISYSTEM DESENVOLVIMENTO";"Todo";"OK";"Realizado";"14/05/2026"
"12/05/2026";"117";"Algodão";"SULFATO DE MANGANES+SULFATO DE COBRE";"Todo";"OK";"Realizado";"13/05/2026"
"12/05/2026";"44";"Milho";"AZZOCORP+BIO GREEN+CARBOM PRO+PRIMAFERT+BIOGALL";"Todo";"OK";"Realizado";"13/05/2026"
"12/05/2026";"55";"Algodão";"SULFATO DE MANGANES+SULFATO DE ZINCO+SULFATO DE COBRE";"Todo";"OK";"Realizado";"13/05/2026"
"13/05/2026";"37";"Tabaco";"PRO K+SULFATO DE MAGNESIO";"Todo";"OK";"Realizado";"14/05/2026"
"13/05/2026";"8";"Tabaco";"BIO BALANCE+SOLUBIO RAIZ PERFORMANCE+BORO";"Todo";"OK";"Realizado";"16/05/2026"
"13/05/2026";"3";"Tabaco";"PRO K";"Todo";"Atroso Fertirrigação Anterior";"Logística";"14/05/2026"
"13/05/2026";"116";"Algodão";"SULFATO DE MANGANES+SULFATO DE ZINCO+SULFATO DE COBRE";"Todo";"OK";"Realizado";"14/05/2026"
"13/05/2026";"54";"Algodão";"SULFATO DE MANGANES+SULFATO DE ZINCO+SULFATO DE COBRE";"Todo";"Funcionário Indisponível";"Operacional";"14/05/2026"
"14/05/2026";"25";"Cacau";"BIO FERTILIZANTE";"Todo";"mudança de Manejo";"Operacional";"15/05/2026"
"14/05/2026";"40";"Tabaco";"BORO+MAGNESIO";"Todo";"OK";"Realizado";"17/05/2026"
"14/05/2026";"9";"Tabaco";"BIO BALANCE+SOLUBIO RAIZ PERFORMANCE";"Todo";"OK";"Realizado";"15/05/2026"
"14/05/2026";"9";"Tabaco";"BLUEMAXX+QUITOX";"A";"OK";"Realizado";"14/05/2026"
"15/05/2026";"37";"Tabaco";"PRO K";"Todo";"mudança de Manejo";"Operacional";"15/05/2026"
"15/05/2026";"115";"Algodão";"KCL";"Todo";"OK";"Realizado";"15/05/2026"
"15/05/2026";"27";"Cacau";"BIO FERTILIZANTE";"Todo";"mudança de Manejo";"Operacional";"15/05/2026"
"15/05/2026";"53";"Algodão";"SULFATO DE MANGANES+SULFATO DE ZINCO+SULFATO DE COBRE";"Todo";"Funcionário Indisponível";"Operacional";"15/05/2026"
"18/05/2026";"3";"Tabaco";"NUTRISYSTEM DESENVOLVIMENTO";"Todo";"OK";"Realizado";"19/05/2026"
"18/05/2026";"40";"Tabaco";"PRO K";"Todo";"OK";"Realizado";"19/05/2026"
"18/05/2026";"54";"Algodão";"SULFATO DE MANGANES+SULFATO DE ZINCO+SULFATO DE COBRE";"Todo";"OK";"Realizado";"19/05/2026"
"18/05/2026";"44";"Milho";"LANNATE";"Todo";"OK";"Realizado";"19/05/2026"
"19/05/2026";"37";"Tabaco";"NUTRISYSTEM DESENVOLVIMENTO";"Todo";"OK";"Realizado";"21/05/2026"
"19/05/2026";"38";"Tabaco";"PRO K";"Todo";"OK";"Realizado";"20/05/2026"
"19/05/2026";"10";"Tabaco";"BIO BALANCE+BIO RAIZ";"Todo";"Falta de Produto";"Operacional";"20/05/2026"
"19/05/2026";"51";"Algodão";"SULFATO DE MANGANES+SULFATO DE ZINCO+SULFATO DE COBRE";"Todo";"mudança de Manejo";"Operacional";"20/05/2026"
"20/05/2026";"3";"Tabaco";"SOLANACEAS+CALCION+DRIPSOL MICRO ALTO VIGOR";"Todo";"OK";"Realizado";"21/05/2026"
"20/05/2026";"36";"Tabaco";"NUTRISYSTEM DESENVOLVIMENTO+BORO";"Todo";"Operação Preparo";"Operacional";"21/05/2026"
"20/05/2026";"9";"Tabaco";"BIO BALANCE+BIO RAIZ+BORO";"Todo";"Falta de Produto";"Operacional";"21/05/2026"
"20/05/2026";"44";"Milho";"SULFATO DE MANGANES+SULFATO DE ZINCO+SULFATO DE MAGNESIO";"Todo";"OK";"Realizado";"22/05/2026"
"21/05/2026";"25";"Cacau";"BIO FERTILIZANTE";"Todo";"mudança de Manejo";"Operacional";"22/05/2026"
"21/05/2026";"38";"Tabaco";"PRO K";"Todo";"OK";"Realizado";"22/05/2026"
"21/05/2026";"40";"Tabaco";"PRO K";"Todo";"OK";"Realizado";"22/05/2026"
"21/05/2026";"74";"Milho";"BIO HIDRIC+BIO BALACE+BIO RAIZ+BIO SOLUBILIZE+BIO GREEN+CARBOM PRO+PRIMAFERT+BIOGALL";"Todo";"mudança de Manejo";"Operacional";"22/05/2026"
"22/05/2026";"53";"Algodão";"SULFATO DE MANGANES+SULFATO DE ZINCO+SULFATO DE COBRE";"Todo";"OK";"Realizado";"22/05/2026"
"22/05/2026";"27";"Cacau";"BIO FERTILIZANTE";"Todo";"mudança de Manejo";"Operacional";"22/05/2026"
"22/05/2026";"37";"Tabaco";"PRO K";"Todo";"mudança de Manejo";"Operacional";"22/05/2026"
"22/05/2026";"20";"Algodão";"UREIA";"Todo";"Cancelado";"Cancelado";"22/05/2026"
"26/05/2026";"74";"Milho";"BIO BALACE+BIO RAIZ+BIO SOLUBILIZE+BIO GREEN+PRIMAFERT+BIOGALL";"Todo";"OK";"Realizado";"28/05/2026"
"26/05/2026";"10";"Tabaco";"BIO BALANCE+BIO RAIZ";"Todo";"OK";"Realizado";"27/05/2026"
"26/05/2026";"36";"Tabaco";"NUTRISYSTEM DESENVOLVIMENTO+BORO";"Todo";"OK";"Realizado";"27/05/2026"
"26/05/2026";"51";"Algodão";"SULFATO DE MANGANES+SULFATO DE ZINCO+SULFATO DE COBRE";"Todo";"OK";"Realizado";"29/05/2026"
"27/05/2026";"11";"Tabaco";"BIO BALANCE+BIO RAIZ";"Todo";"OK";"Realizado";"29/05/2026"
"27/05/2026";"40";"Tabaco";"PRO K";"Todo";"OK";"Realizado";"28/05/2026"
"27/05/2026";"5";"Tabaco";"NUTRISYSTEM DESENVOLVIMENTO+BORO";"Todo";"OK";"Realizado";"28/05/2026"
"27/05/2026";"25";"Cacau";"UREIA+KCL";"Todo";"Funcionário Indisponível";"Operacional";"28/05/2026"
"28/05/2026";"9";"Tabaco";"BIO BALANCE+BIO RAIZ+BORO";"Todo";"OK";"Realizado";"29/05/2026"
"28/05/2026";"36";"Tabaco";"PRO K+SULFATO DE MAGNESIO";"Todo";"OK";"Realizado";"01/06/2026"
"28/05/2026";"38";"Tabaco";"NUTRISYSTEM DESENVOLVIMENTO";"BCD";"OK";"Realizado";"30/05/2026"
"28/05/2026";"58";"Algodão";"SULFATO DE MANGANES+SULFATO DE ZINCO+SULFATO DE COBRE";"Todo";"Funcionário Indisponível";"Operacional";"29/05/2026"
"29/05/2026";"40";"Tabaco";"NUTRISYSTEM DESENVOLVIMENTO";"Todo";"OK";"Realizado";"29/05/2026"
"29/05/2026";"29";"Cacau";"UREIA+KCL";"Todo";"Funcionário Indisponível";"Operacional";"29/05/2026"
"29/05/2026";"37";"Tabaco";"PRO K";"Todo";"mudança de Manejo";"Operacional";"29/05/2026"
"01/06/2026";"40";"Tabaco";"NUTRISYSTEM DESENVOLVIMENTO";"Todo";"OK";"Realizado";"02/06/2026"
"01/06/2026";"5";"Tabaco";"PRO K";"Todo";"OK";"Realizado";"02/06/2026"
"01/06/2026";"9";"Tabaco";"BIO BALANCE+BIO RAIZ+BORO";"Todo";"OK";"Realizado";"02/06/2026"
"02/06/2026";"36";"Tabaco";"PRO K";"Todo";"OK";"Realizado";"03/06/2026"
"02/06/2026";"38";"Tabaco";"NUTRISYSTEM DESENVOLVIMENTO";"A";"OK";"Realizado";"02/06/2026"
"02/06/2026";"7";"Tabaco";"NUTRISYSTEM DESENVOLVIMENTO+BORO";"Todo";"OK";"Realizado";"05/06/2026"
"02/06/2026";"44";"Milho";"CLORFENAPI";"Todo";"OK";"Realizado";"03/06/2026"
"02/06/2026";"25";"Cacau";"UREIA+KCL";"Todo";"OK";"Realizado";"04/06/2026"
"03/06/2026";"37";"Tabaco";"PRO K";"Todo";"OK";"Realizado";"04/06/2026"
"03/06/2026";"5";"Tabaco";"PRO K+SULFATO DE MAGNESIO";"Todo";"OK";"Realizado";"04/06/2026"
"03/06/2026";"116";"Milho";"CLORFENAPI";"Todo";"OK";"Realizado";"04/06/2026"
"03/06/2026";"58";"Algodão";"SULFATO DE MANGANES+SULFATO DE ZINCO+SULFATO DE COBRE";"Todo";"OK";"Realizado";"04/06/2026"
"04/06/2026";"12";"Tabaco";"BIO BALANCE+BIO RAIZ";"Todo";"OK";"Realizado";"05/06/2026"
"04/06/2026";"10";"Tabaco";"BIO BALANCE+BIO RAIZ+BORO";"Todo";"OK";"Realizado";"05/06/2026"
"05/06/2026";"40";"Tabaco";"PRO K";"Todo";"OK";"Realizado";"06/06/2026"
"05/06/2026";"18";"Milho";"BIO RAIZ+BIO HIDRIC+BIO BALANCE+BIO SOLUBILIZE+BIO AZ";"Todo";"Falta de Produto";"Operacional";"05/06/2026"
"05/06/2026";"11";"Tabaco";"BIO BALANCE+BIO RAIZ+BORO";"Todo";"OK";"Realizado";"06/06/2026"
"08/06/2026";"38";"Tabaco";"PRO K";"Todo";"OK";"Realizado";"11/06/2026"
"08/06/2026";"18";"Milho";"BIO RAIZ+BIO HIDRIC+BIO BALANCE+BIO SOLUBILIZE+BIO AZ";"Todo";"OK";"Realizado";"10/06/2026"
"08/06/2026";"29";"Cacau";"UREIA+KCL";"Todo";"OK";"Realizado";"10/06/2026"
"09/06/2026";"36";"Tabaco";"PRO K";"Todo";"OK";"Realizado";"10/06/2026"
"09/06/2026";"16";"Algodão";"SULFATO DE COBRE";"Todo";"Cabo Rompido";"Elétrico";"10/06/2026"
"09/06/2026";"7";"Tabaco";"PRO K";"Todo";"OK";"Realizado";"10/06/2026"
"10/06/2026";"5";"Tabaco";"PRO K";"Todo";"OK";"Realizado";"11/06/2026"
"10/06/2026";"8";"Tabaco";"NUTRISYSTEM DESENVOLVIMENTO+BORO";"Todo";"OK";"Realizado";"11/06/2026"
"10/06/2026";"117";"Algodão";"UREIA";"Todo";"OK";"Realizado";"16/06/2026"
"11/06/2026";"12";"Tabaco";"BIO BALANCE+BIO RAIZ+BORO";"Todo";"OK";"Realizado";"13/06/2026"
"11/06/2026";"7";"Tabaco";"PRO K+MAGNESIO";"Todo";"mudança de Manejo";"Operacional";"11/06/2026"
"11/06/2026";"14";"Tabaco";"BIO BALANCE+BIO RAIZ";"Todo";"OK";"Realizado";"13/06/2026"
"12/06/2026";"13";"Tabaco";"BIO BALANCE+BIO RAIZ";"Todo";"Funcionário Indisponível";"Operacional";"12/06/2026"
"12/06/2026";"36";"Tabaco";"NUTRISYSTEM DESENVOLVIMENTO";"Todo";"mudança de Manejo";"Operacional";"12/06/2026"
"15/06/2026";"7";"Tabaco";"PRO K+MAGNESIO";"Todo";"OK";"Realizado";"16/06/2026"
"15/06/2026";"122";"Algodão";"UREIA";"Todo";"Falta de Produto";"Operacional";"15/06/2026"
"15/06/2026";"16";"Algodão";"SULFATO DE COBRE";"Todo";"Cancelado";"Cancelado";"15/06/2026"
"16/06/2026";"8";"Tabaco";"PRO K+MAGNESIO";"Todo";"OK";"Realizado";"17/06/2026"
"16/06/2026";"22";"Algodão";"SULFATO DE MANGANES+SULFATO DE ZINCO+SULFATO DE COBRE";"Todo";"Cancelado";"Cancelado";"16/06/2026"
"16/06/2026";"130";"Milho";"CLORFENAPIR+CLORPIRIFOS";"Todo";"OK";"Realizado";"17/06/2026"
"17/06/2026";"113";"Algodão";"UREIA";"Todo";"OK";"Realizado";"19/06/2026"
"17/06/2026";"44";"Milho";"UREIA";"Todo";"OK";"Realizado";"18/06/2026"
"17/06/2026";"13";"Tabaco";"BIO BALANCE+BIO RAIZ";"Todo";"OK";"Realizado";"17/06/2026"
"18/06/2026";"36";"Tabaco";"NUTRISYSTEM DESENVOLVIMENTO";"Todo";"OK";"Realizado";"19/06/2026"
"18/06/2026";"25";"Cacau";"BIO FERTILIZANTE+STINGRAY+TRICHORDEMIL";"Todo";"OK";"Realizado";"19/06/2026"
"18/06/2026";"23";"Tabaco";"BIO BALANCE+BIO RAIZ";"Todo";"OK";"Realizado";"18/06/2026"
"19/06/2026";"13";"Tabaco";"BIO BALANCE+BIO RAIZ+BORO";"Todo";"OK";"Realizado";"19/06/2026"
"19/06/2026";"14";"Tabaco";"BIO BALANCE+BIO RAIZ+BORO";"Todo";"Cancelado";"Cancelado";"19/06/2026"
"19/06/2026";"9";"Tabaco";"NUTRISYSTEM DESENVOLVIMENTO+BORO";"Todo";"Atroso Fertirrigação Anterior";"Logística";"19/06/2026"
"23/06/2026";"9";"Tabaco";"NUTRISYSTEM DESENVOLVIMENTO+BORO";"Todo";"OK";"Realizado";"24/06/2026"
"23/06/2026";"27";"Cacau";"BIO FERTILIZANTE+BIO SOLUBILIZE+STINGRAY+TRICHORDEMIL";"Todo";"OK";"Realizado";"25/06/2026"
"23/06/2026";"125";"Milho Semente";"CLORFENAPIR+CLORPIRIFOS";"Todo";"OK";"Realizado";"24/06/2026"
"23/06/2026";"106";"Algodão";"UREIA";"Todo";"OK";"Realizado";"26/06/2026"
"24/06/2026";"14";"Tabaco";"BIO BALANCE+BIO RAIZ+BORO";"Todo";"OK";"Realizado";"26/06/2026"
"24/06/2026";"5";"Tabaco";"NUTRISYSTEM DESENVOLVIMENTO";"Todo";"OK";"Realizado";"27/06/2026"
"24/06/2026";"8";"Tabaco";"PRO K";"Todo";"OK";"Realizado";"25/06/2026"
"24/06/2026";"123";"Algodão";"UREIA";"Todo";"OK";"Realizado";"25/06/2026"
"24/06/2026";"133";"Milho Semente";"CLORFENAPIR+RUMBA";"Todo";"OK";"Realizado";"25/06/2026"
"25/06/2026";"10";"Tabaco";"NUTRISYSTEM DESENVOLVIMENTO+BORO";"Todo";"Operação Preparo";"Operacional";"25/06/2026"
"25/06/2026";"44";"Milho Grão";"CLORFENAPIR+ACEGOL";"Todo";"OK";"Realizado";"26/06/2026"
"25/06/2026";"7";"Tabaco";"PRO K";"Todo";"Funcionário Indisponível";"Operacional";"25/06/2026"
"25/06/2026";"74";"Milho Grão";"CLORFENAPIR";"Todo";"OK";"Realizado";"25/06/2026"
"25/06/2026";"130";"Milho Semente";"RUMBA+EXALT";"Todo";"OK";"Realizado";"26/06/2026"
"26/06/2026";"9";"Tabaco";"PRO K+SULFATO DE MAGNESIO";"Todo";"Funcionário Indisponível";"Operacional";"26/06/2026"
"26/06/2026";"11";"Tabaco";"NUTRISYSTEM DESENVOLVIMENTO+BORO";"Todo";"Funcionário Indisponível";"Operacional";"26/06/2026"
"26/06/2026";"23";"Tabaco";"BIO BALANCE+BIO RAIZ+BORO";"Todo";"Falta de Produto";"Operacional";"26/06/2026"
"26/06/2026";"29";"Cacau";"BIO FERTILIZANTE+BIO SOLUBILIZE+STINGRAY+TRICHORDEMIL";"Todo";"Falta de Água";"Operacional";"26/06/2026"
"26/06/2026";"55";"Algodão";"UREIA";"Todo";"OK";"Realizado";"27/06/2026"
"29/06/2026";"29";"Cacau";"BIO FERTILIZANTE+BIO SOLUBILIZE+STINGRAY+TRICHORDEMIL";"Todo";"OK";"Realizado";"30/06/2026"
"29/06/2026";"10";"Tabaco";"NUTRISYSTEM DESENVOLVIMENTO+BORO";"Todo";"OK";"Realizado";"30/06/2026"
"29/06/2026";"11";"Tabaco";"NUTRISYSTEM DESENVOLVIMENTO+BORO";"Todo";"OK";"Realizado";"30/06/2026"
"29/06/2026";"46";"Tabaco";"BIO BALANCE+BIO RAIZ";"Todo";"OK";"Realizado";"01/07/2026"
"30/06/2026";"18";"Milho Grãos";"CLORFENAPIR";"Todo";"OK";"Realizado";"01/07/2026"
"30/06/2026";"7";"Tabaco";"PRO K";"Todo";"OK";"Realizado";"01/07/2026"
"30/06/2026";"9";"Tabaco";"PRO K+SULFATO DE MAGNESIO";"Todo";"OK";"Realizado";"03/07/2026"
"30/06/2026";"72";"Algodão";"UREIA";"Todo";"OK";"Realizado";"01/07/2026"
"01/07/2026";"125";"Milho Semente";"CLORFENAPIR+CARTUGEM+RUMBA";"Todo";"OK";"Realizado";"02/07/2026"
"01/07/2026";"8";"Tabaco";"PRO K";"Todo";"OK";"Realizado";"02/07/2026"
"01/07/2026";"10";"Tabaco";"PRO K+SULFATO DE MAGNESIO";"Todo";"OK";"Realizado";"03/07/2026"
"01/07/2026";"74";"Milho Grãos";"CLORFENAPIR";"Todo";"OK";"Realizado";"03/07/2026"
"02/07/2026";"130";"Milho Semente";"CLORFENAPIR+CARTUGEM+RUMBA";"Todo";"OK";"Realizado";"03/07/2026"
"02/07/2026";"9";"Tabaco";"PRO K";"Todo";"Funcionário Indisponível";"Operacional";"03/07/2026"
"02/07/2026";"23";"Tabaco";"BIO BALANCE+BIO RAIZ+BORO";"Todo";"OK";"Realizado";"03/07/2026"
"03/07/2026";"133";"Milho Semente";"CLORFENAPIR+CARTUGEM+RUMBA";"Todo";"OK";"Realizado";"04/07/2026"
"03/07/2026";"11";"Tabaco";"PRO K";"Todo";"OK";"Realizado";"05/07/2026"
"03/07/2026";"32";"Cacau";"BIO FERTILIZANTE+BIO SOLUBILIZE+STINGRAY+TRICHORDEMIL";"Todo";"Funcionário Indisponível";"Operacional";"03/07/2026"
"03/07/2026";"18";"Milho Grãos";"CLORFENAPIR";"Todo";"OK";"Realizado";"03/07/2026"
"12/05/2025";"35";"Tabaco";"PRO K";"Todo";"OK";"Realizado";"13/05/2025"
"12/05/2025";"3";"Tabaco";"NUTRISYSTEM DESENVOLVIMENTO";"Todo";"OK";"Realizado";"13/05/2025"
"12/05/2025";"51";"Algodão";"TEC BUG+TEC CATP+TEC WHITE";"1/2 Pivô";"OK";"Realizado";"13/05/2025"
"12/05/2025";"127";"Feijão";"BIO FERTILIZANTE";"1/2 Pivô";"OK";"Realizado";"13/05/2025"
"13/05/2025";"40";"Tabaco";"NUTRISYSTEM DESENVOLVIMENTO+SULFATO DE MAGNÉSIO";"Todo";"OK";"Realizado";"14/05/2025"
"13/05/2025";"38";"Tabaco";"NUTRISYSTEM DESENVOLVIMENTO+BORO";"Todo";"OK";"Realizado";"14/05/2025"
"13/05/2025";"51";"Algodão";"TEC BUG+TEC CATP+TEC WHITE";"1/2 Pivô";"OK";"Realizado";"14/05/2025"
"13/05/2025";"127";"Feijão";"BIO FERTILIZANTE";"1/2 Pivô";"OK";"Realizado";"14/05/2025"
"14/05/2025";"36";"Tabaco";"NUTRISYSTEM DESENVOLVIMENTO+BORO";"Todo";"OK";"Realizado";"15/05/2025"
"14/05/2025";"25";"Cacau";"BIO RAIZ";"Todo";"OK";"Realizado";"15/05/2025"
"14/05/2025";"35";"Tabaco";"PRO K";"Todo";"OK";"Realizado";"15/05/2025"
"14/05/2025";"129";"Feijão";"BIO FERTILIZANTE";"1/2 Pivô";"OK";"Realizado";"15/05/2025"
"15/05/2025";"38";"Tabaco";"SOLUBIORAIZ PERFORMANCE+BIO BALANCE+BIO RELEASE";"Todo";"OK";"Realizado";"16/05/2025"
"15/05/2025";"8";"Tabaco";"SOLUBIORAIZ PERFORMANCE+BIO BALANCE+BIO RELEASE";"Todo";"OK";"Realizado";"16/05/2025"
"15/05/2025";"3";"Tabaco";"PRO K+ BORO";"AB";"mudança de Manejo";"Operacional";"16/05/2025"
"15/05/2025";"27";"Cacau";"BIO RAIZ";"Todo";"OK";"Realizado";"16/05/2025"
"16/05/2025";"37";"Tabaco";"PRO K";"Todo";"mudança de Manejo";"Operacional";"17/05/2025"
"16/05/2025";"7";"Tabaco";"SOLUBIORAIZ PERFORMANCE+BIO BALANCE+BIO RELEASE+BORO";"Todo";"Funcionário Indisponível";"Operacional";"17/05/2025"
"16/05/2025";"29";"Cacau";"BIO RAIZ";"Todo";"Equipamento Ferti";"Operacional";"17/05/2025"
"16/05/2025";"3";"Tabaco";"PRO K+ BORO";"CD";"mudança de Manejo";"Operacional";"17/05/2025"
"01/09/2025";"56";"Tabaco";"SOLUBIO RAIZ PERFORMANCE+ BIO BALANCE+BORO";"Todo";"OK";"Realizado";"02/09/2025"
"01/09/2025";"68";"Milho";"UREIA";"Todo";"OK";"Realizado";"02/09/2025"
"01/09/2025";"62";"Tabaco";"NUTRISYSTEM DESENVOLVIMENTO+ SULFATO DE MAGNESIO";"Todo";"OK";"Realizado";"01/09/2025"
"01/09/2025";"39";"Milho Grãos";"BIO HIDRIC+BIO BALANCE+BIO RAIZ+BIO SOLUBILZE+BIO AZ";"Todo";"OK";"Realizado";"02/09/2025"
"02/09/2025";"41";"Milho";"BIO SOLUBILIZE+UREIA";"Todo";"OK";"Realizado";"05/09/2025"
"02/09/2025";"62";"Tabaco";"PRO K";"Todo";"OK";"Realizado";"03/09/2025"
"02/09/2025";"104";"Milho Semente";"EXALT+CLORPIRIFOS";"Todo";"OK";"Realizado";"03/09/2025"
"03/09/2025";"46";"Tabaco";"PRO K";"Todo";"OK";"Realizado";"04/09/2025"
"03/09/2025";"47";"Milho";"BIO FERTILIZANTE";"Todo";"OK";"Realizado";"04/09/2025"
"03/09/2025";"108";"Milho Semente";"EXALT+CLORPIRIFOS";"Todo";"OK";"Realizado";"04/09/2025"
"03/09/2025";"25";"Cacau";"BIO HIDRIC+BIO AZ";"Todo";"OK";"Realizado";"04/09/2025"
"04/09/2025";"54";"Tabaco";"NUTRISYSTEM DESENVOLVIMENTO+BORO";"Todo";"OK";"Realizado";"05/09/2025"
"04/09/2025";"39";"Milho Grãos";"BIO FERTILIZANTE+UREIA";"Todo";"OK";"Realizado";"05/09/2025"
"04/09/2025";"27";"Cacau";"BIO HIDRIC+BIO AZ";"Todo";"OK";"Realizado";"04/09/2025"
"04/09/2025";"115";"Milho Semente";"UREIA";"Todo";"OK";"Realizado";"05/09/2025"
"05/09/2025";"42";"Tabaco";"PRO K+BORO";"Todo";"OK";"Realizado";"06/09/2025"
"05/09/2025";"69";"Tabaco";"NUTRISYSTEM DESENVOLVIMENTO+SULFATO DE MAGNESIO";"Todo";"OK";"Realizado";"06/09/2025"
"05/09/2025";"115";"Milho Semente";"PROCLAIN";"Todo";"mudança de Manejo";"Operacional";"06/09/2025"
"29/06/2026";"29";"Cacau";"BIO FERTILIZANTE+BIO SOLUBILIZE+STINGRAY+TRICHORDEMIL";"TODO";"OK";"Realizado";"30/06/2026"
"30/06/2026";"18";"Milho Grãos";"CLORFENAPIR";"TODO";"OK";"Realizado";"01/07/2026"
"01/07/2026";"125";"Milho Semente";"CLORFENAPIR+CARTUGEM+RUMBA";"TODO";"OK";"Realizado";"02/07/2026"
"02/07/2026";"130";"Milho Semente";"CLORFENAPIR+CARTUGEM+RUMBA";"TODO";"OK";"Realizado";"03/07/2026"
"03/07/2026";"133";"Milho Semente";"CLORFENAPIR+CARTUGEM+RUMBA";"TODO";"OK";"Realizado";"04/07/2026"