farm,sheet,row,motivo,raw
Karitel,PIVÔ 1,144,"data de inicio nao parseavel como serial Excel plausivel","1.A+B data=18/112/2019"
Karitel,PIVÔ 1,231,"data de inicio nao parseavel como serial Excel plausivel","1.A+B data=17/07/200"
Karitel,PIVÔ 1,232,"data de inicio nao parseavel como serial Excel plausivel","1.A+B data=17/07/201"
Karitel,PIVÔ 1,263,"sem horimetro inicial/final valido","1.A data=44082 h1=222 h2="
Karitel,PIVÔ 1,264,"sem horimetro inicial/final valido","1.B data=44083 h1= h2=237"
Karitel,PIVÔ 1,319,"sem horimetro inicial/final valido","1.A+B data=44168 h1= h2="
Karitel,PIVÔ 1,325,"sem horimetro inicial/final valido","1.A+B data=44188 h1= h2="
Karitel,PIVÔ 1,326,"sem horimetro inicial/final valido","1.A+B data=44193 h1= h2="
Karitel,PIVÔ 1,327,"sem horimetro inicial/final valido","1.A+B data=44195 h1= h2="
Karitel,PIVÔ 1,346,"sem data de inicio","1.A+B"
Karitel,PIVÔ 1,382,"sem data de inicio","1.A+B"
Karitel,PIVÔ 1,449,"sem data de inicio","1.A+B"
Karitel,PIVÔ 1,450,"sem data de inicio","1.A+B"
Karitel,PIVÔ 1,451,"sem data de inicio","1.A+B"
Karitel,PIVÔ 1,452,"sem data de inicio","1.A+B"
Karitel,PIVÔ 1,453,"sem data de inicio","1.A+B"
Karitel,PIVÔ 1,454,"sem data de inicio","1.A+B"
Karitel,PIVÔ 1,455,"sem data de inicio","1.A+B"
Karitel,PIVÔ 1,456,"sem data de inicio","1.A+B"
Karitel,PIVÔ 1,526,"sem data de inicio","1.A+B"
Karitel,PIVÔ 1,527,"sem data de inicio","1.A+B"
Karitel,PIVÔ 1,612,"sem data de inicio","1.A+B"
Karitel,PIVÔ 1,613,"sem data de inicio","1.A+B"
Karitel,PIVÔ 1,614,"sem data de inicio","1.A+B"
Karitel,PIVÔ 1,615,"sem data de inicio","1.A+B"
Karitel,PIVÔ 1,616,"sem data de inicio","1.A+B"
Karitel,PIVÔ 1,617,"sem data de inicio","1.A+B"
Karitel,PIVÔ 1,618,"sem data de inicio","1.A+B"
Karitel,PIVÔ 1,619,"sem data de inicio","1.A+B"
Karitel,PIVÔ 1,620,"sem data de inicio","1.A+B"
Karitel,PIVÔ 1,621,"sem data de inicio","1.A+B"
Karitel,PIVÔ 1,622,"sem data de inicio","1.A+B"
Karitel,PIVÔ 1,661,"data de inicio nao parseavel como serial Excel plausivel","1.A data=26/05/2023"
Karitel,PIVÔ 1,675,"sem data de inicio","1.A"
Karitel,PIVÔ 1,765,"sem data de inicio","1.A+B"
Karitel,PIVÔ 1,813,"sem data de inicio","1.A"
Karitel,PIVÔ 1,829,"sem data de inicio","1.A"
Karitel,PIVÔ 1,830,"sem data de inicio","1.A"
Karitel,PIVÔ 1,831,"sem data de inicio","1.A"
Karitel,PIVÔ 1,832,"sem data de inicio","1.A"
Karitel,PIVÔ 1,833,"sem data de inicio","1.A"
Karitel,PIVÔ 1,834,"sem data de inicio","1.A"
Karitel,PIVÔ 1,835,"sem data de inicio","1.A"
Karitel,PIVÔ 2,354,"data de inicio nao parseavel como serial Excel plausivel","2.B data=23/1/02020"
Karitel,PIVÔ 2,355,"data de inicio nao parseavel como serial Excel plausivel","2.A+B data=23/1/02021"
Karitel,PIVÔ 2,383,"data de inicio nao parseavel como serial Excel plausivel","2.C+D data=30"
Karitel,PIVÔ 2,499,"sem data de inicio","2. A+B"
Karitel,PIVÔ 2,500,"sem data de inicio","2. A+B"
Karitel,PIVÔ 2,624,"sem data de inicio","2. A"
Karitel,PIVÔ 2,656,"sem data de inicio","2. A"
Karitel,PIVÔ 2,754,"sem data de inicio","2. A+B+C+D"
Karitel,PIVÔ 2,784,"sem data de inicio","2. A"
Karitel,PIVÔ 2,825,"sem horimetro inicial/final valido","2. A data=45269 h1=801 h2=ok"
Karitel,PIVÔ 2,826,"sem horimetro inicial/final valido","2. A data=45271 h1= h2=ok"
Karitel,PIVÔ 2,827,"sem horimetro inicial/final valido","2. A data=45274 h1= h2=54.6"
Karitel,PIVÔ 2,835,"sem data de inicio","2. A"
Karitel,PIVÔ 2,836,"sem data de inicio","2. A"
Karitel,PIVÔ 2,837,"sem data de inicio","2. A"
Karitel,PIVÔ 2,838,"sem data de inicio","2. A"
Karitel,PIVÔ 2,839,"sem data de inicio","2. A"
Karitel,PIVÔ 2,892,"sem data de inicio","2. A"
Karitel,PIVÔ 2,893,"sem data de inicio","2. A"
Karitel,PIVÔ 2,907,"sem data de inicio","2. A"
Karitel,PIVÔ 2,908,"sem data de inicio","2. A"
Karitel,PIVÔ 2,909,"sem data de inicio","2. A"
Karitel,PIVÔ 2,910,"sem data de inicio","2. A"
Karitel,PIVÔ 2,911,"sem data de inicio","2. A"
Karitel,PIVÔ 2,912,"sem data de inicio","2. A"
Karitel,PIVÔ 3,392,"data de inicio nao parseavel como serial Excel plausivel","3.A+B data=26"
Karitel,PIVÔ 3,714,"sem data de inicio","3.A"
Karitel,PIVÔ 3,715,"sem data de inicio","3.A"
Karitel,PIVÔ 3,751,"sem horimetro inicial/final valido","3.A data=45267 h1=360.5 h2=ok"
Karitel,PIVÔ 3,752,"sem horimetro inicial/final valido","3.A data=45269 h1= h2=ok"
Karitel,PIVÔ 3,753,"sem horimetro inicial/final valido","3.A data=45271 h1= h2=ok"
Karitel,PIVÔ 3,754,"sem horimetro inicial/final valido","3.A data=45274 h1= h2=24.8"
Karitel,PIVÔ 3,763,"sem data de inicio","3.A"
Karitel,PIVÔ 3,764,"sem data de inicio","3.A"
Karitel,PIVÔ 3,765,"sem data de inicio","3.A"
Karitel,PIVÔ 3,773,"sem data de inicio","3.A"
Karitel,PIVÔ 3,843,"sem data de inicio","3.A+B+C+D"
Karitel,PIVÔ 3,852,"sem data de inicio","3.A"
Karitel,PIVÔ 3,853,"sem data de inicio","3.A"
Karitel,PIVÔ 3,854,"sem data de inicio","3.A"
Karitel,PIVÔ 3,855,"sem data de inicio","3.A"
Karitel,PIVÔ 3,856,"sem data de inicio","3.A"
Karitel,PIVÔ 3,857,"sem data de inicio","3.A"
Karitel,PIVÔ 3,858,"sem data de inicio","3.A"
Karitel,PIVÔ 3,859,"sem data de inicio","3.A"
Karitel,PIVÔ 3,860,"sem data de inicio","3.A"
Karitel,PIVÔ 3,861,"sem data de inicio","3.A"
Karitel,PIVÔ 4,98,"sem data de inicio","4.A+B"
Karitel,PIVÔ 4,314,"sem horimetro inicial/final valido","4.A+B data=44188 h1= h2="
Karitel,PIVÔ 4,315,"sem horimetro inicial/final valido","4.A+B data=44193 h1= h2="
Karitel,PIVÔ 4,316,"sem horimetro inicial/final valido","4.A+B data=44194 h1= h2="
Karitel,PIVÔ 4,318,"sem horimetro inicial/final valido","4.A+B data=44197 h1=994.1 h2="
Karitel,PIVÔ 4,360,"data de inicio nao parseavel como serial Excel plausivel","4.A+B data=25"
Karitel,PIVÔ 4,388,"sem data de inicio","4.A+B"
Karitel,PIVÔ 4,389,"sem data de inicio","4.A+B"
Karitel,PIVÔ 4,390,"sem data de inicio","4.A+B"
Karitel,PIVÔ 4,391,"sem data de inicio","4.A+B"
Karitel,PIVÔ 4,392,"sem data de inicio","4.A+B"
Karitel,PIVÔ 4,393,"sem data de inicio","4.A+B"
Karitel,PIVÔ 4,394,"sem data de inicio","4.A+B"
Karitel,PIVÔ 4,483,"sem data de inicio","4.A+B"
Karitel,PIVÔ 4,746,"sem data de inicio","4.A+B"
Karitel,PIVÔ 4,780,"sem data de inicio","4.A"
Karitel,PIVÔ 4,841,"sem data de inicio","4.A"
Karitel,PIVÔ 4,842,"sem data de inicio","4.A"
Karitel,PIVÔ 4,926,"sem data de inicio","4.A+B"
Karitel,PIVÔ 4,927,"sem data de inicio","4.A+B"
Karitel,PIVÔ 4,937,"sem data de inicio","4.A"
Karitel,PIVÔ 4,938,"sem data de inicio","4.A"
Karitel,PIVÔ 4,939,"sem data de inicio","4.A"
Karitel,PIVÔ 4,940,"sem data de inicio","4.A"
Karitel,PIVÔ 4,941,"sem data de inicio","4.A"
Karitel,PIVÔ 4,942,"sem data de inicio","4.A"
Karitel,PIVÔ 4,943,"sem data de inicio","4.A"
Karitel,PIVÔ 4,944,"sem data de inicio","4.A"
Karitel,PIVÔ 4,945,"sem data de inicio","4.A"
Karitel,PIVÔ 4,946,"sem data de inicio","4.A"
Karitel,PIVÔ 4,947,"sem data de inicio","4.A"
Karitel,PIVÔ 5,170,"data de inicio nao parseavel como serial Excel plausivel","5.A+B+C+D data=29/10/20219"
Karitel,PIVÔ 5,309,"sem horimetro inicial/final valido","5.A+B data=44553 h1= h2="
Karitel,PIVÔ 5,310,"sem horimetro inicial/final valido","5.A+B data=44557 h1= h2="
Karitel,PIVÔ 5,311,"sem horimetro inicial/final valido","5.A+B data=44559 h1= h2="
Karitel,PIVÔ 5,516,"sem data de inicio","5.A+B+C+D"
Karitel,PIVÔ 5,528,"sem horimetro inicial/final valido","5.A+B+C+D data=44822 h1= h2="
Karitel,PIVÔ 5,547,"sem data de inicio","5.A+B+C+D"
Karitel,PIVÔ 5,548,"sem data de inicio","5.A+B+C+D"
Karitel,PIVÔ 5,549,"sem data de inicio","5.A+B+C+D"
Karitel,PIVÔ 5,567,"sem horimetro inicial/final valido","5.A+B+C+D data=45048 h1=159.1 h2="
Karitel,PIVÔ 5,625,"sem data de inicio","5.A+B+C+D"
Karitel,PIVÔ 5,626,"sem data de inicio","5.A+B+C+D"
Karitel,PIVÔ 5,680,"sem data de inicio","5.A"
Karitel,PIVÔ 5,681,"sem data de inicio","5.A"
Karitel,PIVÔ 5,682,"sem data de inicio","5.A"
Karitel,PIVÔ 5,683,"sem data de inicio","5.A"
Karitel,PIVÔ 5,684,"sem data de inicio","5.A"
Karitel,PIVÔ 5,733,"sem data de inicio","5.A"
Karitel,PIVÔ 5,734,"sem data de inicio","5.A"
Karitel,PIVÔ 5,735,"sem data de inicio","5.A"
Karitel,PIVÔ 5,736,"sem data de inicio","5.A"
Karitel,PIVÔ 5,737,"sem data de inicio","5.A"
Karitel,PIVÔ 5,738,"sem data de inicio","5.A"
Karitel,PIVÔ 5,739,"sem data de inicio","5.A"
Karitel,PIVÔ 6,305,"sem horimetro inicial/final valido","6.A+B data=44552 h1= h2="
Karitel,PIVÔ 6,306,"sem horimetro inicial/final valido","6.A+B data=44558 h1= h2="
Karitel,PIVÔ 6,307,"sem horimetro inicial/final valido","6.A+B data=44560 h1= h2="
Karitel,PIVÔ 6,318,"sem data de inicio","6.A+B"
Karitel,PIVÔ 6,387,"sem data de inicio","6.A+B+C+D"
Karitel,PIVÔ 6,388,"sem data de inicio","6.A+B+C+D"
Karitel,PIVÔ 6,420,"sem data de inicio","6.A+B"
Karitel,PIVÔ 6,492,"sem data de inicio","6.A+B+C+D"
Karitel,PIVÔ 6,505,"data de inicio nao parseavel como serial Excel plausivel","6.A+B+C+D data=6"
Karitel,PIVÔ 6,523,"sem data de inicio","6.A+B+C+D"
Karitel,PIVÔ 6,524,"sem data de inicio","6.A+B+C+D"
Karitel,PIVÔ 6,525,"sem data de inicio","6.A+B+C+D"
Karitel,PIVÔ 6,526,"sem data de inicio","6.A+B+C+D"
Karitel,PIVÔ 6,605,"sem data de inicio","6.A+B+C+D"
Karitel,PIVÔ 6,606,"sem data de inicio","6.A+B+C+D"
Karitel,PIVÔ 6,607,"sem data de inicio","6.A+B+C+D"
Karitel,PIVÔ 6,674,"sem data de inicio","6.A"
Karitel,PIVÔ 6,675,"sem data de inicio","6.A"
Karitel,PIVÔ 6,676,"sem data de inicio","6.A"
Karitel,PIVÔ 6,742,"sem data de inicio","6.A+B+C+D"
Karitel,PIVÔ 6,743,"sem data de inicio","6.A+B+C+D"
Karitel,PIVÔ 6,744,"sem data de inicio","6.A+B+C+D"
Karitel,PIVÔ 6,745,"sem data de inicio","6.A+B+C+D"
Karitel,PIVÔ 6,746,"sem data de inicio","6.A+B+C+D"
Karitel,PIVÔ 6,747,"sem data de inicio","6.A+B+C+D"
Karitel,PIVÔ 6,748,"sem data de inicio","6.A+B+C+D"
Karitel,PIVÔ 6,749,"sem data de inicio","6.A+B+C+D"
Karitel,PIVÔ 6,751,"numero de pivo fora da faixa plausivel (1-250)","2024"
Karitel,PIVÔ 6,757,"sem data de inicio","6.A"
Karitel,PIVÔ 6,758,"sem data de inicio","6.A"
Karitel,PIVÔ 6,759,"sem data de inicio","6.A"
Karitel,PIVÔ 6,760,"sem data de inicio","6.A"
Karitel,PIVÔ 6,761,"sem data de inicio","6.A"
Karitel,PIVÔ 6,762,"sem data de inicio","6.A"
Karitel,PIVÔ 6,763,"sem data de inicio","6.A"
Karitel,PIVÔ 6,764,"sem data de inicio","6.A"
Karitel,PIVÔ 6,765,"sem data de inicio","6.A"
Karitel,PIVÔ 6,766,"sem data de inicio","6.A"
Karitel,PIVÔ 6,767,"sem data de inicio","6.A"
Karitel,PIVÔ 7,152,"data de inicio nao parseavel como serial Excel plausivel","7.A+B data=15/111/2019"
Karitel,PIVÔ 7,186,"sem data de inicio","7.A+B"
Karitel,PIVÔ 7,257,"sem horimetro inicial/final valido","7.A+B+C+D data=44070 h1=69 h2="
Karitel,PIVÔ 7,258,"sem horimetro inicial/final valido","7.A+B+C+D data=44073 h1= h2=112"
Karitel,PIVÔ 7,282,"sem horimetro inicial/final valido","7.A+B data=44550 h1= h2="
Karitel,PIVÔ 7,283,"sem horimetro inicial/final valido","7.A+B data=44553 h1= h2="
Karitel,PIVÔ 7,284,"sem horimetro inicial/final valido","7.A+B data=44557 h1= h2="
Karitel,PIVÔ 7,285,"sem horimetro inicial/final valido","7.A+B data=44559 h1= h2="
Karitel,PIVÔ 7,367,"sem data de inicio","7.A+B+C+D"
Karitel,PIVÔ 7,477,"sem data de inicio","7.A+B+C+D"
Karitel,PIVÔ 7,504,"sem data de inicio","7.A+B+C+D"
Karitel,PIVÔ 7,508,"data de inicio nao parseavel como serial Excel plausivel","7.A data=04/02/20223"
Karitel,PIVÔ 7,514,"sem data de inicio","7.A"
Karitel,PIVÔ 7,593,"sem data de inicio","7.A+B+C+D"
Karitel,PIVÔ 7,649,"sem data de inicio","7. A"
Karitel,PIVÔ 7,650,"sem data de inicio","7. A"
Karitel,PIVÔ 7,664,"sem data de inicio","7. A"
Karitel,PIVÔ 7,729,"sem data de inicio","7. A+B+C+D"
Karitel,PIVÔ 7,730,"sem data de inicio","7. A+B+C+D"
Karitel,PIVÔ 7,731,"sem data de inicio","7. A+B+C+D"
Karitel,PIVÔ 7,732,"sem data de inicio","7. A+B+C+D"
Karitel,PIVÔ 8,271,"sem horimetro inicial/final valido","8 data=44552 h1= h2="
Karitel,PIVÔ 8,272,"sem horimetro inicial/final valido","8 data=44558 h1= h2="
Karitel,PIVÔ 8,273,"sem horimetro inicial/final valido","8 data=44560 h1= h2="
Karitel,PIVÔ 8,285,"sem data de inicio","8"
Karitel,PIVÔ 8,286,"sem data de inicio","8"
Karitel,PIVÔ 8,287,"sem data de inicio","8"
Karitel,PIVÔ 8,288,"sem data de inicio","8"
Karitel,PIVÔ 8,289,"sem data de inicio","8"
Karitel,PIVÔ 8,360,"sem data de inicio","8. A+B+C+D"
Karitel,PIVÔ 8,361,"sem data de inicio","8. A+B+C+D"
Karitel,PIVÔ 8,389,"sem data de inicio","8. A+B+C+D"
Karitel,PIVÔ 8,482,"sem data de inicio","8. B"
Karitel,PIVÔ 8,483,"sem data de inicio","8. B"
Karitel,PIVÔ 8,484,"sem data de inicio","8. B"
Karitel,PIVÔ 8,485,"sem data de inicio","8. B"
Karitel,PIVÔ 8,486,"sem data de inicio","8. B"
Karitel,PIVÔ 8,487,"sem data de inicio","8. B"
Karitel,PIVÔ 8,488,"sem data de inicio","8. B"
Karitel,PIVÔ 8,496,"sem horimetro inicial/final valido","8. A+B+C+D data=44859 h1=404 h2="
Karitel,PIVÔ 8,523,"sem horimetro inicial/final valido","8. A data=45034 h1= h2="
Karitel,PIVÔ 8,524,"sem data de inicio","8. A"
Karitel,PIVÔ 8,608,"sem data de inicio","8. A+B+C+D"
Karitel,PIVÔ 8,609,"sem data de inicio","8. A+B+C+D"
Karitel,PIVÔ 8,610,"sem data de inicio","8. A+B+C+D"
Karitel,PIVÔ 8,611,"sem data de inicio","8. A+B+C+D"
Karitel,PIVÔ 8,664,"sem data de inicio","8. A"
Karitel,PIVÔ 8,665,"sem data de inicio","8. A"
Karitel,PIVÔ 8,666,"sem data de inicio","8. A"
Karitel,PIVÔ 8,679,"sem data de inicio","8. A"
Karitel,PIVÔ 8,734,"sem data de inicio","8. A+B+C+D"
Karitel,PIVÔ 8,735,"sem data de inicio","8. A+B+C+D"
Karitel,PIVÔ 8,736,"sem data de inicio","8. A+B+C+D"
Karitel,PIVÔ 8,737,"sem data de inicio","8. A+B+C+D"
Karitel,PIVÔ 9,44,"data de inicio nao parseavel como serial Excel plausivel","9.A data=21/08/219"
Karitel,PIVÔ 9,45,"data de inicio nao parseavel como serial Excel plausivel","9.A+B data=21/08/220"
Karitel,PIVÔ 9,193,"data de inicio nao parseavel como serial Excel plausivel","9.A+B+C+D data=24/07/020"
Karitel,PIVÔ 9,254,"sem horimetro inicial/final valido","9 data=44171 h1= h2="
Karitel,PIVÔ 9,255,"sem horimetro inicial/final valido","9 data=44181 h1= h2="
Karitel,PIVÔ 9,257,"sem horimetro inicial/final valido","9 data=44187 h1= h2="
Karitel,PIVÔ 9,258,"sem horimetro inicial/final valido","9 data=44192 h1= h2="
Karitel,PIVÔ 9,259,"sem horimetro inicial/final valido","9 data=44194 h1= h2="
Karitel,PIVÔ 9,271,"sem data de inicio","9"
Karitel,PIVÔ 9,344,"sem data de inicio","9. A+B+C+D"
Karitel,PIVÔ 9,445,"sem data de inicio","9. A+B+C+D"
Karitel,PIVÔ 9,464,"sem data de inicio","9. A+B+C+D"
Karitel,PIVÔ 9,465,"sem data de inicio","9. A+B+C+D"
Karitel,PIVÔ 9,466,"sem data de inicio","9. A+B+C+D"
Karitel,PIVÔ 9,467,"sem data de inicio","9. A+B+C+D"
Karitel,PIVÔ 9,468,"sem data de inicio","9. A+B+C+D"
Karitel,PIVÔ 9,469,"sem data de inicio","9. A+B+C+D"
Karitel,PIVÔ 9,470,"sem data de inicio","9. A+B+C+D"
Karitel,PIVÔ 9,471,"sem data de inicio","9. A+B+C+D"
Karitel,PIVÔ 9,496,"sem data de inicio","9. A"
Karitel,PIVÔ 9,579,"sem data de inicio","9. A+B+C+D"
Karitel,PIVÔ 9,580,"sem data de inicio","9. A+B+C+D"
Karitel,PIVÔ 9,632,"sem horimetro inicial/final valido","9. A data=45337 h1=616.4 h2="
Karitel,PIVÔ 9,633,"sem horimetro inicial/final valido","9. A data=45350 h1= h2=664.2"
Karitel,PIVÔ 9,634,"sem data de inicio","9. A"
Karitel,PIVÔ 9,643,"sem data de inicio","9. A"
Karitel,PIVÔ 9,644,"sem data de inicio","9. A"
Karitel,PIVÔ 9,704,"sem data de inicio","9. A+B+C+D"
Karitel,PIVÔ 9,705,"sem data de inicio","9. A+B+C+D"
Karitel,PIVÔ 9,706,"sem data de inicio","9. A+B+C+D"
Karitel,PIVÔ 9,707,"sem data de inicio","9. A+B+C+D"
Karitel,PIVÔ 9,708,"sem data de inicio","9. A+B+C+D"
Karitel,PIVÔ 9,709,"sem data de inicio","9. A+B+C+D"
Karitel,PIVÔ 10,13,"data de inicio nao parseavel como serial Excel plausivel","10.A+B+C+D data=14/03/209"
Karitel,PIVÔ 10,67,"sem horimetro inicial/final valido","10.A+B data=43680 h1=655 h2="
Karitel,PIVÔ 10,275,"sem horimetro inicial/final valido","10 data=44188 h1= h2="
Karitel,PIVÔ 10,276,"sem horimetro inicial/final valido","10 data=44193 h1= h2="
Karitel,PIVÔ 10,277,"sem horimetro inicial/final valido","10 data=44195 h1= h2="
Karitel,PIVÔ 10,278,"sem horimetro inicial/final valido","10 data=44197 h1= h2="
Karitel,PIVÔ 10,290,"sem data de inicio","10"
Karitel,PIVÔ 10,291,"sem data de inicio","10"
Karitel,PIVÔ 10,330,"data de inicio nao parseavel como serial Excel plausivel","10. A+B+C+D data=29"
Karitel,PIVÔ 10,373,"sem data de inicio","10. A+B+C+D"
Karitel,PIVÔ 10,479,"sem data de inicio","10. A+B+C+D"
Karitel,PIVÔ 10,514,"sem data de inicio","10. A"
Karitel,PIVÔ 10,591,"sem data de inicio","10. A+B+C+D"
Karitel,PIVÔ 10,592,"sem data de inicio","10. A+B+C+D"
Karitel,PIVÔ 10,593,"sem data de inicio","10. A+B+C+D"
Karitel,PIVÔ 10,594,"sem data de inicio","10. A+B+C+D"
Karitel,PIVÔ 10,595,"sem data de inicio","10. A+B+C+D"
Karitel,PIVÔ 10,657,"sem data de inicio","10. A"
Karitel,PIVÔ 10,658,"sem data de inicio","10. A"
Karitel,PIVÔ 10,659,"sem data de inicio","10. A"
Karitel,PIVÔ 10,718,"sem data de inicio","10. A+B+C+D"
Karitel,PIVÔ 10,719,"sem data de inicio","10. A+B+C+D"
Karitel,PIVÔ 10,720,"sem data de inicio","10. A+B+C+D"
Karitel,PIVÔ 10,721,"sem data de inicio","10. A+B+C+D"
Karitel,PIVÔ 10,722,"sem data de inicio","10. A+B+C+D"
Karitel,PIVÔ 11,161,"data de inicio nao parseavel como serial Excel plausivel","11.A+B data=12/04/42020"
Karitel,PIVÔ 11,277,"sem horimetro inicial/final valido","11.A+B data=44552 h1= h2="
Karitel,PIVÔ 11,278,"sem horimetro inicial/final valido","11.A+B data=44557 h1= h2="
Karitel,PIVÔ 11,279,"sem horimetro inicial/final valido","11.A+B data=44559 h1= h2="
Karitel,PIVÔ 11,292,"sem data de inicio","11.A+B"
Karitel,PIVÔ 11,369,"sem data de inicio","11.A+B+C+D"
Karitel,PIVÔ 11,390,"sem data de inicio","11.A+B"
Karitel,PIVÔ 11,391,"sem data de inicio","11.A+B"
Karitel,PIVÔ 11,392,"sem data de inicio","11.A+B"
Karitel,PIVÔ 11,474,"sem data de inicio","11.A+B+C+D"
Karitel,PIVÔ 11,500,"sem data de inicio","11.A+B+C+D"
Karitel,PIVÔ 11,501,"sem data de inicio","11.A+B+C+D"
Karitel,PIVÔ 11,560,"sem data de inicio","11.A"
Karitel,PIVÔ 11,661,"sem data de inicio","11.A+B"
Karitel,PIVÔ 11,662,"sem data de inicio","11.A+B"
Karitel,PIVÔ 11,663,"sem data de inicio","11.A+B"
Karitel,PIVÔ 11,664,"sem data de inicio","11.A+B"
Karitel,PIVÔ 11,665,"sem data de inicio","11.A+B"
Karitel,PIVÔ 11,666,"sem data de inicio","11.A+B"
Karitel,PIVÔ 11,667,"sem data de inicio","11.A+B"
Karitel,PIVÔ 11,668,"sem data de inicio","11.A+B"
Karitel,PIVÔ 11,669,"sem data de inicio","11.A+B"
Karitel,PIVÔ 11,700,"sem data de inicio","11.A"
Karitel,PIVÔ 11,701,"sem data de inicio","11.A"
Karitel,PIVÔ 11,755,"sem data de inicio","11.A+B+C+D"
Karitel,PIVÔ 11,756,"sem data de inicio","11.A+B+C+D"
Karitel,PIVÔ 11,757,"sem data de inicio","11.A+B+C+D"
Karitel,PIVÔ 11,758,"sem data de inicio","11.A+B+C+D"
Karitel,PIVÔ 11,759,"sem data de inicio","11.A+B+C+D"
Karitel,PIVÔ 12,164,"sem data de inicio","12.A+B"
Karitel,PIVÔ 12,249,"data de inicio nao parseavel como serial Excel plausivel","12.A+B data=27/09/202"
Karitel,PIVÔ 12,253,"data de inicio nao parseavel como serial Excel plausivel","12.A+B data=277"
Karitel,PIVÔ 12,283,"sem horimetro inicial/final valido","12 data=44187 h1= h2="
Karitel,PIVÔ 12,284,"sem horimetro inicial/final valido","12 data=44194 h1= h2="
Karitel,PIVÔ 12,285,"sem horimetro inicial/final valido","12 data=44195 h1= h2="
Karitel,PIVÔ 12,302,"sem data de inicio","12"
Karitel,PIVÔ 12,383,"sem data de inicio","12. A+B+C+D"
Karitel,PIVÔ 12,402,"sem data de inicio","12. A+B"
Karitel,PIVÔ 12,403,"sem data de inicio","12. A+B"
Karitel,PIVÔ 12,404,"sem data de inicio","12. A+B"
Karitel,PIVÔ 12,405,"sem data de inicio","12. A+B"
Karitel,PIVÔ 12,483,"sem data de inicio","12. A+B+C+D"
Karitel,PIVÔ 12,530,"sem data de inicio","12. A"
Karitel,PIVÔ 12,531,"sem data de inicio","12. A"
Karitel,PIVÔ 12,606,"sem data de inicio","12. A+B+C+D"
Karitel,PIVÔ 12,607,"sem data de inicio","12. A+B+C+D"
Karitel,PIVÔ 12,652,"sem data de inicio","12. A"
Karitel,PIVÔ 12,653,"sem data de inicio","12. A"
Karitel,PIVÔ 12,702,"sem horimetro inicial/final valido","12. A+B+C+D data=45523 h1=1376 h2="
Karitel,PIVÔ 12,703,"sem horimetro inicial/final valido","12. A+B+C+D data=45525 h1= h2="
Karitel,PIVÔ 12,704,"sem horimetro inicial/final valido","12. A+B+C+D data=45526 h1= h2="
Karitel,PIVÔ 12,705,"sem data de inicio","12. A+B+C+D"
Karitel,PIVÔ 12,706,"sem data de inicio","12. A+B+C+D"
Karitel,PIVÔ 12,707,"sem data de inicio","12. A+B+C+D"
Karitel,PIVÔ 12,708,"sem data de inicio","12. A+B+C+D"
Karitel,PIVÔ 12,709,"sem data de inicio","12. A+B+C+D"
Karitel,PIVÔ 12,710,"sem data de inicio","12. A+B+C+D"
Karitel,PIVÔ 13,325,"sem horimetro inicial/final valido","13 data=44552 h1= h2="
Karitel,PIVÔ 13,326,"sem horimetro inicial/final valido","13 data=44557 h1= h2="
Karitel,PIVÔ 13,327,"sem horimetro inicial/final valido","13 data=44559 h1= h2="
Karitel,PIVÔ 13,353,"sem data de inicio","13"
Karitel,PIVÔ 13,354,"sem data de inicio","13"
Karitel,PIVÔ 13,355,"sem data de inicio","13"
Karitel,PIVÔ 13,364,"sem horimetro inicial/final valido","13. A+B data=44303 h1= h2="
Karitel,PIVÔ 13,473,"sem data de inicio","13. A+B"
Karitel,PIVÔ 13,474,"sem data de inicio","13. A+B"
Karitel,PIVÔ 13,502,"sem data de inicio","13. A+B"
Karitel,PIVÔ 13,592,"sem data de inicio","13. A+B"
Karitel,PIVÔ 13,647,"sem data de inicio","13. A"
Karitel,PIVÔ 13,648,"sem data de inicio","13. A"
Karitel,PIVÔ 13,649,"sem data de inicio","13. A"
Karitel,PIVÔ 13,650,"sem data de inicio","13. A"
Karitel,PIVÔ 13,710,"sem data de inicio","13. A"
Karitel,PIVÔ 13,711,"sem data de inicio","13. A"
Karitel,PIVÔ 13,712,"sem data de inicio","13. A"
Karitel,PIVÔ 13,713,"sem data de inicio","13. A"
Karitel,PIVÔ 13,714,"sem data de inicio","13. A"
Karitel,PIVÔ 13,740,"sem data de inicio","13. A"
Karitel,PIVÔ 13,792,"sem data de inicio","13. A+B"
Karitel,PIVÔ 13,793,"sem data de inicio","13. A+B"
Karitel,PIVÔ 13,794,"sem data de inicio","13. A+B"
Karitel,PIVÔ 13,795,"sem data de inicio","13. A+B"
Karitel,PIVÔ 13,796,"sem data de inicio","13. A+B"
Karitel,PIVÔ 13,797,"sem data de inicio","13. A+B"
Karitel,PIVÔ 13,798,"sem data de inicio","13. A+B"
Karitel,PIVÔ 13,799,"sem data de inicio","13. A+B"
Karitel,PIVÔ 13,800,"sem data de inicio","13. A+B"
Karitel,PIVÔ 13,801,"sem data de inicio","13. A+B"
Karitel,PIVÔ 13,802,"sem data de inicio","13. A+B"
Karitel,PIVÔ 14,11,"sem horimetro inicial/final valido","14.A+B data=43482 h1= h2=65.599999999999994"
Karitel,PIVÔ 14,146,"data de inicio nao parseavel como serial Excel plausivel","14.A+B+C+D data=28/06/220"
Karitel,PIVÔ 14,147,"data de inicio nao parseavel como serial Excel plausivel","14.A+B+C+D data=28/06/221"
Karitel,PIVÔ 14,188,"sem data de inicio","14.A+B+C+D"
Karitel,PIVÔ 14,189,"sem data de inicio","14.A+B+C+D"
Karitel,PIVÔ 14,190,"sem data de inicio","14.A+B+C+D"
Karitel,PIVÔ 14,191,"sem data de inicio","14.A+B+C+D"
Karitel,PIVÔ 14,192,"sem data de inicio","14.A+B+C+D"
Karitel,PIVÔ 14,193,"sem data de inicio","14.A+B+C+D"
Karitel,PIVÔ 14,194,"sem data de inicio","14.A+B+C+D"
Karitel,PIVÔ 14,195,"sem data de inicio","14.A+B+C+D"
Karitel,PIVÔ 14,196,"sem data de inicio","14.A+B+C+D"
Karitel,PIVÔ 14,197,"sem data de inicio","14.C+D"
Karitel,PIVÔ 14,198,"sem horimetro inicial/final valido","14.A+B data=44088 h1= h2=376"
Karitel,PIVÔ 14,241,"sem horimetro inicial/final valido","14.A+B data=44553 h1= h2="
Karitel,PIVÔ 14,242,"sem horimetro inicial/final valido","14.A+B data=44560 h1= h2="
Karitel,PIVÔ 14,262,"sem data de inicio","14.A+B"
Karitel,PIVÔ 14,274,"data de inicio nao parseavel como serial Excel plausivel","14.A+B+C+D data=80"
Karitel,PIVÔ 14,347,"sem data de inicio","14.A+B"
Karitel,PIVÔ 14,348,"sem data de inicio","14.A+B"
Karitel,PIVÔ 14,375,"sem data de inicio","14.A+B"
Karitel,PIVÔ 14,459,"data de inicio nao parseavel como serial Excel plausivel","14.A+B data=15/09/222"
Karitel,PIVÔ 14,470,"sem data de inicio","14.A+B+C+D"
Karitel,PIVÔ 14,482,"sem data de inicio","14.A+B+C+D"
Karitel,PIVÔ 14,521,"data de inicio nao parseavel como serial Excel plausivel","14.A data=27/05/2023"
Karitel,PIVÔ 14,532,"sem data de inicio","14.A"
Karitel,PIVÔ 14,533,"sem data de inicio","14.A"
Karitel,PIVÔ 14,534,"sem data de inicio","14.A"
Karitel,PIVÔ 14,535,"sem data de inicio","14.A"
Karitel,PIVÔ 14,536,"sem data de inicio","14.A"
Karitel,PIVÔ 14,537,"sem data de inicio","14.A"
Karitel,PIVÔ 14,612,"sem horimetro inicial/final valido","14.C+D data=45462 h1=104.7 h2="
Karitel,PIVÔ 14,646,"sem horimetro inicial/final valido","14.A+B+C+D data=45522 h1= h2="
Karitel,PIVÔ 14,647,"sem data de inicio","14.A+B+C+D"
Karitel,PIVÔ 14,648,"sem data de inicio","14.A+B+C+D"
Karitel,PIVÔ 14,649,"sem data de inicio","14.A+B+C+D"
Karitel,PIVÔ 14,650,"sem data de inicio","14.A+B+C+D"
Karitel,PIVÔ 14,651,"sem data de inicio","14.A+B+C+D"
Karitel,PIVÔ 14,652,"sem data de inicio","14.A+B+C+D"
Karitel,PIVÔ 14,653,"sem data de inicio","14.A+B+C+D"
Karitel,PIVÔ 14,654,"sem data de inicio","14.A+B+C+D"
Karitel,PIVÔ 15,243,"sem horimetro inicial/final valido","15.A+B data=44192 h1= h2="
Karitel,PIVÔ 15,244,"sem horimetro inicial/final valido","15.A+B data=44194 h1= h2="
Karitel,PIVÔ 15,248,"sem data de inicio","15.A+B"
Karitel,PIVÔ 15,249,"sem data de inicio","15.A+B"
Karitel,PIVÔ 15,250,"sem data de inicio","15.A+B"
Karitel,PIVÔ 15,251,"sem data de inicio","15.A+B"
Karitel,PIVÔ 15,296,"sem data de inicio","15.A+B"
Karitel,PIVÔ 15,297,"sem data de inicio","15.A+B"
Karitel,PIVÔ 15,328,"sem data de inicio","15.A+B"
Karitel,PIVÔ 15,402,"sem data de inicio","15.A+B"
Karitel,PIVÔ 15,475,"sem data de inicio","15.A"
Karitel,PIVÔ 15,476,"sem data de inicio","15.A"
Karitel,PIVÔ 15,477,"sem data de inicio","15.A"
Karitel,PIVÔ 15,478,"sem data de inicio","15.A"
Karitel,PIVÔ 15,543,"sem data de inicio","15.A"
Karitel,PIVÔ 15,603,"sem data de inicio","15.A+B"
Karitel,PIVÔ 15,604,"sem data de inicio","15.A+B"
Karitel,PIVÔ 16,188,"sem data de inicio","16"
Karitel,PIVÔ 16,189,"sem data de inicio","16"
Karitel,PIVÔ 16,190,"sem data de inicio","16"
Karitel,PIVÔ 16,191,"sem data de inicio","16"
Karitel,PIVÔ 16,192,"sem data de inicio","16"
Karitel,PIVÔ 16,193,"sem data de inicio","16"
Karitel,PIVÔ 16,194,"sem data de inicio","16"
Karitel,PIVÔ 16,221,"sem data de inicio","16"
Karitel,PIVÔ 16,277,"sem data de inicio","16"
Karitel,PIVÔ 16,280,"sem data de inicio","16"
Karitel,PIVÔ 16,324,"data de inicio nao parseavel como serial Excel plausivel","16 data=29/05/2023"
Karitel,PIVÔ 16,325,"data de inicio nao parseavel como serial Excel plausivel","16 data=30/05/2023"
Karitel,PIVÔ 16,328,"sem horimetro inicial/final valido","16 data=45094 h1=83.3 h2="
Karitel,PIVÔ 16,329,"sem horimetro inicial/final valido","16 data=45097 h1= h2="
Karitel,PIVÔ 16,330,"sem horimetro inicial/final valido","16 data=45098 h1= h2="
Karitel,PIVÔ 16,331,"sem horimetro inicial/final valido","16 data=45099 h1= h2=129.4"
Karitel,PIVÔ 16,338,"sem data de inicio","16"
Karitel,PIVÔ 16,339,"sem data de inicio","16"
Karitel,PIVÔ 16,340,"sem data de inicio","16"
Karitel,PIVÔ 16,341,"sem data de inicio","16"
Karitel,PIVÔ 16,342,"sem data de inicio","16"
Karitel,PIVÔ 16,343,"sem data de inicio","16"
Karitel,PIVÔ 16,344,"sem data de inicio","24"
Karitel,PIVÔ 17,204,"sem horimetro inicial/final valido","17.A+B data=44186 h1= h2="
Karitel,PIVÔ 17,205,"sem horimetro inicial/final valido","17.A+B data=44193 h1= h2="
Karitel,PIVÔ 17,206,"sem horimetro inicial/final valido","17.A+B data=44194 h1= h2="
Karitel,PIVÔ 17,207,"sem horimetro inicial/final valido","17.A+B data=44195 h1= h2="
Karitel,PIVÔ 17,215,"sem data de inicio","17.A+B"
Karitel,PIVÔ 17,262,"sem data de inicio","17.A+B"
Karitel,PIVÔ 17,286,"sem data de inicio","17.A+B"
Karitel,PIVÔ 17,309,"data de inicio nao parseavel como serial Excel plausivel","17.A+B data=25"
Karitel,PIVÔ 17,405,"sem data de inicio","17.A"
Karitel,PIVÔ 17,438,"sem data de inicio","17.A+B"
Karitel,PIVÔ 17,439,"sem data de inicio","17.A+B"
Karitel,PIVÔ 17,440,"sem data de inicio","17.A+B"
Karitel,PIVÔ 17,478,"sem data de inicio","17.A+B"
Karitel,PIVÔ 17,479,"sem data de inicio","17.A+B"
Karitel,PIVÔ 17,480,"sem data de inicio","17.A+B"
Karitel,PIVÔ 17,481,"sem data de inicio","17.A+B"
Karitel,PIVÔ 18,145,"data de inicio nao parseavel como serial Excel plausivel","18.A+B data=06/08/220"
Karitel,PIVÔ 18,147,"sem horimetro inicial/final valido","18.A+B data=44206 h1= h2="
Karitel,PIVÔ 18,151,"sem data de inicio","18.A+B"
Karitel,PIVÔ 18,161,"sem horimetro inicial/final valido","18.A+B data=44206 h1= h2="
Karitel,PIVÔ 18,191,"sem data de inicio","18.A+B"
Karitel,PIVÔ 18,205,"sem data de inicio","18.A+B"
Karitel,PIVÔ 18,255,"sem data de inicio","18.A+B"
Karitel,PIVÔ 18,256,"sem data de inicio","18.A+B"
Karitel,PIVÔ 18,257,"sem data de inicio","18.A+B"
Karitel,PIVÔ 18,258,"sem data de inicio","18.A+B"
Karitel,PIVÔ 18,259,"sem data de inicio","18.A+B"
Karitel,PIVÔ 18,260,"sem data de inicio","18.A+B"
Karitel,PIVÔ 18,261,"sem data de inicio","18.A+B"
Karitel,PIVÔ 18,306,"data de inicio nao parseavel como serial Excel plausivel","18.A data=29/05/2023"
Karitel,PIVÔ 18,307,"data de inicio nao parseavel como serial Excel plausivel","18.A data=30/05/2023"
Karitel,PIVÔ 18,316,"sem data de inicio","18.A"
Karitel,PIVÔ 18,317,"sem data de inicio","18.A"
Karitel,PIVÔ 18,318,"sem data de inicio","18.A"
Karitel,PIVÔ 18,319,"sem data de inicio","18.A"
Karitel,PIVÔ 18,320,"sem data de inicio","18.A"
Karitel,PIVÔ 18,321,"sem data de inicio","18.A"
Karitel,PIVÔ 18,322,"sem data de inicio","18.A"
Karitel,PIVÔ 18,385,"sem data de inicio","18.A"
Karitel,PIVÔ 18,386,"sem data de inicio","18.A"
Karitel,PIVÔ 18,387,"sem data de inicio","18.A"
Karitel,PIVÔ 18,388,"sem data de inicio","18.A"
Karitel,PIVÔ 18,427,"sem data de inicio","18.A+B"
Karitel,PIVÔ 18,428,"sem data de inicio","18.A+B"
Karitel,PIVÔ 18,429,"sem data de inicio","18.A+B"
Karitel,PIVÔ 18,430,"sem data de inicio","18.A+B"
Karitel,PIVÔ 19,117,"data de inicio nao parseavel como serial Excel plausivel","19.A+B data=02/20/2019"
Karitel,PIVÔ 19,164,"data de inicio nao parseavel como serial Excel plausivel","19.A+B data=04/10/220"
Karitel,PIVÔ 19,186,"sem data de inicio","19.A+B"
Karitel,PIVÔ 19,246,"sem data de inicio","19.A+B"
Karitel,PIVÔ 19,247,"sem data de inicio","19.A+B"
Karitel,PIVÔ 19,261,"sem data de inicio","19.A+B"
Karitel,PIVÔ 19,432,"data de inicio nao parseavel como serial Excel plausivel","19. A data=29/05/2023"
Karitel,PIVÔ 19,433,"data de inicio nao parseavel como serial Excel plausivel","19. A data=30/05/2023"
Karitel,PIVÔ 19,438,"sem horimetro inicial/final valido","19. A data=45096 h1=40.4 h2="
Karitel,PIVÔ 19,439,"sem horimetro inicial/final valido","19. A data=45098 h1= h2="
Karitel,PIVÔ 19,440,"sem horimetro inicial/final valido","19. A data=45101 h1= h2=91.4"
Karitel,PIVÔ 19,444,"sem data de inicio","19. A"
Karitel,PIVÔ 19,445,"sem data de inicio","19. A"
Karitel,PIVÔ 19,455,"data de inicio nao parseavel como serial Excel plausivel","19. A data=11"
Karitel,PIVÔ 19,488,"sem data de inicio","19. A+B"
Karitel,PIVÔ 19,489,"sem data de inicio","19. A+B"
Karitel,PIVÔ 19,490,"sem data de inicio","19. A+B"
Karitel,PIVÔ 19,491,"sem data de inicio","19. A+B"
Karitel,PIVÔ 19,492,"sem data de inicio","19. A+B"
Karitel,PIVÔ 19,493,"sem data de inicio","19. A+B"
Karitel,PIVÔ 19,494,"sem data de inicio","19. A+B"
Karitel,PIVÔ 19,495,"sem data de inicio","19. A+B"
Karitel,PIVÔ 19,496,"sem data de inicio","19. A+B"
Karitel,PIVÔ 20,183,"data de inicio nao parseavel como serial Excel plausivel","20.A+B data=05/07/202020"
Karitel,PIVÔ 20,195,"sem data de inicio","20"
Karitel,PIVÔ 20,196,"sem data de inicio","20"
Karitel,PIVÔ 20,197,"sem data de inicio","20"
Karitel,PIVÔ 20,198,"sem data de inicio","20"
Karitel,PIVÔ 20,199,"sem data de inicio","20"
Karitel,PIVÔ 20,200,"sem data de inicio","20"
Karitel,PIVÔ 20,201,"sem data de inicio","20"
Karitel,PIVÔ 20,202,"sem data de inicio","20"
Karitel,PIVÔ 20,203,"sem data de inicio","20"
Karitel,PIVÔ 20,204,"sem data de inicio","20"
Karitel,PIVÔ 20,248,"sem data de inicio","20.A+B"
Karitel,PIVÔ 20,249,"sem data de inicio","20.A+B"
Karitel,PIVÔ 20,304,"sem data de inicio","20.A+B"
Karitel,PIVÔ 20,305,"sem data de inicio","20.A+B"
Karitel,PIVÔ 20,306,"sem data de inicio","20.A+B"
Karitel,PIVÔ 20,308,"sem data de inicio","20.A+B"
Karitel,PIVÔ 20,320,"sem horimetro inicial/final valido","20.A+B data=44810 h1=75.3 h2="
Karitel,PIVÔ 20,321,"sem data de inicio","20.A+B"
Karitel,PIVÔ 20,325,"sem data de inicio","20.A+B"
Karitel,PIVÔ 20,326,"sem data de inicio","20.A+B"
Karitel,PIVÔ 20,369,"data de inicio nao parseavel como serial Excel plausivel","20.A data=26/05/2023"
Karitel,PIVÔ 20,370,"data de inicio nao parseavel como serial Excel plausivel","20.A data=27/05/2023"
Karitel,PIVÔ 20,377,"sem data de inicio","20.A"
Karitel,PIVÔ 20,378,"sem data de inicio","20.A+B"
Karitel,PIVÔ 20,418,"sem data de inicio","20.A"
Karitel,PIVÔ 20,419,"sem data de inicio","20.A"
Karitel,PIVÔ 20,420,"sem data de inicio","20.A"
Karitel,PIVÔ 20,421,"sem data de inicio","20.A"
Karitel,PIVÔ 20,422,"sem data de inicio","20.A"
Karitel,PIVÔ 20,423,"sem data de inicio","20.A"
Karitel,PIVÔ 20,424,"sem data de inicio","20.A"
Karitel,PIVÔ 20,425,"sem data de inicio","20.A"
Karitel,PIVÔ 20,426,"sem data de inicio","20.A"
Karitel,PIVÔ 21,17,"data de inicio nao parseavel como serial Excel plausivel","21.A+B data=07/04/219"
Karitel,PIVÔ 21,32,"data de inicio nao parseavel como serial Excel plausivel","21.A+B data=15/062019"
Karitel,PIVÔ 21,84,"data de inicio nao parseavel como serial Excel plausivel","21.A+B data=24/11/20019"
Karitel,PIVÔ 21,168,"sem horimetro inicial/final valido","21.A+B data=44086 h1= h2="
Karitel,PIVÔ 21,169,"sem horimetro inicial/final valido","21.A+B data=44087 h1= h2="
Karitel,PIVÔ 21,170,"sem horimetro inicial/final valido","21.A+B data=44088 h1= h2=53"
Karitel,PIVÔ 21,199,"sem horimetro inicial/final valido","21.A+B data=44184 h1=237.8 h2="
Karitel,PIVÔ 21,200,"sem horimetro inicial/final valido","21.A+B data=44552 h1= h2="
Karitel,PIVÔ 21,201,"sem horimetro inicial/final valido","21.A+B data=44558 h1= h2="
Karitel,PIVÔ 21,203,"sem data de inicio","21.A+B"
Karitel,PIVÔ 21,204,"sem data de inicio","21.A+B"
Karitel,PIVÔ 21,205,"sem data de inicio","21.A+B"
Karitel,PIVÔ 21,259,"sem data de inicio","21.A+B"
Karitel,PIVÔ 21,260,"sem data de inicio","21.A+B"
Karitel,PIVÔ 21,274,"sem data de inicio","21.A+B"
Karitel,PIVÔ 21,275,"sem data de inicio","21.A+B"
Karitel,PIVÔ 21,276,"sem data de inicio","21.A+B"
Karitel,PIVÔ 21,277,"sem data de inicio","21.A+B"
Karitel,PIVÔ 21,329,"data de inicio nao parseavel como serial Excel plausivel","21.A+B data=24"
Karitel,PIVÔ 21,351,"sem data de inicio","21.A+B"
Karitel,PIVÔ 21,385,"data de inicio nao parseavel como serial Excel plausivel","21.A data=10/02/20223"
Karitel,PIVÔ 21,387,"data de inicio nao parseavel como serial Excel plausivel","21.A data=12/02/20223"
Karitel,PIVÔ 21,417,"data de inicio nao parseavel como serial Excel plausivel","21.A data=29/05/2023"
Karitel,PIVÔ 21,418,"data de inicio nao parseavel como serial Excel plausivel","21.A data=30/05/2023"
Karitel,PIVÔ 21,428,"sem data de inicio","21.A"
Karitel,PIVÔ 21,429,"sem data de inicio","21.A"
Karitel,PIVÔ 21,491,"sem data de inicio","21.A"
Karitel,PIVÔ 21,492,"sem data de inicio","21.A"
Karitel,PIVÔ 21,493,"sem data de inicio","21.A"
Karitel,PIVÔ 21,494,"sem data de inicio","21.A"
Karitel,PIVÔ 21,495,"sem data de inicio","21.A"
Karitel,PIVÔ 21,496,"sem data de inicio","21.A"
Karitel,PIVÔ 21,497,"sem data de inicio","21.A"
Karitel,PIVÔ 21,542,"sem data de inicio","21.A"
Karitel,PIVÔ 21,543,"sem data de inicio","21.A"
Karitel,PIVÔ 21,544,"sem data de inicio","21.A"
Karitel,PIVÔ 21,545,"sem data de inicio","21.A"
Karitel,PIVÔ 21,546,"sem data de inicio","21.A"
Karitel,PIVÔ 21,547,"sem data de inicio","21.A"
Karitel,PIVÔ 21,548,"sem data de inicio","21.A"
Karitel,PIVÔ 21,549,"sem data de inicio","21.A"
Karitel,PIVÔ 21,550,"sem data de inicio","21.A"
Karitel,PIVÔ 21,551,"sem data de inicio","21.A"
Karitel,PIVÔ 22,177,"sem horimetro inicial/final valido","22.A+B data=44216 h1= h2="
Karitel,PIVÔ 22,178,"sem data de inicio","22.A+B"
Karitel,PIVÔ 22,179,"sem data de inicio","22.A+B"
Karitel,PIVÔ 22,180,"sem data de inicio","22.A+B"
Karitel,PIVÔ 22,181,"sem data de inicio","22.A+B"
Karitel,PIVÔ 22,182,"sem data de inicio","22.A+B"
Karitel,PIVÔ 22,183,"sem data de inicio","22.A+B"
Karitel,PIVÔ 22,184,"sem data de inicio","22.A+B"
Karitel,PIVÔ 22,226,"sem data de inicio","22.A+B"
Karitel,PIVÔ 22,227,"sem data de inicio","22.A+B"
Karitel,PIVÔ 22,284,"sem data de inicio","22.A+B"
Karitel,PIVÔ 22,315,"sem data de inicio","22.A+B"
Karitel,PIVÔ 22,350,"data de inicio nao parseavel como serial Excel plausivel","22.A+B data=27/05/2023"
Karitel,PIVÔ 22,351,"data de inicio nao parseavel como serial Excel plausivel","22.A+B data=28/05/2023"
Karitel,PIVÔ 22,356,"sem horimetro inicial/final valido","22.A+B data=45098 h1=293.2 h2="
Karitel,PIVÔ 22,357,"sem horimetro inicial/final valido","22.A+B data=45099 h1= h2=313.8"
Karitel,PIVÔ 22,362,"sem data de inicio","22.A+B"
Karitel,PIVÔ 22,363,"sem data de inicio","22.A+B"
Karitel,PIVÔ 22,364,"sem data de inicio","22.A+B"
Karitel,PIVÔ 22,365,"sem data de inicio","22.A+B"
Karitel,PIVÔ 22,366,"sem horimetro inicial/final valido","22.A+B data=45118 h1= h2=406.8"
Karitel,PIVÔ 22,368,"sem data de inicio","22.A+B"
Karitel,PIVÔ 22,369,"sem data de inicio","22.A+B"
Karitel,PIVÔ 22,370,"sem data de inicio","22.A+B"
Karitel,PIVÔ 22,371,"sem data de inicio","22.A+B"
Karitel,PIVÔ 22,372,"sem data de inicio","22.A+B"
Karitel,PIVÔ 22,373,"sem data de inicio","22.A+B"
Karitel,PIVÔ 22,374,"sem data de inicio","22.A+B"
Karitel,PIVÔ 22,375,"sem data de inicio","22.A+B"
Karitel,PIVÔ 22,376,"sem data de inicio","22.A+B"
Karitel,PIVÔ 22,445,"sem data de inicio","22.A"
Karitel,PIVÔ 22,446,"sem data de inicio","22.A"
Karitel,PIVÔ 22,486,"sem data de inicio","22.A"
Karitel,PIVÔ 22,487,"sem data de inicio","22.A"
Karitel,PIVÔ 22,488,"sem data de inicio","22.A"
Karitel,PIVÔ 22,489,"sem data de inicio","22.A"
Karitel,PIVÔ 22,490,"sem data de inicio","22.A"
Karitel,PIVÔ 22,491,"sem data de inicio","22.A"
Karitel,PIVÔ 22,492,"sem data de inicio","22.A"
Karitel,PIVÔ 22,493,"sem data de inicio","22.A"
Karitel,PIVÔ 22,494,"sem data de inicio","22.A"
Karitel,PIVÔ 23,30,"sem horimetro inicial/final valido","23.A+B data=43483 h1=260.60000000000002 h2="
Karitel,PIVÔ 23,240,"sem horimetro inicial/final valido","23.A+B data=44550 h1= h2="
Karitel,PIVÔ 23,241,"sem horimetro inicial/final valido","23.A+B data=44557 h1= h2="
Karitel,PIVÔ 23,296,"sem data de inicio","23.A+B"
Karitel,PIVÔ 23,297,"sem data de inicio","23.A+B"
Karitel,PIVÔ 23,315,"sem data de inicio","23.A+B"
Karitel,PIVÔ 23,375,"sem data de inicio","23.A+B"
Karitel,PIVÔ 23,468,"sem data de inicio","23.A+B"
Karitel,PIVÔ 23,469,"sem data de inicio","23.A+B"
Karitel,PIVÔ 23,470,"sem data de inicio","23.A+B"
Karitel,PIVÔ 23,471,"sem data de inicio","23.A+B"
Karitel,PIVÔ 23,472,"sem data de inicio","23.A+B"
Karitel,PIVÔ 23,473,"sem data de inicio","23.A+B"
Karitel,PIVÔ 23,474,"sem data de inicio","23.A+B"
Karitel,PIVÔ 23,475,"sem data de inicio","23.A+B"
Karitel,PIVÔ 23,476,"sem data de inicio","23.A+B"
Karitel,PIVÔ 23,477,"sem data de inicio","23.A+B"
Karitel,PIVÔ 23,478,"sem data de inicio","23.A+B"
Karitel,PIVÔ 23,479,"sem data de inicio","23.A+B"
Karitel,PIVÔ 23,480,"sem data de inicio","23.A+B"
Karitel,PIVÔ 23,481,"sem data de inicio","23.A+B"
Karitel,PIVÔ 23,482,"sem data de inicio","23.A+B"
Karitel,PIVÔ 23,483,"sem data de inicio","23.A+B"
Karitel,PIVÔ 23,574,"sem data de inicio","23.A+B"
Karitel,PIVÔ 23,575,"sem data de inicio","23.A+B"
Karitel,PIVÔ 23,584,"sem data de inicio","23.A"
Karitel,PIVÔ 23,585,"sem data de inicio","23.A"
Karitel,PIVÔ 23,586,"sem data de inicio","23.A"
Karitel,PIVÔ 23,587,"sem data de inicio","23.A"
Karitel,PIVÔ 23,588,"sem data de inicio","23.A"
Karitel,PIVÔ 23,589,"sem data de inicio","23.A"
Karitel,PIVÔ 23,636,"sem data de inicio","23.A"
Karitel,PIVÔ 23,637,"sem data de inicio","23.A"
Karitel,PIVÔ 23,638,"sem data de inicio","23.A"
Karitel,PIVÔ 23,639,"sem data de inicio","23.A"
Karitel,PIVÔ 24,9,"sem horimetro inicial/final valido","24.A+B data=43479 h1=54 h2="
Karitel,PIVÔ 24,133,"sem horimetro inicial/final valido","24.A+B data=43775 h1= h2="
Karitel,PIVÔ 24,134,"sem horimetro inicial/final valido","24.A+B data=43777 h1= h2="
Karitel,PIVÔ 24,135,"sem horimetro inicial/final valido","24.A+B data=43778 h1= h2="
Karitel,PIVÔ 24,160,"sem horimetro inicial/final valido","24.A+B data=43859 h1= h2="
Karitel,PIVÔ 24,234,"sem data de inicio","24.A+B"
Karitel,PIVÔ 24,287,"sem data de inicio","24.A+B"
Karitel,PIVÔ 24,342,"sem horimetro inicial/final valido","24.A data=44832 h1=341.5 h2="
Karitel,PIVÔ 24,405,"data de inicio nao parseavel como serial Excel plausivel","24.A+B data=29/05/2023"
Karitel,PIVÔ 24,406,"data de inicio nao parseavel como serial Excel plausivel","24.A+B data=30/05/2023"
Karitel,PIVÔ 24,410,"sem data de inicio","24.A+B"
Karitel,PIVÔ 24,443,"sem data de inicio","24.A"
Karitel,PIVÔ 24,459,"sem horimetro inicial/final valido","24.A data=45350 h1=815.2 h2="
Karitel,PIVÔ 24,486,"sem data de inicio","24.A"
Karitel,PIVÔ 24,487,"sem data de inicio","24.A"
Karitel,PIVÔ 24,488,"sem data de inicio","24.A"
Karitel,PIVÔ 24,489,"sem data de inicio","24.A"
Karitel,PIVÔ 24,490,"sem data de inicio","24.A"
Karitel,PIVÔ 24,491,"sem data de inicio","24.A"
Karitel,PIVÔ 25,73,"data de inicio nao parseavel como serial Excel plausivel","25.B data=09/06/019"
Karitel,PIVÔ 25,74,"data de inicio nao parseavel como serial Excel plausivel","25.B data=10/06/020"
Karitel,PIVÔ 25,262,"data de inicio nao parseavel como serial Excel plausivel","25.A+B data=10/09/0220"
Karitel,PIVÔ 25,294,"sem horimetro inicial/final valido","25.A+B+C+D data=44188 h1= h2="
Karitel,PIVÔ 25,295,"sem horimetro inicial/final valido","25.A+B+C+D data=44192 h1= h2="
Karitel,PIVÔ 25,296,"sem horimetro inicial/final valido","25.A+B+C+D data=44193 h1= h2="
Karitel,PIVÔ 25,297,"sem horimetro inicial/final valido","25.A+B+C+D data=44194 h1= h2="
Karitel,PIVÔ 25,298,"sem horimetro inicial/final valido","25.A+B+C+D data=44195 h1= h2="
Karitel,PIVÔ 26,271,"sem horimetro inicial/final valido","26.A+B data=44557 h1= h2="
Karitel,PIVÔ 26,272,"sem horimetro inicial/final valido","26.A+B data=44559 h1= h2="
Karitel,PIVÔ 26,273,"sem data de inicio","26.A+B"
Karitel,PIVÔ 26,274,"sem data de inicio","26.A+B"
Karitel,PIVÔ 26,331,"sem data de inicio","26.A+B"
Karitel,PIVÔ 26,332,"sem data de inicio","26.A+B"
Karitel,PIVÔ 26,333,"sem data de inicio","26.A+B"
Karitel,PIVÔ 26,334,"sem data de inicio","26.A+B"
Karitel,PIVÔ 26,335,"sem data de inicio","26.A+B"
Karitel,PIVÔ 26,336,"sem data de inicio","26.A+B"
Karitel,PIVÔ 26,337,"sem data de inicio","26.A+B"
Karitel,PIVÔ 26,338,"sem data de inicio","26.A+B"
Karitel,PIVÔ 26,347,"data de inicio nao parseavel como serial Excel plausivel","26.A+B data=30"
Karitel,PIVÔ 26,352,"sem data de inicio","26.A+B"
Karitel,PIVÔ 26,353,"sem data de inicio","26.A+B"
Karitel,PIVÔ 26,354,"sem data de inicio","26.A+B"
Karitel,PIVÔ 26,355,"sem data de inicio","26.A+B"
Karitel,PIVÔ 26,356,"sem data de inicio","26.A+B"
Karitel,PIVÔ 26,423,"sem data de inicio","26.A+B"
Karitel,PIVÔ 26,424,"sem data de inicio","26.A+B"
Karitel,PIVÔ 26,513,"sem data de inicio","26.A+B"
Karitel,PIVÔ 26,514,"sem data de inicio","26.A+B"
Karitel,PIVÔ 26,515,"sem data de inicio","26.A+B"
Karitel,PIVÔ 26,516,"sem data de inicio","26.A+B"
Karitel,PIVÔ 26,557,"data de inicio nao parseavel como serial Excel plausivel","26.A data=27/05/2023"
Karitel,PIVÔ 26,558,"data de inicio nao parseavel como serial Excel plausivel","26.A data=28/05/2023"
Karitel,PIVÔ 26,569,"sem data de inicio","26.A"
Karitel,PIVÔ 26,599,"sem data de inicio","26.A+B"
Karitel,PIVÔ 26,600,"sem data de inicio","26.A+B"
Karitel,PIVÔ 26,601,"sem data de inicio","26.A+B"
Karitel,PIVÔ 26,613,"sem data de inicio","26.A"
Karitel,PIVÔ 26,614,"sem data de inicio","26.A"
Karitel,PIVÔ 26,615,"sem data de inicio","26.A"
Karitel,PIVÔ 26,616,"sem data de inicio","26.A"
Karitel,PIVÔ 26,617,"sem data de inicio","26.A"
Karitel,PIVÔ 26,618,"sem data de inicio","26.A"
Karitel,PIVÔ 26,619,"sem data de inicio","26.A"
Karitel,PIVÔ 26,663,"sem data de inicio","26.A"
Karitel,PIVÔ 26,664,"sem data de inicio","26.A"
Karitel,PIVÔ 26,665,"sem data de inicio","26.A"
Karitel,PIVÔ 26,666,"sem data de inicio","26.A"
Karitel,PIVÔ 26,667,"sem data de inicio","26.A"
Karitel,PIVÔ 26,668,"sem data de inicio","26.A"
Karitel,PIVÔ 26,669,"sem data de inicio","26.A"
Karitel,PIVÔ 27,183,"sem data de inicio","27.B"
Karitel,PIVÔ 27,219,"data de inicio nao parseavel como serial Excel plausivel","27.A+B data=17/711/2019"
Karitel,PIVÔ 27,220,"data de inicio nao parseavel como serial Excel plausivel","27.A+B data=17/711/2020"
Karitel,PIVÔ 27,227,"data de inicio nao parseavel como serial Excel plausivel","27.A+B data=02/17/2019"
Karitel,PIVÔ 27,278,"sem horimetro inicial/final valido","27.A+B data=44020 h1= h2="
Karitel,PIVÔ 27,279,"sem horimetro inicial/final valido","27.A+B data=44026 h1= h2="
Karitel,PIVÔ 27,280,"sem horimetro inicial/final valido","27.A+B data=44031 h1= h2="
Karitel,PIVÔ 27,304,"sem horimetro inicial/final valido","27.A+B data=44087 h1= h2="
Karitel,PIVÔ 27,317,"sem horimetro inicial/final valido","27.A+B data=44113 h1= h2="
Karitel,PIVÔ 27,350,"sem horimetro inicial/final valido","27 data=44185 h1= h2="
Karitel,PIVÔ 27,351,"sem horimetro inicial/final valido","27 data=44188 h1= h2="
Karitel,PIVÔ 27,352,"sem horimetro inicial/final valido","27 data=44192 h1= h2="
Karitel,PIVÔ 27,353,"sem horimetro inicial/final valido","27 data=44194 h1= h2="
Karitel,PIVÔ 27,358,"sem data de inicio","27"
Karitel,PIVÔ 27,401,"sem data de inicio","27"
Karitel,PIVÔ 27,402,"sem data de inicio","27"
Karitel,PIVÔ 27,403,"sem data de inicio","27"
Karitel,PIVÔ 27,404,"sem data de inicio","27"
Karitel,PIVÔ 27,486,"sem data de inicio","27"
Karitel,PIVÔ 27,501,"sem data de inicio","27"
Karitel,PIVÔ 27,502,"sem data de inicio","27"
Karitel,PIVÔ 27,503,"sem data de inicio","27"
Karitel,PIVÔ 27,555,"sem horimetro inicial/final valido","27.A+B+C+D data=45051 h1=191.4 h2="
Karitel,PIVÔ 27,556,"sem horimetro inicial/final valido","27.A+B+C+D data=45052 h1= h2=214.4"
Karitel,PIVÔ 27,576,"data de inicio nao parseavel como serial Excel plausivel","27.A+B+C+D data=26/05/2023"
Karitel,PIVÔ 27,577,"data de inicio nao parseavel como serial Excel plausivel","27.A+B+C+D data=27/05/2023"
Karitel,PIVÔ 27,578,"data de inicio nao parseavel como serial Excel plausivel","27.A+B+C+D data=28/05/2023"
Karitel,PIVÔ 27,579,"data de inicio nao parseavel como serial Excel plausivel","27.A+B+C+D data=29/05/2023"
Karitel,PIVÔ 27,580,"data de inicio nao parseavel como serial Excel plausivel","27.A+B+C+D data=30/05/2023"
Karitel,PIVÔ 27,909,"sem data de inicio","27.A+B+C+D"
Karitel,PIVÔ 27,910,"sem data de inicio","27.A+B+C+D"
Karitel,PIVÔ 27,911,"sem data de inicio","27.A+B+C+D"
Karitel,PIVÔ 27,912,"sem data de inicio","27.A+B+C+D"
Karitel,PIVÔ 28,161,"sem data de inicio","28.A+B"
Karitel,PIVÔ 28,162,"sem data de inicio","28.A+B"
Karitel,PIVÔ 28,163,"sem data de inicio","28.A+B"
Karitel,PIVÔ 28,164,"sem data de inicio","28.A+B"
Karitel,PIVÔ 28,165,"sem data de inicio","28.A+B"
Karitel,PIVÔ 28,166,"sem data de inicio","28.A+B"
Karitel,PIVÔ 28,167,"sem data de inicio","28.A+B"
Karitel,PIVÔ 28,168,"sem data de inicio","28.A+B"
Karitel,PIVÔ 28,169,"sem data de inicio","28.A+B"
Karitel,PIVÔ 28,170,"sem data de inicio","28.A+B"
Karitel,PIVÔ 28,171,"sem data de inicio","28.A+B"
Karitel,PIVÔ 28,205,"sem data de inicio","28.A+B"
Karitel,PIVÔ 28,258,"sem data de inicio","28.A+B"
Karitel,PIVÔ 28,296,"sem data de inicio","28.A+B"
Karitel,PIVÔ 28,297,"sem data de inicio","28.A+B"
Karitel,PIVÔ 28,353,"sem data de inicio","28.A"
Karitel,PIVÔ 28,354,"sem data de inicio","28.A"
Karitel,PIVÔ 28,355,"sem data de inicio","28.A+B"
Karitel,PIVÔ 28,409,"sem data de inicio","28.A"
Karitel,PIVÔ 28,449,"sem data de inicio","28.A+B"
Karitel,PIVÔ 28,450,"sem data de inicio","28.A+B"
Karitel,PIVÔ 29,485,"sem data de inicio","29.A+B+C+D"
Karitel,PIVÔ 29,641,"sem horimetro inicial/final valido","29.A+B+C+D data=44183 h1= h2="
Karitel,PIVÔ 29,642,"sem horimetro inicial/final valido","29.A+B+C+D data=44184 h1= h2="
Karitel,PIVÔ 29,643,"sem horimetro inicial/final valido","29.A+B+C+D data=44185 h1= h2="
Karitel,PIVÔ 29,644,"sem horimetro inicial/final valido","29.A+B+C+D data=44192 h1= h2="
Karitel,PIVÔ 29,645,"sem horimetro inicial/final valido","29.A+B+C+D data=44193 h1= h2="
Karitel,PIVÔ 29,646,"sem horimetro inicial/final valido","29.A+B+C+D data=44560 h1= h2="
Karitel,PIVÔ 29,772,"data de inicio nao parseavel como serial Excel plausivel","29.C+D data=22"
Karitel,PIVÔ 29,1154,"sem horimetro inicial/final valido","29.A+B data=45054 h1= h2="
Karitel,PIVÔ 29,1156,"sem horimetro inicial/final valido","29.A+B data=45056 h1= h2=1556.8"
Karitel,PIVÔ 29,1185,"data de inicio nao parseavel como serial Excel plausivel","29.A+B data=26/05/2023"
Karitel,PIVÔ 29,1186,"data de inicio nao parseavel como serial Excel plausivel","29.C+D data=26/05/2023"
Karitel,PIVÔ 29,1187,"data de inicio nao parseavel como serial Excel plausivel","29.A+B data=27/05/2023"
Karitel,PIVÔ 29,1188,"data de inicio nao parseavel como serial Excel plausivel","29.C+D data=27/05/2023"
Karitel,PIVÔ 29,1189,"data de inicio nao parseavel como serial Excel plausivel","29.A+B data=29/05/2023"
Karitel,PIVÔ 29,1190,"data de inicio nao parseavel como serial Excel plausivel","29.C+D data=29/05/2023"
Karitel,PIVÔ 29,1191,"data de inicio nao parseavel como serial Excel plausivel","29.A+B data=29/05/2023"
Karitel,PIVÔ 29,1192,"data de inicio nao parseavel como serial Excel plausivel","29.C+D data=30/05/2023"
Karitel,PIVÔ 29,1205,"sem horimetro inicial/final valido","29.A+B+C+D data=45096 h1=1868.3 h2="
Karitel,PIVÔ 29,1206,"sem horimetro inicial/final valido","29.B+D data=45099 h1= h2=1896.1"
Karitel,PIVÔ 29,1211,"sem horimetro inicial/final valido","29.D data=45105 h1=1924.6 h2="
Karitel,PIVÔ 29,1304,"sem horimetro inicial/final valido","29.A+B+C+D data=45240 h1=2942.4 h2="
Karitel,PIVÔ 29,1385,"sem horimetro inicial/final valido","29.A+B+C data=45409 h1=20.8 h2=OK"
Karitel,PIVÔ 29,1386,"sem horimetro inicial/final valido","29.D data=45409 h1=OK h2=OK"
Karitel,PIVÔ 29,1387,"sem horimetro inicial/final valido","29.D data=45410 h1=OK h2=OK"
Karitel,PIVÔ 29,1388,"sem horimetro inicial/final valido","29.A+B+C data=45411 h1=OK h2=OK"
Karitel,PIVÔ 29,1389,"sem horimetro inicial/final valido","29.D data=45411 h1=OK h2=OK"
Karitel,PIVÔ 29,1390,"sem horimetro inicial/final valido","29.D data=45412 h1=OK h2=OK"
Karitel,PIVÔ 29,1391,"sem horimetro inicial/final valido","29.B+C data=45413 h1=OK h2=OK"
Karitel,PIVÔ 29,1392,"sem horimetro inicial/final valido","29.B+C data=45413 h1=OK h2=OK"
Karitel,PIVÔ 29,1393,"sem horimetro inicial/final valido","29.A data=45413 h1=OK h2=OK"
Karitel,PIVÔ 29,1394,"sem horimetro inicial/final valido","29.D data=45413 h1=OK h2=OK"
Karitel,PIVÔ 29,1395,"sem horimetro inicial/final valido","29.D data=45414 h1=OK h2=OK"
Karitel,PIVÔ 29,1396,"sem horimetro inicial/final valido","29.B+C data=45415 h1=OK h2=OK"
Karitel,PIVÔ 29,1397,"sem horimetro inicial/final valido","29.B+C data=45415 h1=OK h2=OK"
Karitel,PIVÔ 29,1398,"sem horimetro inicial/final valido","29.A data=45415 h1=OK h2=OK"
Karitel,PIVÔ 29,1399,"sem horimetro inicial/final valido","29.D data=45415 h1=OK h2=OK"
Karitel,PIVÔ 29,1400,"sem horimetro inicial/final valido","29.D data=45416 h1=OK h2=OK"
Karitel,PIVÔ 29,1401,"sem horimetro inicial/final valido","29.A data=45417 h1=OK h2=OK"
Karitel,PIVÔ 29,1402,"sem horimetro inicial/final valido","29.B+C+D data=45417 h1=OK h2=OK"
Karitel,PIVÔ 29,1403,"sem horimetro inicial/final valido","29.D data=45418 h1=OK h2=OK"
Karitel,PIVÔ 29,1404,"sem horimetro inicial/final valido","29.A data=45419 h1=OK h2=OK"
Karitel,PIVÔ 29,1405,"sem horimetro inicial/final valido","29.D data=45419 h1=OK h2=OK"
Karitel,PIVÔ 29,1406,"sem horimetro inicial/final valido","29.B+C data=45419 h1=OK h2=OK"
Karitel,PIVÔ 29,1407,"sem horimetro inicial/final valido","29.D data=45420 h1=OK h2=OK"
Karitel,PIVÔ 29,1408,"sem horimetro inicial/final valido","29.A+B data=45421 h1=OK h2=OK"
Karitel,PIVÔ 29,1409,"sem horimetro inicial/final valido","29.C+D data=45421 h1=OK h2=50.1"
Karitel,PIVÔ 29,1517,"sem data de inicio","29.A+B+C+D"
Karitel,PIVÔ 29,1518,"sem data de inicio","29.A+B+C+D"
Karitel,PIVÔ 29,1519,"sem data de inicio","29.A+B+C+D"
Karitel,PIVÔ 29,1520,"sem data de inicio","29.A+B+C+D"
Karitel,PIVÔ 29,1521,"sem data de inicio","29.A+B+C+D"
Karitel,PIVÔ 29,1522,"sem data de inicio","29.A+B+C+D"
Karitel,PIVÔ 29,1523,"sem data de inicio","29.A+B+C+D"
Karitel,PIVÔ 29,1524,"sem data de inicio","29.A+B+C+D"
Karitel,PIVÔ 29,1525,"sem data de inicio","29.A+B+C+D"
Karitel,PIVÔ 29,1526,"sem data de inicio","29.A+B+C+D"
Karitel,PIVÔ 29,1527,"sem data de inicio","29.A+B+C+D"
Karitel,PIVÔ 30,8,"linha de pivo sem cabecalho de bloco detectado ainda","43426"
Karitel,PIVÔ 30,9,"linha de pivo sem cabecalho de bloco detectado ainda","43433"
Karitel,PIVÔ 30,10,"linha de pivo sem cabecalho de bloco detectado ainda","43435"
Karitel,PIVÔ 30,11,"linha de pivo sem cabecalho de bloco detectado ainda","43438"
Karitel,PIVÔ 30,12,"linha de pivo sem cabecalho de bloco detectado ainda","43442"
Karitel,PIVÔ 30,13,"linha de pivo sem cabecalho de bloco detectado ainda","43446"
Karitel,PIVÔ 30,14,"linha de pivo sem cabecalho de bloco detectado ainda","43447"
Karitel,PIVÔ 30,15,"linha de pivo sem cabecalho de bloco detectado ainda","43455"
Karitel,PIVÔ 30,16,"linha de pivo sem cabecalho de bloco detectado ainda","43457"
Karitel,PIVÔ 30,17,"linha de pivo sem cabecalho de bloco detectado ainda","43458"
Karitel,PIVÔ 30,18,"linha de pivo sem cabecalho de bloco detectado ainda","43469"
Karitel,PIVÔ 30,19,"linha de pivo sem cabecalho de bloco detectado ainda","43470"
Karitel,PIVÔ 30,20,"linha de pivo sem cabecalho de bloco detectado ainda","43474"
Karitel,PIVÔ 30,21,"linha de pivo sem cabecalho de bloco detectado ainda","43475"
Karitel,PIVÔ 30,22,"linha de pivo sem cabecalho de bloco detectado ainda","43477"
Karitel,PIVÔ 30,23,"linha de pivo sem cabecalho de bloco detectado ainda","43481"
Karitel,PIVÔ 30,24,"linha de pivo sem cabecalho de bloco detectado ainda","43483"
Karitel,PIVÔ 30,25,"linha de pivo sem cabecalho de bloco detectado ainda","43484"
Karitel,PIVÔ 30,26,"linha de pivo sem cabecalho de bloco detectado ainda","43487"
Karitel,PIVÔ 30,27,"linha de pivo sem cabecalho de bloco detectado ainda","43488"
Karitel,PIVÔ 30,28,"linha de pivo sem cabecalho de bloco detectado ainda","43489"
Karitel,PIVÔ 30,29,"linha de pivo sem cabecalho de bloco detectado ainda","43491"
Karitel,PIVÔ 30,30,"linha de pivo sem cabecalho de bloco detectado ainda","43492"
Karitel,PIVÔ 30,31,"linha de pivo sem cabecalho de bloco detectado ainda","43498"
Karitel,PIVÔ 30,32,"linha de pivo sem cabecalho de bloco detectado ainda","43510"
Karitel,PIVÔ 30,33,"linha de pivo sem cabecalho de bloco detectado ainda","43511"
Karitel,PIVÔ 30,34,"linha de pivo sem cabecalho de bloco detectado ainda","43512"
Karitel,PIVÔ 30,35,"linha de pivo sem cabecalho de bloco detectado ainda","43519"
Karitel,PIVÔ 30,36,"linha de pivo sem cabecalho de bloco detectado ainda","43526"
Karitel,PIVÔ 30,37,"linha de pivo sem cabecalho de bloco detectado ainda","43529"
Karitel,PIVÔ 30,38,"linha de pivo sem cabecalho de bloco detectado ainda","43533"
Karitel,PIVÔ 30,39,"linha de pivo sem cabecalho de bloco detectado ainda","43536"
Karitel,PIVÔ 30,40,"linha de pivo sem cabecalho de bloco detectado ainda","43540"
Karitel,PIVÔ 30,204,"data de inicio nao parseavel como serial Excel plausivel","30.A+B data=25/02/220"
Karitel,PIVÔ 30,310,"sem horimetro inicial/final valido","30.A+B+C+D data=44203 h1= h2="
Karitel,PIVÔ 30,678,"sem data de inicio","30. A+B"
Karitel,PIVÔ 30,679,"sem data de inicio","30. A+B"
Karitel,PIVÔ 31,291,"data de inicio nao parseavel como serial Excel plausivel","31.A+B+C+D data=21/10/220"
Karitel,PIVÔ 31,292,"data de inicio nao parseavel como serial Excel plausivel","31.A+B+C+D data=21/10/221"
Karitel,PIVÔ 31,298,"sem data de inicio","31.A+B+C+D"
Karitel,PIVÔ 31,299,"sem data de inicio","31.A+B+C+D"
Karitel,PIVÔ 31,300,"sem data de inicio","31.A+B+C+D"
Karitel,PIVÔ 31,301,"sem data de inicio","31.A+B+C+D"
Karitel,PIVÔ 31,302,"sem data de inicio","31.A+B+C+D"
Karitel,PIVÔ 31,303,"sem data de inicio","31.A+B+C+D"
Karitel,PIVÔ 31,358,"sem data de inicio","31.A+B"
Karitel,PIVÔ 31,359,"sem data de inicio","31.A+B"
Karitel,PIVÔ 31,360,"sem data de inicio","31.A+B"
Karitel,PIVÔ 31,361,"sem data de inicio","31.A+B"
Karitel,PIVÔ 31,362,"sem data de inicio","31.A+B"
Karitel,PIVÔ 31,447,"sem data de inicio","31.A+B"
Karitel,PIVÔ 31,503,"sem data de inicio","31.A+B"
Karitel,PIVÔ 31,504,"sem data de inicio","31.A+B"
Karitel,PIVÔ 31,515,"data de inicio nao parseavel como serial Excel plausivel","31.B data=22"
Karitel,PIVÔ 31,597,"sem data de inicio","31.A+B"
Karitel,PIVÔ 31,598,"sem data de inicio","31.A"
Karitel,PIVÔ 31,611,"sem data de inicio","31.A"
Karitel,PIVÔ 31,641,"sem data de inicio","31.A"
Karitel,PIVÔ 31,642,"sem data de inicio","31.A"
Karitel,PIVÔ 31,643,"sem data de inicio","31.A"
Karitel,PIVÔ 31,688,"sem data de inicio","31.A+B"
Karitel,PIVÔ 31,689,"sem data de inicio","31.A+B"
Karitel,PIVÔ 31,706,"sem data de inicio","31.A"
Karitel,PIVÔ 31,707,"sem data de inicio","31.A"
Karitel,PIVÔ 31,708,"sem data de inicio","31.A"
Karitel,PIVÔ 31,709,"sem data de inicio","31.A"
Karitel,PIVÔ 31,750,"sem data de inicio","31.A"
Karitel,PIVÔ 31,770,"sem data de inicio","31.A"
Karitel,PIVÔ 31,771,"sem data de inicio","31.A"
Karitel,PIVÔ 31,772,"sem data de inicio","31.A"
Karitel,PIVÔ 31,773,"sem data de inicio","31.A"
Karitel,PIVÔ 32,185,"sem horimetro inicial/final valido","32.A+B data=43832 h1=644.29999999999995 h2="
Karitel,PIVÔ 32,337,"sem data de inicio","32.A+B"
Karitel,PIVÔ 32,379,"data de inicio nao parseavel como serial Excel plausivel","32.B data=21"
Karitel,PIVÔ 32,412,"sem data de inicio","32.A+B"
Karitel,PIVÔ 32,413,"sem data de inicio","32.A+B"
Karitel,PIVÔ 32,477,"sem data de inicio","32.A+B"
Karitel,PIVÔ 32,552,"sem data de inicio","32.A+B"
Karitel,PIVÔ 32,553,"sem data de inicio","32.A+B"
Karitel,PIVÔ 32,594,"data de inicio nao parseavel como serial Excel plausivel","32.A data=27/05/2023"
Karitel,PIVÔ 32,595,"data de inicio nao parseavel como serial Excel plausivel","32.A data=30/05/2023"
Karitel,PIVÔ 32,619,"sem data de inicio","32.A"
Karitel,PIVÔ 32,620,"sem data de inicio","32.A"
Karitel,PIVÔ 32,621,"sem data de inicio","32.A"
Karitel,PIVÔ 32,658,"sem data de inicio","32.A"
Karitel,PIVÔ 32,659,"sem data de inicio","32.A"
Karitel,PIVÔ 32,660,"sem data de inicio","32.A"
Karitel,PIVÔ 32,672,"sem horimetro inicial/final valido","32.A data=45505 h1= h2="
Karitel,PIVÔ 32,673,"sem data de inicio","32.A"
Karitel,PIVÔ 32,674,"sem data de inicio","32.A"
Karitel,PIVÔ 32,675,"sem data de inicio","32.A"
Karitel,PIVÔ 32,676,"sem data de inicio","32.A"
Karitel,PIVÔ 32,677,"sem data de inicio","32.A"
Karitel,PIVÔ 32,678,"sem data de inicio","32.A"
Karitel,PIVÔ 32,679,"sem data de inicio","32.A"
Karitel,PIVÔ 32,680,"sem data de inicio","32.A"
Karitel,PIVÔ 32,681,"sem data de inicio","32.A"
Karitel,PIVÔ 33,108,"sem horimetro inicial/final valido","33.A+D data=43739 h1= h2="
Karitel,PIVÔ 33,243,"data de inicio nao parseavel como serial Excel plausivel","33.A+B data=04/10/020"
Karitel,PIVÔ 33,298,"sem horimetro inicial/final valido","33.A+B+C+D data=44370 h1=440.2 h2="
Karitel,PIVÔ 33,299,"sem data de inicio","33.A+B+C+D"
Karitel,PIVÔ 33,374,"data de inicio nao parseavel como serial Excel plausivel","33.A+B data=30"
Karitel,PIVÔ 33,380,"sem data de inicio","33.A+B"
Karitel,PIVÔ 33,381,"sem data de inicio","33.A+B"
Karitel,PIVÔ 33,396,"sem data de inicio","33.A+B"
Karitel,PIVÔ 33,397,"sem data de inicio","33.A+B"
Karitel,PIVÔ 33,455,"sem data de inicio","33.A+B"
Karitel,PIVÔ 33,456,"sem data de inicio","33.A+B"
Karitel,PIVÔ 33,535,"sem horimetro inicial/final valido","33.A+B data=44904 h1=118 h2="
Karitel,PIVÔ 33,536,"sem data de inicio","33.A+B"
Karitel,PIVÔ 33,537,"sem data de inicio","33.A+B"
Karitel,PIVÔ 33,538,"sem data de inicio","33.A+B"
Karitel,PIVÔ 33,539,"sem data de inicio","33.A+B"
Karitel,PIVÔ 33,540,"sem data de inicio","33.A+B"
Karitel,PIVÔ 33,541,"sem data de inicio","33.A+B"
Karitel,PIVÔ 33,542,"sem data de inicio","33.A+B"
Karitel,PIVÔ 33,543,"sem data de inicio","33.A+B"
Karitel,PIVÔ 33,544,"sem data de inicio","33.A+B"
Karitel,PIVÔ 33,595,"sem data de inicio","33.A"
Karitel,PIVÔ 33,596,"sem data de inicio","33.A"
Karitel,PIVÔ 33,597,"sem data de inicio","33.A"
Karitel,PIVÔ 33,598,"sem data de inicio","33.A"
Karitel,PIVÔ 33,599,"sem data de inicio","33.A"
Karitel,PIVÔ 33,600,"sem data de inicio","33.A"
Karitel,PIVÔ 33,601,"sem data de inicio","33.A"
Karitel,PIVÔ 33,602,"sem data de inicio","33.A"
Karitel,PIVÔ 33,633,"sem data de inicio","33.A"
Karitel,PIVÔ 33,635,"numero de pivo fora da faixa plausivel (1-250)","2024"
Karitel,PIVÔ 33,643,"sem data de inicio","33.A"
Karitel,PIVÔ 33,644,"sem data de inicio","33.A"
Karitel,PIVÔ 33,645,"sem data de inicio","33.A"
Karitel,PIVÔ 33,646,"sem data de inicio","33.A"
Karitel,PIVÔ 33,647,"sem data de inicio","33.A"
Karitel,PIVÔ 33,648,"sem data de inicio","33.A"
Karitel,PIVÔ 33,649,"sem data de inicio","33.A"
Karitel,PIVÔ 33,650,"sem data de inicio","33.A"
Karitel,PIVÔ 33,651,"sem data de inicio","33.A"
Karitel,PIVÔ 33,652,"sem data de inicio","33.A"
Karitel,PIVÔ 34,68,"sem horimetro inicial/final valido","34.A+B data=43667 h1=302.89999999999998 h2="
Karitel,PIVÔ 34,157,"sem horimetro inicial/final valido","34.A+D data=43794 h1= h2="
Karitel,PIVÔ 34,218,"sem data de inicio","34.A+B"
Karitel,PIVÔ 34,219,"sem data de inicio","34.A+B"
Karitel,PIVÔ 34,220,"sem data de inicio","34.A+B"
Karitel,PIVÔ 34,221,"sem data de inicio","34.A+B"
Karitel,PIVÔ 34,222,"sem data de inicio","34.A+B"
Karitel,PIVÔ 34,223,"sem data de inicio","34.A+B"
Karitel,PIVÔ 34,224,"sem data de inicio","34.A+B"
Karitel,PIVÔ 34,225,"sem data de inicio","34.A+B"
Karitel,PIVÔ 34,226,"sem data de inicio","34.A+B"
Karitel,PIVÔ 34,565,"sem data de inicio","34.A"
Karitel,PIVÔ 34,566,"sem data de inicio","34.A"
Karitel,PIVÔ 34,567,"sem data de inicio","34.A"
Karitel,PIVÔ 34,568,"sem data de inicio","34.A"
Karitel,PIVÔ 34,569,"sem data de inicio","34.A"
Karitel,PIVÔ 34,570,"sem data de inicio","34.A"
Karitel,PIVÔ 34,571,"sem data de inicio","34.A"
Karitel,PIVÔ 34,572,"sem data de inicio","34.A"
Karitel,PIVÔ 34,573,"sem data de inicio","34.A"
Karitel,PIVÔ 34,574,"sem data de inicio","34.A"
Karitel,PIVÔ 34,575,"sem data de inicio","34.A"
Karitel,PIVÔ 34,576,"sem data de inicio","34.A"
Karitel,PIVÔ 34,577,"sem data de inicio","34.A"
Karitel,PIVÔ 34,612,"sem data de inicio","34.A"
Karitel,PIVÔ 34,613,"sem data de inicio","34.A"
Karitel,PIVÔ 34,614,"sem data de inicio","34.A"
Karitel,PIVÔ 34,616,"numero de pivo fora da faixa plausivel (1-250)","2024"
Karitel,PIVÔ 34,623,"sem data de inicio","34.A"
Karitel,PIVÔ 34,624,"sem data de inicio","34.A"
Karitel,PIVÔ 34,625,"sem data de inicio","34.A"
Karitel,PIVÔ 34,626,"sem data de inicio","34.A"
Karitel,PIVÔ 34,627,"sem data de inicio","34.A"
Karitel,PIVÔ 34,628,"sem data de inicio","34.A"
Karitel,PIVÔ 34,629,"sem data de inicio","34.A"
Karitel,PIVÔ 34,630,"sem data de inicio","34.A"
Karitel,PIVÔ 34,631,"sem data de inicio","34.A"
Karitel,PIVÔ 34,632,"sem data de inicio","34.A"
Karitel,PIVÔ 34,633,"sem data de inicio","34.A"
Karitel,PIVÔ 34,634,"sem data de inicio","34.A"
Karitel,PIVÔ 34,635,"sem data de inicio","34.A"
Karitel,PIVÔ 34,636,"sem data de inicio","34.A"
Karitel,PIVÔ 34,637,"sem data de inicio","34.A"
Karitel,PIVÔ 34,638,"sem data de inicio","34.A"
Karitel,PIVÔ 34,639,"sem data de inicio","34.A"
Karitel,PIVÔ 35,173,"sem horimetro inicial/final valido","35.A+B+C+D data=43937 h1= h2="
Karitel,PIVÔ 35,214,"data de inicio nao parseavel como serial Excel plausivel","35.A+B+C+D data=24/08/200"
Karitel,PIVÔ 35,219,"sem horimetro inicial/final valido","35.A+B data=44074 h1=459 h2="
Karitel,PIVÔ 35,394,"sem data de inicio","35.A+B"
Karitel,PIVÔ 35,421,"sem data de inicio","35.A+B"
Karitel,PIVÔ 35,497,"sem data de inicio","35.A+B+C+D"
Karitel,PIVÔ 35,498,"sem data de inicio","35.A+B+C+D"
Karitel,PIVÔ 35,499,"sem data de inicio","35.A+B+C+D"
Karitel,PIVÔ 35,517,"data de inicio nao parseavel como serial Excel plausivel","35.A+B+C+D data=15"
Karitel,PIVÔ 35,536,"sem data de inicio","35.A+B+C+D"
Karitel,PIVÔ 35,565,"sem data de inicio","35.A+B+C+D"
Karitel,PIVÔ 35,581,"sem data de inicio","35.A"
Karitel,PIVÔ 35,661,"sem data de inicio","35.A+B+C+D"
Karitel,PIVÔ 35,688,"sem data de inicio","35.A"
Karitel,PIVÔ 35,689,"sem data de inicio","35.A"
Karitel,PIVÔ 35,690,"sem data de inicio","35.A"
Karitel,PIVÔ 35,691,"sem data de inicio","35.A"
Karitel,PIVÔ 35,692,"sem data de inicio","35.A"
Karitel,PIVÔ 35,750,"sem data de inicio","35.A"
Karitel,PIVÔ 35,751,"sem data de inicio","35.A"
Karitel,PIVÔ 35,752,"sem data de inicio","35.A"
Karitel,PIVÔ 35,753,"sem data de inicio","35.A"
Karitel,PIVÔ 35,826,"sem data de inicio","35.A+B+C+D"
Karitel,PIVÔ 35,827,"sem data de inicio","35.A+B+C+D"
Karitel,PIVÔ 35,828,"sem data de inicio","35.A+B+C+D"
Karitel,PIVÔ 35,829,"sem data de inicio","35.A+B+C+D"
Karitel,PIVÔ 35,830,"sem data de inicio","35.A+B+C+D"
Karitel,PIVÔ 36,282,"sem horimetro inicial/final valido","36.A+B data=44184 h1=304.60000000000002 h2="
Karitel,PIVÔ 36,283,"sem horimetro inicial/final valido","36.A+B data=44558 h1= h2="
Karitel,PIVÔ 36,294,"sem data de inicio","36.A+B"
Karitel,PIVÔ 36,356,"sem data de inicio","36.A+B+C+D"
Karitel,PIVÔ 36,391,"sem data de inicio","36.A+B"
Karitel,PIVÔ 36,421,"sem data de inicio","36.A+B"
Karitel,PIVÔ 36,499,"sem data de inicio","36.A+B+C+D"
Karitel,PIVÔ 36,500,"sem data de inicio","36.A+B+C+D"
Karitel,PIVÔ 36,531,"sem data de inicio","36.A+B+C+D"
Karitel,PIVÔ 36,567,"sem data de inicio","36.A"
Karitel,PIVÔ 36,647,"sem data de inicio","36.A+B+C+D"
Karitel,PIVÔ 36,648,"sem data de inicio","36.A+B+C+D"
Karitel,PIVÔ 36,649,"sem data de inicio","36.A+B+C+D"
Karitel,PIVÔ 36,650,"sem data de inicio","36.A+B+C+D"
Karitel,PIVÔ 36,651,"sem data de inicio","36.A+B+C+D"
Karitel,PIVÔ 36,672,"sem data de inicio","36.A"
Karitel,PIVÔ 36,673,"sem data de inicio","36.A"
Karitel,PIVÔ 36,675,"sem data de inicio","36.A"
Karitel,PIVÔ 36,731,"sem data de inicio","36.A"
Karitel,PIVÔ 36,732,"sem data de inicio","36.A"
Karitel,PIVÔ 36,733,"sem data de inicio","36.A"
Karitel,PIVÔ 36,799,"sem data de inicio","36.A+B+C+D"
Karitel,PIVÔ 36,800,"sem data de inicio","36.A+B+C+D"
Karitel,PIVÔ 36,801,"sem data de inicio","36.A+B+C+D"
Karitel,PIVÔ 36,802,"sem data de inicio","36.A+B+C+D"
Karitel,PIVÔ 36,803,"sem data de inicio","36.A+B+C+D"
Karitel,PIVÔ 36,804,"sem data de inicio","36.A+B+C+D"
Karitel,PIVÔ 36,805,"sem data de inicio","36.A+B+C+D"
Karitel,PIVÔ 37,212,"sem horimetro inicial/final valido","37.A+B data=44085 h1=911 h2="
Karitel,PIVÔ 37,213,"sem horimetro inicial/final valido","37.A+B data=44086 h1= h2="
Karitel,PIVÔ 37,247,"sem horimetro inicial/final valido","37.A+B data=44185 h1= h2="
Karitel,PIVÔ 37,248,"sem horimetro inicial/final valido","37.A+B data=44193 h1= h2="
Karitel,PIVÔ 37,249,"sem horimetro inicial/final valido","37.A+B data=44195 h1= h2="
Karitel,PIVÔ 37,256,"sem data de inicio","37.A+B"
Karitel,PIVÔ 37,257,"sem data de inicio","37.A+B"
Karitel,PIVÔ 37,258,"sem data de inicio","37.A+B"
Karitel,PIVÔ 37,259,"sem data de inicio","37.A+B"
Karitel,PIVÔ 37,308,"sem data de inicio","37.A+B"
Karitel,PIVÔ 37,346,"sem data de inicio","37.A+B"
Karitel,PIVÔ 37,347,"sem data de inicio","37.A+B"
Karitel,PIVÔ 37,375,"sem data de inicio","37.A+B"
Karitel,PIVÔ 37,376,"sem data de inicio","37.A+B"
Karitel,PIVÔ 37,452,"sem data de inicio","37.A+B"
Karitel,PIVÔ 37,491,"sem data de inicio","37.A+B"
Karitel,PIVÔ 37,527,"sem data de inicio","37.A+B"
Karitel,PIVÔ 37,528,"sem data de inicio","37.A+B"
Karitel,PIVÔ 37,529,"sem data de inicio","37.A+B"
Karitel,PIVÔ 37,538,"sem horimetro inicial/final valido","37.A+B data=45012 h1= h2="
Karitel,PIVÔ 37,539,"sem horimetro inicial/final valido","37.A+B data=45013 h1= h2="
Karitel,PIVÔ 37,540,"sem horimetro inicial/final valido","37.A+B data=45014 h1= h2="
Karitel,PIVÔ 37,541,"sem horimetro inicial/final valido","37.A+B data=45015 h1= h2="
Karitel,PIVÔ 37,542,"sem horimetro inicial/final valido","37.A+B data=45016 h1= h2="
Karitel,PIVÔ 37,543,"sem horimetro inicial/final valido","37.A+B data=45017 h1= h2="
Karitel,PIVÔ 37,544,"sem horimetro inicial/final valido","37.A+B data=45018 h1= h2="
Karitel,PIVÔ 37,545,"sem horimetro inicial/final valido","37.A+B data=45019 h1= h2="
Karitel,PIVÔ 37,546,"sem horimetro inicial/final valido","37.A+B data=45023 h1= h2="
Karitel,PIVÔ 37,547,"sem horimetro inicial/final valido","37.A+B data=45024 h1= h2="
Karitel,PIVÔ 37,548,"sem horimetro inicial/final valido","37.A+B data=45025 h1= h2="
Karitel,PIVÔ 37,549,"sem horimetro inicial/final valido","37.A+B data=45027 h1= h2="
Karitel,PIVÔ 37,550,"sem horimetro inicial/final valido","37.A+B data=45028 h1= h2="
Karitel,PIVÔ 37,551,"sem horimetro inicial/final valido","37.A+B data=45030 h1= h2="
Karitel,PIVÔ 37,552,"sem horimetro inicial/final valido","37.A+B data=45033 h1= h2="
Karitel,PIVÔ 37,553,"sem horimetro inicial/final valido","37.A+B data=45035 h1= h2="
Karitel,PIVÔ 37,554,"sem horimetro inicial/final valido","37.A+B data=45043 h1= h2="
Karitel,PIVÔ 37,555,"sem horimetro inicial/final valido","37.A+B data=45045 h1= h2="
Karitel,PIVÔ 37,556,"sem horimetro inicial/final valido","37.A+B data=45049 h1= h2="
Karitel,PIVÔ 37,557,"sem horimetro inicial/final valido","37.A+B data=45053 h1= h2="
Karitel,PIVÔ 37,558,"sem horimetro inicial/final valido","37.A+B data=45056 h1= h2="
Karitel,PIVÔ 37,559,"sem horimetro inicial/final valido","37.A+B data=45058 h1= h2="
Karitel,PIVÔ 37,560,"sem horimetro inicial/final valido","37.A+B data=45059 h1= h2="
Karitel,PIVÔ 37,561,"sem horimetro inicial/final valido","37.A+B data=45061 h1= h2="
Karitel,PIVÔ 37,562,"sem horimetro inicial/final valido","37.A+B data=45063 h1= h2="
Karitel,PIVÔ 37,563,"sem horimetro inicial/final valido","37.A+B data=45065 h1= h2="
Karitel,PIVÔ 37,564,"sem horimetro inicial/final valido","37.A+B data=45067 h1= h2="
Karitel,PIVÔ 37,565,"sem horimetro inicial/final valido","37.A data=45070 h1= h2="
Karitel,PIVÔ 37,566,"sem horimetro inicial/final valido","37.B data=45071 h1= h2="
Karitel,PIVÔ 37,567,"sem horimetro inicial/final valido","37.A data=45071 h1= h2="
Karitel,PIVÔ 37,568,"sem horimetro inicial/final valido","37.A+B data=45073 h1= h2="
Karitel,PIVÔ 37,569,"sem horimetro inicial/final valido","37.A+B data=45075 h1= h2="
Karitel,PIVÔ 37,570,"sem horimetro inicial/final valido","37.A+B data=45077 h1= h2="
Karitel,PIVÔ 37,571,"sem horimetro inicial/final valido","37.A+B data=45081 h1= h2="
Karitel,PIVÔ 37,572,"sem horimetro inicial/final valido","37.A+B data=45083 h1= h2="
Karitel,PIVÔ 37,573,"sem horimetro inicial/final valido","37.A+B data=45085 h1= h2="
Karitel,PIVÔ 37,574,"sem horimetro inicial/final valido","37.A+B data=45088 h1= h2="
Karitel,PIVÔ 37,575,"sem horimetro inicial/final valido","37.A+B data=45091 h1= h2="
Karitel,PIVÔ 37,576,"sem horimetro inicial/final valido","37.A+B data=45094 h1= h2="
Karitel,PIVÔ 37,577,"sem horimetro inicial/final valido","37.A+B data=45096 h1= h2="
Karitel,PIVÔ 37,578,"sem horimetro inicial/final valido","37.A+B data=45098 h1= h2="
Karitel,PIVÔ 37,579,"sem horimetro inicial/final valido","37.A+B data=45102 h1= h2="
Karitel,PIVÔ 37,580,"sem horimetro inicial/final valido","37.A+B data=45105 h1= h2="
Karitel,PIVÔ 37,581,"sem horimetro inicial/final valido","37.A+B data=45108 h1= h2="
Karitel,PIVÔ 37,582,"sem horimetro inicial/final valido","37.A+B data=45112 h1= h2="
Karitel,PIVÔ 37,583,"sem horimetro inicial/final valido","37.A+B data=45122 h1= h2="
Karitel,PIVÔ 37,584,"sem horimetro inicial/final valido","37.A+B data=45127 h1= h2="
Karitel,PIVÔ 37,585,"sem horimetro inicial/final valido","37.A+B data=45132 h1= h2="
Karitel,PIVÔ 37,586,"sem horimetro inicial/final valido","37.A+B data=45138 h1= h2="
Karitel,PIVÔ 37,587,"sem horimetro inicial/final valido","37.A+B data=45144 h1= h2="
Karitel,PIVÔ 37,589,"sem data de inicio","37.A+B"
Karitel,PIVÔ 37,590,"sem data de inicio","37.A+B"
Karitel,PIVÔ 37,591,"sem data de inicio","37.A+B"
Karitel,PIVÔ 37,592,"sem data de inicio","37.A+B"
Karitel,PIVÔ 37,621,"sem data de inicio","37.A"
Karitel,PIVÔ 37,622,"sem data de inicio","37.A"
Karitel,PIVÔ 37,679,"sem data de inicio","37.A"
Karitel,PIVÔ 37,680,"sem data de inicio","37.A"
Karitel,PIVÔ 37,681,"sem data de inicio","37.A"
Karitel,PIVÔ 38,107,"sem horimetro inicial/final valido","38.B data=43820 h1=378 h2="
Karitel,PIVÔ 38,195,"sem horimetro inicial/final valido","38.A+B data=44110 h1= h2="
Karitel,PIVÔ 38,217,"sem horimetro inicial/final valido","38.A+B data=44185 h1= h2="
Karitel,PIVÔ 38,218,"sem horimetro inicial/final valido","38.A+B data=44193 h1= h2="
Karitel,PIVÔ 38,219,"sem horimetro inicial/final valido","38.A+B data=44195 h1= h2="
Karitel,PIVÔ 38,279,"sem data de inicio","38.A+B"
Karitel,PIVÔ 38,280,"sem data de inicio","38.A+B"
Karitel,PIVÔ 38,281,"sem data de inicio","38.A+B"
Karitel,PIVÔ 38,282,"sem data de inicio","38.A+B"
Karitel,PIVÔ 38,306,"sem data de inicio","38.A+B"
Karitel,PIVÔ 38,376,"sem data de inicio","38.A+B"
Karitel,PIVÔ 38,377,"sem data de inicio","38.A+B"
Karitel,PIVÔ 38,415,"sem data de inicio","38.A+B"
Karitel,PIVÔ 38,499,"sem data de inicio","38.A+B+C+D"
Karitel,PIVÔ 38,500,"sem data de inicio","38.A+B+C+D"
Karitel,PIVÔ 38,501,"sem data de inicio","38.A+B+C+D"
Karitel,PIVÔ 38,502,"sem data de inicio","38.A+B+C+D"
Karitel,PIVÔ 38,503,"sem data de inicio","38.A+B+C+D"
Karitel,PIVÔ 38,504,"sem data de inicio","38.A+B+C+D"
Karitel,PIVÔ 38,526,"sem data de inicio","38.A+B"
Karitel,PIVÔ 38,527,"sem data de inicio","38.A+B"
Karitel,PIVÔ 38,528,"sem data de inicio","38.A+B"
Karitel,PIVÔ 38,529,"sem data de inicio","38.A+B"
Karitel,PIVÔ 38,530,"sem data de inicio","38.A+B"
Karitel,PIVÔ 38,587,"sem data de inicio","38.A"
Karitel,PIVÔ 38,588,"sem data de inicio","38.A"
Karitel,PIVÔ 38,589,"sem data de inicio","38.A"
Karitel,PIVÔ 38,590,"sem data de inicio","38.A"
Karitel,PIVÔ 38,591,"sem data de inicio","38.A"
Karitel,PIVÔ 38,653,"sem data de inicio","38.A+B+C+D"
Karitel,PIVÔ 38,654,"sem data de inicio","38.A+B+C+D"
Karitel,PIVÔ 38,655,"sem data de inicio","38.A+B+C+D"
Karitel,PIVÔ 39,210,"sem horimetro inicial/final valido","39.A+B data=44551 h1= h2="
Karitel,PIVÔ 39,211,"sem horimetro inicial/final valido","39.A+B data=44557 h1= h2="
Karitel,PIVÔ 39,212,"sem horimetro inicial/final valido","39.A+B data=44559 h1= h2="
Karitel,PIVÔ 39,213,"sem data de inicio","39.A+B"
Karitel,PIVÔ 39,214,"sem data de inicio","39.A+B"
Karitel,PIVÔ 39,215,"sem data de inicio","39.A+B"
Karitel,PIVÔ 39,216,"sem data de inicio","39.A+B"
Karitel,PIVÔ 39,217,"sem data de inicio","39.A+B"
Karitel,PIVÔ 39,218,"sem data de inicio","39.A+B"
Karitel,PIVÔ 39,219,"sem data de inicio","39.A+B"
Karitel,PIVÔ 39,220,"sem data de inicio","39.A+B"
Karitel,PIVÔ 39,221,"sem data de inicio","39.A+B"
Karitel,PIVÔ 39,274,"sem data de inicio","39.A+B"
Karitel,PIVÔ 39,309,"sem data de inicio","39.A+B"
Karitel,PIVÔ 39,376,"sem data de inicio","39.A+B"
Karitel,PIVÔ 39,423,"data de inicio nao parseavel como serial Excel plausivel","39.A data=28/05/2023"
Karitel,PIVÔ 39,424,"data de inicio nao parseavel como serial Excel plausivel","39.A data=29/05/2023"
Karitel,PIVÔ 39,427,"sem data de inicio","39.A"
Karitel,PIVÔ 39,428,"sem data de inicio","39.A"
Karitel,PIVÔ 39,534,"sem data de inicio","39.A+B"
Karitel,PIVÔ 39,535,"sem data de inicio","39.A+B"
Karitel,PIVÔ 39,536,"sem data de inicio","39.A+B"
Karitel,PIVÔ 39,584,"sem data de inicio","39.A"
Karitel,PIVÔ 39,585,"sem data de inicio","39.A"
Karitel,PIVÔ 39,586,"sem data de inicio","39.A"
Karitel,PIVÔ 39,587,"sem data de inicio","39.A"
Karitel,PIVÔ 39,588,"sem data de inicio","39.A"
Karitel,PIVÔ 39,589,"sem data de inicio","39.A"
Karitel,PIVÔ 39,590,"sem data de inicio","39.A"
Karitel,PIVÔ 39,591,"sem data de inicio","39.A"
Karitel,PIVÔ 39,592,"sem data de inicio","39.A"
Karitel,PIVÔ 39,593,"sem data de inicio","39.A"
Karitel,PIVÔ 40,210,"sem horimetro inicial/final valido","40.A+B data=44192 h1= h2="
Karitel,PIVÔ 40,211,"sem horimetro inicial/final valido","40.A+B data=44194 h1= h2="
Karitel,PIVÔ 40,213,"sem data de inicio","40.A+B"
Karitel,PIVÔ 40,234,"sem data de inicio","40.A+B"
Karitel,PIVÔ 40,235,"sem data de inicio","40.A+B"
Karitel,PIVÔ 40,236,"sem data de inicio","40.A+B"
Karitel,PIVÔ 40,237,"sem data de inicio","40.A+B"
Karitel,PIVÔ 40,238,"sem data de inicio","40.A+B"
Karitel,PIVÔ 40,239,"sem data de inicio","40.A+B"
Karitel,PIVÔ 40,240,"sem data de inicio","40.A+B"
Karitel,PIVÔ 40,241,"sem data de inicio","40.A+B"
Karitel,PIVÔ 40,242,"sem data de inicio","40.A+B"
Karitel,PIVÔ 40,243,"sem data de inicio","40.A+B"
Karitel,PIVÔ 40,244,"sem data de inicio","40.A+B"
Karitel,PIVÔ 40,245,"sem data de inicio","40.A+B"
Karitel,PIVÔ 40,246,"sem data de inicio","40.A+B"
Karitel,PIVÔ 40,247,"sem data de inicio","40.A+B"
Karitel,PIVÔ 40,248,"sem data de inicio","40.A+B"
Karitel,PIVÔ 40,249,"sem data de inicio","40.A+B"
Karitel,PIVÔ 40,250,"sem data de inicio","40.A+B"
Karitel,PIVÔ 40,251,"sem data de inicio","40.A+B"
Karitel,PIVÔ 40,252,"sem data de inicio","40.A+B"
Karitel,PIVÔ 40,296,"sem data de inicio","40.A+B"
Karitel,PIVÔ 40,297,"sem data de inicio","40.A+B"
Karitel,PIVÔ 40,324,"sem data de inicio","40.A+B"
Karitel,PIVÔ 40,325,"sem data de inicio","40.A+B"
Karitel,PIVÔ 40,393,"sem data de inicio","40.A+B"
Karitel,PIVÔ 40,394,"sem data de inicio","40.A+B"
Karitel,PIVÔ 40,395,"sem data de inicio","40.A+B"
Karitel,PIVÔ 40,396,"sem data de inicio","40.A+B"
Karitel,PIVÔ 40,397,"sem data de inicio","40.A+B"
Karitel,PIVÔ 40,398,"sem data de inicio","40.A+B"
Karitel,PIVÔ 40,399,"sem data de inicio","40.A+B"
Karitel,PIVÔ 40,400,"sem data de inicio","40.A+B"
Karitel,PIVÔ 40,448,"data de inicio nao parseavel como serial Excel plausivel","40.A data=28/05/2023"
Karitel,PIVÔ 40,449,"data de inicio nao parseavel como serial Excel plausivel","40.A data=29/05/2023"
Karitel,PIVÔ 40,452,"sem data de inicio","40.A"
Karitel,PIVÔ 40,453,"sem data de inicio","40.A"
Karitel,PIVÔ 40,454,"sem data de inicio","40.A"
Karitel,PIVÔ 40,455,"sem data de inicio","40.A"
Karitel,PIVÔ 40,552,"sem data de inicio","40.A+B"
Karitel,PIVÔ 40,553,"sem data de inicio","40.A+B"
Karitel,PIVÔ 40,554,"sem data de inicio","40.A+B"
Karitel,PIVÔ 40,562,"sem horimetro inicial/final valido","40.A data=45655 h1=829.8 h2="
Karitel,PIVÔ 40,599,"sem data de inicio","40.A"
Karitel,PIVÔ 40,600,"sem data de inicio","40.A"
Karitel,PIVÔ 40,601,"sem data de inicio","40.A"
Karitel,PIVÔ 40,602,"sem data de inicio","40.A"
Karitel,PIVÔ 40,603,"sem data de inicio","40.A"
Karitel,PIVÔ 40,604,"sem data de inicio","40.A"
Karitel,PIVÔ 40,605,"sem data de inicio","40.A"
Karitel,PIVÔ 40,606,"sem data de inicio","40.A"
Karitel,PIVÔ 40,607,"sem data de inicio","40.A"
Karitel,PIVÔ 40,608,"sem data de inicio","40.A"
Karitel,PIVÔ 40,609,"sem data de inicio","40.A"
Karitel,PIVÔ 41,138,"sem data de inicio","41.A+B"
Karitel,PIVÔ 41,270,"sem data de inicio","41"
Karitel,PIVÔ 41,271,"sem data de inicio","41"
Karitel,PIVÔ 41,272,"sem data de inicio","41"
Karitel,PIVÔ 41,307,"sem data de inicio","43"
Karitel,PIVÔ 41,373,"sem data de inicio","41"
Karitel,PIVÔ 41,389,"sem data de inicio","46"
Karitel,PIVÔ 41,390,"sem data de inicio","47"
Karitel,PIVÔ 41,430,"data de inicio nao parseavel como serial Excel plausivel","41 data=26/05/2023"
Karitel,PIVÔ 41,431,"data de inicio nao parseavel como serial Excel plausivel","41 data=27/05/2023"
Karitel,PIVÔ 41,436,"sem data de inicio","41"
Karitel,PIVÔ 41,437,"sem data de inicio","41"
Karitel,PIVÔ 41,502,"data de inicio nao parseavel como serial Excel plausivel","41.A+B data=100"
Karitel,PIVÔ 41,533,"sem data de inicio","41.A+B"
Karitel,PIVÔ 41,534,"sem data de inicio","41.A+B"
Karitel,PIVÔ 41,535,"sem data de inicio","41.A+B"
Karitel,PIVÔ 41,536,"sem data de inicio","41.A+B"
Karitel,PIVÔ 41,586,"sem data de inicio","41.A"
Karitel,PIVÔ 41,587,"sem data de inicio","41.A"
Karitel,PIVÔ 41,588,"sem data de inicio","41.A"
Karitel,PIVÔ 41,589,"sem data de inicio","41.A"
Karitel,PIVÔ 42,57,"data de inicio nao parseavel como serial Excel plausivel","42.A+B+C+D data=21/08/219"
Karitel,PIVÔ 42,225,"sem horimetro inicial/final valido","42.A+B data=44191 h1= h2="
Karitel,PIVÔ 42,226,"sem horimetro inicial/final valido","42.A+B data=44193 h1= h2="
Karitel,PIVÔ 42,227,"sem horimetro inicial/final valido","42.A+B data=44195 h1= h2="
Karitel,PIVÔ 42,233,"sem data de inicio","42.A+B"
Karitel,PIVÔ 42,261,"data de inicio nao parseavel como serial Excel plausivel","42.A+B data=22"
Karitel,PIVÔ 42,281,"sem data de inicio","42.A+B"
Karitel,PIVÔ 42,316,"sem data de inicio","42.A+B"
Karitel,PIVÔ 42,317,"sem data de inicio","42.A+B"
Karitel,PIVÔ 42,318,"sem data de inicio","42.A+B"
Karitel,PIVÔ 42,319,"sem data de inicio","42.A+B"
Karitel,PIVÔ 42,393,"sem data de inicio","42.A+B"
Karitel,PIVÔ 42,435,"sem data de inicio","42.A+B"
Karitel,PIVÔ 42,436,"sem data de inicio","42.A+B"
Karitel,PIVÔ 42,516,"sem data de inicio","42.A+B+C+D"
Karitel,PIVÔ 42,517,"sem data de inicio","42.A+B+C+D"
Karitel,PIVÔ 42,544,"sem data de inicio","42.A"
Karitel,PIVÔ 42,545,"sem data de inicio","42.A"
Karitel,PIVÔ 42,546,"sem data de inicio","42.A"
Karitel,PIVÔ 42,547,"sem data de inicio","42.A"
Karitel,PIVÔ 42,603,"sem data de inicio","42.A"
Karitel,PIVÔ 42,604,"sem data de inicio","42.A"
Karitel,PIVÔ 42,605,"sem data de inicio","42.A"
Karitel,PIVÔ 42,606,"sem data de inicio","42.A"
Karitel,PIVÔ 42,676,"sem data de inicio","42.A+B+C+D"
Karitel,PIVÔ 42,677,"sem data de inicio","42.A+B+C+D"
Karitel,PIVÔ 42,678,"sem data de inicio","42.A+B+C+D"
Karitel,PIVÔ 42,679,"sem data de inicio","42.A+B+C+D"
Karitel,PIVÔ 42,680,"sem data de inicio","42.A+B+C+D"
Karitel,PIVÔ 42,681,"sem data de inicio","42.A+B+C+D"
Karitel,PIVÔ 43,142,"sem data de inicio","43.A+B"
Karitel,PIVÔ 43,186,"sem data de inicio","43.A+B"
Karitel,PIVÔ 43,197,"sem data de inicio","43.A+B"
Karitel,PIVÔ 43,198,"sem data de inicio","43.A+B"
Karitel,PIVÔ 43,199,"sem data de inicio","43.A+B"
Karitel,PIVÔ 43,260,"sem data de inicio","43.A+B"
Karitel,PIVÔ 43,261,"sem data de inicio","43.A+B"
Karitel,PIVÔ 43,306,"sem horimetro inicial/final valido","43.A+B data=44827 h1=607.20000000000005 h2="
Karitel,PIVÔ 43,348,"sem data de inicio","43.A+B"
Karitel,PIVÔ 43,349,"sem data de inicio","43.A+B"
Karitel,PIVÔ 43,393,"data de inicio nao parseavel como serial Excel plausivel","43.A data=26/05/2023"
Karitel,PIVÔ 43,394,"data de inicio nao parseavel como serial Excel plausivel","43.A data=27/05/2023"
Karitel,PIVÔ 43,404,"sem horimetro inicial/final valido","43.A data=45108 h1=33 h2="
Karitel,PIVÔ 43,405,"sem horimetro inicial/final valido","43.A data=45113 h1= h2="
Karitel,PIVÔ 43,406,"sem data de inicio","43.A"
Karitel,PIVÔ 43,407,"sem data de inicio","43.A"
Karitel,PIVÔ 43,408,"sem data de inicio","43.A"
Karitel,PIVÔ 43,409,"sem horimetro inicial/final valido","43.A data=45116 h1= h2=86.4"
Karitel,PIVÔ 43,411,"sem data de inicio","43.A"
Karitel,PIVÔ 43,412,"sem data de inicio","43.A"
Karitel,PIVÔ 43,413,"sem data de inicio","43.A"
Karitel,PIVÔ 43,414,"sem data de inicio","43.A"
Karitel,PIVÔ 43,415,"sem data de inicio","43.A"
Karitel,PIVÔ 43,416,"sem data de inicio","43.A"
Karitel,PIVÔ 43,417,"sem data de inicio","43.A"
Karitel,PIVÔ 43,418,"sem data de inicio","43.A+B"
Karitel,PIVÔ 43,419,"sem data de inicio","43.A+B"
Karitel,PIVÔ 43,452,"sem horimetro inicial/final valido","43.A+B data=45400 h1= h2="
Karitel,PIVÔ 43,471,"sem data de inicio","43.A+B"
Karitel,PIVÔ 43,472,"sem data de inicio","43.A+B"
Karitel,PIVÔ 43,473,"sem data de inicio","43.A+B"
Karitel,PIVÔ 43,474,"sem data de inicio","43.A+B"
Karitel,PIVÔ 43,475,"sem data de inicio","43.A+B"
Karitel,PIVÔ 43,476,"sem data de inicio","43.A+B"
Karitel,PIVÔ 44,138,"sem data de inicio","44.A+B"
Karitel,PIVÔ 44,175,"data de inicio nao parseavel como serial Excel plausivel","44.A+B data=11"
Karitel,PIVÔ 44,178,"sem data de inicio","44.A+B"
Karitel,PIVÔ 44,179,"sem data de inicio","44.A+B"
Karitel,PIVÔ 44,180,"sem data de inicio","44.A+B"
Karitel,PIVÔ 44,181,"sem data de inicio","44.A+B"
Karitel,PIVÔ 44,182,"sem data de inicio","44.A+B"
Karitel,PIVÔ 44,183,"sem data de inicio","44.A+B"
Karitel,PIVÔ 44,184,"sem data de inicio","44.A+B"
Karitel,PIVÔ 44,195,"sem data de inicio","44.A+B"
Karitel,PIVÔ 44,199,"sem data de inicio","44.A+B"
Karitel,PIVÔ 44,200,"sem data de inicio","44.A+B"
Karitel,PIVÔ 44,201,"sem data de inicio","44.A+B"
Karitel,PIVÔ 44,202,"sem data de inicio","44.A+B"
Karitel,PIVÔ 44,203,"sem data de inicio","44.A+B"
Karitel,PIVÔ 44,204,"sem data de inicio","44.A+B"
Karitel,PIVÔ 44,205,"sem data de inicio","44.A+B"
Karitel,PIVÔ 44,266,"sem data de inicio","44.A+B"
Karitel,PIVÔ 44,315,"data de inicio nao parseavel como serial Excel plausivel","44.A data=26/05/2023"
Karitel,PIVÔ 44,316,"data de inicio nao parseavel como serial Excel plausivel","44.A data=27/05/2023"
Karitel,PIVÔ 44,317,"data de inicio nao parseavel como serial Excel plausivel","44.A data=30/05/2023"
Karitel,PIVÔ 44,322,"sem data de inicio","44.A"
Karitel,PIVÔ 44,323,"sem data de inicio","44.A"
Karitel,PIVÔ 44,377,"sem data de inicio","44.A"
Karitel,PIVÔ 44,378,"sem data de inicio","44.A"
Karitel,PIVÔ 44,379,"sem data de inicio","44.A"
Karitel,PIVÔ 44,380,"sem data de inicio","44.A"
Karitel,PIVÔ 44,381,"sem data de inicio","44.A"
Karitel,PIVÔ 45,233,"sem horimetro inicial/final valido","45.A+B+C+D data=44077 h1=386 h2="
Karitel,PIVÔ 45,234,"sem horimetro inicial/final valido","45.A+B+C+D data=44078 h1= h2=410"
Karitel,PIVÔ 45,291,"sem horimetro inicial/final valido","45.A+B data=44186 h1= h2="
Karitel,PIVÔ 45,292,"sem horimetro inicial/final valido","45.A+B data=44187 h1= h2="
Karitel,PIVÔ 45,293,"sem horimetro inicial/final valido","45.A+B data=44193 h1= h2="
Karitel,PIVÔ 45,294,"sem horimetro inicial/final valido","45.A+B data=44194 h1= h2="
Karitel,PIVÔ 45,321,"sem data de inicio","45.A+B"
Karitel,PIVÔ 45,358,"sem data de inicio","45.A+B"
Karitel,PIVÔ 45,359,"sem data de inicio","45.A+B"
Karitel,PIVÔ 45,360,"sem data de inicio","45.A+B"
Karitel,PIVÔ 45,426,"sem data de inicio","45.A+B+C+D"
Karitel,PIVÔ 45,497,"sem data de inicio","45.A+B+C+D"
Karitel,PIVÔ 45,498,"sem data de inicio","45.A+B+C+D"
Karitel,PIVÔ 45,538,"data de inicio nao parseavel como serial Excel plausivel","45.A+B+C+D data=30"
Karitel,PIVÔ 45,589,"sem data de inicio","45.A+B+C+D"
Karitel,PIVÔ 45,590,"sem data de inicio","45.A+B+C+D"
Karitel,PIVÔ 45,591,"sem data de inicio","45.A+B+C+D"
Karitel,PIVÔ 45,592,"sem data de inicio","45.A+B+C+D"
Karitel,PIVÔ 45,593,"sem data de inicio","45.A+B+C+D"
Karitel,PIVÔ 45,594,"sem data de inicio","45.A+B+C+D"
Karitel,PIVÔ 45,595,"sem data de inicio","45.A+B+C+D"
Karitel,PIVÔ 45,596,"sem data de inicio","45.A+B+C+D"
Karitel,PIVÔ 45,597,"sem data de inicio","45.A+B+C+D"
Karitel,PIVÔ 45,598,"sem data de inicio","45.A+B+C+D"
Karitel,PIVÔ 45,642,"sem data de inicio","45.A"
Karitel,PIVÔ 45,643,"sem data de inicio","45.A"
Karitel,PIVÔ 45,660,"data de inicio nao parseavel como serial Excel plausivel","45.A+B+C+D data=26/05/2023"
Karitel,PIVÔ 45,661,"data de inicio nao parseavel como serial Excel plausivel","45.A+B+C+D data=27/05/2023"
Karitel,PIVÔ 45,662,"data de inicio nao parseavel como serial Excel plausivel","45.A+B+C+D data=28/05/2023"
Karitel,PIVÔ 45,663,"data de inicio nao parseavel como serial Excel plausivel","45.A+B+C+D data=30/05/2023"
Karitel,PIVÔ 45,671,"sem data de inicio","45.A+B+C+D"
Karitel,PIVÔ 45,766,"sem data de inicio","45.A+B+C+D"
Karitel,PIVÔ 45,767,"sem data de inicio","45.A+B+C+D"
Karitel,PIVÔ 45,805,"sem data de inicio","45.A"
Karitel,PIVÔ 45,806,"sem data de inicio","45.A"
Karitel,PIVÔ 45,824,"sem data de inicio","45.A"
Karitel,PIVÔ 45,825,"sem data de inicio","45.A"
Karitel,PIVÔ 45,826,"sem data de inicio","45.A"
Karitel,PIVÔ 45,827,"sem data de inicio","45.A"
Karitel,PIVÔ 45,867,"sem data de inicio","45.A+B+C+D"
Karitel,PIVÔ 45,868,"sem data de inicio","45.A+B+C+D"
Karitel,PIVÔ 45,869,"sem data de inicio","45.A+B+C+D"
Karitel,PIVÔ 45,870,"sem data de inicio","45.A+B+C+D"
Karitel,PIVÔ 45,871,"sem data de inicio","45.A+B+C+D"
Karitel,PIVÔ 45,872,"sem data de inicio","45.A+B+C+D"
Karitel,PIVÔ 46,206,"data de inicio nao parseavel como serial Excel plausivel","46.A+B+C+D data=31/07/220"
Karitel,PIVÔ 46,221,"data de inicio nao parseavel como serial Excel plausivel","46.A+B+C+D data=24/08/200"
Karitel,PIVÔ 46,222,"sem horimetro inicial/final valido","46.A+B+C+D data=44069 h1=922 h2="
Karitel,PIVÔ 46,223,"sem horimetro inicial/final valido","46.A+B+C+D data=44070 h1= h2=938"
Karitel,PIVÔ 46,236,"sem horimetro inicial/final valido","46.C+D data=44084 h1=1083 h2="
Karitel,PIVÔ 46,237,"sem horimetro inicial/final valido","46.A+B data=44085 h1= h2="
Karitel,PIVÔ 46,238,"sem horimetro inicial/final valido","46.C+D data=44086 h1= h2="
Karitel,PIVÔ 46,268,"data de inicio nao parseavel como serial Excel plausivel","46.A+B data=18/18/2020"
Karitel,PIVÔ 46,288,"sem horimetro inicial/final valido","46.A+B data=44186 h1= h2="
Karitel,PIVÔ 46,289,"sem horimetro inicial/final valido","46.A+B data=44187 h1= h2="
Karitel,PIVÔ 46,290,"sem horimetro inicial/final valido","46.A+B data=44192 h1= h2="
Karitel,PIVÔ 46,291,"sem horimetro inicial/final valido","46.A+B data=44194 h1= h2="
Karitel,PIVÔ 46,343,"sem data de inicio","46.A+B"
Karitel,PIVÔ 46,375,"data de inicio nao parseavel como serial Excel plausivel","46.C+D data=31"
Karitel,PIVÔ 46,414,"sem data de inicio","46.A+B+C+D"
Karitel,PIVÔ 46,415,"sem data de inicio","46.A+B+C+D"
Karitel,PIVÔ 46,476,"sem data de inicio","46.A+B"
Karitel,PIVÔ 46,477,"sem data de inicio","46.A+B"
Karitel,PIVÔ 46,478,"sem data de inicio","46.A+B"
Karitel,PIVÔ 46,582,"sem data de inicio","46.A+B+C+D"
Karitel,PIVÔ 46,622,"sem data de inicio","46.A"
Karitel,PIVÔ 46,643,"data de inicio nao parseavel como serial Excel plausivel","46.A+B data=27/05/2023"
Karitel,PIVÔ 46,644,"data de inicio nao parseavel como serial Excel plausivel","46.C+D data=27/05/2023"
Karitel,PIVÔ 46,645,"data de inicio nao parseavel como serial Excel plausivel","46.A+B data=29/05/2023"
Karitel,PIVÔ 46,649,"sem data de inicio","46.A+B+C+D"
Karitel,PIVÔ 46,727,"sem data de inicio","46.A+B+C+D"
Karitel,PIVÔ 46,728,"sem data de inicio","46.A+B+C+D"
Karitel,PIVÔ 46,729,"sem data de inicio","46.A+B+C+D"
Karitel,PIVÔ 46,730,"sem data de inicio","46.A+B+C+D"
Karitel,PIVÔ 46,731,"sem data de inicio","46.A+B+C+D"
Karitel,PIVÔ 46,784,"sem data de inicio","46.A"
Karitel,PIVÔ 46,785,"sem data de inicio","46.A"
Karitel,PIVÔ 46,786,"sem data de inicio","46.A"
Karitel,PIVÔ 46,801,"sem data de inicio","46.A"
Karitel,PIVÔ 46,802,"sem data de inicio","46.A"
Karitel,PIVÔ 46,803,"sem data de inicio","46.A"
Karitel,PIVÔ 46,804,"sem data de inicio","46.A"
Karitel,PIVÔ 46,843,"sem data de inicio","46.A+B+C+D"
Karitel,PIVÔ 46,844,"sem data de inicio","46.A+B+C+D"
Karitel,PIVÔ 46,845,"sem data de inicio","46.A+B+C+D"
Karitel,PIVÔ 46,846,"sem data de inicio","46.A+B+C+D"
Karitel,PIVÔ 46,847,"sem data de inicio","46.A+B+C+D"
Karitel,PIVÔ 46,848,"sem data de inicio","46.A+B+C+D"
Karitel,PIVÔ 47,216,"sem horimetro inicial/final valido","47.A+B+C+D data=44035 h1=257 h2="
Karitel,PIVÔ 47,289,"sem horimetro inicial/final valido","47.A+B+C+D data=44185 h1= h2="
Karitel,PIVÔ 47,290,"sem horimetro inicial/final valido","47.A+B+C+D data=44186 h1= h2="
Karitel,PIVÔ 47,291,"sem horimetro inicial/final valido","47.A+B+C+D data=44187 h1= h2="
Karitel,PIVÔ 47,292,"sem horimetro inicial/final valido","47.A+B+C+D data=44192 h1= h2="
Karitel,PIVÔ 47,293,"sem horimetro inicial/final valido","47.A+B+C+D data=44194 h1= h2="
Karitel,PIVÔ 47,309,"sem data de inicio","47.A+B+C+D"
Karitel,PIVÔ 47,395,"sem data de inicio","47.A+B+C+D"
Karitel,PIVÔ 47,396,"sem data de inicio","47.A+B+C+D"
Karitel,PIVÔ 47,498,"sem data de inicio","47.A+B+C+D"
Karitel,PIVÔ 47,556,"sem data de inicio","47.A"
Karitel,PIVÔ 47,557,"sem data de inicio","47.A"
Karitel,PIVÔ 47,604,"sem data de inicio","47.A"
Karitel,PIVÔ 47,605,"sem data de inicio","47.A"
Karitel,PIVÔ 47,606,"sem data de inicio","47.A"
Karitel,PIVÔ 47,607,"sem data de inicio","47.A"
Karitel,PIVÔ 47,608,"sem data de inicio","47.A"
Karitel,PIVÔ 47,609,"sem data de inicio","47.A"
Karitel,PIVÔ 48,19,"sem horimetro inicial/final valido","48.A+B data=43479 h1= h2="
Karitel,PIVÔ 48,291,"sem horimetro inicial/final valido","48.A+B data=44186 h1= h2="
Karitel,PIVÔ 48,292,"sem horimetro inicial/final valido","48.A+B data=44187 h1= h2="
Karitel,PIVÔ 48,293,"sem horimetro inicial/final valido","48.A+B data=44191 h1= h2="
Karitel,PIVÔ 48,294,"sem horimetro inicial/final valido","48.A+B data=44194 h1= h2="
Karitel,PIVÔ 48,318,"sem data de inicio","48.A+B"
Karitel,PIVÔ 48,403,"sem data de inicio","48.A+B+C+D"
Karitel,PIVÔ 48,420,"sem data de inicio","48.A+B+C+D"
Karitel,PIVÔ 48,506,"sem data de inicio","48.A+B+C+D"
Karitel,PIVÔ 48,507,"sem data de inicio","48.A"
Karitel,PIVÔ 48,508,"sem data de inicio","48.A"
Karitel,PIVÔ 48,553,"data de inicio nao parseavel como serial Excel plausivel","48.A data=27/05/2023"
Karitel,PIVÔ 48,554,"data de inicio nao parseavel como serial Excel plausivel","48.A data=28/05/2023"
Karitel,PIVÔ 48,555,"sem data de inicio","48.A"
Karitel,PIVÔ 48,565,"sem data de inicio","48.A"
Karitel,PIVÔ 48,566,"sem data de inicio","48.A"
Karitel,PIVÔ 48,567,"sem data de inicio","48.A"
Karitel,PIVÔ 48,568,"sem data de inicio","48.A"
Karitel,PIVÔ 48,569,"sem data de inicio","48.A"
Karitel,PIVÔ 48,570,"sem data de inicio","48.A"
Karitel,PIVÔ 48,571,"sem data de inicio","48.A"
Karitel,PIVÔ 48,607,"sem data de inicio","48.A+B"
Karitel,PIVÔ 48,608,"sem data de inicio","48.A+B"
Karitel,PIVÔ 48,609,"sem data de inicio","48.A+B"
Karitel,PIVÔ 48,610,"sem data de inicio","48.A+B"
Karitel,PIVÔ 48,611,"sem data de inicio","48.A+B"
Karitel,PIVÔ 49,295,"sem horimetro inicial/final valido","49.A+B+C+D data=44070 h1=543 h2="
Karitel,PIVÔ 49,336,"data de inicio nao parseavel como serial Excel plausivel","49.A+B data=18/18/2020"
Karitel,PIVÔ 49,351,"sem data de inicio","49.A+B"
Karitel,PIVÔ 49,353,"sem horimetro inicial/final valido","49.A+B data=44186 h1= h2="
Karitel,PIVÔ 49,354,"sem horimetro inicial/final valido","49.A+B data=44187 h1= h2="
Karitel,PIVÔ 49,355,"sem horimetro inicial/final valido","49.A+B data=44191 h1= h2="
Karitel,PIVÔ 49,356,"sem horimetro inicial/final valido","49.A+B data=44193 h1= h2="
Karitel,PIVÔ 49,357,"sem horimetro inicial/final valido","49.A+B data=44195 h1= h2="
Karitel,PIVÔ 49,384,"sem data de inicio","49.A+B"
Karitel,PIVÔ 49,385,"sem data de inicio","49.A+B"
Karitel,PIVÔ 49,386,"sem data de inicio","49.A+B"
Karitel,PIVÔ 49,387,"sem data de inicio","49.A+B"
Karitel,PIVÔ 49,388,"sem data de inicio","49.A+B"
Karitel,PIVÔ 49,389,"sem data de inicio","49.A+B"
Karitel,PIVÔ 49,435,"data de inicio nao parseavel como serial Excel plausivel","49.A+B+C+D data=25"
Karitel,PIVÔ 49,476,"sem data de inicio","49.A+B+C+D"
Karitel,PIVÔ 49,498,"sem data de inicio","49.A+B+C+D"
Karitel,PIVÔ 49,499,"sem data de inicio","49.A+B+C+D"
Karitel,PIVÔ 49,500,"sem data de inicio","49.A+B+C+D"
Karitel,PIVÔ 49,501,"sem data de inicio","49.A+B+C+D"
Karitel,PIVÔ 49,502,"sem data de inicio","49.A+B+C+D"
Karitel,PIVÔ 49,583,"sem data de inicio","49.A+B+C+D"
Karitel,PIVÔ 49,606,"data de inicio nao parseavel como serial Excel plausivel","49.A data=22"
Karitel,PIVÔ 49,626,"data de inicio nao parseavel como serial Excel plausivel","49.A data=29/05/2023"
Karitel,PIVÔ 49,627,"data de inicio nao parseavel como serial Excel plausivel","49.A data=30/05/2023"
Karitel,PIVÔ 49,636,"sem data de inicio","49.A"
Karitel,PIVÔ 49,637,"sem data de inicio","49.A"
Karitel,PIVÔ 49,638,"sem data de inicio","49.A"
Karitel,PIVÔ 49,639,"sem data de inicio","49.A"
Karitel,PIVÔ 49,688,"sem data de inicio","49.A+B"
Karitel,PIVÔ 49,689,"sem data de inicio","49.A+B"
Karitel,PIVÔ 49,690,"sem data de inicio","49.A+B"
Karitel,PIVÔ 50,43,"sem horimetro inicial/final valido","50.A+B data=12 h1= h2="
Karitel,PIVÔ 50,135,"sem horimetro inicial/final valido","50.A+B data=43866 h1= h2="
Karitel,PIVÔ 50,174,"sem horimetro inicial/final valido","50 data=44110 h1= h2="
Karitel,PIVÔ 50,189,"sem data de inicio","50.A+B"
Karitel,PIVÔ 50,232,"sem data de inicio","50.A+B"
Karitel,PIVÔ 50,251,"data de inicio nao parseavel como serial Excel plausivel","50.A+B+C+D data=28.8"
Karitel,PIVÔ 50,266,"data de inicio nao parseavel como serial Excel plausivel","50.A+B+C+D data=12"
Karitel,PIVÔ 50,294,"sem data de inicio","50.A+B+C+D"
Karitel,PIVÔ 50,348,"sem data de inicio","50.A+B+C+D"
Karitel,PIVÔ 50,349,"sem data de inicio","50.A+B+C+D"
Karitel,PIVÔ 50,350,"sem data de inicio","50.A+B+C+D"
Karitel,PIVÔ 50,351,"sem data de inicio","50.A+B+C+D"
Karitel,PIVÔ 50,432,"sem data de inicio","50.A+B+C+D"
Karitel,PIVÔ 50,433,"sem data de inicio","50.A+B+C+D"
Karitel,PIVÔ 50,491,"numero de pivo fora da faixa plausivel (1-250)","2023"
Karitel,PIVÔ 50,499,"sem data de inicio","50. A+B"
Karitel,PIVÔ 50,500,"sem data de inicio","50. A+B"
Karitel,PIVÔ 50,501,"sem data de inicio","50. A+B"
Karitel,PIVÔ 50,564,"sem data de inicio","50. A"
Karitel,PIVÔ 50,565,"sem data de inicio","50. A"
Karitel,PIVÔ 50,599,"sem horimetro inicial/final valido","50. A+B+C+D data=45522 h1=1080.8 h2="
Karitel,PIVÔ 50,600,"sem horimetro inicial/final valido","50. A+D data=45522 h1= h2="
Karitel,PIVÔ 50,601,"sem data de inicio","50. A+B+C+D"
Karitel,PIVÔ 50,602,"sem data de inicio","50. A+B+C+D"
Karitel,PIVÔ 50,603,"sem data de inicio","50. A+B+C+D"
Karitel,PIVÔ 51,8,"sem horimetro inicial/final valido","51.A+B+C+D data=44102 h1= h2="
Karitel,PIVÔ 51,9,"sem horimetro inicial/final valido","51.A+B+C+D data=44104 h1= h2="
Karitel,PIVÔ 51,10,"sem horimetro inicial/final valido","51.A+B+C+D data=44106 h1= h2=76"
Karitel,PIVÔ 51,25,"sem data de inicio","51.A+B+C+D"
Karitel,PIVÔ 51,26,"sem data de inicio","51.A+B+C+D"
Karitel,PIVÔ 51,43,"data de inicio nao parseavel como serial Excel plausivel","51.A+B+C+D data=20"
Karitel,PIVÔ 51,64,"sem data de inicio","51.A+B+C+D"
Karitel,PIVÔ 51,125,"sem data de inicio","51.A+B+C+D"
Karitel,PIVÔ 51,185,"sem data de inicio","51.A+B+C+D"
Karitel,PIVÔ 51,260,"sem data de inicio","51.A+B+C+D"
Karitel,PIVÔ 51,261,"sem data de inicio","51.A+B+C+D"
Karitel,PIVÔ 51,396,"sem horimetro inicial/final valido","51. A+B+C+D data=45522 h1=356 h2="
Karitel,PIVÔ 51,397,"sem data de inicio","51. A+B+C+D"
Karitel,PIVÔ 51,398,"sem data de inicio","51. A+B+C+D"
Karitel,PIVÔ 51,399,"sem data de inicio","51. A+B+C+D"
Karitel,PIVÔ 51,400,"sem data de inicio","51. A+B+C+D"
Karitel,PIVÔ 51,401,"sem data de inicio","51. A+B+C+D"
Karitel,PIVÔ 52,11,"data de inicio nao parseavel como serial Excel plausivel","52.A+B data=07/04/219"
Karitel,PIVÔ 52,34,"data de inicio nao parseavel como serial Excel plausivel","52.A+B data=13/062019"
Karitel,PIVÔ 52,141,"data de inicio nao parseavel como serial Excel plausivel","52.A+B data=1205/2020"
Karitel,PIVÔ 52,235,"sem horimetro inicial/final valido","52.A+B data=44552 h1= h2="
Karitel,PIVÔ 52,236,"sem horimetro inicial/final valido","52.A+B data=44553 h1= h2="
Karitel,PIVÔ 52,237,"sem horimetro inicial/final valido","52.A+B data=44557 h1= h2="
Karitel,PIVÔ 52,254,"sem data de inicio","52.A+B"
Karitel,PIVÔ 52,285,"sem data de inicio","52.A+B"
Karitel,PIVÔ 52,286,"sem data de inicio","52.A+B"
Karitel,PIVÔ 52,287,"sem data de inicio","52.A+B"
Karitel,PIVÔ 52,347,"sem data de inicio","52.A+B+C+D"
Karitel,PIVÔ 52,398,"sem data de inicio","52. A+B"
Karitel,PIVÔ 52,399,"sem data de inicio","52. A+B"
Karitel,PIVÔ 52,400,"sem data de inicio","52. A+B"
Karitel,PIVÔ 52,401,"sem data de inicio","52. A+B"
Karitel,PIVÔ 52,402,"sem data de inicio","52. A+B"
Karitel,PIVÔ 52,403,"sem data de inicio","52. A+B"
Karitel,PIVÔ 52,404,"sem data de inicio","52. A+B"
Karitel,PIVÔ 52,405,"sem data de inicio","52. A+B"
Karitel,PIVÔ 52,406,"sem data de inicio","52. A+B"
Karitel,PIVÔ 52,407,"sem data de inicio","52. A+B"
Karitel,PIVÔ 52,408,"sem data de inicio","52. A+B"
Karitel,PIVÔ 52,502,"sem data de inicio","52. A+B+C+D"
Karitel,PIVÔ 52,538,"sem data de inicio","52. A"
Karitel,PIVÔ 52,539,"sem data de inicio","52. A"
Karitel,PIVÔ 52,562,"data de inicio nao parseavel como serial Excel plausivel","52.A data=26/05/2023"
Karitel,PIVÔ 52,563,"data de inicio nao parseavel como serial Excel plausivel","52.A data=28/05/2023"
Karitel,PIVÔ 52,569,"sem data de inicio","52.A"
Karitel,PIVÔ 52,647,"sem data de inicio","52.A+B+C+D"
Karitel,PIVÔ 52,648,"sem data de inicio","52.A+B+C+D"
Karitel,PIVÔ 52,649,"sem data de inicio","52.A+B+C+D"
Karitel,PIVÔ 52,650,"sem data de inicio","52.A+B+C+D"
Karitel,PIVÔ 52,688,"sem data de inicio","52.A"
Karitel,PIVÔ 52,689,"sem data de inicio","52.A"
Karitel,PIVÔ 52,708,"sem data de inicio","52.A"
Karitel,PIVÔ 52,709,"sem data de inicio","52.A"
Karitel,PIVÔ 52,747,"sem data de inicio","52.A+B+C+D"
Karitel,PIVÔ 52,748,"sem data de inicio","52.A+B+C+D"
Karitel,PIVÔ 52,749,"sem data de inicio","52.A+B+C+D"
Karitel,PIVÔ 52,750,"sem data de inicio","52.A+B+C+D"
Karitel,PIVÔ 52,751,"sem data de inicio","52.A+B+C+D"
Karitel,PIVÔ 52,752,"sem data de inicio","52.A+B+C+D"
Karitel,PIVÔ 53,131,"sem horimetro inicial/final valido","53 data=44069 h1= h2="
Karitel,PIVÔ 53,234,"sem data de inicio","53.A+B"
Karitel,PIVÔ 53,235,"sem data de inicio","53.A+B"
Karitel,PIVÔ 53,236,"sem data de inicio","53.A+B"
Karitel,PIVÔ 53,237,"sem data de inicio","53.A+B"
Karitel,PIVÔ 53,238,"sem data de inicio","53.A+B"
Karitel,PIVÔ 53,239,"sem data de inicio","53.A+B"
Karitel,PIVÔ 53,240,"sem data de inicio","53.A+B"
Karitel,PIVÔ 53,318,"sem data de inicio","53.A+B+C+D"
Karitel,PIVÔ 53,340,"data de inicio nao parseavel como serial Excel plausivel","53.A+B+C+D data=17.899999999999999"
Karitel,PIVÔ 53,361,"sem data de inicio","53.A+B+C+D"
Karitel,PIVÔ 53,391,"sem data de inicio","53.A+B+C+D"
Karitel,PIVÔ 53,392,"sem data de inicio","53.A+B+C+D"
Karitel,PIVÔ 53,393,"sem data de inicio","53.A+B+C+D"
Karitel,PIVÔ 53,440,"data de inicio nao parseavel como serial Excel plausivel","53.A data=28/05/2023"
Karitel,PIVÔ 53,452,"sem data de inicio","53.A"
Karitel,PIVÔ 53,453,"sem data de inicio","53.A"
Karitel,PIVÔ 53,454,"sem data de inicio","53.A"
Karitel,PIVÔ 53,455,"sem data de inicio","53.A"
Karitel,PIVÔ 53,456,"sem data de inicio","53.A"
Karitel,PIVÔ 53,504,"sem data de inicio","53.A"
Karitel,PIVÔ 53,505,"sem data de inicio","53.A"
Karitel,PIVÔ 53,519,"sem data de inicio","53.A"
Karitel,PIVÔ 53,520,"sem data de inicio","53.A"
Karitel,PIVÔ 53,521,"sem data de inicio","53.A"
Karitel,PIVÔ 53,522,"sem data de inicio","53.A"
Karitel,PIVÔ 53,523,"sem data de inicio","53.A"
Karitel,PIVÔ 53,524,"sem data de inicio","53.A"
Karitel,PIVÔ 53,525,"sem data de inicio","53.A"
Karitel,PIVÔ 53,526,"sem data de inicio","53.A"
Karitel,PIVÔ 53,527,"sem data de inicio","53.A"
Karitel,PIVÔ 54,107,"sem horimetro inicial/final valido","54.A+B data=43797 h1=105 h2="
Karitel,PIVÔ 54,165,"sem data de inicio","54.A+B"
Karitel,PIVÔ 54,166,"sem data de inicio","54.A+B"
Karitel,PIVÔ 54,174,"data de inicio nao parseavel como serial Excel plausivel","54.A+B data=28/09/220"
Karitel,PIVÔ 54,243,"sem data de inicio","54.A+B"
Karitel,PIVÔ 54,311,"sem data de inicio","54.A+B+C+D"
Karitel,PIVÔ 54,370,"sem data de inicio","54.C+D"
Karitel,PIVÔ 54,437,"sem data de inicio","54.A+B+C+D"
Karitel,PIVÔ 54,438,"sem data de inicio","54.A+B+C+D"
Karitel,PIVÔ 54,478,"data de inicio nao parseavel como serial Excel plausivel","54.A data=28/05/2023"
Karitel,PIVÔ 54,491,"sem data de inicio","54.A"
Karitel,PIVÔ 54,492,"sem data de inicio","54.A"
Karitel,PIVÔ 54,493,"sem data de inicio","54.A"
Karitel,PIVÔ 54,494,"sem data de inicio","54.A"
Karitel,PIVÔ 54,495,"sem data de inicio","54.A"
Karitel,PIVÔ 54,496,"sem data de inicio","54.A"
Karitel,PIVÔ 54,545,"sem data de inicio","54.A"
Karitel,PIVÔ 54,546,"sem data de inicio","54.A"
Karitel,PIVÔ 54,588,"sem data de inicio","54.A"
Karitel,PIVÔ 54,589,"sem data de inicio","54.A"
Karitel,PIVÔ 54,590,"sem data de inicio","54.A"
Karitel,PIVÔ 54,591,"sem data de inicio","54.A"
Karitel,PIVÔ 54,592,"sem data de inicio","54.A"
Karitel,PIVÔ 54,593,"sem data de inicio","54.A"
Karitel,PIVÔ 54,594,"sem data de inicio","54.A"
Karitel,PIVÔ 54,595,"sem data de inicio","54.A"
Karitel,PIVÔ 55,36,"sem data de inicio","55.A+B"
Karitel,PIVÔ 55,122,"sem horimetro inicial/final valido","55.A+B data=43769 h1=1212 h2="
Karitel,PIVÔ 55,175,"data de inicio nao parseavel como serial Excel plausivel","55.A+B+C+D data=21/09/020"
Karitel,PIVÔ 55,210,"sem data de inicio","55.A+B+C+D"
Karitel,PIVÔ 55,255,"sem data de inicio","55.A+B+C+D"
Karitel,PIVÔ 55,256,"sem data de inicio","55.A+B+C+D"
Karitel,PIVÔ 55,257,"sem data de inicio","55.A+B+C+D"
Karitel,PIVÔ 55,301,"sem data de inicio","55.A+B+C+D"
Karitel,PIVÔ 55,363,"sem data de inicio","55.A+B+C+D"
Karitel,PIVÔ 55,423,"sem data de inicio","55.A+B+C+D"
Karitel,PIVÔ 55,424,"sem data de inicio","55.A+B+C+D"
Karitel,PIVÔ 55,425,"sem data de inicio","55.A+B+C+D"
Karitel,PIVÔ 55,426,"sem data de inicio","55.A+B+C+D"
Karitel,PIVÔ 55,474,"data de inicio nao parseavel como serial Excel plausivel","55.A data=27/05/2023"
Karitel,PIVÔ 55,475,"data de inicio nao parseavel como serial Excel plausivel","55.A data=30/05/2023"
Karitel,PIVÔ 55,490,"sem data de inicio","55.A"
Karitel,PIVÔ 55,491,"sem data de inicio","55.A"
Karitel,PIVÔ 55,502,"sem horimetro inicial/final valido","55.A data=45268 h1=ok h2="
Karitel,PIVÔ 55,503,"sem horimetro inicial/final valido","55.A data=45269 h1=ok h2="
Karitel,PIVÔ 55,504,"sem horimetro inicial/final valido","55.A data=45270 h1=ok h2="
Karitel,PIVÔ 55,505,"sem horimetro inicial/final valido","55.A data=45272 h1=ok h2="
Karitel,PIVÔ 55,506,"sem horimetro inicial/final valido","55.A data=45273 h1=ok h2="
Karitel,PIVÔ 55,507,"sem horimetro inicial/final valido","55.A data=45274 h1=ok h2=350.3"
Karitel,PIVÔ 55,539,"sem data de inicio","55.A"
Karitel,PIVÔ 55,570,"sem data de inicio","55.A"
Karitel,PIVÔ 55,571,"sem data de inicio","55.A"
Karitel,PIVÔ 56,131,"data de inicio nao parseavel como serial Excel plausivel","56.A+B+C+D data=24/09/220"
Karitel,PIVÔ 56,170,"sem data de inicio","56.A+B"
Karitel,PIVÔ 56,216,"sem data de inicio","56.A+B+C+D"
Karitel,PIVÔ 56,267,"sem data de inicio","56.A+B+C+D"
Karitel,PIVÔ 56,327,"sem data de inicio","56.A+B+C+D"
Karitel,PIVÔ 56,328,"sem data de inicio","56.A+B+C+D"
Karitel,PIVÔ 56,386,"sem data de inicio","56.A+B+C+D"
Karitel,PIVÔ 56,387,"sem data de inicio","56.A+B+C+D"
Karitel,PIVÔ 56,388,"sem data de inicio","56.A+B+C+D"
Karitel,PIVÔ 56,434,"data de inicio nao parseavel como serial Excel plausivel","56.A data=27/05/2023"
Karitel,PIVÔ 56,435,"data de inicio nao parseavel como serial Excel plausivel","56.A data=30/05/2023"
Karitel,PIVÔ 56,446,"sem horimetro inicial/final valido","56.A data=45108 h1=367.9 h2="
Karitel,PIVÔ 56,447,"sem horimetro inicial/final valido","56.A data=45109 h1= h2="
Karitel,PIVÔ 56,448,"sem data de inicio","56.A"
Karitel,PIVÔ 56,449,"sem data de inicio","56.A"
Karitel,PIVÔ 56,450,"sem data de inicio","56.A"
Karitel,PIVÔ 56,451,"sem data de inicio","56.A"
Karitel,PIVÔ 56,452,"sem data de inicio","56.A"
Karitel,PIVÔ 56,500,"sem data de inicio","56.A"
Karitel,PIVÔ 56,501,"sem data de inicio","56.A"
Karitel,PIVÔ 56,541,"sem data de inicio","56.A"
Karitel,PIVÔ 56,542,"sem data de inicio","56.A"
Karitel,PIVÔ 56,543,"sem data de inicio","56.A"
Karitel,PIVÔ 56,544,"sem data de inicio","56.A"
Karitel,PIVÔ 56,545,"sem data de inicio","56.A"
Karitel,PIVÔ 56,546,"sem data de inicio","56.A"
Karitel,PIVÔ 56,547,"sem data de inicio","56.A"
Karitel,PIVÔ 56,548,"sem data de inicio","56.A"
Karitel,PIVÔ 56,549,"sem data de inicio","56.A"
Karitel,PIVÔ 57,8,"sem horimetro inicial/final valido","57.A data=44975 h1= h2=67.2"
Karitel,PIVÔ 57,36,"data de inicio nao parseavel como serial Excel plausivel","57.A data=27/05/2023"
Karitel,PIVÔ 57,37,"data de inicio nao parseavel como serial Excel plausivel","57.A data=29/05/2023"
Karitel,PIVÔ 57,40,"sem data de inicio","57.A"
Karitel,PIVÔ 57,117,"sem data de inicio","57.A+B+C+D"
Karitel,PIVÔ 57,118,"sem horimetro inicial/final valido","57.C data=45229 h1=ok h2="
Karitel,PIVÔ 57,119,"sem horimetro inicial/final valido","57.A+B data=45231 h1=ok h2="
Karitel,PIVÔ 57,120,"sem horimetro inicial/final valido","57.A+B+C+D data=45237 h1=ok h2="
Karitel,PIVÔ 57,121,"sem horimetro inicial/final valido","57.A+B+C+D data=45242 h1=ok h2="
Karitel,PIVÔ 57,122,"sem horimetro inicial/final valido","57.A+B+C+D data=45244 h1=ok h2="
Karitel,PIVÔ 57,123,"sem horimetro inicial/final valido","57.B data=45246 h1=ok h2="
Karitel,PIVÔ 57,124,"sem horimetro inicial/final valido","57.A+B+C+D data=45255 h1=ok h2="
Karitel,PIVÔ 57,125,"sem horimetro inicial/final valido","57.A+B+C+D data=45258 h1=ok h2="
Karitel,PIVÔ 57,126,"sem horimetro inicial/final valido","57.A+B+C+D data=45261 h1=ok h2="
Karitel,PIVÔ 57,127,"sem horimetro inicial/final valido","57.A+B+C+D data=45267 h1=ok h2="
Karitel,PIVÔ 57,128,"sem horimetro inicial/final valido","57.A+B+C+D data=45269 h1=ok h2="
Karitel,PIVÔ 57,129,"sem horimetro inicial/final valido","57.B+C data=45273 h1=ok h2="
Karitel,PIVÔ 57,130,"sem horimetro inicial/final valido","57.B+C data=45274 h1=ok h2="
Karitel,PIVÔ 57,131,"sem data de inicio","57.A+B+C+D"
Karitel,PIVÔ 57,132,"sem data de inicio","57.A+B+C+D"
Karitel,PIVÔ 57,133,"sem data de inicio","57.A+B+C+D"
Karitel,PIVÔ 57,134,"sem data de inicio","57.A+B+C+D"
Karitel,PIVÔ 57,135,"sem data de inicio","57.A+B+C+D"
Karitel,PIVÔ 57,136,"sem data de inicio","57.A+B+C+D"
Karitel,PIVÔ 57,137,"sem data de inicio","57.A+B+C+D"
Karitel,PIVÔ 57,145,"sem horimetro inicial/final valido","57.A data=45308 h1=OK h2="
Karitel,PIVÔ 57,146,"sem horimetro inicial/final valido","57.A data=45309 h1=ok h2="
Karitel,PIVÔ 57,147,"sem horimetro inicial/final valido","57.A data=45310 h1=ok h2="
Karitel,PIVÔ 57,148,"sem horimetro inicial/final valido","57.A data=45315 h1=ok h2="
Karitel,PIVÔ 57,149,"sem horimetro inicial/final valido","57.A data=45317 h1= h2="
Karitel,PIVÔ 57,150,"sem horimetro inicial/final valido","57.A data=45319 h1= h2="
Karitel,PIVÔ 57,185,"sem horimetro inicial/final valido","57.A data=45461 h1=692.1 h2="
Karitel,PIVÔ 57,186,"sem horimetro inicial/final valido","57.A data=45465 h1= h2="
Karitel,PIVÔ 57,187,"sem horimetro inicial/final valido","57.A data=45466 h1= h2="
Karitel,PIVÔ 57,188,"sem data de inicio","57.A"
Karitel,PIVÔ 57,189,"sem data de inicio","57.A"
Karitel,PIVÔ 57,191,"numero de pivo fora da faixa plausivel (1-250)","2024"
Karitel,PIVÔ 57,205,"sem horimetro inicial/final valido","57.A data=45521 h1=46.3 h2="
Karitel,PIVÔ 57,206,"sem data de inicio","57.A"
Karitel,PIVÔ 57,207,"sem data de inicio","57.A"
Karitel,PIVÔ 57,208,"sem data de inicio","57.A"
Karitel,PIVÔ 57,209,"sem data de inicio","57.A"
Karitel,PIVÔ 57,210,"sem data de inicio","57.A"
Karitel,PIVÔ 57,211,"sem data de inicio","57.A"
Karitel,PIVÔ 57,212,"sem data de inicio","57.A"
Karitel,PIVÔ 57,213,"sem data de inicio","57.A"
Karitel,PIVÔ 57,214,"sem data de inicio","57.A"
Karitel,PIVÔ 57,215,"sem data de inicio","57.A"
Karitel,PIVÔ 57,216,"sem data de inicio","57.A"
Karitel,PIVÔ 57,217,"sem data de inicio","57.A"
Karitel,PIVÔ 57,218,"sem data de inicio","57.A"
Karitel,PIVÔ 58,8,"sem horimetro inicial/final valido","58.A data=44972 h1= h2=53.3"
Karitel,PIVÔ 58,13,"sem horimetro inicial/final valido","58.A data=45010 h1=164.8 h2="
Karitel,PIVÔ 58,14,"sem horimetro inicial/final valido","58.A data=45014 h1=384 h2="
Karitel,PIVÔ 58,22,"sem horimetro inicial/final valido","58.A data=45046 h1= h2="
Karitel,PIVÔ 58,23,"sem horimetro inicial/final valido","58.A data=45053 h1= h2="
Karitel,PIVÔ 58,24,"sem horimetro inicial/final valido","58.A data=45055 h1= h2="
Karitel,PIVÔ 58,25,"sem horimetro inicial/final valido","58.A data=45060 h1= h2="
Karitel,PIVÔ 58,26,"sem horimetro inicial/final valido","58.A data=45062 h1= h2="
Karitel,PIVÔ 58,27,"sem horimetro inicial/final valido","58.A data=45064 h1= h2="
Karitel,PIVÔ 58,28,"sem horimetro inicial/final valido","58.A data=45067 h1= h2="
Karitel,PIVÔ 58,36,"sem horimetro inicial/final valido","58.A data=45115 h1= h2=407"
Karitel,PIVÔ 58,113,"sem horimetro inicial/final valido","58.B data=45227 h1=1563 h2="
Karitel,PIVÔ 58,114,"sem horimetro inicial/final valido","58.B data=45229 h1= h2="
Karitel,PIVÔ 58,115,"sem horimetro inicial/final valido","58.A data=45230 h1= h2="
Karitel,PIVÔ 58,116,"sem horimetro inicial/final valido","58.B data=45231 h1= h2="
Karitel,PIVÔ 58,117,"sem horimetro inicial/final valido","58.A+B data=45235 h1= h2="
Karitel,PIVÔ 58,118,"sem horimetro inicial/final valido","58.A data=45236 h1= h2="
Karitel,PIVÔ 58,119,"sem data de inicio","58.A+B"
Karitel,PIVÔ 58,120,"sem data de inicio","58.A+B"
Karitel,PIVÔ 58,121,"sem data de inicio","58.A+B"
Karitel,PIVÔ 58,122,"sem data de inicio","58.A+B"
Karitel,PIVÔ 58,123,"sem data de inicio","58.A+B"
Karitel,PIVÔ 58,124,"sem data de inicio","58.A+B"
Karitel,PIVÔ 58,125,"sem data de inicio","58.A+B"
Karitel,PIVÔ 58,126,"sem data de inicio","58.A+B"
Karitel,PIVÔ 58,127,"sem data de inicio","58.A+B"
Karitel,PIVÔ 58,128,"sem data de inicio","58.A+B"
Karitel,PIVÔ 58,129,"sem data de inicio","58.A+B"
Karitel,PIVÔ 58,137,"sem horimetro inicial/final valido","58.A data=45274 h1= h2=ok"
Karitel,PIVÔ 58,138,"sem horimetro inicial/final valido","58.A data=45276 h1= h2=ok"
Karitel,PIVÔ 58,139,"sem horimetro inicial/final valido","58.A data=45285 h1= h2=ok"
Karitel,PIVÔ 58,140,"sem horimetro inicial/final valido","58.A data=45287 h1= h2=ok"
Karitel,PIVÔ 58,141,"sem horimetro inicial/final valido","58.A data=45288 h1= h2=ok"
Karitel,PIVÔ 58,142,"sem horimetro inicial/final valido","58.A data=45289 h1= h2=ok"
Karitel,PIVÔ 58,143,"sem horimetro inicial/final valido","58.A data=45327 h1= h2=288.89999999999998"
Karitel,PIVÔ 58,171,"sem data de inicio","58.A"
Karitel,PIVÔ 58,172,"sem data de inicio","58.A"
Karitel,PIVÔ 58,217,"sem data de inicio","58.A"
Karitel,PIVÔ 58,218,"sem data de inicio","58.A"
Karitel,PIVÔ 58,219,"sem data de inicio","58.A"
Karitel,PIVÔ 58,220,"sem data de inicio","58.A"
Karitel,PIVÔ 58,221,"sem data de inicio","58.A"
Karitel,PIVÔ 59,8,"sem horimetro inicial/final valido","59.A data=44972 h1= h2=46.5"
Karitel,PIVÔ 59,36,"sem horimetro inicial/final valido","59.A data=45062 h1= h2="
Karitel,PIVÔ 59,37,"sem horimetro inicial/final valido","59.A data=45064 h1= h2=562.79999999999995"
Karitel,PIVÔ 59,38,"sem horimetro inicial/final valido","59.A data=45067 h1= h2="
Karitel,PIVÔ 59,39,"sem horimetro inicial/final valido","59.A data=45069 h1= h2=610.29999999999995"
Karitel,PIVÔ 59,40,"sem horimetro inicial/final valido","59.A data=45071 h1= h2="
Karitel,PIVÔ 59,41,"sem horimetro inicial/final valido","59.A data=27/05/2023 h1= h2="
Karitel,PIVÔ 59,42,"sem horimetro inicial/final valido","59.A data=29/05/2023 h1= h2=658.3"
Karitel,PIVÔ 59,44,"sem horimetro inicial/final valido","59.A data=45081 h1=673.7 h2="
Karitel,PIVÔ 59,45,"sem data de inicio","59.A"
Karitel,PIVÔ 59,46,"sem data de inicio","59.A"
Karitel,PIVÔ 59,117,"sem horimetro inicial/final valido","59.A+B+C+D data=45243 h1=OK h2="
Karitel,PIVÔ 59,118,"sem horimetro inicial/final valido","59.A+B+C+D data=45245 h1=OK h2="
Karitel,PIVÔ 59,119,"sem horimetro inicial/final valido","59.A+B+C+D data=45256 h1=OK h2="
Karitel,PIVÔ 59,120,"sem horimetro inicial/final valido","59.A+B data=45259 h1=OK h2="
Karitel,PIVÔ 59,121,"sem horimetro inicial/final valido","59.A+B+C+D data=45261 h1=OK h2="
Karitel,PIVÔ 59,122,"sem horimetro inicial/final valido","59.A+B+C+D data=45269 h1=OK h2="
Karitel,PIVÔ 59,123,"sem horimetro inicial/final valido","59.A+B+C+D data=45272 h1=OK h2="
Karitel,PIVÔ 59,124,"sem horimetro inicial/final valido","59.A+B+C+D data=45274 h1=OK h2="
Karitel,PIVÔ 59,125,"sem horimetro inicial/final valido","59.A+B+C data=45277 h1=OK h2="
Karitel,PIVÔ 59,126,"sem data de inicio","59.A+B+C+D"
Karitel,PIVÔ 59,127,"sem data de inicio","59.A+B+C+D"
Karitel,PIVÔ 59,128,"sem data de inicio","59.A+B+C+D"
Karitel,PIVÔ 59,129,"sem data de inicio","59.A+B+C+D"
Karitel,PIVÔ 59,130,"sem data de inicio","59.A+B+C+D"
Karitel,PIVÔ 59,131,"sem data de inicio","59.A+B+C+D"
Karitel,PIVÔ 59,132,"sem data de inicio","59.A+B+C+D"
Karitel,PIVÔ 59,133,"sem data de inicio","59.A+B+C+D"
Karitel,PIVÔ 59,134,"sem data de inicio","59.A+B+C+D"
Karitel,PIVÔ 59,135,"sem data de inicio","59.A+B+C+D"
Karitel,PIVÔ 59,143,"sem horimetro inicial/final valido","59.A data=45309 h1=ok h2="
Karitel,PIVÔ 59,144,"sem horimetro inicial/final valido","59.A data=45310 h1=ok h2="
Karitel,PIVÔ 59,145,"sem horimetro inicial/final valido","59.A data=45313 h1=ok h2="
Karitel,PIVÔ 59,146,"sem horimetro inicial/final valido","59.A data=45316 h1=ok h2="
Karitel,PIVÔ 59,147,"sem horimetro inicial/final valido","59.A data=45317 h1= h2="
Karitel,PIVÔ 59,148,"sem horimetro inicial/final valido","59.A data=45319 h1= h2="
Karitel,PIVÔ 59,170,"sem horimetro inicial/final valido","59.A data=45421 h1= h2=104.8"
Karitel,PIVÔ 59,183,"sem horimetro inicial/final valido","59.A data=45466 h1=301.89999999999998 h2="
Karitel,PIVÔ 59,184,"sem data de inicio","59.A"
Karitel,PIVÔ 59,186,"numero de pivo fora da faixa plausivel (1-250)","2024"
Karitel,PIVÔ 59,196,"sem data de inicio","59.A+B+C+D"
Karitel,PIVÔ 59,197,"sem data de inicio","59.A+B+C+D"
Karitel,PIVÔ 59,198,"sem data de inicio","59.A+B+C+D"
Karitel,PIVÔ 59,199,"sem data de inicio","59.A+B+C+D"
Karitel,PIVÔ 59,200,"sem data de inicio","59.A+B+C+D"
Karitel,PIVÔ 59,201,"sem data de inicio","59.A+B+C+D"
Karitel,PIVÔ 59,202,"sem data de inicio","59.A+B+C+D"
Karitel,PIVÔ 59,203,"sem data de inicio","59.A+B+C+D"
Karitel,PIVÔ 59,204,"sem data de inicio","59.A+B+C+D"
Karitel,PIVÔ 59,205,"sem data de inicio","59.A+B+C+D"
Karitel,PIVÔ 59,206,"sem data de inicio","59.A+B+C+D"
Karitel,PIVÔ 59,207,"sem data de inicio","59.A+B+C+D"
Karitel,PIVÔ 59,208,"sem data de inicio","59.A+B+C+D"
Karitel,PIVÔ 60,8,"sem horimetro inicial/final valido","60.A data=44987 h1= h2=60.3"
Karitel,PIVÔ 60,25,"sem horimetro inicial/final valido","60.A data=45054 h1= h2="
Karitel,PIVÔ 60,26,"sem horimetro inicial/final valido","60.A data=45056 h1= h2="
Karitel,PIVÔ 60,27,"sem horimetro inicial/final valido","60.A data=45059 h1= h2=546.70000000000005"
Karitel,PIVÔ 60,28,"sem horimetro inicial/final valido","60.A data=45061 h1= h2="
Karitel,PIVÔ 60,29,"sem horimetro inicial/final valido","60.A data=45063 h1= h2=581"
Karitel,PIVÔ 60,30,"sem horimetro inicial/final valido","60.A data=45066 h1= h2="
Karitel,PIVÔ 60,31,"sem horimetro inicial/final valido","60.A data=45068 h1= h2="
Karitel,PIVÔ 60,32,"sem horimetro inicial/final valido","60.A data=45070 h1= h2="
Karitel,PIVÔ 60,33,"sem horimetro inicial/final valido","60.A data=26/05/2023 h1= h2="
Karitel,PIVÔ 60,34,"sem horimetro inicial/final valido","60.A data=28/05/2023 h1= h2="
Karitel,PIVÔ 60,35,"sem horimetro inicial/final valido","60.A data=30/05/2023 h1= h2="
Karitel,PIVÔ 60,36,"sem horimetro inicial/final valido","60.A data=45078 h1= h2="
Karitel,PIVÔ 60,37,"sem data de inicio","60.A"
Karitel,PIVÔ 60,38,"sem data de inicio","60.A"
Karitel,PIVÔ 60,39,"sem data de inicio","60.A"
Karitel,PIVÔ 60,47,"sem horimetro inicial/final valido","60.A data=45124 h1= h2=761.2"
Karitel,PIVÔ 60,94,"sem data de inicio","60.A+B"
Karitel,PIVÔ 60,95,"sem data de inicio","60.A+B"
Karitel,PIVÔ 60,96,"sem data de inicio","60.A+B"
Karitel,PIVÔ 60,142,"sem data de inicio","60.A"
Karitel,PIVÔ 60,143,"sem data de inicio","60.A"
Karitel,PIVÔ 60,155,"sem horimetro inicial/final valido","60.A data=45493 h1= h2=80.8"
Karitel,PIVÔ 60,171,"sem data de inicio","60.A"
Karitel,PIVÔ 60,172,"sem data de inicio","60.A"
Karitel,PIVÔ 60,173,"sem data de inicio","60.A"
Karitel,PIVÔ 60,174,"sem data de inicio","60.A"
Karitel,PIVÔ 61,8,"sem horimetro inicial/final valido","61.A data=44978 h1= h2=48.9"
Karitel,PIVÔ 61,28,"sem horimetro inicial/final valido","61.A data=45053 h1= h2=547"
Karitel,PIVÔ 61,30,"sem horimetro inicial/final valido","61.A data=45057 h1=565.70000000000005 h2="
Karitel,PIVÔ 61,31,"sem horimetro inicial/final valido","61.A data=45060 h1= h2="
Karitel,PIVÔ 61,32,"sem horimetro inicial/final valido","61.A data=45062 h1= h2="
Karitel,PIVÔ 61,33,"sem horimetro inicial/final valido","61.A data=45064 h1= h2="
Karitel,PIVÔ 61,36,"sem horimetro inicial/final valido","61.A data=45071 h1=34.700000000000003 h2="
Karitel,PIVÔ 61,37,"sem horimetro inicial/final valido","61.A data=27/05/2023 h1= h2=68.900000000000006"
Karitel,PIVÔ 61,38,"data de inicio nao parseavel como serial Excel plausivel","61.A data=29/05/2023"
Karitel,PIVÔ 61,44,"sem data de inicio","61.A"
Karitel,PIVÔ 61,45,"sem data de inicio","61.A"
Karitel,PIVÔ 61,46,"sem data de inicio","61.A"
Karitel,PIVÔ 61,47,"sem data de inicio","61.A"
Karitel,PIVÔ 61,48,"sem data de inicio","61.A"
Karitel,PIVÔ 61,49,"sem data de inicio","61.A"
Karitel,PIVÔ 61,127,"sem data de inicio","61.A+B+C+D"
Karitel,PIVÔ 61,195,"sem data de inicio","60.A"
Karitel,PIVÔ 61,196,"sem data de inicio","60.A"
Karitel,PIVÔ 61,197,"sem data de inicio","60.A"
Karitel,PIVÔ 61,198,"sem data de inicio","60.A"
Karitel,PIVÔ 61,199,"sem data de inicio","60.A"
Karitel,PIVÔ 61,200,"sem data de inicio","60.A"
Karitel,PIVÔ 61,201,"sem data de inicio","60.A"
Karitel,PIVÔ 61,202,"sem data de inicio","60.A"
Karitel,PIVÔ 61,203,"sem data de inicio","60.A"
Karitel,PIVÔ 61,204,"sem data de inicio","60.A"
Karitel,PIVÔ 61,205,"sem data de inicio","60.A"
Karitel,PIVÔ 62,8,"sem horimetro inicial/final valido","62.A data=44977 h1= h2=120.4"
Karitel,PIVÔ 62,25,"sem horimetro inicial/final valido","62.A data=45046 h1=462 h2="
Karitel,PIVÔ 62,26,"sem horimetro inicial/final valido","62.A data=45053 h1= h2="
Karitel,PIVÔ 62,27,"sem horimetro inicial/final valido","62.A data=45055 h1=489.2 h2="
Karitel,PIVÔ 62,28,"sem horimetro inicial/final valido","62.A data=45057 h1= h2="
Karitel,PIVÔ 62,29,"sem horimetro inicial/final valido","62.A data=45062 h1= h2="
Karitel,PIVÔ 62,30,"sem horimetro inicial/final valido","62.A data=45064 h1= h2="
Karitel,PIVÔ 62,34,"data de inicio nao parseavel como serial Excel plausivel","62.A data=27/05/2023"
Karitel,PIVÔ 62,35,"data de inicio nao parseavel como serial Excel plausivel","62.A data=29/05/2023"
Karitel,PIVÔ 62,37,"sem horimetro inicial/final valido","62.A data=45081 h1=84.6 h2="
Karitel,PIVÔ 62,38,"sem horimetro inicial/final valido","62.A data=45089 h1= h2="
Karitel,PIVÔ 62,39,"sem horimetro inicial/final valido","62.A data=45094 h1= h2=141.4"
Karitel,PIVÔ 62,40,"sem data de inicio","62.A"
Karitel,PIVÔ 62,119,"sem horimetro inicial/final valido","62.A+B data=45240 h1=1037.7 h2="
Karitel,PIVÔ 62,120,"sem horimetro inicial/final valido","62.C+D data=45240 h1= h2="
Karitel,PIVÔ 62,121,"sem horimetro inicial/final valido","62.C+D data=45242 h1= h2="
Karitel,PIVÔ 62,122,"sem horimetro inicial/final valido","62.A+B data=45243 h1= h2="
Karitel,PIVÔ 62,123,"sem horimetro inicial/final valido","62.C+D data=45244 h1= h2="
Karitel,PIVÔ 62,124,"sem horimetro inicial/final valido","62.A+B data=45245 h1= h2=1130.7"
Karitel,PIVÔ 62,135,"sem data de inicio","62.A+B+C+D"
Karitel,PIVÔ 62,189,"numero de pivo fora da faixa plausivel (1-250)","2024"
Karitel,PIVÔ 66,8,"sem horimetro inicial/final valido","66.A data=44974 h1= h2=55.2"
Karitel,PIVÔ 66,17,"sem horimetro inicial/final valido","66.A data=45009 h1=296.2 h2=???"
Karitel,PIVÔ 66,31,"sem horimetro inicial/final valido","66.A data=45054 h1= h2="
Karitel,PIVÔ 66,32,"sem horimetro inicial/final valido","66.A data=45056 h1= h2="
Karitel,PIVÔ 66,33,"sem horimetro inicial/final valido","66.A data=45059 h1= h2=660.9"
Karitel,PIVÔ 66,36,"sem horimetro inicial/final valido","66.A data=45066 h1= h2="
Karitel,PIVÔ 66,37,"sem horimetro inicial/final valido","66.A data=45068 h1= h2="
Karitel,PIVÔ 66,38,"sem horimetro inicial/final valido","66.A data=45070 h1= h2=43.5"
Karitel,PIVÔ 66,39,"data de inicio nao parseavel como serial Excel plausivel","66.A data=26/05/2023"
Karitel,PIVÔ 66,40,"data de inicio nao parseavel como serial Excel plausivel","66.A data=28/05/2023"
Karitel,PIVÔ 66,41,"data de inicio nao parseavel como serial Excel plausivel","66.A data=30/05/2023"
Karitel,PIVÔ 66,43,"sem data de inicio","66.A"
Karitel,PIVÔ 66,44,"sem data de inicio","66.A"
Karitel,PIVÔ 66,52,"sem horimetro inicial/final valido","66.A+B data=45122 h1= h2=163.69999999999999"
Karitel,PIVÔ 66,58,"sem data de inicio","66.A"
Karitel,PIVÔ 66,59,"sem data de inicio","66.A"
Karitel,PIVÔ 66,60,"sem data de inicio","66.A"
Karitel,PIVÔ 66,61,"sem data de inicio","66.A"
Karitel,PIVÔ 66,62,"sem data de inicio","66.A"
Karitel,PIVÔ 66,70,"sem horimetro inicial/final valido","66.A data=45272 h1= h2=1169.2"
Karitel,PIVÔ 66,106,"sem data de inicio","66.A"
Karitel,PIVÔ 66,107,"sem data de inicio","66.A"
Karitel,PIVÔ 66,138,"sem data de inicio","66.A"
Karitel,PIVÔ 66,139,"sem data de inicio","66.A"
Karitel,PIVÔ 66,140,"sem data de inicio","66.A"
Karitel,PIVÔ 66,141,"sem data de inicio","66.A"
Karitel,PIVÔ 67,8,"sem horimetro inicial/final valido","67.A data=44976 h1= h2=65"
Karitel,PIVÔ 67,10,"sem horimetro inicial/final valido","67.A data=44997 h1= h2="
Karitel,PIVÔ 67,11,"sem horimetro inicial/final valido","67.A data=45003 h1=83.5 h2="
Karitel,PIVÔ 67,12,"sem horimetro inicial/final valido","67.A data=45009 h1= h2="
Karitel,PIVÔ 67,13,"sem horimetro inicial/final valido","67.A data=45012 h1=64 h2="
Karitel,PIVÔ 67,14,"sem horimetro inicial/final valido","67.A data=45015 h1= h2="
Karitel,PIVÔ 67,15,"sem horimetro inicial/final valido","67.A data=45017 h1= h2="
Karitel,PIVÔ 67,16,"sem horimetro inicial/final valido","67.A data=45019 h1=6 h2="
Karitel,PIVÔ 67,17,"sem horimetro inicial/final valido","67.A data=45022 h1= h2=System.Xml.XmlElement"
Karitel,PIVÔ 67,18,"sem horimetro inicial/final valido","67.A data=45025 h1= h2="
Karitel,PIVÔ 67,19,"sem horimetro inicial/final valido","67.A data=45029 h1= h2="
Karitel,PIVÔ 67,20,"sem horimetro inicial/final valido","67.A data=45031 h1= h2="
Karitel,PIVÔ 67,21,"sem horimetro inicial/final valido","67.A data=45034 h1= h2="
Karitel,PIVÔ 67,22,"sem horimetro inicial/final valido","67.A data=45035 h1= h2="
Karitel,PIVÔ 67,23,"sem horimetro inicial/final valido","67.A data=45037 h1= h2="
Karitel,PIVÔ 67,24,"sem horimetro inicial/final valido","67.A data=45041 h1= h2="
Karitel,PIVÔ 67,25,"sem horimetro inicial/final valido","67.A data=45043 h1= h2="
Karitel,PIVÔ 67,26,"sem horimetro inicial/final valido","67.A data=45045 h1= h2="
Karitel,PIVÔ 67,27,"sem horimetro inicial/final valido","67.A data=45051 h1= h2="
Karitel,PIVÔ 67,28,"sem horimetro inicial/final valido","67.A data=45054 h1= h2="
Karitel,PIVÔ 67,29,"sem horimetro inicial/final valido","67.A data=45056 h1= h2="
Karitel,PIVÔ 67,30,"sem horimetro inicial/final valido","67.A data=45059 h1= h2="
Karitel,PIVÔ 67,31,"sem horimetro inicial/final valido","67.A data=45063 h1= h2="
Karitel,PIVÔ 67,32,"sem horimetro inicial/final valido","67.A data=45066 h1= h2="
Karitel,PIVÔ 67,33,"sem horimetro inicial/final valido","67.A data=45068 h1= h2="
Karitel,PIVÔ 67,34,"sem horimetro inicial/final valido","67.A data=26/05/2023 h1= h2=53.3"
Karitel,PIVÔ 67,35,"data de inicio nao parseavel como serial Excel plausivel","67.A data=28/05/2023"
Karitel,PIVÔ 67,36,"data de inicio nao parseavel como serial Excel plausivel","67.A data=30/05/2023"
Karitel,PIVÔ 67,43,"sem data de inicio","67.A"
Karitel,PIVÔ 67,44,"sem data de inicio","67.A"
Karitel,PIVÔ 67,45,"sem data de inicio","67.A"
Karitel,PIVÔ 67,46,"sem data de inicio","67.A"
Karitel,PIVÔ 67,47,"sem data de inicio","67.A"
Karitel,PIVÔ 67,48,"sem data de inicio","67.A"
Karitel,PIVÔ 67,90,"sem data de inicio","67.A+B"
Karitel,PIVÔ 67,91,"sem data de inicio","67.A+B"
Karitel,PIVÔ 67,100,"sem horimetro inicial/final valido","67.A data=45272 h1= h2=ok"
Karitel,PIVÔ 67,101,"sem horimetro inicial/final valido","67.A data=45274 h1= h2=ok"
Karitel,PIVÔ 67,102,"sem horimetro inicial/final valido","67.A data=45279 h1= h2=ok"
Karitel,PIVÔ 67,103,"sem horimetro inicial/final valido","67.A data=45285 h1= h2=ok"
Karitel,PIVÔ 67,104,"sem horimetro inicial/final valido","67.A data=45286 h1= h2=ok"
Karitel,PIVÔ 67,105,"sem horimetro inicial/final valido","67.A data=45288 h1= h2=ok"
Karitel,PIVÔ 67,106,"sem horimetro inicial/final valido","67.A data=45289 h1= h2=ok"
Karitel,PIVÔ 67,107,"sem horimetro inicial/final valido","67.A data=45291 h1= h2=ok"
Karitel,PIVÔ 67,108,"sem horimetro inicial/final valido","67.A data=45303 h1= h2=ok"
Karitel,PIVÔ 67,109,"sem horimetro inicial/final valido","67.A data=45310 h1= h2=ok"
Karitel,PIVÔ 67,110,"sem horimetro inicial/final valido","67.A data=45327 h1= h2=6.4"
Karitel,PIVÔ 67,139,"sem data de inicio","67.A"
Karitel,PIVÔ 67,140,"sem data de inicio","67.A"
Karitel,PIVÔ 67,149,"sem data de inicio","67.A"
Karitel,PIVÔ 67,150,"sem data de inicio","67.A"
Karitel,PIVÔ 67,151,"sem data de inicio","67.A"
Karitel,PIVÔ 67,152,"sem data de inicio","67.A"
Karitel,PIVÔ 67,153,"sem data de inicio","67.A"
Karitel,PIVÔ 67,154,"sem data de inicio","67.A"
Karitel,PIVÔ 67,155,"sem data de inicio","67.A"
Karitel,PIVÔ 67,156,"sem data de inicio","67.A"
Karitel,PIVÔ 67,157,"sem data de inicio","67.A"
Karitel,PIVÔ 67,158,"sem data de inicio","67.A"
Karitel,PIVÔ 67,159,"sem data de inicio","67.A"
Karitel,PIVÔ 67,160,"sem data de inicio","67.A"
Karitel,PIVÔ 67,161,"sem data de inicio","67.A"
Karitel,PIVÔ 68,39,"data de inicio nao parseavel como serial Excel plausivel","68.A data=26/05/2023"
Karitel,PIVÔ 68,40,"data de inicio nao parseavel como serial Excel plausivel","68.A data=28/05/2023"
Karitel,PIVÔ 68,41,"data de inicio nao parseavel como serial Excel plausivel","68.A data=30/05/2023"
Karitel,PIVÔ 68,48,"sem data de inicio","68.A"
Karitel,PIVÔ 68,49,"sem data de inicio","68.A"
Karitel,PIVÔ 68,84,"sem horimetro inicial/final valido","68.A+B data=45191 h1=1135.8 h2="
Karitel,PIVÔ 68,85,"sem data de inicio","68.A+B"
Karitel,PIVÔ 68,86,"sem data de inicio","68.A+B"
Karitel,PIVÔ 68,94,"sem horimetro inicial/final valido","68.A data=45285 h1= h2=ok"
Karitel,PIVÔ 68,95,"sem horimetro inicial/final valido","68.A data=45286 h1= h2=ok"
Karitel,PIVÔ 68,96,"sem horimetro inicial/final valido","68.A data=45287 h1= h2=ok"
Karitel,PIVÔ 68,97,"sem horimetro inicial/final valido","68.A data=45288 h1= h2=ok"
Karitel,PIVÔ 68,98,"sem horimetro inicial/final valido","68.A data=45289 h1= h2=ok"
Karitel,PIVÔ 68,99,"sem horimetro inicial/final valido","68.A data=45291 h1= h2=ok"
Karitel,PIVÔ 68,122,"sem horimetro inicial/final valido","68.A data=45422 h1= h2=1067.2"
Karitel,PIVÔ 68,127,"sem data de inicio","68.A"
Karitel,PIVÔ 68,128,"sem data de inicio","68.A"
Karitel,PIVÔ 68,137,"sem data de inicio","68.A"
Karitel,PIVÔ 68,138,"sem data de inicio","68.A"
Karitel,PIVÔ 68,139,"sem data de inicio","68.A"
Karitel,PIVÔ 68,140,"sem data de inicio","68.A"
Karitel,PIVÔ 68,141,"sem data de inicio","68.A"
Karitel,PIVÔ 68,142,"sem data de inicio","68.A"
Karitel,PIVÔ 69,9,"sem horimetro inicial/final valido","69.A data=44986 h1=65.3 h2="
Karitel,PIVÔ 69,10,"sem data de inicio","69.A"
Karitel,PIVÔ 69,95,"sem horimetro inicial/final valido","69.A+B data=45256 h1= h2="
Karitel,PIVÔ 69,96,"sem data de inicio","69.A+B"
Karitel,PIVÔ 69,97,"sem data de inicio","69.A+B"
Karitel,PIVÔ 69,98,"sem data de inicio","69.A+B"
Karitel,PIVÔ 69,99,"sem data de inicio","69.A+B"
Karitel,PIVÔ 69,107,"sem horimetro inicial/final valido","69.A data=45274 h1=ok h2="
Karitel,PIVÔ 69,108,"sem horimetro inicial/final valido","69.A data=45285 h1=ok h2="
Karitel,PIVÔ 69,109,"sem horimetro inicial/final valido","69.A data=45286 h1=ok h2="
Karitel,PIVÔ 69,110,"sem horimetro inicial/final valido","69.A data=45287 h1=ok h2="
Karitel,PIVÔ 69,111,"sem horimetro inicial/final valido","69.A data=45288 h1=ok h2="
Karitel,PIVÔ 69,112,"sem horimetro inicial/final valido","69.A data=45289 h1=ok h2="
Karitel,PIVÔ 69,113,"sem horimetro inicial/final valido","69.A data=45303 h1=ok h2="
Karitel,PIVÔ 69,114,"sem horimetro inicial/final valido","69.A data=45308 h1=ok h2=496.3"
Karitel,PIVÔ 69,115,"sem horimetro inicial/final valido","69.A data=45309 h1=ok h2="
Karitel,PIVÔ 69,138,"sem data de inicio","69.A"
Karitel,PIVÔ 69,139,"sem data de inicio","69.A"
Karitel,PIVÔ 69,173,"sem data de inicio","69.A"
Karitel,PIVÔ 69,174,"sem data de inicio","69.A"
Karitel,PIVÔ 69,175,"sem data de inicio","69.A"
Karitel,PIVÔ 69,176,"sem data de inicio","69.A"
Karitel,PIVÔ 70,8,"sem horimetro inicial/final valido","70.A data=44986 h1= h2=58.5"
Karitel,PIVÔ 70,9,"sem data de inicio","70.A"
Karitel,PIVÔ 70,10,"sem data de inicio","70.A"
Karitel,PIVÔ 70,11,"sem data de inicio","70.A"
Karitel,PIVÔ 70,12,"sem data de inicio","70.A"
Karitel,PIVÔ 70,13,"sem data de inicio","70.A"
Karitel,PIVÔ 70,14,"sem data de inicio","70.A"
Karitel,PIVÔ 70,22,"sem horimetro inicial/final valido","70.A data=45031 h1= h2="
Karitel,PIVÔ 70,23,"sem horimetro inicial/final valido","70.A data=45033 h1= h2="
Karitel,PIVÔ 70,24,"sem horimetro inicial/final valido","70.A data=45034 h1= h2="
Karitel,PIVÔ 70,25,"sem horimetro inicial/final valido","70.A data=45036 h1= h2="
Karitel,PIVÔ 70,26,"sem horimetro inicial/final valido","70.A data=45037 h1= h2=139.19999999999999"
Karitel,PIVÔ 70,28,"sem horimetro inicial/final valido","70.A data=45039 h1= h2="
Karitel,PIVÔ 70,29,"sem horimetro inicial/final valido","70.A data=45042 h1= h2="
Karitel,PIVÔ 70,32,"sem horimetro inicial/final valido","70.A data=45058 h1= h2="
Karitel,PIVÔ 70,33,"sem horimetro inicial/final valido","70.A data=45061 h1= h2="
Karitel,PIVÔ 70,34,"sem horimetro inicial/final valido","70.A data=45065 h1= h2="
Karitel,PIVÔ 70,35,"sem horimetro inicial/final valido","70.A data=45068 h1= h2="
Karitel,PIVÔ 70,36,"sem horimetro inicial/final valido","70.A data=45071 h1= h2="
Karitel,PIVÔ 70,37,"sem horimetro inicial/final valido","70.A data=28/05/2023 h1= h2="
Karitel,PIVÔ 70,39,"sem data de inicio","70.A"
Karitel,PIVÔ 70,126,"sem horimetro inicial/final valido","70.A+B+C+D data=45256 h1=55 h2="
Karitel,PIVÔ 70,127,"sem horimetro inicial/final valido","70.A+B data=45260 h1= h2="
Karitel,PIVÔ 70,128,"sem data de inicio","70.A+B+C+D"
Karitel,PIVÔ 70,129,"sem data de inicio","70.A+B+C+D"
Karitel,PIVÔ 70,130,"sem data de inicio","70.A+B+C+D"
Karitel,PIVÔ 70,131,"sem data de inicio","70.A+B+C+D"
Karitel,PIVÔ 70,132,"sem data de inicio","70.A+B+C+D"
Karitel,PIVÔ 70,133,"sem data de inicio","70.A+B+C+D"
Karitel,PIVÔ 70,177,"sem data de inicio","70.A"
Karitel,PIVÔ 70,194,"sem horimetro inicial/final valido","70.A data=45522 h1= h2=771.6"
Karitel,PIVÔ 70,195,"sem data de inicio","70.A"
Karitel,PIVÔ 70,196,"sem data de inicio","70.A"
Karitel,PIVÔ 70,197,"sem data de inicio","70.A"
Karitel,PIVÔ 70,198,"sem data de inicio","70.A"
Karitel,PIVÔ 70,199,"sem data de inicio","70.A"
Karitel,PIVÔ 71,12,"sem data de inicio","71.A"
Karitel,PIVÔ 71,13,"sem data de inicio","71.A"
Karitel,PIVÔ 72,8,"sem data de inicio","72"
Karitel,PIVÔ 72,9,"sem horimetro inicial/final valido","72 data=44981 h1= h2=118.5"
Karitel,PIVÔ 72,10,"sem data de inicio","72"
Karitel,PIVÔ 72,11,"sem data de inicio","72"
Karitel,PIVÔ 72,12,"sem data de inicio","72"
Karitel,PIVÔ 72,13,"sem data de inicio","72"
Karitel,PIVÔ 72,14,"sem data de inicio","72"
Karitel,PIVÔ 72,15,"sem data de inicio","72"
Karitel,PIVÔ 72,16,"sem data de inicio","72"
Karitel,PIVÔ 72,25,"sem horimetro inicial/final valido","72 data=45036 h1= h2="
Karitel,PIVÔ 72,26,"sem horimetro inicial/final valido","72 data=45037 h1= h2=198.6"
Karitel,PIVÔ 72,27,"sem horimetro inicial/final valido","72 data=45038 h1= h2="
Karitel,PIVÔ 72,28,"sem horimetro inicial/final valido","72 data=45039 h1= h2="
Karitel,PIVÔ 72,29,"sem horimetro inicial/final valido","72 data=45040 h1= h2="
Karitel,PIVÔ 72,30,"sem horimetro inicial/final valido","72 data=45041 h1= h2="
Karitel,PIVÔ 72,31,"sem horimetro inicial/final valido","72 data=45042 h1= h2="
Karitel,PIVÔ 72,35,"sem horimetro inicial/final valido","72 data=45053 h1= h2=349.1"
Karitel,PIVÔ 72,39,"sem horimetro inicial/final valido","72 data=45069 h1= h2="
Karitel,PIVÔ 72,40,"sem horimetro inicial/final valido","72 data=26/05/2023 h1= h2=56.5"
Karitel,PIVÔ 72,41,"data de inicio nao parseavel como serial Excel plausivel","72 data=29/05/2023"
Karitel,PIVÔ 72,42,"data de inicio nao parseavel como serial Excel plausivel","72 data=30/05/2023"
Karitel,PIVÔ 72,130,"sem horimetro inicial/final valido","72.B+C+D data=45242 h1= h2="
Karitel,PIVÔ 72,131,"sem data de inicio","72.A+B+C+D"
Karitel,PIVÔ 72,132,"sem horimetro inicial/final valido","72.C data=45244 h1= h2="
Karitel,PIVÔ 72,133,"sem data de inicio","72.A+B+C+D"
Karitel,PIVÔ 72,134,"sem data de inicio","72.A+B+C+D"
Karitel,PIVÔ 72,135,"sem data de inicio","72.A+B+C+D"
Karitel,PIVÔ 72,143,"sem horimetro inicial/final valido","72.A data=45288 h1= h2=ok"
Karitel,PIVÔ 72,144,"sem horimetro inicial/final valido","72.A data=45303 h1= h2=ok"
Karitel,PIVÔ 72,145,"sem horimetro inicial/final valido","72.A data=45303 h1= h2=ok"
Karitel,PIVÔ 72,172,"sem data de inicio","72.A"
Karitel,PIVÔ 72,173,"sem data de inicio","72.A"
Karitel,PIVÔ 72,175,"numero de pivo fora da faixa plausivel (1-250)","2024"
Karitel,PIVÔ 72,182,"sem data de inicio","72.A"
Karitel,PIVÔ 72,183,"sem data de inicio","72.A"
Karitel,PIVÔ 72,184,"sem data de inicio","72.A"
Karitel,PIVÔ 72,185,"sem data de inicio","72.A"
Karitel,PIVÔ 72,186,"sem data de inicio","72.A"
Karitel,PIVÔ 72,187,"sem data de inicio","72.A"
Karitel,PIVÔ 72,188,"sem data de inicio","72.A"
Karitel,PIVÔ 72,189,"sem data de inicio","72.A"
Karitel,PIVÔ 72,190,"sem data de inicio","72.A"
Karitel,PIVÔ 72,191,"sem data de inicio","72.A"
Karitel,PIVÔ 72,192,"sem data de inicio","72.A"
Karitel,PIVÔ 72,193,"sem data de inicio","72.A"
Karitel,PIVÔ 72,194,"sem data de inicio","72.A"
Karitel,PIVÔ 72,195,"sem data de inicio","72.A"
Karitel,PIVÔ 72,196,"sem data de inicio","72.A"
Karitel,PIVÔ 72,197,"sem data de inicio","72.A"
Karitel,PIVÔ 72,198,"sem data de inicio","72.A"
Karitel,PIVÔ 72,199,"sem data de inicio","72.A"
Karitel,PIVÔ 72,200,"sem data de inicio","72.A"
Karitel,PIVÔ 72,201,"sem data de inicio","72.A"
Karitel,PIVÔ 72,202,"sem data de inicio","72.A"
Karitel,PIVÔ 72,203,"sem data de inicio","72.A"
Karitel,PIVÔ 72,204,"sem data de inicio","72.A"
Karitel,PIVÔ 72,205,"sem data de inicio","72.A"
Karitel,PIVÔ 72,206,"sem data de inicio","72.A"
Karitel,PIVÔ 72,207,"sem data de inicio","72.A"
Karitel,PIVÔ 72,208,"sem data de inicio","72.A"
Karitel,PIVÔ 72,209,"sem data de inicio","72.A"
Karitel,PIVÔ 72,210,"sem data de inicio","72.A"
Karitel,PIVÔ 72,211,"sem data de inicio","72.A"
Karitel,PIVÔ 72,212,"sem data de inicio","72.A"
Karitel,PIVÔ 72,213,"sem data de inicio","72.A"
Karitel,PIVÔ 72,214,"sem data de inicio","72.A"
Karitel,PIVÔ 72,215,"sem data de inicio","72.A"
Karitel,PIVÔ 72,216,"sem data de inicio","72.A"
Karitel,PIVÔ 73,43,"sem horimetro inicial/final valido","50.A+B data=12 h1= h2="
Karitel,PIVÔ 73,135,"sem horimetro inicial/final valido","50.A+B data=43866 h1= h2="
Karitel,PIVÔ 73,185,"sem horimetro inicial/final valido","50.A+B data=44188 h1= h2="
Karitel,PIVÔ 73,186,"sem horimetro inicial/final valido","50.A+B data=44193 h1= h2="
Karitel,PIVÔ 73,187,"sem horimetro inicial/final valido","50.A+B data=44195 h1= h2="
Karitel,PIVÔ 73,206,"sem data de inicio","50.A+B"
Karitel,PIVÔ 73,207,"sem data de inicio","50.A+B"
Karitel,PIVÔ 73,208,"sem data de inicio","50.A+B"
Karitel,PIVÔ 73,209,"sem data de inicio","50.A+B"
Karitel,PIVÔ 73,210,"sem data de inicio","50.A+B"
Karitel,PIVÔ 73,211,"sem data de inicio","50.A+B"
Karitel,PIVÔ 73,212,"sem data de inicio","50.A+B"
Karitel,PIVÔ 73,213,"sem data de inicio","50.A+B"
Karitel,PIVÔ 73,214,"sem data de inicio","50.A+B"
Karitel,PIVÔ 73,215,"sem data de inicio","50.A+B"
Karitel,PIVÔ 73,261,"sem data de inicio","50.A+B"
Karitel,PIVÔ 73,262,"sem data de inicio","50.A+B"
Karitel,PIVÔ 73,263,"sem data de inicio","50.A+B"
Karitel,PIVÔ 73,264,"sem data de inicio","50.A+B"
Karitel,PIVÔ 73,265,"sem data de inicio","50.A+B"
Karitel,PIVÔ 73,266,"sem data de inicio","50.A+B"
Karitel,PIVÔ 73,290,"sem data de inicio","73.A+B"
Karitel,PIVÔ 73,347,"sem data de inicio","73.A+B"
Karitel,PIVÔ 73,389,"sem data de inicio","73.A+B"
Karitel,PIVÔ 73,390,"sem data de inicio","73.A+B"
Karitel,PIVÔ 73,391,"sem data de inicio","73.A+B"
Karitel,PIVÔ 73,392,"sem data de inicio","73.A+B"
Karitel,PIVÔ 73,393,"sem data de inicio","73.A+B"
Karitel,PIVÔ 73,394,"sem data de inicio","73.A+B"
Karitel,PIVÔ 73,395,"sem data de inicio","73.A+B"
Karitel,PIVÔ 73,396,"sem data de inicio","73.A+B"
Karitel,PIVÔ 73,437,"sem data de inicio","73.A"
Karitel,PIVÔ 73,438,"sem data de inicio","73.A"
Karitel,PIVÔ 73,447,"sem data de inicio","73.A"
Karitel,PIVÔ 73,448,"sem data de inicio","73.A"
Karitel,PIVÔ 73,449,"sem data de inicio","73.A"
Karitel,PIVÔ 73,450,"sem data de inicio","73.A"
Karitel,PIVÔ 73,451,"sem data de inicio","73.A"
Karitel,PIVÔ 73,452,"sem data de inicio","73.A"
Karitel,PIVÔ 73,453,"sem data de inicio","73.A"
Karitel,PIVÔ 73,454,"sem data de inicio","73.A"
Karitel,PIVÔ 73,455,"sem data de inicio","73.A"
Karitel,PIVÔ 73,456,"sem data de inicio","73.A"
Karitel,PIVÔ 73,457,"sem data de inicio","73.A"
Karitel,PIVÔ 73,458,"sem data de inicio","73.A"
Karitel,PIVÔ 73,459,"sem data de inicio","73.A"
Karitel,PIVÔ 73,460,"sem data de inicio","73.A"
Karitel,PIVÔ 73,461,"sem data de inicio","73.A"
Karitel,PIVÔ 73,462,"sem data de inicio","73.A"
Karitel,PIVÔ 73,463,"sem data de inicio","73.A"
Karitel,PIVÔ 73,464,"sem data de inicio","73.A"
Karitel,PIVÔ 74,126,"data de inicio nao parseavel como serial Excel plausivel","51.A+B data=339"
Karitel,PIVÔ 74,152,"sem horimetro inicial/final valido","51.A+B data=44105 h1=766 h2="
Karitel,PIVÔ 74,208,"data de inicio nao parseavel como serial Excel plausivel","51.A+B+C+D data=09/07/202"
Karitel,PIVÔ 74,308,"sem data de inicio","51"
Karitel,PIVÔ 74,317,"sem horimetro inicial/final valido","74 data=44451 h1= h2="
Karitel,PIVÔ 74,336,"sem data de inicio","74"
Karitel,PIVÔ 74,390,"sem horimetro inicial/final valido","74 data=44806 h1=845 h2="
Karitel,PIVÔ 74,391,"sem horimetro inicial/final valido","74 data=44810 h1= h2="
Karitel,PIVÔ 74,392,"sem horimetro inicial/final valido","74 data=44812 h1= h2="
Karitel,PIVÔ 74,393,"sem horimetro inicial/final valido","74 data=44816 h1= h2="
Karitel,PIVÔ 74,434,"sem data de inicio","74.A"
Karitel,PIVÔ 74,435,"sem data de inicio","74.A"
Karitel,PIVÔ 74,436,"sem data de inicio","74.A"
Karitel,PIVÔ 74,437,"sem data de inicio","74.A"
Karitel,PIVÔ 74,449,"sem horimetro inicial/final valido","74.A data=45287 h1=42.6 h2=ok"
Karitel,PIVÔ 74,450,"sem horimetro inicial/final valido","74.A data=45289 h1= h2=ok"
Karitel,PIVÔ 74,451,"sem horimetro inicial/final valido","74.A data=45309 h1=ok h2="
Karitel,PIVÔ 74,452,"sem horimetro inicial/final valido","74.A data=45310 h1=ok h2="
Karitel,PIVÔ 74,459,"sem horimetro inicial/final valido","74.A data=45378 h1= h2="
Karitel,PIVÔ 74,460,"sem horimetro inicial/final valido","74.A data=45380 h1= h2="
Karitel,PIVÔ 74,461,"sem horimetro inicial/final valido","74.A data=45382 h1= h2="
Karitel,PIVÔ 74,470,"sem data de inicio","74.A"
Karitel,PIVÔ 74,472,"numero de pivo fora da faixa plausivel (1-250)","2024"
Karitel,PIVÔ 74,479,"sem data de inicio","74.A"
Karitel,PIVÔ 74,480,"sem data de inicio","74.A"
Karitel,PIVÔ 74,481,"sem data de inicio","74.A"
Karitel,PIVÔ 74,482,"sem data de inicio","74.A"
Karitel,PIVÔ 74,483,"sem data de inicio","74.A"
Karitel,PIVÔ 74,484,"sem data de inicio","74.A"
Karitel,PIVÔ 74,485,"sem data de inicio","74.A"
Karitel,PIVÔ 74,486,"sem data de inicio","74.A"
Karitel,PIVÔ 74,487,"sem data de inicio","74.A"
Karitel,PIVÔ 74,488,"sem data de inicio","74.A"
Karitel,PIVÔ 74,489,"sem data de inicio","74.A"
Karitel,PIVÔ 74,490,"sem data de inicio","74.A"
Karitel,PIVÔ 74,491,"sem data de inicio","74.A"
Karitel,PIVÔ 74,492,"sem data de inicio","74.A"
Karitel,PIVÔ 74,493,"sem data de inicio","74.A"
Karitel,PIVÔ 74,494,"sem data de inicio","74.A"
RDM,PIVÔ 101,39,"sem data de inicio","101"
RDM,PIVÔ 101,94,"sem data de inicio","106"
RDM,PIVÔ 101,95,"sem data de inicio","107"
RDM,PIVÔ 101,96,"sem data de inicio","108"
RDM,PIVÔ 101,152,"sem data de inicio","101"
RDM,PIVÔ 101,183,"sem data de inicio","101"
RDM,PIVÔ 101,184,"sem data de inicio","101"
RDM,PIVÔ 101,185,"sem data de inicio","101"
RDM,PIVÔ 101,186,"sem data de inicio","101"
RDM,PIVÔ 101,187,"sem data de inicio","101"
RDM,PIVÔ 101,213,"sem data de inicio","101"
RDM,PIVÔ 101,214,"sem data de inicio","101"
RDM,PIVÔ 101,316,"sem data de inicio","101"
RDM,PIVÔ 101,317,"sem data de inicio","101"
RDM,PIVÔ 101,350,"sem data de inicio","101"
RDM,PIVÔ 101,366,"sem data de inicio","101"
RDM,PIVÔ 101,410,"sem data de inicio","101"
RDM,PIVÔ 101,412,"numero de pivo fora da faixa plausivel (1-250)","2024"
RDM,PIVÔ 101,420,"sem data de inicio","101"
RDM,PIVÔ 101,421,"sem data de inicio","101"
RDM,PIVÔ 101,422,"sem data de inicio","101"
RDM,PIVÔ 101,423,"sem data de inicio","101"
RDM,PIVÔ 101,424,"sem data de inicio","101"
RDM,PIVÔ 101,425,"sem data de inicio","101"
RDM,PIVÔ 102,153,"data de inicio nao parseavel como serial Excel plausivel","102 data=20"
RDM,PIVÔ 102,174,"data de inicio nao parseavel como serial Excel plausivel","102. C+D data=10"
RDM,PIVÔ 102,199,"sem data de inicio","102"
RDM,PIVÔ 102,200,"sem data de inicio","102"
RDM,PIVÔ 102,391,"sem data de inicio","102. A+B+C+D"
RDM,PIVÔ 102,392,"sem data de inicio","102. A+B+C+D"
RDM,PIVÔ 102,480,"sem data de inicio","102. A+B+C+D"
RDM,PIVÔ 102,505,"sem data de inicio","102"
RDM,PIVÔ 102,506,"sem data de inicio","102"
RDM,PIVÔ 102,585,"sem data de inicio","102"
RDM,PIVÔ 102,586,"sem data de inicio","102"
RDM,PIVÔ 102,587,"sem data de inicio","102"
RDM,PIVÔ 102,588,"sem data de inicio","102"
RDM,PIVÔ 102,589,"sem data de inicio","102"
RDM,PIVÔ 102,632,"sem data de inicio","102"
RDM,PIVÔ 102,654,"sem data de inicio","102"
RDM,PIVÔ 102,655,"sem data de inicio","102"
RDM,PIVÔ 102,656,"sem data de inicio","102"
RDM,PIVÔ 102,657,"sem data de inicio","102"
RDM,PIVÔ 102,658,"sem data de inicio","102"
RDM,PIVÔ 102,659,"sem data de inicio","102"
RDM,PIVÔ 102,660,"sem data de inicio","102"
RDM,PIVÔ 102,661,"sem data de inicio","102"
RDM,PIVÔ 102,662,"sem data de inicio","102"
RDM,PIVÔ 102,663,"sem data de inicio","102"
RDM,PIVÔ 102,664,"sem data de inicio","102"
RDM,PIVÔ 102,665,"sem data de inicio","102"
RDM,PIVÔ 102,666,"sem data de inicio","102"
RDM,PIVÔ 102,667,"sem data de inicio","102"
RDM,PIVÔ 102,668,"sem data de inicio","102"
RDM,PIVÔ 103,108,"sem data de inicio","103"
RDM,PIVÔ 103,109,"sem data de inicio","103"
RDM,PIVÔ 103,110,"sem data de inicio","103"
RDM,PIVÔ 103,111,"sem data de inicio","103"
RDM,PIVÔ 103,112,"sem data de inicio","103"
RDM,PIVÔ 103,113,"sem data de inicio","103"
RDM,PIVÔ 103,114,"sem data de inicio","103"
RDM,PIVÔ 103,162,"sem data de inicio","103"
RDM,PIVÔ 103,163,"sem data de inicio","103"
RDM,PIVÔ 103,164,"sem data de inicio","103"
RDM,PIVÔ 103,199,"data de inicio nao parseavel como serial Excel plausivel","103 data=103"
RDM,PIVÔ 103,220,"sem data de inicio","103"
RDM,PIVÔ 103,221,"sem data de inicio","103"
RDM,PIVÔ 103,246,"sem data de inicio","103"
RDM,PIVÔ 103,247,"sem data de inicio","103"
RDM,PIVÔ 103,248,"sem data de inicio","103"
RDM,PIVÔ 103,249,"sem data de inicio","103"
RDM,PIVÔ 103,250,"sem data de inicio","103"
RDM,PIVÔ 103,271,"sem data de inicio","103"
RDM,PIVÔ 103,272,"sem data de inicio","103"
RDM,PIVÔ 103,374,"sem data de inicio","103"
RDM,PIVÔ 103,375,"sem data de inicio","103"
RDM,PIVÔ 103,388,"data de inicio nao parseavel como serial Excel plausivel","103 data=06/202/2023"
RDM,PIVÔ 103,408,"sem data de inicio","103"
RDM,PIVÔ 103,469,"sem data de inicio","103"
RDM,PIVÔ 103,470,"sem data de inicio","103"
RDM,PIVÔ 103,471,"sem data de inicio","103"
RDM,PIVÔ 103,472,"sem data de inicio","103"
RDM,PIVÔ 103,473,"sem data de inicio","103"
RDM,PIVÔ 103,474,"sem data de inicio","103"
RDM,PIVÔ 104,140,"sem horimetro inicial/final valido","104 data=44261 h1= h2="
RDM,PIVÔ 104,141,"sem data de inicio","104"
RDM,PIVÔ 104,142,"sem data de inicio","104"
RDM,PIVÔ 104,143,"sem data de inicio","104"
RDM,PIVÔ 104,144,"sem data de inicio","104"
RDM,PIVÔ 104,145,"sem data de inicio","104"
RDM,PIVÔ 104,146,"sem data de inicio","104"
RDM,PIVÔ 104,147,"sem data de inicio","104"
RDM,PIVÔ 104,207,"sem data de inicio","104"
RDM,PIVÔ 104,208,"sem data de inicio","104"
RDM,PIVÔ 104,234,"sem data de inicio","104"
RDM,PIVÔ 104,235,"sem data de inicio","104"
RDM,PIVÔ 104,236,"sem data de inicio","104"
RDM,PIVÔ 104,237,"sem data de inicio","104"
RDM,PIVÔ 104,256,"sem data de inicio","104"
RDM,PIVÔ 104,257,"sem data de inicio","104"
RDM,PIVÔ 104,355,"sem data de inicio","104"
RDM,PIVÔ 104,356,"sem data de inicio","104"
RDM,PIVÔ 104,392,"sem data de inicio","104"
RDM,PIVÔ 104,393,"sem data de inicio","104"
RDM,PIVÔ 104,407,"sem data de inicio","104"
RDM,PIVÔ 104,408,"sem data de inicio","104"
RDM,PIVÔ 104,456,"sem data de inicio","104"
RDM,PIVÔ 104,466,"sem data de inicio","104"
RDM,PIVÔ 104,467,"sem data de inicio","104"
RDM,PIVÔ 104,468,"sem data de inicio","104"
RDM,PIVÔ 104,469,"sem data de inicio","104"
RDM,PIVÔ 104,470,"sem data de inicio","104"
RDM,PIVÔ 104,471,"sem data de inicio","104"
RDM,PIVÔ 104,472,"sem data de inicio","104"
RDM,PIVÔ 104,473,"sem data de inicio","104"
RDM,PIVÔ 104,474,"sem data de inicio","104"
RDM,PIVÔ 104,475,"sem data de inicio","104"
RDM,PIVÔ 104,476,"sem data de inicio","104"
RDM,PIVÔ 104,477,"sem data de inicio","104"
RDM,PIVÔ 104,478,"sem data de inicio","104"
RDM,PIVÔ 104,479,"sem data de inicio","104"
RDM,PIVÔ 104,480,"sem data de inicio","104"
RDM,PIVÔ 104,481,"sem data de inicio","104"
RDM,PIVÔ 104,482,"sem data de inicio","104"
RDM,PIVÔ 104,483,"sem data de inicio","104"
RDM,PIVÔ 104,484,"sem data de inicio","104"
RDM,PIVÔ 104,485,"sem data de inicio","104"
RDM,PIVÔ 104,486,"sem data de inicio","104"
RDM,PIVÔ 104,487,"sem data de inicio","104"
RDM,PIVÔ 104,488,"sem data de inicio","104"
RDM,PIVÔ 104,489,"sem data de inicio","104"
RDM,PIVÔ 105,65,"data de inicio nao parseavel como serial Excel plausivel","105 data=0"
RDM,PIVÔ 105,125,"sem data de inicio","105"
RDM,PIVÔ 105,126,"sem data de inicio","105"
RDM,PIVÔ 105,127,"sem data de inicio","105"
RDM,PIVÔ 105,128,"sem data de inicio","105"
RDM,PIVÔ 105,129,"sem data de inicio","105"
RDM,PIVÔ 105,130,"sem data de inicio","105"
RDM,PIVÔ 105,131,"sem data de inicio","105"
RDM,PIVÔ 105,192,"sem data de inicio","105"
RDM,PIVÔ 105,193,"sem data de inicio","105"
RDM,PIVÔ 105,194,"sem data de inicio","105"
RDM,PIVÔ 105,195,"sem data de inicio","105"
RDM,PIVÔ 105,196,"sem data de inicio","105"
RDM,PIVÔ 105,227,"sem data de inicio","105"
RDM,PIVÔ 105,230,"sem data de inicio","105"
RDM,PIVÔ 105,257,"sem data de inicio","105"
RDM,PIVÔ 105,258,"sem data de inicio","105"
RDM,PIVÔ 105,259,"sem data de inicio","105"
RDM,PIVÔ 105,260,"sem data de inicio","105"
RDM,PIVÔ 105,261,"sem data de inicio","105"
RDM,PIVÔ 105,290,"sem data de inicio","105"
RDM,PIVÔ 105,291,"sem data de inicio","105"
RDM,PIVÔ 105,326,"sem data de inicio","105"
RDM,PIVÔ 105,327,"sem data de inicio","105"
RDM,PIVÔ 105,373,"data de inicio nao parseavel como serial Excel plausivel","105 data=25/05/2023"
RDM,PIVÔ 105,374,"data de inicio nao parseavel como serial Excel plausivel","105 data=26/05/2023"
RDM,PIVÔ 105,520,"sem data de inicio","105"
RDM,PIVÔ 105,521,"sem data de inicio","105"
RDM,PIVÔ 105,522,"sem data de inicio","105"
RDM,PIVÔ 105,523,"sem data de inicio","105"
RDM,PIVÔ 105,524,"sem data de inicio","105"
RDM,PIVÔ 105,525,"sem data de inicio","105"
RDM,PIVÔ 105,526,"sem data de inicio","105"
RDM,PIVÔ 105,527,"sem data de inicio","105"
RDM,PIVÔ 105,528,"sem data de inicio","105"
RDM,PIVÔ 105,529,"sem data de inicio","105"
RDM,PIVÔ 105,530,"sem data de inicio","105"
RDM,PIVÔ 105,531,"sem data de inicio","105"
RDM,PIVÔ 105,532,"sem data de inicio","105"
RDM,PIVÔ 105,533,"sem data de inicio","105"
RDM,PIVÔ 105,534,"sem data de inicio","105"
RDM,PIVÔ 105,535,"sem data de inicio","105"
RDM,PIVÔ 105,536,"sem data de inicio","105"
RDM,PIVÔ 105,537,"sem data de inicio","105"
RDM,PIVÔ 105,538,"sem data de inicio","105"
RDM,PIVÔ 105,539,"sem data de inicio","105"
RDM,PIVÔ 105,540,"sem data de inicio","105"
RDM,PIVÔ 105,541,"sem data de inicio","105"
RDM,PIVÔ 105,542,"sem data de inicio","105"
RDM,PIVÔ 105,543,"sem data de inicio","105"
RDM,PIVÔ 105,544,"sem data de inicio","105"
RDM,PIVÔ 105,545,"sem data de inicio","105"
RDM,PIVÔ 105,546,"sem data de inicio","105"
RDM,PIVÔ 105,547,"sem data de inicio","105"
RDM,PIVÔ 105,548,"sem data de inicio","105"
RDM,PIVÔ 105,549,"sem data de inicio","105"
RDM,PIVÔ 105,550,"sem data de inicio","105"
RDM,PIVÔ 105,551,"sem data de inicio","105"
RDM,PIVÔ 106,85,"data de inicio nao parseavel como serial Excel plausivel","106 data=23/07/020"
RDM,PIVÔ 106,120,"sem data de inicio","106"
RDM,PIVÔ 106,121,"sem data de inicio","106"
RDM,PIVÔ 106,122,"sem data de inicio","106"
RDM,PIVÔ 106,123,"sem data de inicio","106"
RDM,PIVÔ 106,180,"sem data de inicio","106"
RDM,PIVÔ 106,181,"sem data de inicio","107"
RDM,PIVÔ 106,209,"data de inicio nao parseavel como serial Excel plausivel","106. A data=22"
RDM,PIVÔ 106,319,"sem data de inicio","106.B"
RDM,PIVÔ 106,320,"sem data de inicio","106.B"
RDM,PIVÔ 106,321,"sem data de inicio","106.B"
RDM,PIVÔ 106,322,"sem data de inicio","106.B"
RDM,PIVÔ 106,323,"sem data de inicio","106.B"
RDM,PIVÔ 106,351,"sem data de inicio","106. A"
RDM,PIVÔ 106,352,"sem data de inicio","106. A"
RDM,PIVÔ 106,353,"sem data de inicio","106. A"
RDM,PIVÔ 106,354,"sem data de inicio","106. A"
RDM,PIVÔ 106,355,"sem data de inicio","106. A"
RDM,PIVÔ 106,356,"sem data de inicio","106. A"
RDM,PIVÔ 106,357,"sem data de inicio","106. A"
RDM,PIVÔ 106,358,"sem data de inicio","106. A"
RDM,PIVÔ 106,359,"sem data de inicio","106. A"
RDM,PIVÔ 106,360,"sem data de inicio","106. A"
RDM,PIVÔ 106,361,"sem data de inicio","106. A"
RDM,PIVÔ 106,394,"sem data de inicio","106. B"
RDM,PIVÔ 106,395,"sem data de inicio","106. B"
RDM,PIVÔ 106,396,"sem data de inicio","106. B"
RDM,PIVÔ 106,397,"sem data de inicio","106. B"
RDM,PIVÔ 106,398,"sem data de inicio","106. B"
RDM,PIVÔ 106,421,"sem data de inicio","106. B"
RDM,PIVÔ 106,422,"sem data de inicio","106. B"
RDM,PIVÔ 106,464,"sem data de inicio","106. A"
RDM,PIVÔ 106,465,"sem data de inicio","106. A"
RDM,PIVÔ 107,35,"data de inicio nao parseavel como serial Excel plausivel","107 data=30//12/2019"
RDM,PIVÔ 107,84,"sem data de inicio","107"
RDM,PIVÔ 107,85,"sem data de inicio","107"
RDM,PIVÔ 107,86,"sem data de inicio","107"
RDM,PIVÔ 107,87,"sem data de inicio","107"
RDM,PIVÔ 107,88,"sem data de inicio","107"
RDM,PIVÔ 107,89,"sem data de inicio","107"
RDM,PIVÔ 107,90,"sem data de inicio","107"
RDM,PIVÔ 107,91,"sem data de inicio","107"
RDM,PIVÔ 107,92,"sem data de inicio","107"
RDM,PIVÔ 107,93,"sem data de inicio","107"
RDM,PIVÔ 107,94,"sem data de inicio","107"
RDM,PIVÔ 107,95,"sem data de inicio","107"
RDM,PIVÔ 107,96,"sem data de inicio","107"
RDM,PIVÔ 107,97,"sem data de inicio","107"
RDM,PIVÔ 107,98,"sem data de inicio","107"
RDM,PIVÔ 107,99,"sem data de inicio","107"
RDM,PIVÔ 107,100,"sem data de inicio","107"
RDM,PIVÔ 107,109,"data de inicio nao parseavel como serial Excel plausivel","107 data=26/09/220"
RDM,PIVÔ 107,132,"sem data de inicio","107"
RDM,PIVÔ 107,133,"sem data de inicio","107"
RDM,PIVÔ 107,134,"sem data de inicio","107"
RDM,PIVÔ 107,135,"sem data de inicio","107"
RDM,PIVÔ 107,136,"sem data de inicio","107"
RDM,PIVÔ 107,137,"sem data de inicio","107"
RDM,PIVÔ 107,138,"sem data de inicio","107"
RDM,PIVÔ 107,139,"sem data de inicio","107"
RDM,PIVÔ 107,140,"sem data de inicio","107"
RDM,PIVÔ 107,141,"sem data de inicio","107"
RDM,PIVÔ 107,142,"sem data de inicio","107"
RDM,PIVÔ 107,143,"sem data de inicio","107"
RDM,PIVÔ 107,144,"sem data de inicio","107"
RDM,PIVÔ 107,145,"sem data de inicio","107"
RDM,PIVÔ 107,146,"sem data de inicio","107"
RDM,PIVÔ 107,147,"sem data de inicio","107"
RDM,PIVÔ 107,148,"sem data de inicio","107"
RDM,PIVÔ 107,208,"sem data de inicio","107"
RDM,PIVÔ 107,239,"sem data de inicio","107"
RDM,PIVÔ 107,240,"sem data de inicio","107"
RDM,PIVÔ 107,265,"sem data de inicio","107"
RDM,PIVÔ 107,266,"sem data de inicio","107"
RDM,PIVÔ 107,267,"sem data de inicio","107"
RDM,PIVÔ 107,268,"sem data de inicio","107"
RDM,PIVÔ 107,269,"sem data de inicio","107"
RDM,PIVÔ 107,301,"sem data de inicio","107"
RDM,PIVÔ 107,302,"sem data de inicio","107"
RDM,PIVÔ 107,344,"sem data de inicio","107"
RDM,PIVÔ 107,345,"sem data de inicio","107"
RDM,PIVÔ 107,346,"sem data de inicio","107"
RDM,PIVÔ 107,347,"sem data de inicio","107"
RDM,PIVÔ 107,395,"data de inicio nao parseavel como serial Excel plausivel","107 data=24/05/2023"
RDM,PIVÔ 107,396,"data de inicio nao parseavel como serial Excel plausivel","107 data=29/05/2023"
RDM,PIVÔ 107,397,"data de inicio nao parseavel como serial Excel plausivel","107 data=30/05/2023"
RDM,PIVÔ 107,522,"sem data de inicio","107"
RDM,PIVÔ 107,545,"sem data de inicio","107"
RDM,PIVÔ 107,546,"sem data de inicio","107"
RDM,PIVÔ 107,547,"sem data de inicio","107"
RDM,PIVÔ 107,548,"sem data de inicio","107"
RDM,PIVÔ 107,549,"sem data de inicio","107"
RDM,PIVÔ 107,550,"sem data de inicio","107"
RDM,PIVÔ 107,551,"sem data de inicio","107"
RDM,PIVÔ 107,552,"sem data de inicio","107"
RDM,PIVÔ 107,553,"sem data de inicio","107"
RDM,PIVÔ 107,554,"sem data de inicio","107"
RDM,PIVÔ 107,555,"sem data de inicio","107"
RDM,PIVÔ 107,556,"sem data de inicio","107"
RDM,PIVÔ 107,557,"sem data de inicio","107"
RDM,PIVÔ 107,558,"sem data de inicio","107"
RDM,PIVÔ 107,559,"sem data de inicio","107"
RDM,PIVÔ 107,560,"sem data de inicio","107"
RDM,PIVÔ 107,561,"sem data de inicio","107"
RDM,PIVÔ 107,562,"sem data de inicio","107"
RDM,PIVÔ 107,563,"sem data de inicio","107"
RDM,PIVÔ 107,564,"sem data de inicio","107"
RDM,PIVÔ 107,565,"sem data de inicio","107"
RDM,PIVÔ 107,566,"sem data de inicio","107"
RDM,PIVÔ 107,567,"sem data de inicio","107"
RDM,PIVÔ 107,568,"sem data de inicio","107"
RDM,PIVÔ 107,569,"sem data de inicio","107"
RDM,PIVÔ 107,570,"sem data de inicio","107"
RDM,PIVÔ 107,571,"sem data de inicio","107"
RDM,PIVÔ 107,572,"sem data de inicio","107"
RDM,PIVÔ 107,573,"sem data de inicio","107"
RDM,PIVÔ 107,574,"sem data de inicio","107"
RDM,PIVÔ 107,575,"sem data de inicio","107"
RDM,PIVÔ 108,9,"sem horimetro inicial/final valido","108 data=43758 h1=22870 h2="
RDM,PIVÔ 108,253,"sem data de inicio","108.A+B"
RDM,PIVÔ 109,26,"sem horimetro inicial/final valido","109 data=43790 h1=382.5 h2="
RDM,PIVÔ 109,27,"sem horimetro inicial/final valido","109 data=43792 h1= h2="
RDM,PIVÔ 109,119,"sem data de inicio","109"
RDM,PIVÔ 110,110,"sem data de inicio","110"
RDM,PIVÔ 112,192,"sem data de inicio","112. A+B"
RDM,PIVÔ 112,213,"sem horimetro inicial/final valido","112. A+B data=45357 h1=189.3 h2=...."
RDM,PIVÔ 112,217,"sem horimetro inicial/final valido","112. A+B data=45366 h1=243.8 h2=...."
RDM,PIVÔ 113,261,"sem horimetro inicial/final valido","113. A data=45222 h1= h2="
RDM,PIVÔ 113,264,"sem horimetro inicial/final valido","113. A data=45225 h1= h2="
RDM,PIVÔ 114,246,"sem data de inicio","114. A+B"
RDM,PIVÔ 114,247,"sem data de inicio","114. A+B"
RDM,PIVÔ 114,248,"sem data de inicio","114. A+B"
RDM,PIVÔ 114,249,"sem data de inicio","114. A+B"
RDM,PIVÔ 114,250,"sem data de inicio","114. A+B"
RDM,PIVÔ 114,251,"sem data de inicio","114. A+B"
RDM,PIVÔ 114,252,"sem data de inicio","114. A+B"
RDM,PIVÔ 114,253,"sem data de inicio","114. A+B"
RDM,PIVÔ 114,254,"sem data de inicio","114. A+B"
RDM,PIVÔ 114,255,"sem data de inicio","114. A+B"
RDM,PIVÔ 114,256,"sem data de inicio","114. A+B"
RDM,PIVÔ 114,257,"sem data de inicio","114. A+B"
RDM,PIVÔ 114,258,"sem data de inicio","114. A+B"
RDM,PIVÔ 114,259,"sem data de inicio","114. A+B"
RDM,PIVÔ 115,147,"data de inicio nao parseavel como serial Excel plausivel","115.A data=30/05/2023"
RDM,PIVÔ 116,43,"numero de pivo fora da faixa plausivel (1-250)","2023"
RDM,PIVÔ 117,161,"sem horimetro inicial/final valido","117.B data=45224 h1= h2="
RDM,PIVÔ 117,162,"sem horimetro inicial/final valido","117.A data=45225 h1= h2="
RDM,PIVÔ 117,220,"sem data de inicio","117.A+B"
RDM,PIVÔ 117,221,"sem data de inicio","117.A+B"
RDM,PIVÔ 118,44,"numero de pivo fora da faixa plausivel (1-250)","2023"
RDM,PIVÔ 118,88,"sem data de inicio","118. A+B+C+D"
RDM,PIVÔ 118,89,"sem data de inicio","118. A+B+C+D"
RDM,PIVÔ 118,90,"sem data de inicio","118. A+B+C+D"
RDM,PIVÔ 118,91,"sem data de inicio","118. A+B+C+D"
RDM,PIVÔ 118,92,"sem data de inicio","118. A+B+C+D"
RDM,PIVÔ 118,93,"sem data de inicio","118. A+B+C+D"
RDM,PIVÔ 118,94,"sem data de inicio","118. A+B+C+D"
RDM,PIVÔ 118,95,"sem data de inicio","118. A+B+C+D"
RDM,PIVÔ 118,96,"sem data de inicio","118. A+B+C+D"
RDM,PIVÔ 118,97,"sem data de inicio","118. A+B+C+D"
RDM,PIVÔ 118,98,"sem data de inicio","118. A+B+C+D"
RDM,PIVÔ 118,99,"sem data de inicio","118. A+B+C+D"
RDM,PIVÔ 118,100,"sem data de inicio","118. A+B+C+D"
RDM,PIVÔ 118,101,"sem data de inicio","118. A+B+C+D"
RDM,PIVÔ 118,102,"sem data de inicio","118. A+B+C+D"
RDM,PIVÔ 118,103,"sem data de inicio","118. A+B+C+D"
RDM,PIVÔ 118,129,"sem data de inicio","118. A+B+C+D"
RDM,PIVÔ 118,177,"sem data de inicio","118. A"
RDM,PIVÔ 118,178,"sem data de inicio","118. A"
RDM,PIVÔ 118,179,"sem data de inicio","118. A"
RDM,PIVÔ 118,180,"sem data de inicio","118. A"
RDM,PIVÔ 118,181,"sem data de inicio","118. A"
RDM,PIVÔ 118,182,"sem data de inicio","118. A"
RDM,PIVÔ 118,183,"sem data de inicio","118. A"
RDM,PIVÔ 118,184,"sem data de inicio","118. A"
RDM,PIVÔ 118,185,"sem data de inicio","118. A"
RDM,PIVÔ 118,186,"sem data de inicio","118. A"
RDM,PIVÔ 118,187,"sem data de inicio","118. A"
RDM,PIVÔ 118,188,"sem data de inicio","118. A"
RDM,PIVÔ 118,189,"sem data de inicio","118. A"
RDM,PIVÔ 118,190,"sem data de inicio","118. A"
RDM,PIVÔ 118,191,"sem data de inicio","118. A"
RDM,PIVÔ 118,192,"sem data de inicio","118. A"
RDM,PIVÔ 118,193,"sem data de inicio","118. A"
RDM,PIVÔ 118,194,"sem data de inicio","118. A"
RDM,PIVÔ 118,195,"sem data de inicio","118. A"
RDM,PIVÔ 118,196,"sem data de inicio","118. A"
RDM,PIVÔ 118,197,"sem data de inicio","118. A"
RDM,PIVÔ 118,198,"sem data de inicio","118. A"
RDM,PIVÔ 118,199,"sem data de inicio","118. A"
RDM,PIVÔ 118,200,"sem data de inicio","118. A"
RDM,PIVÔ 118,201,"sem data de inicio","118. A"
RDM,PIVÔ 118,202,"sem data de inicio","118. A"
RDM,PIVÔ 118,203,"sem data de inicio","118. A"
RDM,PIVÔ 118,204,"sem data de inicio","118. A"
RDM,PIVÔ 118,205,"sem data de inicio","118. A"
RDM,PIVÔ 123,56,"sem data de inicio","123.A+B+C+D"
RDM,PIVÔ 123,57,"sem data de inicio","123.A+B+C+D"
RDM,PIVÔ 123,58,"sem data de inicio","123.A+B+C+D"
RDM,PIVÔ 123,123,"sem data de inicio","123.A+B+C+D"
RDM,PIVÔ 123,193,"sem data de inicio","123.A+B+C+D"
RDM,PIVÔ 124,113,"sem data de inicio","124"
RDM,PIVÔ 124,124,"data de inicio nao parseavel como serial Excel plausivel","124.A data=30/05/2023"
RDM,PIVÔ 124,125,"data de inicio nao parseavel como serial Excel plausivel","124.A data=31/05/2023"
RDM,PIVÔ 124,203,"sem data de inicio","124"
RDM,PIVÔ 124,204,"sem data de inicio","124"
RDM,PIVÔ 124,205,"sem data de inicio","124"
RDM,PIVÔ 124,269,"sem data de inicio","124.A+B+C+D"
RDM,PIVÔ 125,9,"sem data de inicio","125"
RDM,PIVÔ 125,22,"sem data de inicio","126"
RDM,PIVÔ 125,23,"sem data de inicio","127"
RDM,PIVÔ 125,24,"sem data de inicio","128"
RDM,PIVÔ 125,25,"sem data de inicio","129"
RDM,PIVÔ 125,47,"sem data de inicio","125"
RDM,PIVÔ 125,137,"sem data de inicio","126"
RDM,PIVÔ 125,138,"sem data de inicio","127"
RDM,PIVÔ 125,139,"sem data de inicio","128"
RDM,PIVÔ 125,140,"sem data de inicio","129"
RDM,PIVÔ 125,141,"sem data de inicio","130"
RDM,PIVÔ 125,142,"sem data de inicio","131"
RDM,PIVÔ 125,143,"sem data de inicio","132"
RDM,PIVÔ 126,176,"sem data de inicio","126. B"
RDM,PIVÔ 126,177,"sem data de inicio","126. B"
RDM,PIVÔ 126,178,"sem data de inicio","126. B"
RDM,PIVÔ 126,200,"sem horimetro inicial/final valido","126.A data=45539 h1=784.1 h2="
RDM,PIVÔ 126,201,"sem data de inicio","126.A"
RDM,PIVÔ 126,226,"sem data de inicio","126.A"
RDM,PIVÔ 126,227,"sem data de inicio","126.A"
RDM,PIVÔ 126,228,"sem data de inicio","126.A"
RDM,PIVÔ 126,229,"sem data de inicio","126.A"
RDM,PIVÔ 126,230,"sem data de inicio","126.A"
RDM,PIVÔ 126,231,"sem data de inicio","126.A"
RDM,PIVÔ 126,232,"sem data de inicio","126.A"
RDM,PIVÔ 126,233,"sem data de inicio","126.A"
RDM,PIVÔ 126,234,"sem data de inicio","126.A"
RDM,PIVÔ 128,148,"sem data de inicio","128.A+B+C+D"
RDM,PIVÔ 129,12,"sem data de inicio","129"
RDM,PIVÔ 129,13,"sem data de inicio","129"
RDM,PIVÔ 129,14,"sem data de inicio","129"
RDM,PIVÔ 129,15,"sem data de inicio","129"
RDM,PIVÔ 129,16,"sem data de inicio","129"
RDM,PIVÔ 129,43,"sem data de inicio","129"
RDM,PIVÔ 129,54,"sem data de inicio","129"
RDM,PIVÔ 129,55,"sem data de inicio","129"
RDM,PIVÔ 129,75,"data de inicio nao parseavel como serial Excel plausivel","129 data=24/05/2023"
RDM,PIVÔ 129,76,"data de inicio nao parseavel como serial Excel plausivel","129 data=25/05/2023"
RDM,PIVÔ 129,77,"data de inicio nao parseavel como serial Excel plausivel","129 data=26/05/2023"
RDM,PIVÔ 129,78,"data de inicio nao parseavel como serial Excel plausivel","129 data=27/05/02023"
RDM,PIVÔ 129,79,"data de inicio nao parseavel como serial Excel plausivel","129 data=28/05/2023"
RDM,PIVÔ 129,80,"data de inicio nao parseavel como serial Excel plausivel","129 data=29/05/2023"
RDM,PIVÔ 129,81,"data de inicio nao parseavel como serial Excel plausivel","129 data=30/05/2023"
RDM,PIVÔ 129,136,"sem data de inicio","129"
RDM,PIVÔ 129,141,"sem data de inicio","3"
RDM,PIVÔ 129,182,"sem horimetro inicial/final valido","129 data=45366 h1=1479.4 h2=...."
RDM,PIVÔ 129,185,"sem data de inicio","3"
RDM,PIVÔ 130,153,"sem data de inicio","130. A+B+C+D"
RDM,PIVÔ 130,154,"sem data de inicio","130. A+B+C+D"
RDM,PIVÔ 130,162,"data de inicio nao parseavel como serial Excel plausivel","130. A data=30/05/2023"
RDM,PIVÔ 130,165,"sem data de inicio","130. A"
RDM,PIVÔ 130,166,"sem data de inicio","130. A"
RDM,PIVÔ 130,167,"sem data de inicio","130. A"
RDM,PIVÔ 130,168,"sem data de inicio","130. A"
RDM,PIVÔ 130,169,"sem data de inicio","130. A"
RDM,PIVÔ 130,170,"sem data de inicio","130. A"
RDM,PIVÔ 130,171,"sem data de inicio","130. A"
RDM,PIVÔ 130,172,"sem data de inicio","130. A"
RDM,PIVÔ 130,173,"sem data de inicio","130. A"
RDM,PIVÔ 130,174,"sem data de inicio","130. A"
RDM,PIVÔ 130,175,"sem data de inicio","130. A"
RDM,PIVÔ 130,176,"sem data de inicio","130. A"
RDM,PIVÔ 130,177,"sem data de inicio","130. A"
RDM,PIVÔ 130,178,"sem data de inicio","130. A"
RDM,PIVÔ 130,179,"sem data de inicio","130. A"
RDM,PIVÔ 130,180,"sem data de inicio","130. A"
RDM,PIVÔ 130,227,"sem data de inicio","130"
RDM,PIVÔ 130,228,"sem data de inicio","130"
RDM,PIVÔ 130,229,"sem data de inicio","130"
RDM,PIVÔ 130,230,"sem data de inicio","130"
RDM,PIVÔ 130,301,"sem data de inicio","130"
RDM,PIVÔ 130,302,"sem data de inicio","130"
RDM,PIVÔ 130,303,"sem data de inicio","130"
RDM,PIVÔ 130,304,"sem data de inicio","130"
RDM,PIVÔ 130,305,"sem data de inicio","130"
RDM,PIVÔ 130,306,"sem data de inicio","130"
RDM,PIVÔ 130,307,"sem data de inicio","130"
RDM,PIVÔ 130,308,"sem data de inicio","130"
RDM,PIVÔ 130,309,"sem data de inicio","130"
RDM,PIVÔ 130,310,"sem data de inicio","130"
RDM,PIVÔ 130,311,"sem data de inicio","130"
RDM,PIVÔ 130,312,"sem data de inicio","130"
RDM,PIVÔ 130,313,"sem data de inicio","130"
RDM,PIVÔ 130,314,"sem data de inicio","130"
RDM,PIVÔ 130,315,"sem data de inicio","130"
RDM,PIVÔ 130,316,"sem data de inicio","130"
RDM,PIVÔ 130,317,"sem data de inicio","130"
RDM,PIVÔ 130,318,"sem data de inicio","130"
RDM,PIVÔ 130,319,"sem data de inicio","130"
RDM,PIVÔ 130,320,"sem data de inicio","130"
RDM,PIVÔ 130,321,"sem data de inicio","130"
RDM,PIVÔ 130,322,"sem data de inicio","130"
RDM,PIVÔ 130,323,"sem data de inicio","130"
RDM,PIVÔ 130,324,"sem data de inicio","130"
RDM,PIVÔ 131,13,"data de inicio nao parseavel como serial Excel plausivel","131.A data=25/05/2023"
RDM,PIVÔ 131,14,"data de inicio nao parseavel como serial Excel plausivel","131.A data=26/05/2023"
RDM,PIVÔ 131,15,"data de inicio nao parseavel como serial Excel plausivel","131.A data=27/05/2023"
RDM,PIVÔ 131,16,"data de inicio nao parseavel como serial Excel plausivel","131.A data=28/05/2023"
RDM,PIVÔ 131,17,"data de inicio nao parseavel como serial Excel plausivel","131.A data=29/05/2023"
RDM,PIVÔ 131,18,"data de inicio nao parseavel como serial Excel plausivel","131.A data=30/05/2023"
RDM,PIVÔ 131,71,"sem data de inicio","131.A"
RDM,PIVÔ 131,128,"sem data de inicio","131.A"
RDM,PIVÔ 131,129,"sem data de inicio","131.A"
RDM,PIVÔ 131,142,"sem horimetro inicial/final valido","131.A data=45368 h1=1395.5 h2=..."
RDM,PIVÔ 131,144,"sem horimetro inicial/final valido","131.A data=45370 h1= h2="
RDM,PIVÔ 131,146,"sem horimetro inicial/final valido","131.A data=45377 h1=1417.3 h2=...."
RDM,PIVÔ 131,173,"sem data de inicio","131.A"
RDM,PIVÔ 131,174,"sem data de inicio","131.A"
RDM,PIVÔ 131,175,"sem data de inicio","131.A"
RDM,PIVÔ 131,176,"sem data de inicio","131.A"
RDM,PIVÔ 131,177,"sem data de inicio","131.A"
RDM,PIVÔ 131,178,"sem data de inicio","131.A"
RDM,PIVÔ 131,179,"sem data de inicio","131.A"
RDM,PIVÔ 131,180,"sem data de inicio","131.A"
RDM,PIVÔ 131,181,"sem data de inicio","131.A"
RDM,PIVÔ 132,54,"sem data de inicio","132.A"
RDM,PIVÔ 132,55,"sem data de inicio","132.A"
RDM,PIVÔ 132,56,"sem data de inicio","132.A"
RDM,PIVÔ 132,57,"sem data de inicio","132.A"
RDM,PIVÔ 132,96,"sem data de inicio","132.A"
RDM,PIVÔ 132,97,"sem data de inicio","132.A"
RDM,PIVÔ 132,98,"sem data de inicio","132.A"
RDM,PIVÔ 132,99,"sem data de inicio","132.A"
RDM,PIVÔ 132,100,"sem data de inicio","132.A"
RDM,PIVÔ 132,101,"sem data de inicio","132.A"
RDM,PIVÔ 132,102,"sem data de inicio","132.A"
RDM,PIVÔ 132,103,"sem data de inicio","132.A"
RDM,PIVÔ 132,104,"sem data de inicio","132.A"
RDM,PIVÔ 132,105,"sem data de inicio","132.A"
RDM,PIVÔ 132,106,"sem data de inicio","132.A"
RDM,PIVÔ 132,107,"sem data de inicio","132.A"
RDM,PIVÔ 132,108,"sem data de inicio","132.A"
RDM,PIVÔ 132,109,"sem data de inicio","132.A"
RDM,PIVÔ 133,116,"sem horimetro inicial/final valido","133 data=45250 h1=177.2 h2="
RDM,PIVÔ 133,117,"sem horimetro inicial/final valido","133 data=45252 h1= h2="
RDM,PIVÔ 133,118,"sem horimetro inicial/final valido","133 data=45254 h1= h2="
RDM,PIVÔ 133,131,"sem horimetro inicial/final valido","133 data=45280 h1=360.5 h2="
RDM,PIVÔ 133,148,"sem horimetro inicial/final valido","133 data=45365 h1=598 h2=...."
RDM,PIVÔ 133,220,"sem data de inicio","133"
RDM,PIVÔ 133,233,"sem data de inicio","133"
RDM,PIVÔ 133,234,"sem data de inicio","133"
RDM,PIVÔ 133,235,"sem data de inicio","133"
RDM,PIVÔ 133,236,"sem data de inicio","133"
RDM,PIVÔ 133,237,"sem data de inicio","133"
RDM,PIVÔ 133,238,"sem data de inicio","133"
RDM,PIVÔ 133,239,"sem data de inicio","133"
RDM,PIVÔ 133,240,"sem data de inicio","133"
RDM,PIVÔ 133,241,"sem data de inicio","133"
RDM,PIVÔ 133,242,"sem data de inicio","133"
RDM,PIVÔ 133,243,"sem data de inicio","133"
RDM,PIVÔ 133,244,"sem data de inicio","133"
RDM,PIVÔ 133,245,"sem data de inicio","133"
RDM,PIVÔ 133,246,"sem data de inicio","133"
RDM,PIVÔ 133,247,"sem data de inicio","133"
RDM,PIVÔ 133,248,"sem data de inicio","133"
RDM,PIVÔ 133,249,"sem data de inicio","133"
RDM,PIVÔ 133,250,"sem data de inicio","133"
RDM,PIVÔ 133,251,"sem data de inicio","133"
RDM,PIVÔ 133,252,"sem data de inicio","133"
RDM,PIVÔ 133,253,"sem data de inicio","133"
RDM,PIVÔ 133,254,"sem data de inicio","133"
RDM,PIVÔ 133,255,"sem data de inicio","133"
RDM,PIVÔ 133,256,"sem data de inicio","133"
RDM,PIVÔ 133,257,"sem data de inicio","133"
RDM,PIVÔ 133,258,"sem data de inicio","133"
